報告年度:2021,議題:水資源管理,,,,,
公司代號,公司名稱,用水量(公噸(t))-用水量(公噸(t)),資料範圍-資料範圍,用水密集度-用水密集度,用水密集度-單位,取得驗證-取得驗證
1101,台泥,2996430,台泥台灣個體公司 (涵蓋營運集團總部、研究室、2座水泥廠、25座製品廠),0.4821,產品,
1102,亞泥,2462000,亞泥個體公司,0.668,產品,
1103,嘉泥,122,包含企業團所有台灣營運據點（用水量含總部嘉新大樓承租戶）及日本沖繩飯店；目前統計尚不含大陸地區。,0.0555,"營業額 2,197,183 (仟元)                                                                                                                                                                                 ",
1104,環泥,19100,母公司之阿蓮水泥廠、海湖石膏板廠、直屬七座預拌混凝土場之自來水用量,0.005,產值(新台幣千元)                                                                                                                                                                                        ,
1108,幸福,972782,幸福水泥(股)公司東澳廠,1.572,產品,
1109,信大,224407.041,僅信大母公司南聖湖工廠,無，無統計相關數據,,
1110,東泥,17600,工廠,0.0253,產品,
1201,味全,1906416,"1.母公司(含總公司、中央研究所、營業所、台中廠、斗六廠、高雄廠) 2.台中廠、斗六廠為地下水1,307,550公噸佔68.6%，總公司、中央研究所、營業所、高雄廠為自來水598,866公噸佔31.4%。",12.82,產品,
1203,味王,325390,自來水+地下水,146.457,營業額,
1210,大成,無，無統計相關數據,,無，無統計相關數據,,
1213,大飲,98.587,僅母公司,無，NA,,NA                                                                                                                                                                                                      
1215,卜蜂,922914,南投肉食品加工廠、台中飼料廠、高雄飼料廠,無，無統計相關數據,,
1216,統一,4232747,僅母公司,992.97,營業收入千萬元                                                                                                                                                                                          ,
1217,愛之味,416493,母公司自來水用量,58.7,產品,
1218,泰山,616697,泰山企業所屬田中油脂廠、田中食品廠、水產飼料廠、田中行政大樓、台北長安大樓辦公室。,71.543,營業額,
1219,福壽,396858,母公司、子公司,0.0268,營業額,
1220,台榮,790354,本公司雲林廠及高雄飼料廠,29966.1534,營業額(億元)                                                                                                                                                                                            ,
1225,福懋油,58085,涵蓋範圍:僅母公司,無，無統計相關數據,,
1227,佳格,427914,佳格母公司,0.342,萬元營業額                                                                                                                                                                                              ,
1229,聯華,51.77,"母公司-聯華實業投資控股(股)公司以及 子公司-聯華製粉食品(股)公司、聯華置產(股)公司",0.0082,營業額;單位為新台幣佰萬元                                                                                                                                                                               ,
1231,聯華食,595.357,臺灣地區的總公司及各工廠之所有營運相關之活動,0.0626,百萬營業額                                                                                                                                                                                              ,
1232,大統益,236050,僅母公司,0.237,黃豆總加工量                                                                                                                                                                                            ,
1233,天仁,87230,本公司天仁茶業股份有限公司直營單位,78.9026,分母以營業額為百萬元之計算                                                                                                                                                                              ,
1234,黑松,809000,中壢廠,4.12,產品,
1235,興泰,3310,依110年台灣自來水公司使用度數資訊,0.0806,營業額,
1236,宏亞,47513,母公司,0,營業額,
1256,鮮活果汁-KY,175016,集團主要營運主體，子公司蘇州鮮活飲品股份有限公司,48.586,營業額,
1301,台塑,24602210,母公司2020年經第三方查證數據，請參閱本公司2021年永續報告書P.73,17679.46,耗水量/當年度個體財報營收(億元)，請參閱本公司2021年永續報告書P.73                                                                                                                                       ,ISO 14046                                                                                                                                                                                               
1303,南亞,20830240,母公司,0.0958,單位:公噸/110年個體營業額(千元)。                                                                                                                                                                       ,ISO 14046                                                                                                                                                                                               
1304,台聚,998098,台聚高雄廠,4.002,產品,ISO 46001                                                                                                                                                                                               
1305,華夏,2964600,華夏頭份廠、華聚林園廠、台氯林園廠,2.62,產品,
1307,三芳,165861,母公司,219.39,百萬營業額                                                                                                                                                                                              ,
1308,亞聚,508888,亞聚林園廠,3.74,產品,
1309,台達化,1110246,前鎮廠、林園廠、頭份廠、中山廠,1.95,產品,
1310,台苯,1427585,110年高雄廠原水用量。,3.77,產品,
1312,國喬,2469000,國喬石油化學股份有限公司高雄廠,135.93,營業額,
1313,聯成,142250,聯成林園廠,無，無統計相關數據,,
1314,中石化,8856000,僅母公司,0.0003,"用水量:8,856,000公噸，營業收入:35,163,380仟元                                                                                                                                                           ",
1315,達新,4590,母公司,無，無統計相關數據,,
1316,上曜,769,僅母公司,無，無統計相關數據,,
1319,東陽,701176,母公司,51.06,百萬營業額                                                                                                                                                                                              ,
1321,大洋,96.84,母公司,0.6834,產品,
1323,永裕,146951,"台灣永裕 71740公噸 上海永裕 71926公噸 威瑪精密化學 3285公噸",0.0376,台灣永裕 (71740)/1907428千元=0.0376                                                                                                                                                                     ,
1324,地球,39128.33,母公司(幼一二廠),0,營業額,
1325,恆大,無，無統計相關數據,,無，無統計相關數據,,
1326,台化,32967200,110年母公司、台化出光及台醋公司之台灣廠區,13540,營業額億元                                                                                                                                                                                              ,ISO 14046                                                                                                                                                                                               
1337,再生-KY,無，無統計相關數據,,無，無統計相關數據,,
1338,廣華-KY,560833,僅重要子公司東莞廣澤汽車飾件有限公司,3.62,平方米(建築面積)                                                                                                                                                                                        ,
1339,昭輝,100208,母公司,無，無統計相關數據,,
1340,勝悅-KY,無，無統計相關數據,,無，無統計相關數據,,
1341,富林-KY,119797,僅子公司同奈廠,7.83,產品,Higg Index (FEM)                                                                                                                                                                                        
1342,八貫,無，無統計相關數據,,無，無統計相關數據,,
1402,遠東新,22627000,統計範疇共21個生產據點,2.93,產品,ISO 46001                                                                                                                                                                                               
1409,新纖,1981972,新光合纖 中壢廠及觀音廠用水統計表,2.05,產品,
1410,南染,無，無統計相關數據,,無，無統計相關數據,,
1413,宏洲,392110,僅母公司,2.59,產品,
1414,東和,43478,本公司,無，無統計相關數據,,
1416,廣豐,無，無統計相關數據,,無，無統計相關數據,,
1417,嘉裕,無，無統計相關數據,,無，無統計相關數據,,
1418,東華,3515,本公司新竹廠,無，本公司(廠)110年度壓克力纖維(棉)製程停工,,
1419,新紡,80071,母公司生產區域,0.0118,產品,
1423,利華,2.207,母公司,0,元營業額                                                                                                                                                                                                ,
1432,大魯閣,無，無統計相關數據,,無，無統計相關數據,,
1434,福懋,6137000,台灣廠區,250.59,營業額 百萬元(新台幣)                                                                                                                                                                                   ,
1435,中福,473,僅母公司,39,無生產活動，以平均每月用水量計算                                                                                                                                                                        ,
1436,華友聯,0.17,僅母公司,無，無統計相關數據,,
1437,勤益控,無，無統計相關數據,,無，無統計相關數據,,
1438,三地開發,無，詳年報說明,,無，詳年報說明,,
1439,雋揚,無，無統計相關數據,,無，無統計相關數據,,
1440,南紡,808560,仁德廠+太子廠,2.6,產量公噸                                                                                                                                                                                                ,ISO50001與ISO14001                                                                                                                                                                                      
1441,大東,無，無統計相關數據,,無，無統計相關數據,,
1442,名軒,237,母公司,無，無統計相關數據,,
1443,立益物流,無，無統計相關數據,,無，無統計相關數據,,
1444,力麗,570444,母公司各廠區,1.38,產品,
1445,大宇,無，無統計相關數據,,無，無統計相關數據,,
1446,宏和,23572,母公司,3600,產品,
1447,力鵬,4395898,母公司各廠區,24.7,產品,
1449,佳和,2075900,母公司,361.18,產品,
1451,年興,704199,2021年母公司總用水量,0.088,仟元營業額                                                                                                                                                                                              ,
1452,宏益,64039,包含合併財務報表之母子公司,2.2458,產品,
1453,大將,無，無統計相關數據,,無，無統計相關數據,,
1454,台富,無，無統計相關數據,,無，無統計相關數據,,
1455,集盛,695569,母公司之5個紡織製品製造廠區,3,產品,
1456,怡華,2075.9,台南官田廠,361.18,服務,
1457,宜進,557,僅母公司,27.85,員工人數                                                                                                                                                                                                ,
1459,聯發,5853,工廠,0.2427,產品,
1460,宏遠,2661715,母公司,174.68,產品,
1463,強盛新,無，無統計相關數據,,無，無統計相關數據,,
1464,得力,2964,僅母公司,2964,產品,
1465,偉全,無，無統計相關數據,,無，無統計相關數據,,
1466,聚隆,182737,母公司,3.72,產品,
1467,南緯,4309,母公司,無，無統計相關數據,,
1468,昶和,無，無統計相關數據,,無，無統計相關數據,,
1470,大統新創,1235482,合併財務報表之母子公司之桃園廠區,171,產量                                                                                                                                                                                                    ,
1471,首利,無，無統計相關數據,,無，無統計相關數據,,
1472,三洋實業,無，本公司於5/11董事會剛通過溫室氣體排放，目前因組織尚未完整，尚未決定由何單位及何種方式進行此一數據收集。,,無，本公司於5/11董事會剛通過溫室氣體排放，目前因組織尚未完整，尚未決定由何單位及何種方式進行此一數據收集。,,
1473,台南,311623,包含合併財務報表之母子公司,0.015,產品,
1474,弘裕,180011,母公司,無，無統計相關數據,,
1475,業旺,無，詳年報說明,,無，詳年報說明,,
1476,儒鴻,2570840,包含合併財務報表之母子公司,0.0716,營業額,
1477,聚陽,7534,台北總公司,0.2604,營業額(百萬元)                                                                                                                                                                                          ,ISAE3000、ISO14046(目前正在盤查中，預計於2022年底前盤查完，並取得查證聲明書)                                                                                                                            
1503,士電,208600,"環境面資訊以母公司之電裝廠、新豐廠、重電廠為主， 不包含台北總公司。",0.0075,百萬公升/百萬元營業額                                                                                                                                                                                   ,
1504,東元,184150,台灣所有廠區,8,營業額,
1506,正道,無，無統計相關數據,,無，無統計相關數據,,
1512,瑞利,22827,母公司,無，無統計相關數據,,
1513,中興電,17028,母公司110年度,0.9447,營業額,
1514,亞力,25533,母公司,無，無統計相關數據,,
1515,力山,無，資料尚在驗證,,無，資料尚在驗證,,
1516,川飛,無，無統計相關數據,,無，無統計相關數據,,
1517,利奇,850,母公司,無，無統計相關數據,,
1519,華城,33661,僅母公司,5.36,產品,
1521,大億,無，無統計相關數據,,無，無統計相關數據,,
1522,堤維西,108651,110年,957.4,營業額,
1524,耿鼎,73107,母子公司,0.0429,烤漆數量                                                                                                                                                                                                ,
1525,江申,19584,母公司,15.35,噸/百萬元營業額                                                                                                                                                                                         ,
1526,日馳,12896,母公司,無，無統計相關數據,,
1527,鑽全,22594,110年,502.0888,營業額,ISO14001                                                                                                                                                                                                
1528,恩德,無，無統計相關數據,,無，無統計相關數據,,
1529,樂事綠能,無，無統計相關數據,,無，無統計相關數據,,
1530,亞崴,無，無統計相關數據,,無，無統計相關數據,,
1531,高林股,無，無統計相關數據,,無，無統計相關數據,,
1532,勤美,129319,勤美金屬成型事業處,5.67,產品,
1533,車王電,30,母公司,30,產值                                                                                                                                                                                                    ,
1535,中宇,無，本公司非製造工廠，故無法取得數據。,,無，本公司非製造工廠，故無法取得數據。,,
1536,和大,149646,僅母公司,22.38,百萬營業額                                                                                                                                                                                              ,ISO14001:2015                                                                                                                                                                                           
1537,廣隆,324636,包含合併財務報表之母子公司,17.86,仟元營業額/噸                                                                                                                                                                                           ,
1538,正峰,無，無統計相關數據,,無，無統計相關數據,,
1539,巨庭,無，無統計相關數據,,無，無統計相關數據,,
1540,喬福,2.177,110/01-110/12,無，無統計相關數據,,
1541,錩泰,59196,僅母公司,0.0095,營業額,
1558,伸興,271676,合併財務報表之母子公司,0.0705,產品,AA1000 永續報告書查證聲明                                                                                                                                                                               
1560,中砂,1464402.6,母公司,267.75,百萬元營業額                                                                                                                                                                                            ,
1563,巧新,,,,,
1568,倉佑,16815,僅母公司,14.06,百萬營業額                                                                                                                                                                                              ,
1582,信錦,無，無統計相關數據,,無，無統計相關數據,,
1583,程泰,40.62,110/01-110/12,無，無統計相關數據,,
1587,吉茂,45949,110年,無，無統計相關數據,,
1589,永冠-KY,318277,合併財務報表之子公司,1.59,產品,
1590,亞德客-KY,852140,包含三個生產工廠，已涵蓋集團90%以上的排放量,53.96,每百萬元產值                                                                                                                                                                                            ,
1597,直得,36038,母公司,24.9,每百萬營業額                                                                                                                                                                                            ,ISO 14001                                                                                                                                                                                               
1598,岱宇,21787,本公司彰化一廠、二廠、五廠、台中辦公室,0.0032,營業額仟元                                                                                                                                                                                              ,
1603,華電,無，規劃中,,無，規劃中,,
1604,聲寶,無，無統計相關數據,,無，無統計相關數據,,
1605,華新,16409420,"臺灣區：楊梅廠、新莊廠、鹽水廠、臺中廠。 海外區：東莞華新、江陰華新、江陰合金、上海華新、煙台華新、常熟華新、華新精密",12,產品,
1608,華榮,41248,涵蓋範圍僅限華榮電線電纜股份有限公司高楠工廠廠區,5.62,百萬營業額                                                                                                                                                                                              ,
1609,大亞,106174,大亞電線電纜,7.8,營業額,
1611,中電,4984,工廠,無，無統計相關數據,,
1612,宏泰,64843,僅母公司,無，無統計相關數據,,ISO14001                                                                                                                                                                                                
1614,三洋電,59147,母子公司,10.6375,噸/百萬元                                                                                                                                                                                               ,
1615,大山,9299,母公司,2,產品,
1616,億泰,15895,母公司,5.31,營業額,
1617,榮星,無，無統計相關數據,,無，無統計相關數據,,
1618,合機,22567,110年1-12月一.二.三廠自來水使用量22567噸,無，無統計相關數據,,ISO14001                                                                                                                                                                                                
1623,大東電,,,,,
1626,艾美特-KY,277845,營運地深圳艾美特+九江艾美特,277845,營業額,
1702,南僑,1628537,資訊涵蓋台灣、中國大陸、泰國地區之製造單位及台灣、中國大陸餐飲事業,0.0825,營業額,
1707,葡萄王,280430,葡萄王生技、葡眾企業,34.8,每百萬營收                                                                                                                                                                                              ,ISO 14001                                                                                                                                                                                               
1708,東鹼,719840.81,僅母公司,150.12,百萬營業額                                                                                                                                                                                              ,
1709,和益,110072,僅母公司林園工廠,16.67,百萬營業額                                                                                                                                                                                              ,
1710,東聯,2105620,母公司,0.143,營業額；單位：公噸/仟元                                                                                                                                                                                 ,
1711,永光,824460,合併財務報表之生產型廠區,88.5,百萬元產值                                                                                                                                                                                              ,ISO 14001                                                                                                                                                                                               
1712,興農,718567,母公司王田廠區(王田廠、王田二廠、生物工廠),65.7,植物保護產品佰萬元銷售額                                                                                                                                                                                ,
1713,國化,84820,屏南分公司,84820,產品,
1714,和桐,17579,高雄仁武廠,0.58,產品,
1717,長興,1227720,包含合併財務報表之母子公司,1.802,產品(公噸)                                                                                                                                                                                              ,ISO 5001 及 ISO14046:2014                                                                                                                                                                               
1718,中纖,2035579,110年度總用水量,3.5497,營業額573445.0898萬元                                                                                                                                                                                   ,
1720,生達,147206,生達一廠+生達二廠,5187,營業額,
1721,三晃,194928,母公司,7.94,產品,確信準則公報第一號                                                                                                                                                                                      
1722,台肥,39486000,母公司台中廠、苗栗廠、花蓮廠,41.71,產品,
1723,中碳,336000,小港廠+屏南廠,336000,營業額,
1725,元禎,1847,母公司,0.2209,百萬元營業額                                                                                                                                                                                            ,
1726,永記,61190,20210101-20211231,無，無統計相關數據,營業額,ISO14001                                                                                                                                                                                                
1727,中華化,404.185,桃園一廠、桃園二廠、彰化廠,0.0021,單位：百萬公升/產品                                                                                                                                                                                     ,
1730,花仙子,18780,母公司,5.98,營業額,
1731,美吾華,23348,台北總公司、台中及高雄服務中心、楊梅工廠及物流中心,無，無統計相關數據,,
1732,毛寶,20939,母公司,33.805,噸CO2e/百萬營收                                                                                                                                                                                         ,
1733,五鼎,63526,母公司,0.0182,營業額,
1734,杏輝,129583,母公司,0.0601,營業額仟元                                                                                                                                                                                              ,
1735,日勝化,42476,母公司,2.2139,產品,
1736,喬山,無，詳年報說明,,無，無統計相關數據,,
1737,臺鹽,12125453,臺鹽總公司、妝品廠、保健廠、通霄廠、儲運所、七股鹽場共6場域,58.649,產品,
1752,南光,110107,總公司年度總用水量，含民生用水,6185.7865,營業額,
1760,寶齡富錦,21100,寶齡富錦生技股份有限公司平鎮廠,0.0376,每仟元產值                                                                                                                                                                                              ,
1762,中化生,36103,母公司,0.2,產品,
1773,勝一,344005,母公司,1.5922,產品,
1776,展宇,2670,範圍為母公司(第一廠及第二廠),3.5224,以佰萬元營業額為單位                                                                                                                                                                                    ,
1783,和康生,14262,合併財務報表之母子公司,無，無統計相關數據,,
1786,科妍,32258,母公司,無，無統計相關數據,,
1789,神隆,149461,僅母公司，2021年1月~12月,無，無統計相關數據,,
1795,美時,74915,母公司及重要子公司生產基地及研發中心,5.92,百萬元營業額                                                                                                                                                                                            ,
1802,台玻,1880000,僅母公司,無，無統計相關數據,,
1805,寶徠,無，無統計相關數據,,無，無統計相關數據,,
1806,冠軍,127125,自來水,0.0126,產品,
1808,潤隆,227,僅本公司台北辦公室,無，無統計相關數據,,
1809,中釉,22309,僅母公司,無，尚未導入ISO 46001:2019,,
1810,和成,225715,母公司,62.2834,營業額,ISO14001                                                                                                                                                                                                
1817,凱撒衛,347,母公司,2.16,百萬營業額                                                                                                                                                                                              ,
1903,士紙,無，依規定本公司屬資本額50億元以下之公司別，應於第三階段完成溫室氣體盤查(115年)，本公司預計於112年啟動執行。,,無，依規定本公司屬資本額50億元以下之公司別，應於第三階段完成溫室氣體盤查(115年)，本公司預計於112年啟動執行。,,
1904,正隆,410532,母公司,8.88,千公升/噸 (工業用紙產量)                                                                                                                                                                                ,
1905,華紙,23826828,華紙台灣四個生產據點,19,產品,
1906,寶隆,無，無統計相關數據,,無，無統計相關數據,,
1907,永豐餘,45556301,永豐餘年報所稱三大事業群（林漿紙事業群、工紙紙器事業群、消費品事業群）之台灣、大陸、越南三地共合計共35個生產據點。,9.93,產品,ISO 14001                                                                                                                                                                                               
1909,榮成,4029050,僅母公司,3.77,產品,
2002,中鋼,44047000,母公司,4.32,產品,
2006,東和鋼鐵,2205048,母公司,1.046,鋼胚產量                                                                                                                                                                                                ,ISO 14001，苗栗廠另有 ISO 14046 水足跡管理系統，驗證機構為BV                                                                                                                                            
2007,燁興,117576,本公司,無，無統計相關數據,,
2008,高興昌,32845,110年度屏南廠區,0.92,產品,
2009,第一銅,201180,僅計算第一伸銅科技股份有限公司臨海廠,1.1884,產品,
2010,春源,87162,台灣總公司及北中南各生產營運據點。,0.1091,產品,ISO 14001 環境管理系統                                                                                                                                                                                  
2012,春雨,207.48,母公司,347,百萬營業額                                                                                                                                                                                              ,ISO14001                                                                                                                                                                                                
2013,中鋼構,38265,高雄廠區、官田廠區,無，無統計相關數據,,
2014,中鴻,1327310,母公司,0.465,產品,
2015,豐興,1970532,僅母公司,1.08,產品,ISO 14001:2015                                                                                                                                                                                          
2017,官田鋼,117032,總管理處、永康廠、麻豆廠、官田廠,1.6,產品,
2020,美亞,22302,110年度廢水排放量,無，無統計相關數據,,ISO14000                                                                                                                                                                                                
2022,聚亨,37770,母公司,無，無統計相關數據,,
2023,燁輝,379642,2021全年度,0.33,產量(公噸)                                                                                                                                                                                              ,
2024,志聯,207953,自來水+地下水,無，無統計相關數據,,
2025,千興,45948,僅母公司,0.0186,營業額,
2027,大成鋼,87279,僅母公司,0.0057,營業額(百萬公升/百萬元)                                                                                                                                                                                 ,中華民國確信準則公報第一號「非屬歷史性財務資訊查核或核閱之確信案件」標準                                                                                                                                
2028,威致,610775,個別公司,無，無統計相關數據,,
2029,盛餘,488144,2021年績效月報,0.367,產品,
2030,彰源,112416,一廠、二廠、三廠、大連廠,112416,營業額,
2031,新光鋼,23333,母公司,1.74,百萬營業額                                                                                                                                                                                              ,
2032,新鋼,無，無統計相關數據,,無，無統計相關數據,,
2033,佳大,無，無統計相關數據,,無，無統計相關數據,,
2034,允強,116314,僅母公司,0.62,產品,
2038,海光,80930,自來水費,無，無統計相關數據,,
2049,上銀,832904,涵蓋營運據點13廠區，100%營運控制權,36.2037,百萬營業額                                                                                                                                                                                              ,
2059,川湖,54093,母公司,14.51,平方公尺產品表面積                                                                                                                                                                                      ,
2062,橋椿,135527,母公司,0.037,產量                                                                                                                                                                                                    ,
2069,運錩,9851,僅母公司所有廠區,無，無統計相關數據,,
2072,世紀風電,,,,,
2101,南港,141482,110年總廢水量,4.133,產品,
2102,泰豐,98268,僅母公司,13.35,每噸產品                                                                                                                                                                                                ,
2103,台橡,5835000,合併財務報表之生產營運母子公司,10.38,公噸                                                                                                                                                                                                    ,ISO50001:2018                                                                                                                                                                                           
2104,國際中橡,1256573,國際中橡100%持有之子公司林園先進。,14,產品,ISO14001                                                                                                                                                                                                
2105,正新,1079686,母公司,7.44,產品,
2106,建大,334829,台灣地區,7.24,產品,BSI ISO 50001及金屬工業研究發展中心 ISO 14001                                                                                                                                                           
2107,厚生,無，無統計相關數據,,無，無統計相關數據,,
2108,南帝,403216,母公司,無，無統計相關數據,,
2109,華豐,,,,,
2114,鑫永銓,10874,母公司,無，無統計相關數據,,
2115,六暉-KY,無，無統計相關數據,,無，無統計相關數據,,
2201,裕隆,332346,裕隆汽車製造(股)公司三義廠區,10.9,產品,
2204,中華,212954,占營運範圍比率100%,4.26,產品,ISO 46001水資源效率管理系統                                                                                                                                                                             
2206,三陽工業,472862,三陽工業股份有限公司新竹廠,319198,產品,
2207,和泰車,18.253,母公司,32.4,人                                                                                                                                                                                                      ,
2208,台船,462088,台船高雄廠和基隆廠彙計,462088,"營業額17,852,881仟元                                                                                                                                                                                    ",
2211,長榮鋼,57272,僅母公司,4.93,百萬營業額                                                                                                                                                                                              ,
2227,裕日車,1530,母公司,4.08,每年人均用水輛 (公噸-水 /人)                                                                                                                                                                            ,
2228,劍麟,無，無統計相關數據,,無，無統計相關數據,,
2231,為升,1006.5,為升電裝工業(股)公司2021/01~2022/05用水量,無，無統計相關數據,,
2233,宇隆,14826,110/1/1-110/12/31,無，只有總體水費單無細項,,
2236,百達-KY,22250.71,包含合併財務報表之母子公司,0,營業額,
2239,英利-KY,無，無統計相關數據,,無，無統計相關數據,,
2241,艾姆勒,105781,母公司,0.0629,產品,
2243,宏旭-KY,無，無統計相關數據,,無，無統計相關數據,,
2247,汎德永業,79902.55,合併財務報表,0.0019,營業額(千元)                                                                                                                                                                                            ,
2248,華勝-KY,,,,,
2250,IKKA-KY,無，無統計相關數據,,無，無統計相關數據,,
2254,巨鎧精密-創,,,,,
2258,鴻華先進-創,,,,,
2301,光寶科,2539346,"包含母公司與合併財報之部分子公司 光寶科技股份有限公司、光林智能科技股份有限公司、光寶電子(天津)有限公司、光寶網絡通訊(東莞)有限公司、光寶光電(常州)有限公司、光寶科技(常州)有限公司、光寶電子(東莞)有限公司、旭麗電子(東莞)有限公司、惠州市力信電子有限公司、光寶電子(廣州)有限公司、建興光電科技(北海)有限公司、敦揚(廣州)汽車電子有限公司、LITE-ON VIETNAM CO., LTD.、Lite-On Electronics (Thailand) Co., Ltd.、LITE-ON POWER ELECTRONIC INDIA PRIVATE LIMITED",17.32,百萬營收                                                                                                                                                                                                ,ISO 14001                                                                                                                                                                                               
2302,麗正,13792,母子公司,63.32,產品,
2303,聯電,16213000,僅母公司(含新加坡分公司),66.54,wafer-m2                                                                                                                                                                                                ,ISO 14001、ISO 14046                                                                                                                                                                                    
2305,全友,11000,母公司,無，無統計相關數據,,
2308,台達電,4160237.89,母公司及子公司之生產廠區,415.57,產值(單位：百萬美金)                                                                                                                                                                                    ,ISO 14001                                                                                                                                                                                               
2312,金寶,335000,母公司,65.11,營業額,
2313,華通,3016000,110年度,0.22,產品,
2314,台揚,42.3,母公司,0.064,員工人數                                                                                                                                                                                                ,ISO-14001                                                                                                                                                                                               
2316,楠梓電,1674706,僅母公司,0.66,產品,
2317,鴻海,87706000,依2021年永續報告書邊界,14.6,百萬新台幣營業額                                                                                                                                                                                        ,
2321,東訊,20701,自來水公司提供 110.01~110.12,129.38,僅有民生用水，約160人                                                                                                                                                                                   ,
2323,中環,578000,僅母公司生產廠區,0.81,員工人數                                                                                                                                                                                                ,
2324,仁寶,2683948,母公司、仁寶(越南)、仁寶電腦(重慶)、仁寶電腦(成都)及仁寶視訊電子(昆山)、仁寶電子科技(昆山)、仁寶資訊工業(昆山)、仁寶信息技術(昆山)、仁寶數碼科技（昆山）、吉寶通訊（南京）、重慶翊寶智慧電子裝置及Compalead Eletr&#244;nica do Brasil Ind&#250;stria e Com&#233;rcio,2.17,營業額;單位為新台幣百萬元                                                                                                                                                                               ,
2327,國巨*,362099,母公司,9,百萬營業額                                                                                                                                                                                              ,
2328,廣宇,5512,母公司,0.0004,百萬營業額                                                                                                                                                                                              ,
2329,華泰,1478550,2021.01.01-2021.12.31,0.0001,營業額,
2330,台積電,82823740,台灣廠區及子公司,119.9,單位產品用水量（公升／十二吋晶圓當量－光罩數）                                                                                                                                                          ,International Water Stewardship Standard Version 2.0                                                                                                                                                    
2331,精英,329789,用水量涵蓋精英電腦股份有限公司、興英數位科技(深圳)有限公司、精英電腦(蘇州工業園區)有限公司、與精英科技(泰國)股份有限公司。,18.136,"2021年 精英電腦總部大樓人均年用水量  18.136 公噸/  人.年；TPE 13,802公噸/761人=18.136                                                                                                                   ",
2332,友訊,11560,僅母公司大樓,19.0131,員工人數                                                                                                                                                                                                ,
2337,旺宏,2886898,僅母公司,57.08,年度總營收(百萬元)                                                                                                                                                                                      ,
2338,光罩,15349,僅母公司,2.39,產品,
2340,台亞,1392952,創新廠及力行廠,276,佰萬元營業額                                                                                                                                                                                            ,ISO 14001                                                                                                                                                                                               
2342,茂矽,583235,僅母公司,52.56,產品,
2344,華邦電,3292825,母公司,0.131,噸/layer(層-晶圓光罩)                                                                                                                                                                                   ,ISO 14001                                                                                                                                                                                               
2345,智邦,51982,僅母公司,1.054,百萬元營業額                                                                                                                                                                                            ,
2347,聯強,21696,聯強台灣與合併財務報表之子公司通達智能運籌,18.23,員工人數                                                                                                                                                                                                ,
2348,海悅,無，無統計相關數據,,無，無統計相關數據,,
2349,錸德,91541,僅母公司,0.033,營業額,
2351,順德,1382382,母公司,1232440,產品,
2352,佳世達,517562,佳世達台灣/蘇州/越南廠區,106.33,營業額,
2353,宏碁,164324,包含合併財務報表之母子公司,0.52,百萬營業額                                                                                                                                                                                              ,
2354,鴻準,1903,鴻準集團主要廠區,0,營業額,
2355,敬鵬,3873.96,母公司+ 子公司 敬鵬(常熟)電子有限公司,153.13,營業額,
2356,英業達,1081588,"""英業達股份有限公司Inventec Corporation (士林廠 Shilin site(IET)、桃園廠 Taoyuan site(TAO)、桃園廠 Taoyuan site(ITO))、 英業達(重慶)有限公司Inventec (Chongqing) Corporation (ICC)、 英業達科技有限公司Inventec (Pudong) Technology Corporation (IPT)、 上海順詮科技有限公司SQ Technology (Shanghai) Corporation (SQT)、 Inventec (Czech) S.R.O. (ICZ)、 IEC Technologies, S . de R. L. de C. V. (IMX)",245273,千億營業額                                                                                                                                                                                              ,
2357,華碩,142443,華碩全台辦公室(皇家除外),22,公噸/平均每人/年                                                                                                                                                                                        ,
2359,所羅門,無，無統計相關數據,,無，無統計相關數據,,
2360,致茂,83835.8,僅母公司,0.0048,營業額(仟元)                                                                                                                                                                                            ,
2362,藍天,25777,母公司,無，無統計相關數據,,
2363,矽統,23228,水費繳費單,無，無統計相關數據,,
2364,倫飛,6038,母公司,無，無統計相關數據,,
2365,昆盈,無，無統計相關數據,,無，無統計相關數據,,
2367,燿華,2070450,僅母公司,0.61,產量                                                                                                                                                                                                    ,
2368,金像電,7433736,合併財務報表之母子公司,279,百萬元營業額                                                                                                                                                                                            ,
2369,菱生,960851,全公司工業用水量,0.174,產品,
2371,大同,537322,僅母公司,無，3321.72公噸/億元,,
2373,震旦行,38445.52,僅母公司,0.0117,營業額,
2374,佳能,5763,110年度,1.6119,營業額,
2375,凱美,2525.25,汙水處理站,無，無統計相關數據,,
2376,技嘉,259234.57,技嘉科技營運總部、桃園南平廠、中國東莞廠和寧波廠。,2.1265,百萬營業額                                                                                                                                                                                              ,
2377,微星,89159,母公司,0.44,營業額,
2379,瑞昱,50640,僅包含瑞昱新竹營運總部,11.27,"瑞昱新竹營運總部員工人數(4,492人)                                                                                                                                                                       ",
2380,虹光,11323,母公司,0.17,產品,
2382,廣達,2807330,資料邊界：廣達電腦(股)公司臺灣總部QRDC及廣達台灣製造城QTMC、廣達上海製造城QSMC、廣達重慶製造城QCMC、廣達泰國廠QMB,無，無統計相關數據,,
2383,台光電,101897,母公司,0.011,耗水量/總營收(單位:新台幣仟元)                                                                                                                                                                          ,
2385,群光,1632816.64,群光電子(含海外各廠區，不含子公司),1632816.64,營業額,
2387,精元,無，無統計相關數據,,無，無統計相關數據,,
2388,威盛,17506,威盛電子台北總公司,無，無製程用水，一般生活用水皆設置節水設備。,,
2390,云辰,無，無統計相關數據,,無，無統計相關數據,,
2392,正崴,3365820,合併財務報表之母子公司,無，無統計相關數據,,
2393,億光,341,億光電子台灣地區,無，無統計相關數據,,
2395,研華,332806,研華台灣(瑞光大樓、陽光大樓、東湖廠、林口園區)、日本廠、昆山園區,5.94,營業額百萬                                                                                                                                                                                              ,AA1000                                                                                                                                                                                                  
2397,友通,30047,友通資訊之組織邊界設定以營運控制權為主，其盤查組織邊界之溫室氣體排放量百分之百歸屬本公司，友通包括汐止遠雄總部、汐止工廠及桃園工廠，其中汐止工廠於2021年4月至10月搬遷，11月25日完成交屋。,無，無統計相關數據,,
2399,映泰,276,110年1-12月每月平均用水噸數,無，法令無規範,,
2401,凌陽,30320,母公司,87.88,員工人數 (30320度/345人)                                                                                                                                                                                ,
2402,毅嘉,108381,僅母公司,無，無統計相關數據,,
2404,漢唐,無，無統計相關數據,,無，無統計相關數據,,
2405,輔信,4829,母公司,無，無統計相關數據,,
2406,國碩,51472,國碩二廠和國碩新豐廠,0.0616,"835,000萬元                                                                                                                                                                                             ",
2408,南亞科,3456524,母公司,3.08,千顆晶粒                                                                                                                                                                                                ,ISO 14001                                                                                                                                                                                               
2409,友達,24991780,全球營運據點,0.29,產品(米平方)                                                                                                                                                                                            ,ISO46001                                                                                                                                                                                                
2412,中華電,2170000,中華電信母公司,10.3099,百萬營業額                                                                                                                                                                                              ,取得ISO 50001證書、板橋IDC暨雲端資料中心取得ISO 14046水足跡認證。                                                                                                                                       
2413,環科,17800,母公司,無，無統計相關數據,,ISO14001                                                                                                                                                                                                
2414,精技,4900,僅母公司,0.2342,佰萬營業額                                                                                                                                                                                              ,
2415,錩新,419571,110年度,無，無統計相關數據,,
2417,圓剛,7440,資料涵蓋範圍為總公司,0.002,營業額,
2419,仲琦,47468,新竹總部+海外據點(蘇州，越南),137.12,營業額,
2420,新巨,18728,母公司,7.033,百萬營業額                                                                                                                                                                                              ,
2421,建準,3305000,昆山廠/北海廠/高雄廠,無，無統計相關數據,,
2423,固緯,11708,母公司,無，無統計相關數據,,
2424,隴華,無，無統計相關數據,,無，無統計相關數據,,
2425,承啟,無，無統計相關數據,,無，無統計相關數據,,
2426,鼎元,816450,母公司,276.467,百萬營業額                                                                                                                                                                                              ,
2427,三商電,1976,母公司,6.31,員工人數                                                                                                                                                                                                ,
2428,興勤,56870,母公司金屬用水,0.013,產品,
2429,銘旺科,82.882,母公司+子公司(嵩達),0.086,百萬營收                                                                                                                                                                                                ,
2430,燦坤,無，無統計相關數據,,無，無統計相關數據,,
2431,聯昌,無，無統計相關數據,,無，無統計相關數據,,
2433,互盛電,8435,僅母公司,0.006,營業額,
2434,統懋,162041,母公司,1643.4178,百萬營業額                                                                                                                                                                                              ,
2436,偉詮電,0.825,新竹廠區,0.0002,營業額單位為佰萬元                                                                                                                                                                                      ,
2438,翔耀,無，無統計相關數據,,無，無統計相關數據,,
2439,美律,350128.6,母公司與部分合併財務報表之子公司,50.16,員工人數                                                                                                                                                                                                ,
2440,太空梭,無，無統計相關數據,,無，無統計相關數據,,
2441,超豐,1201102,超豐電子股份有限公司營運範圍,無，無統計相關數據,,
2442,新美齊,2584,110年新美齊新建工程建案,無，無統計相關數據,,
2444,兆勁,26058,僅母公司,0.0147,營業額,大腸桿菌群&LT; 1 CFU/ 100ml                                                                                                                                                                             
2449,京元電子,3753632,母子公司,5392,營業額,
2450,神腦,8.67,母公司新店總公司共11處辦公室,0.02,人                                                                                                                                                                                                      ,按ISO 14064-1:2018進行溫室氣體盤查，並通過SGS-Taiwan查證                                                                                                                                                
2451,創見,27710,僅母公司,1.9357,百萬營業額                                                                                                                                                                                              ,
2453,凌群,9025,母公司,1.618,百萬營業額                                                                                                                                                                                              ,
2454,聯發科,381812,僅母公司,34.76,母公司員工人數                                                                                                                                                                                          ,
2455,全新,74480,平鎮廠、平鎮二廠,74480,產品,
2457,飛宏,425754,合併財務報表之母子公司,152,人                                                                                                                                                                                                      ,
2458,義隆,22005,義隆電子、義隆香港、義晶、義碩、義傳,32.54,年-人                                                                                                                                                                                                   ,AA1000                                                                                                                                                                                                  
2459,敦吉,6071,母公司及子公司敦吉檢測科技股份有限公司台北商辦大樓,無，未計算,,
2460,建通,無，無統計相關數據,,無，無統計相關數據,,
2461,光群雷,10435,僅母公司,7.73,百萬營業額                                                                                                                                                                                              ,
2462,良得電,無，無統計相關數據,,無，無統計相關數據,,
2464,盟立,無，無統計相關數據,,無，無統計相關數據,,
2465,麗臺,2954,工廠,無，無統計相關數據,,
2466,冠西電,10435,母公司宜蘭廠,0.0177,營業額,
2467,志聖,12231,僅母公司,無，無統計相關數據,,
2468,華經,1606,包含合併財務報表之母子公司,無，無統計相關數據,,
2471,資通,7265,主要來源為辦公同仁基本之民生用水。,無，無統計相關數據,,
2472,立隆電,2597820,合併,無，無統計相關數據,,
2474,可成,1327796,僅母公司台南廠區自來水總用量,0.2313,產品,
2476,鉅祥,無，無統計相關數據,,無，無統計相關數據,,
2477,美隆電,5322,110/01/01~110/12/31,1.6092,營業額,
2478,大毅,261774,母公司,0,營業額,
2480,敦陽科,1385,新竹總公司,1385,營業額,
2481,強茂,350833,岡山廠,40.3,營業額,
2482,連宇,6525,母公司,無，無統計相關數據,,
2483,百容,17379,僅母公司,無，無統計相關數據,,
2484,希華,72529,母公司,25.72,百萬營業額                                                                                                                                                                                              ,
2485,兆赫,47266,僅母公司,0,營業額,
2486,一詮,194314,110年度自來水水費通知單,0.0646,千元營業額                                                                                                                                                                                              ,
2488,漢平,7100,2021年自來水公司帳單,2.856,7100度 除以 2486百萬營收 = 2.856                                                                                                                                                                        ,
2489,瑞軒,118547,"1.範疇涵蓋母公司(含總公司/越南廠)及子公司(蘇州樂軒科技有限公司) 2.所有範疇區域用水皆來自第三方供應自來水",5.332,營業額,
2491,吉祥全,799,母子公司,無，無統計相關數據,,
2492,華新科,2908644,華新科技及子公司(東莞華科電子有限公司 / 蘇州華科電子有限公司 / 廣州匯僑電子有限公司),0.0024,產品,
2493,揚博,無，無統計相關數據,,無，無統計相關數據,,
2495,普安,無，用水量部分因園區統一計量而無確切使用數據，惟本公司生產過程無製程用水需求，水資源耗用主要在民生用水部分，故內部持續向同仁進行用水習慣宣導，落實節約用水政策。,,無，用水量部分因園區統一計量而無確切使用數據，惟本公司生產過程無製程用水需求，水資源耗用主要在民生用水部分，故內部持續向同仁進行用水習慣宣導，落實節約用水政策。,,
2496,卓越,無，無統計相關數據,,無，無統計相關數據,,
2497,怡利電,無，無統計相關數據,,無，無統計相關數據,,
2498,宏達電,81206,範圍以HTC台灣區域為主，涵蓋所有HTC在台灣執行營運的母子公司組織範疇,0.13,81206度/年/1720人/360日=0.13度/日                                                                                                                                                                       ,AA1000                                                                                                                                                                                                  
2501,國建,1351,僅母公司,8.89,員工人數                                                                                                                                                                                                ,僅就資料內容進行確認                                                                                                                                                                                    
2504,國產,153970,僅總公司及汐止、台中及台南廠,無，無統計相關數據,,
2505,國揚,無，無統計相關數據,,無，無統計相關數據,,
2506,太設,無，無統計相關數據，因資本額未達規定。,,無，無統計相關數據，因資本額未達規定。,,
2509,全坤建,無，無統計相關數據,,無，無統計相關數據,,
2511,太子,243.869,母公司,2.46,"平方公尺(總樓地板面積為99,150平方公尺)                                                                                                                                                                  ",
2514,龍邦,無，無統計相關數據,,無，無統計相關數據,,
2515,中工,無，無統計相關數據,,無，無統計相關數據,,
2516,新建,無，無統計相關數據,,無，無統計相關數據,,
2520,冠德,1324,冠德大樓用水量,無，無統計相關數據,,
2524,京城,無，無統計相關數據,,無，無統計相關數據,,
2527,宏璟,無，無統計相關數據,,無，無統計相關數據,,
2528,皇普,無，無統計相關數據,,無，無統計相關數據,,
2530,華建,564.45,母公司,0.42,以用水量/面積計算                                                                                                                                                                                       ,
2534,宏盛,無，無統計相關數據,,無，無統計相關數據,,
2535,達欣工,2203,母公司營運總部,0.1487,營業額( /百萬 )                                                                                                                                                                                         ,
2536,宏普,無，無統計相關數據,,無，無統計相關數據,,
2537,聯上發,無，無統計相關數據,,無，無統計相關數據,,
2538,基泰,無，無統計相關數據,,無，無統計相關數據,,
2539,櫻花建,229158,母公司,0.5113,總樓地板面積㎡                                                                                                                                                                                          ,
2540,愛山林,無，無統計相關數據,,無，無統計相關數據,,
2542,興富發,2011,母公司,5.9086,營業額,
2543,皇昌,無，無統計相關數據,,無，無統計相關數據,,
2545,皇翔,無，尚未啟動,,無，尚未啟動,,
2546,根基,1324,冠德大樓用水量,無，無統計相關數據,,
2547,日勝生,36864,日勝生/日鼎水務/萬達通/青埔案,11.38,日勝生: 噸/人                                                                                                                                                                                           ,
2548,華固,962,僅母公司辦公室,2.873,母公司樓地板面積(坪)                                                                                                                                                                                    ,
2597,潤弘,581735,冬山廠冷卻用水,無，無統計相關數據,,
2601,益航,1023.22,合併財務報表之母子公司,無，無統計相關數據,,
2603,長榮,122092,海上船舶及陸上營運,無，N/A,,
2605,新興,無，無統計相關數據,,無，無統計相關數據,,
2606,裕民,1.58,船舶艙底水及排泄汙水,無，無統計相關數據,,DNV VeriSustain 中度保證等級                                                                                                                                                                            
2607,榮運,無，詳年報說明,,無，無,,
2608,嘉里大榮,172986.3739,嘉里大榮物流組織全部(母公司),16.37,營業額,
2609,陽明,41613,七堵總公司、基隆分公司(含基隆陽明貨櫃場)、高雄分公司(含70號碼頭)、台灣營業部、梧棲辦公室。,無，無統計相關數據,,
2610,華航,118422,2021年度用水總量,10.87,用水總量/總員工人數                                                                                                                                                                                     ,ISO 14001                                                                                                                                                                                               
2611,志信,無，無統計相關數據,,無，無統計相關數據,,
2612,中航,12475,"合併公司楊梅,台中,高雄場區及辦公室",3.5104,佰萬營業額                                                                                                                                                                                              ,
2613,中櫃,19138,本公司,無，無統計相關數據,,
2614,東森,17518,僅母公司,12.79,營收百萬元                                                                                                                                                                                              ,
2615,萬海,41530,台中高雄專用碼頭與台北高雄辦公室,35.46,噸/人，分母為台灣員工總人數                                                                                                                                                                             ,
2616,山隆,無，無統計相關數據,,無，無統計相關數據,,
2617,台航,無，無統計相關數據,,無，無統計相關數據,,
2618,長榮航,134597,僅母公司,0.57,總用水/樓地板面積                                                                                                                                                                                       ,ISO14001環境管理系統                                                                                                                                                                                    
2630,亞航,53252,本公司廠區(松山、台中、台南(含歸仁)、屏東)所使用之用水量。,13.7072,百萬營業額                                                                                                                                                                                              ,
2633,台灣高鐵,594195,車站、基地及總公司,無，詳年報說明,,
2634,漢翔,1324793,僅母公司,55.82,百萬營業額                                                                                                                                                                                              ,
2636,台驊控股,,,,,
2637,慧洋-KY,1543,包含合併財務報表之母子公司,0.46,用水量 / 辦公室樓地板面積(平方公尺)                                                                                                                                                                     ,
2642,宅配通,56341.2,台灣宅配通股份有限公司,無，無統計相關數據,,
2646,星宇航空,,,,,
2701,萬企,無，無統計相關數據,,無，無統計相關數據,,
2702,華園,27461,僅為母公司,43665,千元營業額                                                                                                                                                                                              ,
2704,國賓,529238,"2021/1/1~2021/12/31以國賓大飯店為主體，包 含台北、新竹、高雄三館",0.3522,千元營業額                                                                                                                                                                                              ,
2705,六福,867560,母公司之主要營運地，包含總公司及南港分公司,0.6946,營業額-千元                                                                                                                                                                                             ,
2706,第一店,無，無統計相關數據,,無，無統計相關數據,,
2707,晶華,314798,台北晶華,134.4642,百萬營業額                                                                                                                                                                                              ,
2712,遠雄來,142042,母公司,0.0004,營業額,
2722,夏都,146409,僅為母公司,無，無統計相關數據,,
2723,美食-KY,無，無統計相關數據,,無，無統計相關數據,,
2727,王品,1981104,含王品、王莆(子公司)、群品(子公司),1981104,水費單各店平均值                                                                                                                                                                                        ,
2731,雄獅,無，無統計相關數據,,無，無統計相關數據,,
2739,寒舍,635938,母公司,0.2725,仟元營業額                                                                                                                                                                                              ,
2748,雲品,268502,合併財務報表母子公司,185.0583,營業額,
2753,八方雲集,133157,母公司淡水廠、西螺廠、高雄廠,33.16,百萬營業額                                                                                                                                                                                              ,
2762,世界健身-KY,,,,,
2801,彰銀,160777,母公司之國內全數營運據點,24.32,員工人數                                                                                                                                                                                                ,ISO 46001                                                                                                                                                                                               
2812,台中銀,14358,總行民權及民族大樓、南台中分行及太平員訓中心,無，無統計相關數據,,
2816,旺旺保,10883,總公司及17家分公司,98,人                                                                                                                                                                                                      ,
2820,華票,2184,總公司與5家分公司,無，無統計相關數據,,
2832,台產,無，僅統計總分公司用水度數、碳排放量等,,無，僅統計總分公司用水度數、碳排放量等,,
2834,臺企銀,115560.1377,總行及國內125家分行,21.75,員工人數                                                                                                                                                                                                ,ISO 14001                                                                                                                                                                                               
2836,高雄銀,3729,母公司總行大樓,無，無統計相關數據,,
2838,聯邦銀,86166,全行各單位,無，無統計相關數據,,
2845,遠東銀,56274,母公司國內外所有據點,21.84,人                                                                                                                                                                                                      ,
2849,安泰銀,29673,110年全行用水,無，無統計相關數據,,
2850,新產,179435,總公司及分公司,5.988,服務,
2851,中再保,3454,母公司,無，無統計相關數據,,
2852,第一保,883,總公司,0.038,人                                                                                                                                                                                                      ,
2855,統一證,12198.26,總部大樓,18.65,人均                                                                                                                                                                                                    ,
2867,三商壽,145100,全公司,1.01,營業額(百萬元)                                                                                                                                                                                          ,
2880,華南金,304211.32,本集團國內全數營運據點(含總部),29.31,員工總數                                                                                                                                                                                                ,
2881,富邦金,437978,富邦金控、富邦人壽、台北富邦銀行、富邦產物及富邦證券。,12.25,人 (員工)                                                                                                                                                                                               ,ISO14001                                                                                                                                                                                                
2882,國泰金,596154,包含集團(金控、人壽、銀行、產險、證券、投信、投顧、創投、期貨、私募)之國內據點,12.84,總員工數                                                                                                                                                                                                ,ISO14064-1                                                                                                                                                                                              
2883,凱基金,213660,包含合併報表之母子公司，員工涵蓋率99.27%,無，無統計相關數據,,
2884,玉山金,238715,100%持有合併財務報表之母子公司,4.1231,營收百萬元                                                                                                                                                                                              ,ISO 14046                                                                                                                                                                                               
2885,元大金,184150,公司或包含合併財務報表之母子公司之台灣營運範疇,0.63,樓地板面積                                                                                                                                                                                              ,ISO14046                                                                                                                                                                                                
2886,兆豐金,187920,包含合併財務報表母子公司之國內所有據點,22.12,國內員工人數                                                                                                                                                                                            ,ISAE 3000                                                                                                                                                                                               
2887,台新新光金,124582,以台新金控及台新銀行用水量推估至全金控,11.19,員工人數                                                                                                                                                                                                ,GRI準則-核心選項與AA1000AS v3第二類型中度保證等級查證                                                                                                                                                   
2889,國票金,無，目前正委請顧問進行盤查,,無，目前正委請顧問進行盤查,,
2890,永豐金,171054,金控及旗下5家主要子公司（永豐銀行、永豐金證券、永豐投信、永豐金租賃、永豐創業投資） 之國內所有營運據點納入統計範疇。,20.2527,每人                                                                                                                                                                                                    ,"AA1000 Assurance Standard v3, Type 2 Moderate level of assurance                                                                                                                                        "
2891,中信金,341939,為與溫室氣體查證邏輯一致， 2020年起，用水量盤查範疇扣除中國信託金融園區之商家用水量。,25.08,人                                                                                                                                                                                                      ,
2892,第一金,201230,涵蓋範圍為第一銀行國內全數營運據點及證券、投信、人壽、AMC之總公司。,23.9,"201,230公噸/8,414人=23.9公噸                                                                                                                                                                            ",ISO46001水效率管理系統                                                                                                                                                                                  
2897,王道銀行,15663,母公司全台營運據點,17.9,員工人數                                                                                                                                                                                                ,ISO 14001                                                                                                                                                                                               
2901,欣欣,58965,包含合併財務報表之母子公司,無，無統計相關數據,,
2903,遠百,1569654,僅母公司,3346.8,億元營業額                                                                                                                                                                                              ,ISO 14046                                                                                                                                                                                               
2904,匯僑,29126,臺中港西二及西五槽區,無，無統計相關數據,,
2905,三商,無，無統計相關數據,,無，無統計相關數據,,
2906,高林,無，無統計相關數據,,無，無統計相關數據,,
2908,特力,53.9,特力(股)總部、楊梅物流中心及台中辦公室,0.002,百萬營收                                                                                                                                                                                                ,
2910,統領,無，無統計相關數據,,無，無統計相關數據,,
2911,麗嬰房,無，無統計相關數據,,無，無統計相關數據,,
2912,統一超,2483875,"實際統計包含總部大樓及4,071家門市、推估值包含9 處區辦公室及2,308家門市。",368,門市數                                                                                                                                                                                                  ,AA1000 type2                                                                                                                                                                                            
2913,農林,無，無統計相關數據,,無，無統計相關數據,,
2915,潤泰全,3809,母公司,無，無統計相關數據,,
2923,鼎固-KY,991869,包含上海打浦橋日月光中心、上海嘉定日月光中心、上海御華山以及重慶日月光中心，共計四據點。,20.65,新台幣十萬元營收                                                                                                                                                                                        ,
2929,淘帝-KY,無，無統計相關數據,,無，無統計相關數據,,
2939,永邑-KY,無，無統計相關數據,,無，無統計相關數據,,
2945,三商家購,24000,依每月水費單據其數據顯示之度數估算。,無，無統計相關數據,,
3002,歐格,1473,僅母公司,5.72,營業額,
3003,健和興,66830,母公司,0,產品,
3004,豐達科,79877,母公司,61.54,單位:百萬營業額                                                                                                                                                                                         ,
3005,神基,783480,涵蓋神基投控暨其八家子公司,26.043,營業額,GRI Standards核心依循選項與AA 1000 ASv3 Type1 中度保證等級的要求                                                                                                                                        
3006,晶豪科,17820,母公司,0.7474,用水量/百萬營業額(個體)                                                                                                                                                                                 ,
3008,大立光,904925,母公司,無，無統計相關數據,,
3010,華立,3565,僅母公司(台北、台中、高雄辦公地點),無，無統計相關數據,,
3011,今皓,無，尚在評估中,,無，尚在評估中,,
3013,晟銘電,567655,包含合併財務報表之母子公司,無，無統計相關數據,,
3014,聯陽,12914,母公司,無，無統計相關數據,,
3015,全漢,194020,母公司與部分子公司,35.27,母公司與部分子公司的員工人數                                                                                                                                                                            ,
3016,嘉晶,522316,110/1/1~110/12/31,5.52,產品,
3017,奇鋐,1525496.46,台灣高雄、深圳奇宏/興奇宏、東莞明鑫/興奇宏、成都奇宏、武漢奇宏/興奇宏、嘉善萬順達,32.22,"總用水量/營業額=1,525,496公噸/47,332 TWD’M = 32.22                                                                                                                                                     ",
3018,隆銘綠能,無，無統計相關數據,,無，無統計相關數據,,
3019,亞光,90054,僅母公司潭子廠區,無，無統計相關數據,,
3021,鴻名,無，無統計相關數據,,無，無統計相關數據,,
3022,威強電,無，無統計相關數據,,無，無統計相關數據,,
3023,信邦,56936.2,集團100%持股之11個據點,2.23,"56,936.2(噸)/25,530.706 (新台幣百萬元,2021年營收)= 2.23                                                                                                                                                 ",
3024,憶聲,4797,總公司辦公室,無，無統計相關數據,,
3025,星通,無，無統計相關數據,,無，無統計相關數據,,
3026,禾伸堂,255445,母公司,12.96,產品,
3027,盛達,無，預計9月底申報,,無，預計9月底申報,,
3028,增你強,6826,母公司,0.1624,營業額,
3029,零壹,無，無統計相關數據,,無，無統計相關數據,,
3030,德律,13395,母公司,0.063,產品,
3031,佰鴻,190955,含合併報表母子公司,124.64,佰萬營收                                                                                                                                                                                                ,
3032,偉訓,無，無統計相關數據,,無，無統計相關數據,,
3033,威健,4629,威健在台灣營運據點為主（臺北內湖總公司、內湖倉儲中心、桃園倉儲中心及中南部聯絡處(新竹、臺中及高雄)）,0.41,公噸/樓地板面積m2                                                                                                                                                                                       ,
3034,聯詠,98113,母公司新竹廠區,0.7249,新臺幣百萬營業額                                                                                                                                                                                        ,
3035,智原,17259,母公司,2.57,營業額,
3036,文曄,11138,包含合併財務報表母子公司之台灣各營運據點,0.42,樓地板面積(平方公尺)                                                                                                                                                                                    ,
3037,欣興,20039114,母公司及部份子公司,192,百萬元營業額                                                                                                                                                                                            ,AWS (國際水資源管理標準)                                                                                                                                                                                
3038,全台,301220,母公司及東莞廠,25.37,KPCS                                                                                                                                                                                                    ,
3040,遠見,0.5,母公司,無，無工廠，無生產行為,,
3041,揚智,1598,僅母公司,0.0243,產品,
3042,晶技,230033,2021年自來水總用量,19.6929,以個體營收計算，單位 : 新臺幣佰萬元                                                                                                                                                                     ,
3043,科風,無，無統計相關數據,,無，無統計相關數據,,
3044,健鼎,19015049,健鼎-平鎮/無錫/湖北廠區,0.3018,營業額,"由TUV驗證並取得白金等級,詳見我司官網www.tripod-tech.com                                                                                                                                                 "
3045,台灣大,278827,2021,0,營業額,依中華民國會計研究發展基金會確信準則公報第1號「非屬歷史性財務資訊查核或核閱之確信案件」進行有限確信                                                                                                     
3046,建碁,435.74,包含合併財務報表之母子公司,0.17,百萬營業額                                                                                                                                                                                              ,
3047,訊舟,9037,僅母公司,2.4864,百萬營業額                                                                                                                                                                                              ,
3048,益登,3109,僅母公司(台灣區),0.0295,百萬營業額                                                                                                                                                                                              ,
3049,精金,1010090,110年度自來水費水費單,0.2226,營業額,
3050,鈺德,37887,僅母公司,無，無統計相關數據,,
3051,力特,502567.41,母公司,157.44,營業額,ISO14001                                                                                                                                                                                                
3052,夆典,無，無統計相關數據,,無，無統計相關數據,,
3054,立萬利,無，本公司產品皆委由加工廠製造生產，辦公室用水量由園區內廠戶依使用坪數平均分攤，故無相關資訊。,,無，本公司產品皆委由加工廠製造生產，辦公室用水量由園區內廠戶依使用坪數平均分攤，故無相關資訊。,,
3055,蔚華科,無，無統計相關數據,,無，無統計相關數據,,
3056,富華新,無，無統計相關數據,,無，無統計相關數據,,
3057,喬鼎,4848,母公司,6.3811,百萬營業額                                                                                                                                                                                              ,
3058,立德,無，無統計相關數據,,無，無統計相關數據,,
3059,華晶科,20,母公司,無，無統計相關數據,,
3060,銘異,87931,僅桃園市龜山區母公司範疇,無，無統計相關數據,,
3062,建漢,5069,110/1~110/12,0,營業額,
3090,日電貿,0.149,台北自來水事業處電子繳費憑證,無，無統計相關數據,,
3092,鴻碩,112740,合併財務報表之重要子公司-鴻碩蘇州公司,0.0375,營業額,
3094,聯傑,5375,母公司,19.61,營業額,
3130,一零四,7112,包含合併財務報表之母子公司全台營運據點,8.71,員工人數                                                                                                                                                                                                ,
3135,凌航,,,,,
3138,耀登,2337,僅母公司,0,營業額,
3149,正達,167852.8,母公司,69.0468,"167,852.8公噸/個體營收淨額2,431百萬元                                                                                                                                                                   ",
3150,鈺寶-創,,,,,
3164,景岳,21971,"110年	用水量(度) 1月	1539 2月	1091 3月	1684 4月	1631 5月	1923 6月	1936 7月	2119 8月	2176 9月	1939 10月	2052 11月	2039 12月	1842",585.2185,產品,
3167,大量,195560,母公司,無，無統計相關數據,,
3168,眾福科,,,,,
3189,景碩,5825706,母公司,1.559,產品,
3209,全科,1504,僅包括母公司台灣總部,3.19,營業額,
3229,晟鈦,97882,本公司110年自用水度數登記,無，無統計相關數據,,
3231,緯創,4090196.4,母公司(內湖總部/汐止辦公區/新竹廠)及全球主要營運與製造廠區(昆山廠、泰州廠、中山廠、重慶廠、成都廠、墨西哥廠、捷克廠及昆山光電廠),5.2,單位:千噸取水量/十億元新台幣(以緯創全球主要製造廠區用水量/ 廠區營收做為計算基準)                                                                                                                        ,AA1000:2018                                                                                                                                                                                             
3257,虹冠電,1418,110年台水帳單資料,109,營業額,
3266,昇陽,無，無統計相關數據,,無，無統計相關數據,,
3296,勝德,無，無統計相關數據,,無，無統計相關數據,,
3305,昇貿,28543,110/1/1~110/12/31,無，無統計相關數據,,
3308,聯德,無，無統計相關數據,,無，無統計相關數據,,
3311,閎暉,無，無統計相關數據,,無，無統計相關數據,,
3312,弘憶股,無，無統計相關數據,,無，無統計相關數據,,
3321,同泰,380526,母公司,2.61,產品,
3338,泰碩,無，無統計相關數據,,無，無統計相關數據,,
3346,麗清,5150,2021/01~2021~12,無，無統計相關數據,,
3356,奇偶,無，無統計相關數據,,無，無統計相關數據,,
3376,新日興,41230,僅母公司,無，無統計相關數據,,
3380,明泰,43780,2021/1/1~2021/12/31,0.0255,營業額,
3406,玉晶光,43681,台中市大雅區科雅東路1號,無，無統計相關數據,,
3413,京鼎,無，預計9月出具,,無，預計9月出具,,
3416,融程電,517,自來水水費單,無，無統計相關數據,,
3419,譁裕,2280,僅母公司,無，無統計相關數據,,
3432,台端,無，無統計相關數據,,無，無統計相關數據,,
3437,榮創,63117,榮創能源科技股份有限公司,無，無統計相關數據,,
3443,創意,16161,本次報告書邊界為創意電子台灣地區，涵蓋新竹總部、新竹分部，未納入海外子公司,0.107,營業額,
3450,聯鈞,47207,母公司,無，無統計相關數據,,
3481,群創,21307558.92,群創光電(母公司)及子公司：寧波群志光電、寧波群輝光電、佛山群志光電、 南京群志光電、 上海群志光電,60.87,用水量(噸)/營業額(百萬元)                                                                                                                                                                               ,ISO 14001                                                                                                                                                                                               
3494,誠研,15475,包含合併財務報表之母子公司,無，與當年度銷售產品組合有關,,
3501,維熹,無，無統計相關數據,,無，無統計相關數據,,
3504,揚明光,82784,僅母公司,無，無統計相關數據,,
3515,華擎,4726,母公司,15,員工人均用水量                                                                                                                                                                                          ,
3518,柏騰,無，無統計相關數據,,無，無統計相關數據,,
3528,安馳,無，無統計相關數據,,無，無統計相關數據,,
3530,晶相光,無，無統計相關數據,,無，無統計相關數據,,
3532,台勝科,2998400,,0.246,產品,
3533,嘉澤,540927,本公司及廣州、蘇州、中山子公司,無，無統計相關數據,,
3535,晶彩科,5153,僅母公司,3.663,以百萬元營業額為單位                                                                                                                                                                                    ,
3543,州巧,無，無統計相關數據,,無，無統計相關數據,,
3545,敦泰,8.75,台灣新竹總部,0.02,員工人數                                                                                                                                                                                                ,
3550,聯穎,無，無統計相關數據,,無，無統計相關數據,,
3557,嘉威,410773,母公司及大陸子公司,0.077,營業額,
3563,牧德,84712,牧德科技股份有限公司,無，無統計相關數據,,
3576,聯合再生,682595,母公司(竹科廠、竹南廠及台南廠),56.75,百萬營業額                                                                                                                                                                                              ,
3583,辛耘,306000,110年1月~110年12月,850,產品,
3588,通嘉,3137.89,營業額單位:新台幣/佰萬元,1.3625,營業額,
3591,艾笛森,13200,僅母公司,13.7598,每百萬元營業額                                                                                                                                                                                          ,
3592,瑞鼎,5045.28,"公司無生產製程，用水主要生活用水，目前公司未有自己的水表，故採用推估方式，推估方式如下:每月用水量=每人每日生活用水量30公升*每月實際工作天數*每月總人數 110年年用水量=每月用水量加總",0.21,每百萬營業額0.21公頓                                                                                                                                                                                    ,
3593,力銘,無，無統計相關數據,,無，無統計相關數據,,
3596,智易,177567.7,台灣總部及中國與越南生產中心,0.0046,產品,
3605,宏致,23513,東園廠及精工中心兩廠總度數,無，用於一般生活用水，空調設備用水是循環再利用,,
3607,谷崧,無，無統計相關數據,,無，無統計相關數據,,
3617,碩天,無，無統計相關數據,,無，無統計相關數據,,
3622,洋華,4592,母公司,3.16,TON/百萬元營業額                                                                                                                                                                                        ,
3645,達邁,無，無統計相關數據,,無，無統計相關數據,,
3652,精聯,4626,僅母公司,2.6578,佰萬營業額                                                                                                                                                                                              ,
3653,健策,813311,母公司,115.5,營業額(百萬)                                                                                                                                                                                            ,ISO 14001                                                                                                                                                                                               
3661,世芯-KY,無，無統計相關數據,,無，無統計相關數據,,
3665,貿聯-KY,534104,統計範圍涵蓋集團 17 個生產據點：昆山貿聯廠、昆山翔光廠、常州廠、深圳通盈廠、翔耀廠、康聯廠、廈門新視廠、百事聯廠、佛山城鉞廠、新加坡加冷廠、馬來西亞柔佛廠、馬來西亞檳城廠、塞爾維亞廠、斯洛伐克廠、加州廠、德州廠、墨西哥廠。,14.9,營業額,"GRI Standard, AA1000 ASv3                                                                                                                                                                               "
3669,圓展,16444,母公司,無，無統計相關數據,,
3673,TPK-KY,5620456,包含大陸廈門、平潭地區的各子公司。,0.0545,千元營業額                                                                                                                                                                                              ,
3679,新至陞,4648,母公司110年01月~110年12月,361.58,營業額,
3686,達能,1130,包含合併財務報表之母子公司。,0,營業額,
3694,海華,181060,上海子公司廠區,113.16,員工人數                                                                                                                                                                                                ,
3701,大眾控,無，無統計相關數據,,無，無統計相關數據,,
3702,大聯大,26908,盤查範圍包含台灣區南港總部辦公室、林口倉、香港倉及東莞倉,11.08,各據點員工合計數                                                                                                                                                                                        ,依據確信準則公報一號進行驗證，指標揭露內容參照GRI 303                                                                                                                                                   
3703,欣陸,223453,母公司及主要營運子公司,8.32,百萬營業額                                                                                                                                                                                              ,ISO 14001，驗證範圍：鳳山、安平及淡水水資源回收中心                                                                                                                                                     
3704,合勤控,4596,母公司,3.56,百萬營業額                                                                                                                                                                                              ,
3705,永信,無，預計2026年12月完成,,無，預計2026年12月完成,,
3706,神達,457000,"合併財務報表之母子公司, 含台灣營運、研發中心及廠區; 中國主要生產據點: 廣東順達廠區、江蘇昆達廠區; 美國加州組裝廠區: MiTACIS",11,營業額/單位為「百萬新台幣」                                                                                                                                                                             ,
3708,上緯投控,12850,上緯興業股份有限公司及上偉碳纖複合材料股份有限公司,4.12,百萬營業額                                                                                                                                                                                              ,ISO 14001                                                                                                                                                                                               
3711,日月光投控,25872192.43,日月光半導體製造股份有限公司(高雄廠、中壢廠、蘇州廠、 威海廠、無錫廠、日榮半導體(上海)、上海材料廠、 上海月芯半導體、昆山廠、日本廠、韓國廠、 新加坡廠、馬來西亞廠、ISE Labs)、矽品精密工業股份有限公司(大豐廠、中山廠、中科廠、新竹廠、彰化廠、蘇州廠)、環電股份有限公司(南投廠、張江廠、昆山廠、金橋廠、深圳廠、墨西哥廠),1.259,立方米/千美金營收                                                                                                                                                                                       ,"GRI, SASB                                                                                                                                                                                               "
3712,永崴投控,243884,母公司及重要子公司,無，為投控公司 無適當衡量單位,,
3714,富采,663,僅富采母公司,無，無統計相關數據,,
3716,中化控股,,,,,
3717,聯嘉投控,,,,,
4104,佳醫,19972,僅母公司,0.0046,仟元營業額                                                                                                                                                                                              ,
4106,雃博,7414,母公司用水量(含民生用水),0.0063,單位：千元營收                                                                                                                                                                                          ,
4108,懷特,21249,台北公司及楊梅精製廠,無，無統計相關數據,,
4119,旭富,28000,僅母公司,無，因公司火災影響產線生產,,
4133,亞諾法,6058,資料含蓋範圍僅母公司。,無，詳年報說明,,
4137,麗豐-KY,20274,子公司微碩(上海)日用品有限公司,無，無統計相關數據,,
4142,國光生,149308,僅母公司,無，無統計相關數據,,
4148,全宇生技-KY,無，無統計相關數據,,無，無統計相關數據,,
4155,訊映,無，無統計相關數據,,無，無統計相關數據,,
4164,承業醫,3628,包含合併財務報表之母子公司,1.49,百萬營業額                                                                                                                                                                                              ,
4190,佐登-KY,6636,"台灣子公司:4,380公噸 廣州子公司:2,256公噸",無，無統計相關數據,,
4306,炎洲,789684,台灣總部及廠區,45.98,百萬營業額                                                                                                                                                                                              ,
4414,如興,1760.292,中國常州廠區與柬埔寨長泰、宏興、如興三家水洗廠,無，無統計相關數據,,依行業標準                                                                                                                                                                                              
4426,利勤,369969,110年全年用水量,231,產品,
4438,廣越,無，無統計相關數據,,無，無統計相關數據,,
4439,冠星-KY,1646572.568,Top Sports Textile Limited,96.2764,產品,EMeRet                                                                                                                                                                                                  
4440,宜新實業,"無，產線為物理性加工,沒有工業用水",,無，無統計相關數據,,
4441,振大環球,,,,,
4526,東台,22.5,母公司,0.0028,產品,
4532,瑞智,5021.9,母公司,無，無統計相關數據,,
4536,拓凱,7.3,本公司,無，無統計相關數據,,
4540,全球傳動,58726,110年度,23.24,營業額,
4545,銘鈺,245658,母公司,215,百萬營業額                                                                                                                                                                                              ,
4551,智伸科,444667,包含合併財務報表之母子公司,0.0012,產品,
4552,力達-KY,無，,,,,
4555,氣立,無，無統計相關數據,,無，無統計相關數據,,
4557,永新-KY,無，無統計相關數據,,無，無統計相關數據,,
4560,強信-KY,無，無統計相關數據,,無，無統計相關數據,,
4562,穎漢,無，無統計相關數據,,無，無統計相關數據,,
4564,元翎,143546,母公司及重要子公司,無，無統計相關數據,,
4566,時碩工業,無，無統計相關數據,,無，無統計相關數據,,
4569,六方科-KY,,,,,
4571,鈞興-KY,無，無統計相關數據,,無，無統計相關數據,,
4572,駐龍,25691,母公司,63.59,百萬營業額                                                                                                                                                                                              ,
4576,大銀微系統,36833,母公司之總部及二廠,11.57,營業額單位為佰萬元                                                                                                                                                                                      ,
4581,光隆精密-KY,29398,合併財務報表之母子公司,0.0292,營業額,
4583,台灣精銳,78382,母公司,0,營業額,ISO14001                                                                                                                                                                                                
4585,達明,,,,,
4588,玖鼎電力,,,,,
4590,富田-創,,,,,
4720,德淵,11632,用水量係以母公司計算；排放密集度單位係以合併財務報表百萬營業額計算。,3.2761,營業額,
4722,國精化,104656,母公司,無，無統計相關數據,,
4736,泰博,20424,年度總用水量,0.0038,營業額,
4737,華廣,26423,母公司,26423,營業額,
4739,康普,46700,新竹廠及頭份廠,0.7933,取水量(百萬公升)/個體營收(億元)                                                                                                                                                                         ,
4746,台耀,465041,母公司,146.75,公噸/百萬營業額                                                                                                                                                                                         ,
4755,三福化,373107,僅母公司(善化廠、柳科廠、高雄廠),0.0833,營業額；單位：公噸  / 仟元                                                                                                                                                                              ,確信準則公報第一號                                                                                                                                                                                      
4763,材料*-KY,589140,合併財務報表之母子公司,0.217,營業額(仟元單位)                                                                                                                                                                                        ,
4764,雙鍵,11011,母公司,3.5948,百萬營業額                                                                                                                                                                                              ,
4766,南寶,62951,僅母公司,0.016,千元營收                                                                                                                                                                                                ,
4770,上品,49067,僅母公司,19.0595,百萬營業額                                                                                                                                                                                              ,
4771,望隼,,,,,
4807,日成-KY,無，無統計相關數據,,無，無統計相關數據,,
4904,遠傳,249198,遠傳電信股份有限公司及兩家子公司(新世紀資通股份有限公司、和宇寬頻網路股份有限公司),0,營業額,
4906,正文,46900,正文科技股份有限公司,0.0023,營業額,
4912,聯德控股-KY,28920,重要子公司聯德精密材料(中國)股份有限公司,17352,產品,
4915,致伸,916321,致伸科技及子公司東莞東聚、致伸重慶、致伸昆山、惠州迪芬尼、東莞迪芬尼及東城迪芬尼,12.79,營業額,ISO 14046                                                                                                                                                                                               
4916,事欣科,無，無統計相關數據,,無，無統計相關數據,,
4919,新唐,389290,僅含母公司(不含台南、竹北、北辦),36.8808,單位：公升/層-晶圓光罩                                                                                                                                                                                  ,ISO 14001                                                                                                                                                                                               
4927,泰鼎-KY,3560000,包含合併財務報表之母子公司,240,台幣百萬營收                                                                                                                                                                                            ,
4930,燦星網,無，無統計相關數據,,無，無統計相關數據,,
4934,太極,無，無統計相關數據,,無，無統計相關數據,,
4935,茂林-KY,無，無統計相關數據,,無，無統計相關數據,,
4938,和碩,5234887,和碩企業總部、臺灣營運中心、上海昌碩、昆山世碩、蘇州名碩/康碩/凱碩、重慶旭碩/凱全、捷克製造中心、墨西哥營運中心、印尼廠,4.14,每百萬營業額(元)                                                                                                                                                                                        ,
4942,嘉彰,40228,110年度用水量統計,23.8645,百萬元營業額                                                                                                                                                                                            ,
4943,康控-KY,無，無統計相關數據,,無，無統計相關數據,,
4949,有成精密,,,,,
4952,凌通,5620,母公司,1.6112,百萬營業額                                                                                                                                                                                              ,
4956,光鋐,149581,110年1月~12月,無，無統計相關數據,,
4958,臻鼎-KY,13882000,大陸園區及台灣園區,82.9,營業額,The AWS International Water Stewardship Standard V 2.0                                                                                                                                                  
4960,誠美材,622344,僅母公司,17.356,產能(仟米平方)                                                                                                                                                                                          ,
4961,天鈺,5354,僅含天鈺科技（母公司）新竹總部之據點,0.2969,0.2969立方公尺/百萬營業額                                                                                                                                                                               ,AA1000 Type 2 中度保證                                                                                                                                                                                  
4967,十銓,無，詳年報說明,,無，無統計相關數據,,
4968,立積,353,母公司,11.8,員工人數(千人)                                                                                                                                                                                          ,
4976,佳凌,無，詳年報說明,,無，無統計相關數據,,
4977,眾達-KY,13864,2021年合計,無，無統計相關數據,,
4989,榮科,310256,本公司,0.027,產量(公斤)                                                                                                                                                                                              ,
4994,傳奇,無，無統計相關數據,,無，無統計相關數據,,
4999,鑫禾,40515,僅母公司,無，無統計相關數據,,
5007,三星,93.454,母公司,0.0146,百萬營業額                                                                                                                                                                                              ,
5203,訊連,6063,台北總公司,6063,總公司辦公區堿空調循環用水及民生用水                                                                                                                                                                    ,
5215,科嘉-KY,無，詳年報說明,,無，詳年報說明,,
5222,全訊,12978,僅個別公司大順一廠,14.1527,百萬營業額                                                                                                                                                                                              ,
5225,東科-KY,無，無統計相關數據,,無，無統計相關數據,,
5234,達興材料,102496,所有生產廠區,22.71,百萬營業額                                                                                                                                                                                              ,
5243,乙盛-KY,無，無統計相關數據,,無，無統計相關數據,,
5244,弘凱,無，無統計相關數據,,無，無統計相關數據,,
5258,虹堡,無，無統計相關數據,,無，無統計相關數據,,
5269,祥碩,2218,"範圍: 110/1/1~12/31, 祥碩總公司辦公室",36.9113,營業額(億元)                                                                                                                                                                                            ,
5283,禾聯碩,無，尚在評估規畫中,,無，尚在評估規畫中,,
5284,jpp-KY,92730,泰國經寶精密工業股份有限公司,61159,製程                                                                                                                                                                                                    ,ISO14001 No. 44 104 082456                                                                                                                                                                              
5285,界霖,159539,界霖科技楠梓廠區,無，無統計相關數據,,
5288,豐祥-KY,231474,主要營運子公司台灣豐祥及越南VPIC1,0.0404,仟元營業額                                                                                                                                                                                              ,ISO 14001                                                                                                                                                                                               
5292,華懋,,,,,
5306,桂盟,3000,母公司,3.28,營業額,
5388,中磊,48316.67,本公司(台北辦公室+竹南廠),32.31,員工人數(台北+竹南)                                                                                                                                                                                     ,
5434,崇越,5.2303,台北總部,0,營業額,
5469,瀚宇博,370118,110年度,0.1564,產品,
5471,松翰,2766,僅母公司,0.0005,營業額(新台幣仟元)                                                                                                                                                                                      ,
5484,慧友,2568,母公司110年用水量,7.04,"母公司110年用水量為2568公噸,平均每天用水量為7.04公噸                                                                                                                                                    ",
5515,建國,1499,企業總部,3.75,人                                                                                                                                                                                                      ,
5519,隆大,無，無統計相關數據,,無，無統計相關數據,,
5521,工信,23235,僅母公司,78.23,員工人數                                                                                                                                                                                                ,
5522,遠雄,3320,僅母公司,21.7,員工人數                                                                                                                                                                                                ,
5525,順天,無，無統計相關數據,,無，無統計相關數據,,
5531,鄉林,3.289,母公司,3.289,員工人數                                                                                                                                                                                                ,
5533,皇鼎,無，無統計相關數據,,無，無統計相關數據,,
5534,長虹,無，無統計相關數據,,無，無統計相關數據,,
5538,東明-KY,無，公司為控股公司,,無，公司為控股公司,,
5546,永固-KY,無，無統計相關數據,,無，無統計相關數據,,
5607,遠雄港,無，首次辦理統計資料不全,,無，無統計相關數據,,
5608,四維航,17624.51,母公司總部辦公室和子孫公司船舶,24.3769,總取水量/(海勤船員+辦公室員工人數)                                                                                                                                                                      ,
5706,鳳凰,無，無統計相關數據,,無，無統計相關數據,,
5871,中租-KY,83354.13,全企業，資料出處:2021年CSR報告書,1.16,營業額,
5876,上海商銀,53100,僅母公司,2.2506,分母為百萬元營業額                                                                                                                                                                                      ,1.確信準則公報第一號                                                                                                                                                                                    
5880,合庫金,288706,合庫金控及各子公司，合計306處據點(不含國外),5.31,淨收益佰萬元                                                                                                                                                                                            ,ISO 14064-1:2018 類別4.1：源自採購商品的排放                                                                                                                                                            
5906,台南-KY,無，無統計相關數據,,無，無統計相關數據,,
5907,大洋-KY,無，無統計相關數據,,1022500,度                                                                                                                                                                                                      ,
6005,群益證,3.8243,母公司,無，無統計相關數據,,
6024,群益期,3783,全台營運據點,1.7182,營業額 百萬元                                                                                                                                                                                           ,
6108,競國,535500,僅母公司,0.28,產品,
6112,邁達特,4819,台北總公司及高雄分公司,4819,營業額,本公司用水量數據經2021永續報告書驗證。                                                                                                                                                                  
6115,鎰勝,5497,僅母公司,無，無統計相關數據,,
6116,彩晶,5055.22,母公司及子公司(南京瀚宇彩欣科技有限責任公司),0.109,母公司的內湖營業所密集度為0.002百萬公升 /樓地板面積(坪)；母公司的南科廠為0.001 百萬公升 /投片面積(m2)；子公司(南京)為0.106 百萬公升 /投片量(片)                                                         ,
6117,迎廣,45172,母公司,19.54,營業額,
6120,達運,108.9,包含本公司及合併財務報表內子公司,無，無統計相關數據,,
6128,上福,17060,上福全球在台灣營運據點為主（包含本廠、二廠及三廠）,0.001,產品,
6133,金橋,無，無統計相關數據,,無，無統計相關數據,,
6136,富爾特,0.0888,母公司,無，無統計相關數據,,
6139,亞翔,1991,新竹廠區總用水量,無，無統計相關數據,,
6141,柏承,無，無統計相關數據,,無，無統計相關數據,,
6142,友勁,30578,母公司,12.3336,單位:公噸/百萬營業額                                                                                                                                                                                    ,
6152,百一,2705,1100101~1101231,無，無統計相關數據,,
6153,嘉聯益,663378,僅母公司樹林廠,無，無統計相關數據,,
6155,鈞寶,53224,母公司,無，無統計相關數據,,
6164,華興,無，無統計相關數據,,無，無統計相關數據,,
6165,浪凡,無，無統計相關數據,,無，無統計相關數據,,
6166,凌華,13167,母公司,1.0468,人員數量                                                                                                                                                                                                ,
6168,宏齊,50860.2,母公司,0.017,營業額,
6176,瑞儀,1837000,台灣與中國大陸製造廠區,0.0002,原物料塑膠粒投料量(公斤)                                                                                                                                                                                ,
6177,達麗,無，無統計相關數據,,無，無統計相關數據,,
6183,關貿,10.194,總公司位於南港軟體園區，各進駐戶無獨立之水錶，僅有分攤數值,0.0046,用水(噸)/營業額(百萬)                                                                                                                                                                                   ,
6184,大豐電,無，無統計相關數據,,無，無統計相關數據,,
6189,豐藝,3471,母公司及子公司勁豐,無，無統計相關數據,,
6191,精成科,3990356,包含合併財務報表之母子公司,144.47,百萬營業額                                                                                                                                                                                              ,
6192,巨路,無，無統計相關數據,,無，無統計相關數據,,
6196,帆宣,59170,母公司廠區,59170,產品,
6197,佳必琪,無，無統計相關數據,,無，無統計相關數據,,
6201,亞弘電,15509,母公司,無，無統計相關數據,,
6202,盛群,15674,本公司台灣總部,2.3695,百萬營業額                                                                                                                                                                                              ,
6205,詮欣,無，本公司主要係生產組裝連接器及連接線，其組裝製程中並不會產生重大污染環境之有害物質與廢水、廢氣,,無，本公司主要係生產組裝連接器及連接線，其組裝製程中並不會產生重大污染環境之有害物質與廢水、廢氣,,
6206,飛捷,11099,飛捷母公司,23,人均用水度數                                                                                                                                                                                            ,
6209,今國光,166476,今國集團,無，無統計相關數據,,
6213,聯茂,38503,母公司,無，3680佰萬營業額,,ISO 14001:2015版                                                                                                                                                                                        
6214,精誠,17426,僅母公司,15.37,員工人數                                                                                                                                                                                                ,
6215,和椿,1622,母公司,1.1227,百萬營業額                                                                                                                                                                                              ,
6216,居易,4466,生活污水,無，無統計相關數據,,
6224,聚鼎,24079,母公司,無，無統計相關數據,,
6225,天瀚,無，無統計相關數據,,無，無統計相關數據,,
6226,光鼎,無，無統計相關數據,,無，無統計相關數據,,
6230,尼得科超眾,10233,"中興廠、興德廠、陞泰廠 中興廠、興德廠、陞泰廠",0.93,營業額,
6235,華孚,無，無統計相關數據,,無，無統計相關數據,,
6239,力成,2617123,僅母公司,51.05,營業額(百萬)以台灣地區計算                                                                                                                                                                              ,ISO 14046                                                                                                                                                                                               
6243,迅杰,690,母公司,0.8364,百萬營業額                                                                                                                                                                                              ,
6257,矽格,325.9,所有廠區及子公司,無，無統計相關數據,,
6269,台郡,780441,僅母公司,0.8,產品,
6271,同欣電,970669,母公司,96.08,百萬產值                                                                                                                                                                                                ,
6272,驊陞,,,,,
6277,宏正,19878.43,範疇一+範疇二,5.91,營業額,
6278,台表科,64874,母公司,0.99,百萬營業額                                                                                                                                                                                              ,
6281,全國電,無，無統計相關數據,,無，無統計相關數據,,
6282,康舒,906930,2021年康舒科技股份有限公司永續報告書,4140.024,新臺幣每億元營業收入                                                                                                                                                                                    ,ISO 14046                                                                                                                                                                                               
6283,淳安,無，無統計相關數據,,無，無統計相關數據,,
6285,啟碁,453915,總部、力行廠、南科廠、啟佳、啟新、啟基永昌（昆山）、啟基永昌（南京）、越南廠,6.75,新臺幣百萬元營收                                                                                                                                                                                        ,AA1000 保證標準v3                                                                                                                                                                                       
6405,悅城,173103,110年,126954,製程用水                                                                                                                                                                                                ,
6409,旭隼,0.1696,"1.包含合併財務報表之母子公司 2.旭隼科技在台灣、大陸及越南，均位於工業區辦公大樓，在生產製造時無需耗用水資源（即無工業用水需求），僅須使用員工生活用水、而其來源均為市政供水，其取得及排放均依市政供水規定。",0.2772,員工生活用水                                                                                                                                                                                            ,採用ISAE3000及ISAE3410進行確信                                                                                                                                                                          
6412,群電,725699.4,群電台北總公司、群電東莞廠、群電蘇州廠、群電重慶廠、群電泰國廠,0.0179,營業額,
6414,樺漢,3272,僅母公司,無，無統計相關數據,,
6415,矽力*-KY,12879,母公司包含杭州子公司(重要子公司),59.89,營業額,
6416,瑞祺電通,5.8,母公司,3.5859,營業額,
6426,統新,29483,母公司,無，無統計相關數據,,
6431,光麗-KY,無，無統計相關數據,,無，無統計相關數據,,
6438,迅得,6117,僅母公司,0,營業額,
6442,光聖,18942,僅母公司,無，無統計相關數據,,
6443,元晶,371000,110年新竹廠用水統計,736.52,單位：MW                                                                                                                                                                                                ,
6446,藥華藥,17642,僅台灣製造廠區,無，無統計相關數據,,
6449,鈺邦,無，無統計相關數據,,無，無統計相關數據,,
6451,訊芯-KY,534279,2021.1~2021.12訊芯電子科技(中山)有限公司及訊芸電子科技(中山)有限公司之廣東省中山市廠區,4.25,噸/萬元產值，訊芯電子科技(中山)有限公司及訊芸電子科技(中山)有限公司之廣東省中山市廠區                                                                                                                   ,
6456,GIS-KY,2028467,所有廠區及子公司，不包含於2021年初期營運之業泓台灣公司,14.6,百萬營業額                                                                                                                                                                                              ,
6464,台數科,1.03,僅母公司,無，無統計相關數據,,
6472,保瑞,73652,竹南廠及台南廠,15.013,營業額,
6477,安集,18717,20210101-20211231,0.019,m3/ 百萬台幣                                                                                                                                                                                            ,
6491,晶碩,323400,晶碩大溪廠及龜山廠,0,每百萬單位產品用水量436公噸                                                                                                                                                                             ,
6504,南六,327866,110/1/1-110/12/31,無，無統計相關數據,,
6505,台塑化,2213182971,母公司,3569,百萬營業額                                                                                                                                                                                              ,ISO 14046:2014                                                                                                                                                                                          
6515,穎崴,無，無統計相關數據,,無，無統計相關數據,,
6525,捷敏-KY,190596,包含合併財務報表之子公司,0.0346,產品,
6526,達發,,,,,
6531,愛普*,無，無統計相關數據,,無，無統計相關數據,,
6533,晶心科,1942,僅母公司,無，無統計相關數據,,
6534,正瀚-創,,,,,
6541,泰福-KY,無，無統計相關數據,,無，無統計相關數據,,
6550,北極星藥業-KY,無，無統計相關數據,,無，無統計相關數據,,
6552,易華電,560329,易華公司,0.0009,產品,
6558,興能高,無，無統計相關數據,,無，無統計相關數據,,
6573,虹揚-KY,無，尚在蒐集中,,無，尚在蒐集中,,
6579,研揚,4635,僅母公司,4635,營業額,
6581,鋼聯,58055,僅母公司。,0.389,服務,
6582,申豐,286826,母公司,2.15,產品,
6585,鼎基,77808,母公司,77808,營業額,
6589,台康生技,81162,母公司,無，無統計相關數據,,
6591,動力-KY,無，無統計相關數據,,無，無統計相關數據,,
6592,和潤企業,無，詳年報說明,,無，詳年報說明,,
6598,ABC-KY,無，無統計相關數據,,無，無統計相關數據,,
6605,帝寶,無，無統計相關數據,,無，無統計相關數據,,ISO 14001                                                                                                                                                                                               
6614,資拓宏宇,,,,,
6625,必應,無，無統計相關數據,,無，無統計相關數據,,
6641,基士德-KY,9031,合併報表之子公司之一-川源(中國)平湖廠區,6.0611,百萬營業額                                                                                                                                                                                              ,
6645,金萬林-創,,,,,
6655,科定,無，無統計相關數據,,無，無統計相關數據,,
6658,聯策,,,,,
6666,羅麗芬-KY,16980,子公司嘉文麗（福建）化妝品有限公司,0.0149,產品,
6668,中揚光,35708,110/1/1~110/12/31的用水噸數,5.92,營業額,
6669,緯穎,124233,母公司及及全球有製造廠區的子公司（墨西哥子公司Wiwynn Mexico S.A. de C.V，簡稱WYMX),26.2927,員工人數(母公司及WYMX)                                                                                                                                                                                  ,
6670,復盛應用,119783,桃園廠,119783,產品,
6671,三能-KY,無，無統計相關數據,,無，無統計相關數據,,
6672,騰輝電子-KY,207160,合併財務報表之子公司生產型廠區,0.027,千元營業額                                                                                                                                                                                              ,
6674,鋐寶科技,49850.9,母公司,無，無統計相關數據,,                                                                                                                                                                                                        
6691,洋基工程,無，無統計相關數據,,無，無統計相關數據,,
6698,旭暉應材,40227,僅母公司,無，無統計相關數據,,
6706,惠特,31167,僅母公司,0.0055,營業額,
6715,嘉基,20802.63,母公司及合併財務報表之大陸地區子公司,無，無統計相關數據,,
6719,力智,無，無統計相關數據,,無，無統計相關數據,,
6722,輝創,,,,,
6742,澤米,,,,,
6743,安普新,無，無統計相關數據,,無，無統計相關數據,,
6754,匯僑設計,無，無統計相關數據,,無，無統計相關數據,,
6756,威鋒電子,2681,母公司,無，無統計相關數據,,
6757,台灣虎航,,,,,
6768,志強-KY,765,僅台灣母公司辦公大樓。,無，本公司用水範圍僅為生活用水。,,
6770,力積電,6030552,母公司,67.02,產品,CSR驗證                                                                                                                                                                                                 
6771,平和環保-創,,,,,
6776,展碁國際,7467,包含合併財務報表之母子公司,0.35,百萬營業額                                                                                                                                                                                              ,
6781,AES-KY,20.742,嘉普+兆普,57.94,人均用水量(公升)                                                                                                                                                                                        ,
6789,采鈺,351715000,采鈺新竹廠,16.34,公升/ 8吋晶圓當量-層                                                                                                                                                                                    ,
6790,永豐實,1410410,臺灣紙品工廠：楊梅廠、清水廠,13.65,產品,ISO 14001                                                                                                                                                                                               
6792,詠業,24221,母公司,無，每年5月~10月為夏季用水高峰期。,,
6794,向榮生技,,,,,
6796,晉弘,無，無統計相關數據,,無，無統計相關數據,,
6799,來頡,285,母公司,0.2702,營業額單位為佰萬元                                                                                                                                                                                      ,
6805,富世達,,,,,
6806,森崴能源,3763,僅母公司,35.84,平均每人使用量                                                                                                                                                                                          ,
6807,峰源-KY,無，無統計相關數據,,無，無統計相關數據,,
6831,邁科,,,,,
6838,台新藥,,,,,
6862,三集瑞-KY,,,,,
6885,全福生技,,,,,
6887,寶綠特-KY,,,,,
6890,來億-KY,,,,,
6901,鑽石投資,,,,,
6902,GOGOLOOK,,,,,
6906,現觀科,,,,,
6908,宏碁遊戲-創,,,,,
6909,創控,,,,,
6914,阜爾運通,,,,,
6916,華凌,,,,,
6918,愛派司,,,,,
6919,康霈*,,,,,
6921,嘉雨思-創,,,,,
6923,中台,,,,,
6924,榮惠-KY創,,,,,
6928,攸泰科技,,,,,
6931,青松健康,,,,,
6933,AMAX-KY,,,,,
6934,心誠鎂,,,,,
6936,永鴻生技,,,,,
6937,天虹,,,,,
6944,兆聯實業,,,,,
6949,沛爾生醫-創,,,,,
6951,青新-創,,,,,
6952,大武山,,,,,
6955,邦睿生技-創,,,,,
6957,裕慶-KY,,,,,
6958,日盛台駿,,,,,
6962,奕力-KY,,,,,
6965,中傑-KY,,,,,
6969,成信實業*-創,,,,,
6988,威力暘-創,,,,,
6994,富威電力,,,,,
7610,聯友金屬-創,,,,,
7631,聚賢研發-創,,,,,
7705,三商餐飲,,,,,
7711,永擎,,,,,
7721,微程式,,,,,
7722,LINEPAY,,,,,
7730,暉盛-創,,,,,
7732,金興精密,,,,,
7736,虎山,,,,,
7740,熙特爾-創,,,,,
7749,意騰-KY,,,,,
7750,新代,,,,,
7765,中華資安,,,,,
7769,鴻勁,,,,,
7780,大研生醫*,,,,,
7786,東方風能,,,,,
7788,松川精密,,,,,
7791,皇家可口,,,,,
7795,長廣,,,,,
7799,禾榮科,,,,,
7822,倍利科,,,,,
7823,奧義賽博-KY創,,,,,
8011,台通,無，無統計相關數據,,無，無統計相關數據,,
8016,矽創,無，無統計相關數據,,無，無統計相關數據,,
8021,尖點,28247,僅母公司,0.0001,產品,
8028,昇陽半導體,769184,僅母公司,2.428,產品,
8033,雷虎,3031.2,110年1月-110年12月,0.0248,營業額以仟元計算                                                                                                                                                                                        ,
8039,台虹,86206,母公司,2.4019,產品,
8045,達運光電,,,,,
8046,南電,5480000,母公司,80.7,噸/百萬營業額                                                                                                                                                                                           ,
8070,長華*,1789952,包含合併財務報表之母子公司,0.0866,營業額,
8072,陞泰,無，無統計相關數據,,無，無統計相關數據,,
8081,致新,9186,母公司,1.16,營業額,
8101,華冠,無，無統計相關數據,,無，無統計相關數據,,
8103,瀚荃,無，無統計相關數據,,無，無統計相關數據,,
8104,錸寶,167753,母公司-錸寶,103.59,營業額,
8105,凌巨,2849321,母公司及子公司KGO,無，無統計相關數據,,
8110,華東,1043123,僅母公司，110年1月~110年12月,0.0006,產品,
8112,至上,"無，(年報p.46)碳排放：110年度118.76kg,較109年度159.96kg,減少25.76%",,無，無統計相關數據,,
8114,振樺電,14423,110年1月~12月,546.74,每億營業額                                                                                                                                                                                              ,
8131,福懋科,1923909,母公司,0.9901,產品,
8150,南茂,1798515,母公司(台灣六個廠區),65.64,百萬營業額                                                                                                                                                                                              ,
8162,微矽電子-創,,,,,
8163,達方,526306,台灣廠區+中國廠區,26.3974,百萬營業額                                                                                                                                                                                              ,
8201,無敵,無，無統計相關數據,,無，無統計相關數據,,
8210,勤誠,153360,母公司+子公司工廠,0.016,營業額,
8213,志超,722756,僅母公司,1825.14,(度/人)                                                                                                                                                                                                 ,
8215,明基材,451700,桃園廠區、雲林廠區及大陸廠區,2.74,百萬公升/億元營業額                                                                                                                                                                                     ,
8222,寶一,12233,目前無相關資料,無，無統計相關數據,,
8249,菱光,1072,母公司,無，無統計相關數據,,
8261,富鼎,2688.41,僅母公司,21,服務,
8271,宇瞻,9180,僅母公司,0.001,營業額,
8341,日友,288030,母公司(雲林廠及彰濱廠),10.835,焚化量                                                                                                                                                                                                  ,
8367,建新國際,17962,僅母公司,11.29,百萬營業額                                                                                                                                                                                              ,
8374,羅昇,429,新北辦公室,無，無統計相關數據,,
8404,百和興業-KY,987125,江蘇百宏複合材料科技股份有限公司(原公司名稱:無錫百和織造股份有限公司)、東莞百宏實業有限公司、越南百宏責任有限公司,無，無統計相關數據,,
8411,福貞-KY,800468,集團所屬生產基地,無，無統計相關數據,,
8422,可寧衛*,42784,可寧衛、吉衛、大寧(股)公司,0.2754,公噸廢棄物處理量                                                                                                                                                                                        ,
8429,金麗-KY,15534,合併財務報表之母子公司,無，無統計相關數據,,
8438,昶昕,22123,大園廠、大園一廠、海湖廠、含銅廢液處理廠、蘆竹廠,無，無統計相關數據,,
8442,威宏-KY,無，無統計相關數據,,無，無統計相關數據,,
8443,阿瘦,16861,僅母公司,無，不適用,,
8454,富邦媒,48810,2021年揭露範圍：總部大樓、北區物流中心、4個主倉(蘆竹、林口、蘆四、南工),17.62,員工用水密集度：當年度用水量(度) / 當年度年底總部總雇用人數、北區物流中心、4個主倉(蘆竹、林口、蘆四、南工)實際常駐人數(含派遣公司進駐人員)                                                              ,
8462,柏文,467637,包含合併財務報表之母子公司,179.4463,百萬營業額                                                                                                                                                                                              ,
8463,潤泰材,581735,宜蘭冬山廠冷卻用水,無，無統計相關數據,,
8464,億豐,無，待2021年ESG資料盤整完畢,,無，待2021年ESG資料盤整完畢,,
8466,美吉吉-KY,無，無統計相關數據,,無，無統計相關數據,,
8467,波力-KY,186598,2021年,無，無統計相關數據,,
8473,山林水,無，無統計相關數據,,無，無統計相關數據,,
8476,台境*,無，無統計相關數據,,無，無統計相關數據,,
8478,東哥遊艇,7434,僅母公司,354,總用水量( 公噸) / 營收( 億元)                                                                                                                                                                           ,
8481,政伸,15329,僅母公司,16.4474,百萬營業額                                                                                                                                                                                              ,
8482,商億-KY,無，無統計相關數據,,無，無統計相關數據,,
8487,愛爾達-創,,,,,
8488,吉源-KY,無，無統計相關數據,,無，無統計相關數據,,
8499,鼎炫-KY,無，無統計相關數據,,無，無統計相關數據,,
8926,台汽電,960000,台灣汽電共生股份有限公司 官田汽電共生廠,無，尚未進行估算,,
8940,新天地,無，無統計相關數據,,無，無統計相關數據,,
8996,高力,8229,母公司,3.69,百萬營業額                                                                                                                                                                                              ,
9103,美德醫療-DR,,,,,
910322,康師傅-DR,,,,,
9105,泰金寶-DR,,,,,
910861,神州-DR,,,,,
9110,越南控-DR,,,,,
911608,明輝-DR,,,,,
911622,泰聚亨-DR,,,,,
911868,同方友友-DR,,,,,
912000,晨訊科-DR,,,,,
9136,巨騰-DR,,,,,
9802,鈺齊-KY,618365,合併財務報表之母子公司,無，無統計相關數據,,
9902,台火,無，無統計相關數據,,無，無統計相關數據,,
9904,寶成,14216800,本公司製鞋廠區,無，無統計相關數據,,
9905,大華,100007,母公司,37.0262,百萬營業額                                                                                                                                                                                              ,
9906,欣巴巴,無，無統計相關數據,,無，無統計相關數據,,
9907,統一實,1243739,用水量為台灣總公司之總取水量,1.29,產品,
9908,大台北,15726,母公司自有大樓及辦公場所,0.5072,營業額每10萬元                                                                                                                                                                                          ,
9910,豐泰,1657513,包含合併財務報表之母子公司,0.0133,每雙鞋                                                                                                                                                                                                  ,
9911,櫻花,12,僅母公司,無，無統計相關數據,,
9912,偉聯,無，無統計相關數據,,無，無統計相關數據,,
9914,美利達,118641,僅母公司,5.0626,營業額單位為佰萬元                                                                                                                                                                                      ,
9917,中保科,52006,母公司,7.2431,計算標準:排放量/每百萬元營收                                                                                                                                                                            ,
9918,欣天然,1840,欣欣大樓,1840,營業額,
9919,康那香,226983,僅個體公司所有製造廠區(不含分公司),19.22,產量(噸)                                                                                                                                                                                                ,
9921,巨大,211100,僅母公司日南廠,0.0184,單台                                                                                                                                                                                                    ,
9924,福興,50923,僅母公司,10.1846,百萬營業額                                                                                                                                                                                              ,
9925,新保,5807,母公司,無，無統計相關數據,,
9926,新海,7411,僅本公司,無，無統計相關數據,,
9927,泰銘,29629,全廠,0.9848,產品,
9928,中視,無，無統計相關數據,,無，無統計相關數據,,
9929,秋雨,9600,僅母公司,無，無統計相關數據,,
9930,中聯資源,220000,僅母公司,22.2525,公噸/百萬營業額                                                                                                                                                                                         ,
9931,欣高,無，無統計相關數據,,無，無統計相關數據,,
9933,中鼎,192542,中鼎總部大樓加上全球工地用水量,8346.2437,百萬工時                                                                                                                                                                                                ,
9934,成霖,3963,母公司,無，無統計相關數據,,
9935,慶豐富,21012,僅母公司,0.0044,營業額,
9937,全國,394051,涵蓋本公司所有營運據點及同為經營加油站之子公司埔祥開發(股)公司及上員(股)公司,0.1189,公噸/單位洗車用水量                                                                                                                                                                                     ,
9938,百和,30674.4127,台灣百和工業股份有限公司,3.8558,產品,
9939,宏全,1580417,僅母公司,"無，因產業特性不同，分為包材及飲料品項: 1.包材技術群:51.6(噸/百萬營收) 2.飲料技術群:3.61(噸/成品(千公升))",,
9940,信義,73026,信義房屋股份有限公司,14.34,員工人數                                                                                                                                                                                                ,ISO46001                                                                                                                                                                                                
9941,裕融,7636,母公司+子公司新鑫、裕富數位,6.163,人                                                                                                                                                                                                      ,
9942,茂順,無，無統計相關數據,,無，無統計相關數據,,
9943,好樂迪,264264,全省門市,157.1218,用水密集度(264264)/其他-營收百萬元(1682)                                                                                                                                                                ,
9944,新麗,9848,新麗八德廠,10.7066,產品,
9945,潤泰新,581735,冬山廠(子公司)冷卻用水,無，無統計相關數據,,
9946,三發地產,無，無統計相關數據,,無，無統計相關數據,,
9955,佳龍,14216,包含合併財務報表之母子公司,無，無統計相關數據,,
9958,世紀鋼,14025,桃園市觀音區中山路一段1119號,無，無統計相關數據,,
