"報告年度:2024","議題:廢棄物管理"
"公司代號","公司名稱","有害廢棄物(公噸(t))-有害廢棄物(公噸(t))","非有害廢棄物(公噸(t))-非有害廢棄物(公噸(t))","總重量(有害+非有害)(公噸(t))-總重量(有害+非有害)(公噸(t))","資料邊界-資料邊界","廢棄物密集度-密集度(公噸/單位)","廢棄物密集度-單位","產品生產過程所製造之有害廢棄物回收百分比-產品生產過程所製造之有害廢棄物回收百分比","有害廢棄物之百分比-有害廢棄物之百分比","驗證標準-取得驗證"
"=""1101""","台泥","557.6000","34,371.8400","34,929.4400","台灣與中國大陸水泥事業，包含台泥水泥廠、製品廠及轄下發貨站、粉磨站、辦公室，以及子公司萬青水泥、鳳勝實業、Hong Kong Cement、礦業公司、環保科技公司100%營運據點","0.5520","公噸/百萬元營業額","","","ISO 14001"
"=""1102""","亞泥","0.0000","3,461.0000","3,461.0000","母公司","0.3150","公噸/百萬元營業額","0.0000%","0.0000%","ISO 9001,ISO 14001"
"=""1103""","嘉泥","0.0000","414.4800","414.4800","已完成合併財務報表之母子公司。","0.1388","公噸/百萬元營業額","0.0000%","0.0000%","N/A"
"=""1104""","環泥","0.0000","6,359.0000","N/A","母公司","1.0358","公噸/百萬元營業額","","","N/A"
"=""1108""","幸福","0.0000","300.9300","300.9300","本公司東澳廠、埔心廠及和仁廠","N/A","N/A","N/A","N/A","N/A"
"=""1109""","信大","0.0000","104.4050","104.4050","母公司","0.0002","公噸/產品","0.0000%","0.0000%","N/A"
"=""1110""","東泥","0.0000","7.6100","7.6100","母公司。","0.0000","公噸/千元營業額","","","N/A"
"=""1201""","味全","0.7000","12,056.2000","12,056.9000","母公司6大單位:總部 中研所 營業所 台中廠 斗六廠 高雄廠","0.0866","公噸/產品","100.0000%","0.0055%","N/A"
"=""1203""","味王","3.0000","938.7000","941.7000","母公司","0.4200","公噸/百萬元營業額","0.0000%","0.3186%","N/A"
"=""1210""","大成","0.0000","116,217.9905","116,217.9905","大成長城母公司與台灣子公司","0.0690","公噸/產品","0.0000%","0.0000%","N/A"
"=""1213""","大飲","0.0000","23.8620","23.8620","永大環保、喜美環保","0.3038","公噸/百萬元營業額","0.0000%","0.0000%","N/A"
"=""1215""","卜蜂","0.0000","32,452.0300","32,452.0300","南投肉食品加工廠、台中飼料廠、高雄飼料廠、雲林飼料廠","N/A","N/A","","","N/A"
"=""1216""","統一","2.0020","43,353.8291","43,355.8311","永康總廠、新市總廠(含冰品廠、冷調食品廠)、台中總廠、楊梅總廠(含瑞芳礦泉水廠)及中壢總廠 (含麻豆麵包廠)、TMR、物流倉庫、台北分公司、高雄辦公室、內湖辦公室、五股辦公室、湖口園區(含冰塊廠)等廠區","0.8505","公噸/百萬元營業額","0.0000%","0.0046%","N/A"
"=""1217""","愛之味","0.0000","2,364.0000","2,364.0000","愛之味股份有限公司","0.5600","公噸/百萬元營業額","0.0000%","0.0000%","N/A"
"=""1218""","泰山","4.7900","1,217.5200","1,222.3100","母公司","0.0000","公噸/百萬元營業額","","","N/A"
"=""1219""","福壽","0.0000","6,260.5200","6,260.5200","母公司與子公司福壽新、萬集盛與洽富","0.4369","公噸/百萬元營業額","0.0000%","0.0000%","N/A"
"=""1220""","台榮","0.0000","755.3800","755.3800","本公司雲林廠+路竹廠","0.0028","公噸/百萬元營業額","","","N/A"
"=""1225""","福懋油","0.0110","857.2870","857.2980","母公司(總廠及台中港廠)","N/A","N/A","","","N/A"
"=""1227""","佳格","4.7700","6,006.3300","6,011.1000","佳格食品股份有限公司大園廠、中壢廠及佳乳食品股份有限公司湖口廠","0.3720","公噸/百萬元營業額","","","ISO 14001"
"=""1229""","聯華","0.0000","179.2150","179.2150","母公司-聯華實業投資控股(股)公司 以及   子公司-聯華製粉食品(股)公司、聯華置產(股)公司","0.0224","公噸/百萬元營業額","0.0000%","0.0000%","N/A"
"=""1231""","聯華食","0.0000","8,471.7200","8,471.7200","本公司在臺灣的各工廠為主","0.6944","公噸/百萬元營業額","0.0000%","0.0000%","N/A"
"=""1232""","大統益","0.0000","2,818.0000","2,818.0000","僅母公司","0.1700","公噸/百萬元營業額","","","ISO 14001"
"=""1233""","天仁","0.0000","1,229.6000","1,229.6000","包含製茶總廠、業務中心、總公司、商場門市與非商場門市等。","0.5660","公噸/百萬元營業額","N/A","N/A","N/A"
"=""1234""","黑松","1.0000","3,040.0000","3,041.0000","中壢廠、斗六廠","0.0142","公噸/產品","0.0000%","0.0329%","N/A"
"=""1235""","興泰","N/A","N/A","N/A","N/A","N/A","N/A","","","N/A"
"=""1236""","宏亞","0.0000","450.7100","450.7100","桃園工廠","0.2270","公噸/百萬元營業額","","","N/A"
"=""1256""","鮮活果汁-KY","1.9773","714.9000","716.8773","鮮活控股股份有限公司旗下主要營運所在地之蘇州鮮活飲品股份有限公司。","0.2140","公噸/百萬元營業額","","","N/A"
"=""1301""","台塑","1,932.0000","189,603.0000","191,535.0000","母公司","1.3100","公噸/百萬元營業額","0.0000%","","N/A"
"=""1303""","南亞","15,727.4500","92,719.1600","108,446.6100","南亞母公司+台灣子公司","0.7332","公噸/百萬元營業額","77.5111%","14.5025%","ISO 14001"
"=""1304""","台聚","78.2200","450.2400","528.4600","台聚高雄廠","0.0028","公噸/產品","0.0000%","16.8000%","ISO 14001"
"=""1305""","華夏","170.6044","4,966.1260","5,136.7304","華夏頭份總廠、台氯林園廠、華聚林園廠","0.0071","公噸/產品","89.4408%","3.3000%","ISO 14001"
"=""1307""","三芳","230.0000","1,638.0000","1,868.0000","母公司高雄廠","3.0420","公噸/百萬元營業額","0.0000%","","N/A"
"=""1308""","亞聚","4.6000","321.9800","326.5800","林園廠","0.0025","公噸/產品","0.0000%","1.4085%","ISO 14001"
"=""1309""","台達化","0.0000","4,696.5000","4,696.5000","林園廠/前鎮廠/頭份廠/中山廠","0.0440","公噸/產品","0.0000%","0.0000%","ISO 14001"
"=""1310""","台苯","0.0000","8,404.2490","8,404.2490","台苯高雄廠(高雄市林園區工業一路7號)","0.0287","公噸/產品","0.0000%","0.0000%","ISO 14001"
"=""1312""","國喬","0.0000","24,889.0800","24,889.0800","僅國喬石油化學(股)公司高雄廠","1.9116","公噸/百萬元營業額","0.0000%","0.0000%","ISO 14001"
"=""1313""","聯成","423.3200","3,390.0200","3,813.3400","林園廠、臨海廠","0.0332","公噸/產品","0.0000%","","N/A"
"=""1314""","中石化","27,410.0000","18,833.3050","46,243.3050","主要生產廠及台北總公司","1.5706","公噸/百萬元營業額","0.0000%","0.5927%","ISO 14001"
"=""1315""","達新","0.0200","71.4700","71.4900","母子公司","N/A","N/A","","","N/A"
"=""1316""","上曜","N/A","N/A","N/A","N/A","N/A","N/A","","","N/A"
"=""1319""","東陽","197.0000","2,771.0000","2,968.0000","台灣營運地區（台南總部、桃園觀音廠、台北辦事處）","0.1497","公噸/百萬元營業額","","","ISO 9001,ISO 14001"
"=""1321""","大洋","23.4400","639.5900","663.0300","母公司","0.0050","公噸/產品","0.0000%","","N/A"
"=""1323""","永裕","3.2900","30.0800","33.3700","已完成母公司","0.0222","公噸/百萬元營業額","","","N/A"
"=""1324""","地球","167.6600","44.2300","211.8900","總公司（含台中營業所及高雄營業所)、幼獅一廠及幼獅二廠","0.2665","公噸/百萬元營業額","","","N/A"
"=""1325""","恆大","0.0000","32.0420","32.0420","全公司","N/A","N/A","","","N/A"
"=""1326""","台化","23.0000","2,510.0000","2,533.0000","2024年母公司及台醋公司之台灣廠區","N/A","N/A","100.0000%","","N/A"
"=""1337""","再生-KY","N/A","N/A","N/A","N/A","N/A","N/A","N/A","","N/A"
"=""1338""","廣華-KY","260.8670","1,022.9700","1,283.8370","東莞廣澤汽車飾件有限公司","1.8300","公噸/百萬元營業額","100.0000%","20.3200%","N/A"
"=""1339""","昭輝","89.7100","1.0800","90.7900","僅母公司","0.0594","公噸/百萬元營業額","100.0000%","9.4660%","N/A"
"=""1340""","勝悅-KY","N/A","N/A","N/A","N/A","N/A","N/A","N/A","N/A","N/A"
"=""1341""","富林-KY","644.3470","6,546.3570","7,190.7040","越南子公司","2.5782","公噸/百萬元營業額","","","N/A"
"=""1342""","八貫","N/A","N/A","N/A","N/A","N/A","N/A","","","N/A"
"=""1402""","遠東新","2,458.0000","100,776.0000","103,234.0000","本公司生產事業主要據點","0.0152","公噸/產品","","","ISO 9001,ISO 14001"
"=""1409""","新纖","1.1254","10,178.7300","10,179.8554","新光合成纖維股份有限公司","N/A","N/A","","","N/A"
"=""1410""","南染","10.0000","10.0000","20.0000","全廠區","0.0781","公噸/百萬元營業額","","","N/A"
"=""1413""","宏洲","125.5500","22.6000","148.1500","宏洲纖維工業股份有限公司桃園廠","0.0642","公噸/百萬元營業額","100.0000%","84.7400%","N/A"
"=""1414""","東和","0.0000","517.7900","517.7900","麻豆工廠","0.9884","公噸/百萬元營業額","","","ISO 9001"
"=""1416""","廣豐","0.0000","33.3769","33.3769","廣豐實業宗公司與各子公司","0.1001","公噸/百萬元營業額","","","N/A"
"=""1417""","嘉裕","0.0000","149.0260","149.0260","台北總公司及桃園中壢廠，不包含營業門市。","0.3364","公噸/百萬元營業額","0.0000%","0.0000%","N/A"
"=""1418""","東華","0.0000","4.2200","4.2200","廢棄物清運量","0.4100","公噸/百萬元營業額","","","N/A"
"=""1419""","新紡","0.0000","201.4050","201.4050","大溪廠及大園廠","0.0505","公噸/百萬元營業額","","","ISO 14001"
"=""1423""","利華","N/A","N/A","N/A","N/A","0.0331","公噸/百萬元營業額","","","N/A"
"=""1432""","大魯閣","0.0000","608.9244","608.9244","大魯閣實業本體","0.5332","公噸/百萬元營業額","","","N/A"
"=""1434""","福懋","948.6200","3,992.0300","4,940.6500","母公司","0.2300","公噸/百萬元營業額","","","N/A"
"=""1435""","中福","N/A","N/A","N/A","N/A","N/A","N/A","","","N/A"
"=""1436""","華友聯","N/A","N/A","212,523.0000","已完成合併財報之母子公司","N/A","N/A","","","N/A"
"=""1437""","勤益控","N/A","N/A","N/A","N/A","N/A","N/A","","","N/A"
"=""1438""","三地開發","N/A","N/A","N/A","N/A","N/A","N/A","","","N/A"
"=""1439""","雋揚","N/A","N/A","N/A","N/A","N/A","N/A","","","N/A"
"=""1440""","南紡","1.6800","534.9500","536.6300","僅母公司","0.0694","公噸/百萬元營業額","0.0000%","0.3131%","ISO 14001,確信準則3000號「非屬歷史性財務資訊查核或核閱之確信案件」"
"=""1441""","大東","0.0000","0.7724","0.7724","大東紡織股份有限公司-母公司","0.0017","公噸/百萬元營業額","","","N/A"
"=""1442""","名軒","N/A","N/A","N/A","N/A","N/A","N/A","","","N/A"
"=""1443""","立益物流","N/A","N/A","N/A","N/A","N/A","N/A","","","N/A"
"=""1444""","力麗","0.0000","1,541.5000","1,541.5000","彰化廠區","N/A","N/A","","","N/A"
"=""1445""","大宇","0.0000","102.0000","102.0000","數據揭露範疇包含蘆竹廠及彰濱廠","0.1031","公噸/百萬元營業額","0.0000%","0.0000%","N/A"
"=""1446""","宏和","0.0000","3.8000","3.8000","母公司","0.0010","公噸/百萬元營業額","","","N/A"
"=""1447""","力鵬","9,890.3040","32.8100","9,923.1140","楊梅廠區、彰化尼龍總廠、彰化紡織廠 ","N/A","N/A","","","N/A"
"=""1449""","佳和","0.0000","846.1000","846.1000","佳和官田廠(事業廢棄物委託共同處理管制遞送三聯單)","N/A","N/A","0.0000%","0.0000%","N/A"
"=""1451""","年興","6,942.4340","5,620.1270","12,562.5610","紡織事業處(台灣後龍廠+墨西哥紡織廠+賴索托紡織廠)+成衣事業處(越南寧平廠+賴索托成衣廠)","1.9566","公噸/百萬元營業額","","","N/A"
"=""1452""","宏益","0.0000","74.7700","74.7700","已完成母公司","0.0031","公噸/產品","","","N/A"
"=""1453""","大將","0.0000","1.2500","1.2500","本公司營運據點","0.0625","公噸/服務","","","N/A"
"=""1454""","台富","0.0000","186.4500","186.4500","母公司","11.4880","公噸/百萬元營業額","0.0000%","0.0000%","N/A"
"=""1455""","集盛","0.0000","1,666.2900","1,666.2900","一至五廠區","0.0093","公噸/產品","0.0000%","0.0000%","N/A"
"=""1456""","怡華","0.0000","814.6900","814.6900","台南官田廠","N/A","N/A","","0.0000%","N/A"
"=""1457""","宜進","0.0000","2.7840","2.7840","「宜進實業股份有限公司及子公司(光明絲織廠股份有限公司、宏洲纖維工業股份有限公司、億東纖維股份有限公司、欣懋投資股份有限公司、大田國際開發股份有限公司、大宜國際開發股份有限公司) 台北公司","0.0031","公噸/百萬元營業額","N/A","N/A","N/A"
"=""1459""","聯發","0.0000","30.6400","30.6400","工廠","0.0640","公噸/百萬元營業額","","","N/A"
"=""1460""","宏遠","35.4900","10,187.5492","10,223.0392","母公司","0.9324","公噸/產品","0.0000%","0.3472%","ISO 14001"
"=""1463""","強盛新","873.0000","0.0000","873.0000","母公司","N/A","N/A","","","N/A"
"=""1464""","得力","N/A","N/A","N/A","N/A","N/A","N/A","","","ISO 14001"
"=""1465""","偉全","N/A","N/A","N/A","N/A","N/A","N/A","","","N/A"
"=""1466""","聚隆","0.0000","242.4400","242.4400","母公司","0.1019","公噸/百萬元營業額","","","N/A"
"=""1467""","南緯","0.0870","167.2000","167.2870","越南產區","N/A","N/A","","","ISO 14001"
"=""1468""","昶和","0.0000","124.5000","124.5000","本公司以下營運據點：昶和纖維(紹興)有限公司、昶和纖維興業股份有限公司_南崁","0.1155","公噸/百萬元營業額","","0.0000%","N/A"
"=""1470""","大統新創","0.0000","984.0000","984.0000","母公司桃園廠","0.2700","公噸/產品","","","N/A"
"=""1471""","首利","N/A","N/A","N/A","N/A","N/A","N/A","","","N/A"
"=""1472""","三洋實業","0.0000","3,305.0123","3,305.0123","三洋實業及子公司總部據點及各施工案場","14.1514","公噸/百萬元營業額","","","N/A"
"=""1473""","台南","669.7200","1,210.1000","1,879.8200","臺南企業股份有限公司(總公司)","N/A","N/A","","","N/A"
"=""1474""","弘裕","0.0000","646.2000","646.2000","弘裕企業公司(伸港廠、全興廠、和美廠)","0.3088","公噸/百萬元營業額","","","N/A"
"=""1475""","業旺","N/A","N/A","N/A","N/A","N/A","N/A","","","N/A"
"=""1476""","儒鴻","269.9010","14,347.0150","14,616.9160","包含合併財務報表之母子公司","0.3968","公噸/百萬元營業額","35.0000%","1.8465%","ISO 14001"
"=""1477""","聚陽","12.5700","9,543.4600","9,556.0300","包含合併財務報表之母子公司","0.5200","公斤/每標打","","","ISAE3000"
"=""1503""","士電","5.1000","901.6000","906.7000","以本公司四大事業群(三廠區)為主，不包含台北總部及各地分公司。","0.0317","公噸/百萬元營業額","","","N/A"
"=""1504""","東元","291.4800","1,041.6700","1,333.1500","台灣地區、大陸/越南地區、美國地區、義大利地區 ","0.0241","公噸/百萬元營業額","","","ISO 14001"
"=""1506""","正道","25.1900","858.4000","883.5900","正道工業(股)公司台灣仁德廠區及馬來西亞廠區","0.8524","公噸/百萬元營業額","","","N/A"
"=""1512""","瑞利","N/A","N/A","N/A","N/A","N/A","N/A","","","N/A"
"=""1513""","中興電","0.0018","1,295.0920","1,295.0938","113年度(不含R類)","0.0506","公噸/百萬元營業額","","","ISO 14001"
"=""1514""","亞力","0.0000","552.2348","552.2348","本公司以下營運據點：亞力電機股份有限公司新莊廠、亞力電機股份有限公司楊梅廠、亞力電機股份有限公司總公司","0.0658","公噸/百萬元營業額","","0.0000%","ISO 9001,ISO 14001"
"=""1515""","力山","0.0000","34.7360","34.7360","母公司+子公司力山科技","0.0057","公噸/百萬元營業額","","","ISO 14001"
"=""1516""","川飛","N/A","N/A","N/A","N/A","N/A","N/A","","","N/A"
"=""1517""","利奇","0.0000","20.8487","20.8487","母公司","0.0161","公噸/百萬元營業額","","","N/A"
"=""1519""","華城","0.0000","261.4590","261.4590","包含合併財務報表之母子公司","N/A","N/A","0.0000%","0.0000%","ISO 14001"
"=""1521""","大億","21.8800","624.1400","646.0200","總公司：台南市南區新信路11號 安工廠：台南市南區新樂路39號1-3樓","0.1747","公噸/百萬元營業額","0.0000%","3.3900%","N/A"
"=""1522""","堤維西","0.0000","739.3000","739.3000","堤維西安平廠及科工1~3廠","N/A","N/A","","","ISO 14001"
"=""1524""","耿鼎","0.0000","241.8200","241.8200","母公司","0.0152","公噸/產品","","","N/A"
"=""1525""","江申","0.0000","163.7900","163.7900","母公司","0.1123","公噸/百萬元營業額","","","ISO 14001"
"=""1526""","日馳","0.5700","50.7350","51.3050","日馳企業股份有限公司","0.1046","公噸/百萬元營業額","","","ISO 14001"
"=""1527""","鑽全","N/A","N/A","N/A","N/A","N/A","N/A","0.0000%","0.0000%","N/A"
"=""1528""","恩德","0.0000","53.1400","53.1400","後龍廠、梧棲廠","0.0506","公噸/百萬元營業額","","","N/A"
"=""1529""","樂事綠能","0.0000","20.5300","20.5300","楊梅工廠、台南工廠","0.0295","公噸/百萬元營業額","0.0000%","0.0000%","N/A"
"=""1530""","亞崴","5.1900","109.9600","115.1500","已完成母公司","0.0891","公噸/百萬元營業額","","","N/A"
"=""1531""","高林股","46.2250","302.7850","349.0100","桃園廠與高銀廠","N/A","N/A","","","N/A"
"=""1532""","勤美","317.0000","85,909.0000","86,226.0000","勤美金屬成型事業處、蘇州勤美達精密機械有限公司(CMS)、勤威(天津)工業有限公司(CMW)、蘇州勤堡精密機械有限公司(CMB)及勤美達（武漢）精密機械有限公司(CMH)","10.3100","公噸/百萬元營業額","0.0250%","0.3700%","N/A"
"=""1533""","車王電","0.9000","80.8600","81.7600","台灣母公司","0.2171","公噸/百萬元營業額","100.0000%","1.1000%","ISO 14001"
"=""1535""","中宇","0.0000","11.7300","11.7300","包含合併財務報表之母子公司","0.0108","公噸/千萬元營業額","","","ISO14064-1"
"=""1536""","和大","N/A","N/A","N/A","N/A","N/A","N/A","","","ISO 14001"
"=""1537""","廣隆","2,401.7700","1,262.2600","3,664.0300","包含合併財務報表之母子公司","N/A","N/A","","","N/A"
"=""1538""","正峰","0.0000","6.7000","6.7000","申報清運","N/A","N/A","","","N/A"
"=""1539""","巨庭","0.0000","214.7200","214.7200","巨庭的廢棄物經由製造部依其價值分為「有價廢棄物」與「無價廢棄物」兩種，兩種廢棄物各別貯存，根據累積量或存放期限決定適當的處置時機。所有廢棄物均依循政府法規及環保要求，進行妥善管理與處置。目前，PE膜、緩衝包材、泡殼及氣泡塑膠等包裝材料，若因協力廠商未回收而留存於巨庭，最終將委託廢棄物清運廠商運送至焚化爐進行焚燒處理。此外，巨庭未使用或產出有害廢棄物，且營運過程符合環境安全標準，以降低對生態的影響。","0.1603","公噸/百萬元營業額","","","N/A"
"=""1540""","喬福","N/A","N/A","N/A","N/A","N/A","N/A","","","N/A"
"=""1541""","錩泰","0.0000","556.0000","556.0000","包含合併財務報表之母子公司","0.1861","公噸/百萬元營業額","","","N/A"
"=""1558""","伸興","42.4710","614.4687","656.9397","合併財務報表之母子公司(不含宇隆)","0.0003","公噸/產品","100.0000%","6.5000%","ESG報告書AA1000"
"=""1560""","中砂","38.9900","1,565.5300","1,604.5200","母公司五個製造工廠													","0.2700","公噸/百萬元營業額","53.1600%","2.4300%","N/A"
"=""1563""","巧新","126.4200","6,860.5100","6,986.9300","僅母公司","0.9300","公噸/百萬元營業額","","","ISO 14001"
"=""1568""","倉佑","4.8200","538.2800","543.1000","母公司各工廠                                                                                     			","0.5140","公噸/百萬元營業額","0.0000%","0.8900%","ISO 9001,ISO 14001"
"=""1582""","信錦","0.0000","3.3030","3.3030","母公司","N/A","N/A","","","N/A"
"=""1583""","程泰","0.0000","336.3585","336.3585","已完成母公司","0.2078","公噸/百萬元營業額","0.0000%","0.0000%","N/A"
"=""1587""","吉茂","0.0000","39.5120","39.5120","母公司","0.0247","公噸/百萬元營業額","","","N/A"
"=""1589""","永冠-KY","453.5100","28,748.6500","29,202.1600","合併財務報表之母子公司。","4.0546","公噸/百萬元營業額","","","ISO 9001,ISO 14001"
"=""1590""","亞德客-KY","5,371.0000","15,451.0000","20,822.0000","考量揭露訊息之重大性以及實際管理需求，涵蓋主要銷售據點、主要生產基地和營運總部，合計揭露比重佔 2024 年合併營業收入達96%，亦達2024年度生產產值100%。","0.6800","公噸/百萬元營業額","","","N/A"
"=""1597""","直得","0.0000","146.5649","146.5649","母公司","0.1806","公噸/百萬元營業額","0.0000%","0.0000%","ISO 14001"
"=""1598""","岱宇","0.0000","67.6900","67.6900","彰化本廠、二廠、五廠、台中","0.0093","公噸/百萬元營業額","N/A","N/A","N/A"
"=""1603""","華電","0.2700","354.5900","354.8600","新莊廠、新屋廠","0.0782","公噸/百萬元營業額","","","N/A"
"=""1604""","聲寶","0.0000","5.0000","5.0000","聲寶及德寶股份有限公司","N/A","N/A","","","ISO 14001"
"=""1605""","華新","83,401.8900","143,140.0400","226,541.9300","華新麗華股份有限公司個體公司及子公司( 包括上海華新、江陰合金、煙台華新、常熟華新、華新精密)","0.2053","公噸/產品","77.9200%","27.4700%","ISO 14001"
"=""1608""","華榮","29.4500","473.7100","503.1600","高楠廠生產工廠","0.0613","公噸/百萬元營業額","","","N/A"
"=""1609""","大亞","132.1200","2,294.4211","2,426.5411","大亞公司(個體)","0.0565","公噸/產品","0.0000%","5.4400%","N/A"
"=""1611""","中電","0.0000","4.5500","N/A","工廠","N/A","N/A","","","N/A"
"=""1612""","宏泰","0.0000","170.0000","170.0000","僅母公司","2.5836","公噸/百萬元營業額","0.0000%","0.0000%","ISO 9001"
"=""1614""","三洋電","0.0000","1,635.9100","1,635.9100","台灣三洋電機股份有限公司及三洋全能股份有限公司","0.2875","公噸/百萬元營業額","N/A","N/A","N/A"
"=""1615""","大山","0.0000","529.0000","529.0000","1.斗六總廠 2.斗六虎溪廠 3.桃園營業處 4.高雄聯絡處","0.0380","公噸/產品","","","N/A"
"=""1616""","億泰","0.0000","578.4870","578.4870","桃園市中壢區中正路二段363巷32號","0.1276","公噸/百萬元營業額","0.0000%","0.0000%","ISO 14001"
"=""1617""","榮星","137.6130","18.0700","155.6830","有害:廢溶劑+廢空桶.非有害:廢油+一般垃圾+廢觸媒","0.0985","公噸/百萬元營業額","","","N/A"
"=""1618""","合機","31.0800","730.9800","762.0600","以公司個體工廠廠區為邊界範圍，包含桃園二 、三、五廠 、新廠、品保實驗室，惟桃園六廠因小部分租賃予其他企業組織且未生產製造，故排除盤查範圍","0.1631","公噸/百萬元營業額","0.0000%","4.0784%","N/A"
"=""1626""","艾美特-KY","155.4900","543.0100","698.5000","主要營運據點艾美特電器（深圳）有限公司、艾美特電器（九江）有限公司","N/A","N/A","","","N/A"
"=""1702""","南僑","48.0000","18,223.0000","18,271.0000","涵蓋台灣、中國大陸、泰國地區之製造單位及台灣、中國大陸餐飲事業","0.7696","公噸/百萬元營業額","0.1190%","0.2627%","N/A"
"=""1707""","葡萄王","5.5400","3,034.9400","3,040.4800","葡萄王生技股份有限公司、葡眾企業股份有限公司、溢昭股份有限公司、上海葡萄王企業有限公司","0.2700","公噸/百萬元營業額","","","ISO 14001"
"=""1708""","東鹼","0.0000","1,024.9900","1,024.9900","東南實業股份有限公司蘇澳總廠","0.0019","公噸/產品","0.0000%","0.0000%","N/A"
"=""1709""","和益","0.0200","560.2800","560.3000","母公司和益及子公司聯超、和協","0.0500","公噸/百萬元營業額","0.0000%","0.0000%","ISO 9001、ISO 14001、確信準則3000號"
"=""1710""","東聯","8.9600","693.2940","702.2540","東聯化學股份有限公司高雄林園廠","N/A","N/A","0.0000%","0.0128%","ISO 14001"
"=""1711""","永光","1,482.2000","6,940.4336","8,422.6000","桃園地區四個廠區、新竹全通科技、大陸地區的蘇州永光，已取得ISO 14001認證之生產型廠區及子公司","1.0683","公噸/百萬元營業額","13.5257%","17.5969%","ISO 14001"
"=""1712""","興農","0.0000","2,791.8900","2,791.8900","母公司王田廠、王田二廠、王田三廠、生物工廠、大肚廠","0.1500","公噸/百萬元營業額","0.0000%","","ISO 14001"
"=""1713""","國化","0.0000","32.2300","32.2300","屏南廠","N/A","N/A","0.0000%","","N/A"
"=""1714""","和桐","0.0000","63.0800","63.0800","高雄廠","0.0017","公噸/產品","0.0000%","0.0000%","N/A"
"=""1717""","長興","47,307.5080","7,212.6215","54,520.1297","資料為依法規定義申報之廢棄物量，未包含GRI定義之再使用準備及回收數量。","0.0890","公噸/產品","60.7021%","86.7707%","ISO 14001"
"=""1718""","中纖","0.1200","14,833.6500","14,833.7700","中國人造纖維股份有限公司高雄總廠(含汽電二廠)","2.6111","公噸/百萬元營業額","0.0000%","0.0100%","N/A"
"=""1720""","生達","3.9200","300.1800","304.1000","生達一廠+生達二廠","0.0943","公噸/百萬元營業額","","","N/A"
"=""1721""","三晃","72.2900","2,687.0700","2,759.3600","僅母公司","0.1828","公噸/產品","0.0000%","2.5459%","確信準則3000號"
"=""1722""","台肥","763.0300","562.7500","1,325.7800","台肥母公司之台中廠、苗栗廠","0.1117","公噸/百萬元營業額","100.0000%","","N/A"
"=""1723""","中碳","42.8200","246.5800","289.4000","母公司","0.0386","公噸/百萬元營業額","100.0000%","","N/A"
"=""1725""","元禎","0.0000","20.5020","20.5020","母公司","0.0030","公噸/百萬元營業額","0.0000%","","N/A"
"=""1726""","永記","459.7700","1,435.4400","1,895.2100","20240101~20241231","0.0224","公噸/產品","0.0000%","24.2596%","ISO 14001"
"=""1727""","中華化","166.2420","1,281.1280","1,444.4080","一廠","0.0103","公噸/產品","0.1049%","11.5094%","N/A"
"=""1730""","花仙子","15.2100","365.3100","380.5200","台灣花仙子、蘇州太倉廠","0.1667","公噸/百萬元營業額","87.3110%","0.0400%","N/A"
"=""1731""","美吾華","0.0000","43.9700","43.9700","台北總公司、中南部辦公室及楊梅廠與外倉","N/A","N/A","","","N/A"
"=""1732""","毛寶","0.0000","563.9000","563.9000","母公司","1.0100","公噸/百萬元營業額","0.0000%","","N/A"
"=""1733""","五鼎","1.6870","181.6400","183.3270","僅計算國內各廠區","0.2200","公噸/千片試片","N/A","0.9200%","N/A"
"=""1734""","杏輝","43.0000","189.4200","232.4200","母公司","0.0810","公噸/百萬元營業額","","","ISO 14001"
"=""1735""","日勝化","145.7000","844.5000","990.2000","僅母公司","0.5855","公噸/百萬元營業額","94.4406%","14.7142%","N/A"
"=""1736""","喬山","113.4100","5,792.2800","5,905.6900","集團總部與台灣廠、上海廠、越南廠","0.1669","公噸/百萬元營業額","61.7582%","1.9203%","ISO 14001"
"=""1737""","臺鹽","0.0000","264.7735","264.7735","母公司113年度環境會計年度列帳資料","0.0842","公噸/百萬元營業額","","","N/A"
"=""1752""","南光","9.6600","205.4680","215.1280","總公司","0.0978","公噸/百萬元營業額","","","ISO 14001"
"=""1760""","寶齡富錦","75.7850","447.3604","523.1454","南港總公司, 平鎮廠, 正峰大園廠, 汐止廠, 汐科廠, 龍潭研發中心 ","0.2578","公噸/百萬元營業額","0.0000%","0.0000%","N/A"
"=""1762""","中化生","1,455.7200","479.7100","1,935.4300","中化合成生技股份有限公司","1.4578","公噸/百萬元營業額","30.8438%","75.2143%","確信準則3000號"
"=""1773""","勝一","0.0000","706.6100","706.6100","母公司","0.0690","公噸/百萬元營業額","N/A","","N/A"
"=""1776""","展宇","44.2000","495.1680","539.3680","僅母公司","0.7545","公噸/百萬元營業額","1.0716%","8.1948%","N/A"
"=""1783""","和康生","0.0000","24.1800","24.1800","母公司","0.0355","公噸/百萬元營業額","","","N/A"
"=""1786""","科妍","0.1760","108.0000","108.1760","母公司","N/A","N/A","","","N/A"
"=""1789""","神隆","3,532.9740","394.2350","3,927.2090","僅母公司","1.2511","公噸/百萬元營業額","","","N/A"
"=""1795""","美時","68.6900","515.0200","583.7100","美時台灣南投廠、韓國公州廠及韓國鄉南廠","0.4784","公噸/人","","","N/A"
"=""1802""","台玻","N/A","N/A","N/A","N/A","N/A","N/A","","","ISO 9001,ISO 14001"
"=""1805""","寶徠","0.0000","1.6310","1.6310","寶徠建設-總公司","N/A","N/A","","","N/A"
"=""1806""","冠軍","0.0000","13,816.0500","13,816.0500","苗栗縣造橋鄉豐湖村一鄰乳姑山2號","0.0015","公噸/產品","","","N/A"
"=""1808""","潤隆","0.0000","20,265.5000","20,265.5000","本公司建案：中和圓通337地號、桃園善捷76、台中惠安223、台中中正228、台中文商11、台南新南93。","2.3131","公噸/百萬元營業額","","","N/A"
"=""1809""","中釉","363.3800","95.1800","458.5600","母公司","N/A","N/A","100.0000%","","N/A"
"=""1810""","和成","0.0000","3,220.4300","3,220.4300","新北市鶯歌區八德路1號(二廠).桃園市八德區大發里後庄街89號.1355號(八德廠).桃園市八德區大發里 6鄰福德一路405號.","1.0282","公噸/百萬元營業額","","","N/A"
"=""1817""","凱撒衛","0.0000","53.5900","53.5900","台灣地區 ","0.0192","公噸/百萬元營業額","","","N/A"
"=""1903""","士紙","N/A","4.1200","4.1200","廠區生活垃圾統計","N/A","N/A","","","N/A"
"=""1904""","正隆","0.0000","341,510.0000","341,510.0000","母公司","22.6724","公噸/產品","0.0000%","0.0000%","N/A"
"=""1905""","華紙","0.0000","170,339.0000","170,339.0000","台灣(觀音廠、久堂廠、花蓮廠、台東廠)及中國鼎豐","0.2010","公噸/產品","0.0000%","0.0000%","N/A"
"=""1906""","寶隆","0.0000","5.0000","5.4600","母公司","N/A","N/A","","","N/A"
"=""1907""","永豐餘","385.6000","582,057.0000","582,442.6000","永豐餘林漿紙、工紙紙器、消費品三大事業群之所有生產據點。","0.2063","公噸/產品","","0.0662%","ISO 14001"
"=""1909""","榮成","117.3200","299,552.9400","299,670.2600","母公司及合併財報子公司","N/A","N/A","","","N/A"
"=""2002""","中鋼","13.0400","505,157.6800","505,170.7200","本公司小港廠區(含第三冷軋廠)、煤灰礦泥拌合料加工廠及永光廠","2.6100","公噸/百萬元營業額","94.8000%","0.0030%","ISO 14001"
"=""2006""","東和鋼鐵","33,334.0000","297,908.0000","331,241.3000","母公司","0.1800","公噸/鋼胚產量","100.0000%","10.1000%","ISO 9001,ISO 14001"
"=""2007""","燁興","0.0000","7,302.0000","7,302.0000","本公司","1.0600","公噸/百萬元營業額","0.0000%","0.0000%","N/A"
"=""2008""","高興昌","0.0350","547.7900","547.8250","個別財報(本公司無子公司) 高雄總公司、屏東分公司、台北分公司","0.3800","公噸/百萬元營業額","","","N/A"
"=""2009""","第一銅","440.2680","473.9040","914.1720","第一伸銅科技股份有限公司臨海廠","0.0990","公噸/產品","0.0000%","48.1603%","N/A"
"=""2010""","春源","0.0000","12,427.9000","12,427.9000","僅母公司","N/A","N/A","98.0000%","0.0000%","ISO 14001"
"=""2012""","春雨","648.7700","1,647.3800","2,296.1500","岡山廠","N/A","N/A","N/A","28.2500%","ISO 14001"
"=""2013""","中鋼構","0.0000","5,854.9100","5,854.9100","母公司","0.2973","公噸/百萬元營業額","0.0000%","0.0000%","N/A"
"=""2014""","中鴻","16,965.8100","57,412.7100","74,378.5200","113/1/1~113/12/31(全公司)","2.4418","公噸/百萬元營業額","100.0000%","22.8300%","N/A"
"=""2015""","豐興","27,627.2400","294,497.0300","322,124.2700","包含合併財務報表之母子公司","9.3697","公噸/百萬元營業額","91.4300%","8.5700%","ISO 14001"
"=""2017""","官田鋼","0.0000","2,359.6600","2,359.6600","官田廠、麻豆廠","0.0210","公噸/產品","0.0000%","0.0000%","N/A"
"=""2020""","美亞","14.6800","6,403.4700","6,418.1500","埔心總廠","1.2200","公噸/百萬元營業額","0.0000%","0.2200%","ISO 14001"
"=""2022""","聚亨","1,737.1100","922.0200","2,659.1300","母公司(一廠;二廠;三廠)","0.5340","公噸/百萬元營業額","N/A","65.3300%","N/A"
"=""2023""","燁輝","181.5700","44,171.2800","44,352.8500","母公司","1.7400","公噸/百萬元營業額","20.0100%","0.4100%","N/A"
"=""2024""","志聯","690.0000","177.0000","867.0000","公司＋工廠","0.7905","公噸/百萬元營業額","","","ISO 14001"
"=""2025""","千興","0.0000","1,565.0900","1,565.0900","僅母公司","0.0015","公噸/千元營業額","0.0000%","0.0000%","N/A"
"=""2027""","大成鋼","106.1400","10,318.2300","10,424.3700","除TCI、PPTH、ERI Group及2024/12/31因收購而取得控制權之Nash Metals,LLC外，已納入所有合併報表子公司。","0.1150","公噸/百萬元營業額","0.2286%","1.0182%","N/A"
"=""2028""","威致","11,815.8800","137,353.8000","149,169.6800","個別公司","0.2516","公噸/產品","100.0000%","7.9211%","N/A"
"=""2029""","盛餘","208.7992","4,070.0000","4,278.7982","僅母公司","0.0032","公噸/產品","0.0000%","4.8799%","N/A"
"=""2030""","彰源","0.0000","785.2800","785.2800","2024年一廠、二廠、三廠、大連廠、元富廠、元山廠","0.0080","公噸/產品","N/A","N/A","N/A"
"=""2031""","新光鋼","0.0000","190.2898","190.2898","母公司個體(台灣廠區)","0.0157","公噸/百萬元營業額","0.0000%","0.0000%","N/A"
"=""2032""","新鋼","0.0000","66.9290","66.9290","新莊廠、大園廠","0.0225","公噸/百萬元營業額","0.0000%","0.0000%","N/A"
"=""2033""","佳大","0.0000","1,532.1160","1,532.1160","113年財務報告","2.7475","公噸/百萬元營業額","","","N/A"
"=""2034""","允強","311.4300","732.1600","1,043.5900","僅母公司","0.0078","公噸/產品","0.0000%","29.8422%","ISO 14001"
"=""2038""","海光","4,587.2500","36,343.7500","40,931.0000","包含合併財務報表之母子公司 (有害廢棄物：集塵灰。非有害廢棄物：氧化碴、還原碴產出。)","4.2093","公噸/百萬元營業額","","","ISO 9001"
"=""2049""","上銀","259.2700","10,163.2100","10,422.4800","上銀科技母公司所有營運據點","0.5715","公噸/百萬元營業額","0.0000%","2.4876%","ISO 14001"
"=""2059""","川湖","79.1200","271.1500","350.2700"," 母公司及子公司川益科技(股)公司兩個廠區","0.0306","噸 / 千組產品","","","ISO 14001"
"=""2062""","橋椿","109.9000","1,203.1500","1,313.0500","2024/1/1~2024/12/31","N/A","N/A","0.0000%","8.3700%","N/A"
"=""2069""","運錩","0.0000","23.3300","23.3300","母公司","N/A","N/A","","","N/A"
"=""2101""","南港","0.0000","2,653.1000","2,653.1000","已完成合併財務報表之母子公司","1.6250","公噸/百萬元營業額","0.0000%","0.0000%","ISO 14001"
"=""2102""","泰豐","0.0800","26.1400","26.2200","僅母公司","N/A","N/A","","","N/A"
"=""2103""","台橡","2,086.4712","3,854.7899","5,941.2611","已完成合併財務報表之母子公司","10.7584","公噸/產品","17.4451%","35.1183%","ISO 9001"
"=""2104""","國際中橡","1,072.0000","12,540.0000","13,612.0000","全集團","0.0348","公噸/產品","1.7800%","7.8800%","ISO 9001,ISO 14001"
"=""2105""","正新","0.4600","2,705.3600","2,705.8200","台灣廠區","2.5867","公噸/產品","0.0000%","0.0200%","ISO 14001"
"=""2106""","建大","7.2500","1,982.3800","1,989.6300","台灣地區","0.0582","公噸/百萬元營業額","","","ISO 14001"
"=""2107""","厚生","0.0000","100.5400","100.5400","母公司","N/A","N/A","","","N/A"
"=""2108""","南帝","19.2800","1,646.6400","1,665.9200","僅母公司","0.0106","公噸/產品","","","ISO 14001"
"=""2109""","華豐","0.0000","207.6200","207.6200","一般事業廢棄物及廢橡膠總量","10.4912","公噸/百萬元營業額","","","ISO 14001"
"=""2114""","鑫永銓","0.0000","511.0000","511.0000","母公司","N/A","N/A","","","N/A"
"=""2115""","六暉-KY","132.9705","6,054.7821","6,187.7526","包含合併財務報表之母子公司","1.9792","公噸/百萬元營業額","N/A","N/A","N/A"
"=""2201""","裕隆","27.5530","5,274.0170","5,301.5700","裕隆汽車母公司個體營運據點(三義廠區)","0.2046","公噸/百萬元營業額","","","ISO 14001"
"=""2204""","中華","54.9723","10,084.4850","10,139.4573","2024年度楊梅廠與新竹廠廢棄物清運量","0.1920","公噸/產品","","","ISO 14001"
"=""2206""","三陽工業","0.0000","11,212.4400","11,212.4400","新竹廠、新豐廠、宿舍、零件業務部","0.2300","公噸/百萬元營業額","0.0000%","0.0000%","ISO 14001"
"=""2207""","和泰車","N/A","60.3700","60.3700","和泰母公司","0.1043","公噸/人","0.0000%","0.0000%","N/A"
"=""2208""","台船","310.7365","2,871.8800","3,182.6165","台船公司高雄廠區、基隆廠區","0.1882","公噸/百萬元營業額","","","N/A"
"=""2211""","長榮鋼","0.0000","7,644.7400","7,644.7400","僅母公司(長榮鋼鐵)","0.7637","公噸/百萬元營業額","0.0000%","0.0000%","ISO 14001"
"=""2227""","裕日車","0.0000","5.8900","5.8900","本公司產出之生活廢棄物","0.0003","公噸/百萬元營業額","","","ISO 14001"
"=""2228""","劍麟","27.0300","747.5700","774.6000","母公司(台北總部與南投廠)","0.1100","公噸/百萬元營業額","","","ISO 14001"
"=""2231""","為升","2.7205","22.1207","24.8412","母公司","N/A","N/A","","","N/A"
"=""2233""","宇隆","0.0000","342.8300","342.8300","母公司","0.1902","公噸/百萬元營業額","","","N/A"
"=""2236""","百達-KY","N/A","N/A","N/A","N/A","N/A","N/A","","","N/A"
"=""2239""","英利-KY","26.9400","1,104.0400","1,130.9800","開曼英利工業股份有限公司、長春英利汽車工業股份有限公司及英利工業股份有限公司","0.1800","公噸/百萬元營業額","","","N/A"
"=""2241""","艾姆勒","8.4000","15.6700","24.0700","母公司","0.0000","公噸/產品","0.0000%","34.8982%","N/A"
"=""2243""","宏旭-KY","N/A","N/A","N/A","N/A","N/A","N/A","","","N/A"
"=""2247""","汎德永業","0.0000","0.0000","546.2900","合併財務報表全據點","0.0094","公噸/百萬元營業額","","","N/A"
"=""2248""","華勝-KY","88.1436","6.4700","94.6136","全公司","N/A","N/A","","","N/A"
"=""2250""","IKKA-KY","32.7300","442.0923","474.8223","母公司及合併報表子公司","N/A","N/A","","","N/A"
"=""2254""","巨鎧精密-創","0.0000","0.0000","0.0000","已完成母公司","N/A","N/A","","","N/A"
"=""2258""","鴻華先進-創","0.0000","472.2300","472.2300","合併財務報告子母公司","0.0600","公噸/百萬元營業額","","","N/A"
"=""2301""","光寶科","1,114.0000","3,213.0000","4,327.0000","母公司及重要生產據點子公司","0.1410","公噸/百萬元營業額","6.0000%","","UL 2799"
"=""2302""","麗正","1.5000","19.5200","21.0200","母子公司","0.3282","公噸/產品","100.0000%","7.7000%","N/A"
"=""2303""","聯電","29,641.0000","21,695.0000","51,336.0000","母公司、子公司和艦、聯芯、聯穎、USJC ","0.1940","公噸／wafer-m2","97.9000%","57.7000%","ISO 14001"
"=""2305""","全友","0.1690","12.4690","12.6380","合併報表之母子公司","0.0176","公噸/百萬元營業額","100.0000%","","N/A"
"=""2308""","台達電","4,040.0000","53,929.0000","57,969.0000","全球營運據點  ","0.1400","公噸/百萬元營業額","79.0000%","7.0000%","ISO14001、UL2799 "
"=""2312""","金寶","632.3000","17,738.6000","18,370.9000","合併財務報表之母子公司","0.1100","公噸/百萬元營業額","0.2000%","3.4400%","N/A"
"=""2313""","華通","52,108.3000","24,393.9000","76,502.2000","蘆竹廠、大園廠及惠州電腦、惠州精密、重慶廠、蘇州廠、泰國廠","1.1522","公噸/百萬元營業額","94.6557%","68.1136%","ISO 14001"
"=""2314""","台揚","71.5800","41.0200","112.6000","台灣新竹廠+中國無錫廠","0.0679","公噸/百萬元營業額","0.5420%","63.5700%","N/A"
"=""2316""","楠梓電","1,839.8800","749.6600","2,589.5400","僅母公司","0.0022","公噸/產品","","","ISO 9001,ISO 14001"
"=""2317""","鴻海","162,880.0543","617,861.0702","780,741.1246","合併財務報表之母子公司","0.1138","公噸/百萬元營業額","97.5127%","","ISO 9001,ISO 14001,UL 2799"
"=""2321""","東訊","0.0000","4.3600","4.3600","生活垃圾+一般事業廢棄物","48.0451","公噸/產品","","","N/A"
"=""2323""","中環","44.3300","39.0000","83.3300","僅母公司","0.0304","公噸/百萬元營業額","100.0000%","","N/A"
"=""2324""","仁寶","900.5209","2,643.8463","3,544.3672","個體公司","3.8900","公噸/百萬元營業額","94.1100%","25.4000%","UL 2799"
"=""2327""","國巨","1,998.6598","2,961.1023","4,959.7621","母公司","0.1363","公噸/百萬元營業額","76.3300%","","N/A"
"=""2328""","廣宇","0.0000","10.2279","10.2279","母公司","0.0013","公噸/百萬元營業額","N/A","0.0000%","N/A"
"=""2329""","華泰","2,305.9420","143.0460","2,448.9880","母公司","0.1520","公噸/百萬元營業額","1.3500%","5.8400%","N/A"
"=""2330""","台積電","445,152.0000","344,056.0000","789,208.0000","台灣廠區及子公司委外事業廢棄物","1.1500","公斤／十二吋晶圓當量- 光罩數；台灣廠區","99.1000%","56.4000%","UL 2799"
"=""2331""","精英","8,840.3900","2,175.4920","11,015.8820","精英電腦臺灣總部、精英電腦(美國)股份有限公司、精英電腦(日本)股份有限公司、精英電腦(韓國)股份有限公司、興英數位科技(深圳)有限公司及精強科技股份有限公司","0.6200","公噸/百萬元營業額","100.0000%","80.2513%","N/A"
"=""2332""","友訊","0.0000","18.4300","18.4300","公司總部大樓","4.0200","員工人數","0.0000%","0.0000%","ISO 14001"
"=""2337""","旺宏","6,455.6190","4,985.8390","11,441.4580","本公司(包括:總部、晶圓二廠、晶圓五廠及測試廠)","0.4420","公噸/百萬元營業額","99.8173%","","N/A"
"=""2338""","光罩","248.1700","185.1141","433.2841","FAB1+FAB2+FAB3+FAB6","0.0010","公噸/百萬元營業額","99.0000%","57.2765%","N/A"
"=""2340""","台亞","288.4500","407.9800","696.4300","廢溶劑, 污泥, 不可燃物, 混合五金廢料, 廢塑膠, 廢木材, 硫酸銨廢液, 廢離子交換樹脂, 廢化學空瓶","0.1620","公噸/百萬元營業額","94.7235%","41.4184%","ISO 14001"
"=""2342""","茂矽","285.9500","210.6600","496.6100","僅母公司","0.4370","公噸/百萬元營業額","76.7000%","57.6000%","N/A"
"=""2344""","華邦電","9,236.0000","7,815.0000","17,051.0000","母公司","0.3590","公噸/百萬元營業額","88.0000%","","ISO 14001"
"=""2345""","智邦","2.4200","3,109.4800","3,111.9000","母公司","0.0282","公噸/百萬元營業額","0.0000%","","ISO 14001"
"=""2347""","聯強","0.0000","185.0000","185.0000","詳年報說明","N/A","N/A","0.0000%","0.0000%","N/A"
"=""2348""","海悅","N/A","N/A","20.4806","母公司","N/A","N/A","N/A","N/A","N/A"
"=""2349""","錸德","N/A","N/A","N/A","N/A","N/A","N/A","N/A","N/A","N/A"
"=""2351""","順德","889.9300","595.0400","1,484.9700","母公司","0.1827","公噸/百萬元營業額","","","ISO 14001"
"=""2352""","佳世達","366.0000","13,739.0000","14,105.0000","台灣、蘇州、越南","4.8500","公噸/百萬元營業額","44.2000%","2.5948%","ISO 14001"
"=""2353""","宏碁","0.2500","431.6700","431.9200","包含合併財務報表之母子公司","0.0016","公噸/百萬元營業額","0.0000%","0.0600%","N/A"
"=""2354""","鴻準","1,057.0390","4,342.3060","5,399.3450","大陸主要營運據點(瀋陽、煙臺、太原、昆山、佛山、南寧)","0.0712","公噸/百萬元營業額","0.6187%","","ISO 9001"
"=""2355""","敬鵬","35,822.3830","9,968.2390","45,790.6220","母公司+子公司 敬鵬(常熟)電子有限公司+子公司 敬鵬(泰國)電子","0.0131","m2","94.2000%","78.2300%","ISO 14001"
"=""2356""","英業達","566.7050","35,597.7960","36,164.5010","合併財務報表之母子公司 ","0.0560","公噸/百萬元營業額","77.1000%","","ISO 9001,ISO 14001,UL 2799"
"=""2357""","華碩","52.8000","445.4000","498.2000","華碩營運總部與蘆竹廠","0.0008","公噸/百萬元營業額","N/A","","ISO 14001"
"=""2359""","所羅門","43.2900","121.0000","164.2900","所羅門+子公司-富相科技","0.1610","公噸/百萬元營業額","","41.5081%","N/A"
"=""2360""","致茂","23.8300","604.1300","627.9600","母公司及台灣所屬廠區","0.0290","公噸/百萬元營業額","9.0222%","3.7948%","ISO 9001"
"=""2362""","藍天","59.9979","994.9521","1,054.9500","昆山工廠","N/A","N/A","84.0100%","6.0300%","ISO 14001"
"=""2363""","矽統","N/A","N/A","N/A","N/A","N/A","N/A","N/A","","N/A"
"=""2364""","倫飛","0.0000","44.2470","44.2470","合併財報母子公司","0.0354","公噸/百萬元營業額","0.0000%","0.0000%","N/A"
"=""2365""","昆盈","0.2860","24.2900","24.5760","台北總公司及東莞廠","N/A","N/A","100.0000%","1.1637%","ISO 14001"
"=""2367""","燿華","7,419.0000","3,438.0000","10,857.0000","母公司","0.6180","公噸/百萬元營業額","100.0000%","100.0000%","ISO 14001"
"=""2368""","金像電","42,879.9588","13,609.0219","56,488.9807","合併財務報表之母子公司","1.4567","公噸/百萬元營業額","96.6239%","75.9085%","ISO 14001"
"=""2369""","菱生","84.5318","829.6640","914.1958","菱生T1~T6廠","0.1982","公噸/百萬元營業額","0.0000%","9.2500%","ISO 14001"
"=""2371""","大同","7.7180","3,752.8188","3,760.5368","總公司、大園廠、桃園電線電纜廠、桃園壹廠、電表中心、三峽廠","0.2149","公噸/百萬元營業額","0.0000%","0.2052%","ISO 14001"
"=""2373""","震旦行","0.0000","354.3920","354.3920","僅母公司","0.1069","公噸/百萬元營業額","0.0000%","","N/A"
"=""2374""","佳能","0.9500","25.2000","26.1500","佳能企業股份有限公司","N/A","N/A","100.0000%","3.6329%","ISO 14001"
"=""2375""","凱美","0.0000","10.3000","10.3000","凱美電機股份有限公司","N/A","N/A","0.0000%","0.0000%","N/A"
"=""2376""","技嘉","2,651.2700","227.6700","2,878.9400","技嘉科技營運總部、桃園南平廠、中國東莞及寧波廠","10.8600","公噸/百萬元營業額","81.2900%","7.9100%","ISO 14001"
"=""2377""","微星","182.5430","7,372.3710","7,554.9140","微星科技股份有限公司中和廠(微星台北)、微星科技股份有限公司桃園廠(微星桃園)、恩斯邁電子(深圳)有限公司(恩斯邁電子)及微盟電子(昆山)有限公司(微盟電子)","0.0380","公噸/百萬元營業額","2.4162%","0.0000%","N/A"
"=""2379""","瑞昱","9.3000","654.3700","663.6700","廢棄物資料邊界為瑞昱新竹一廠、二廠與三廠產出的廢棄物。","17.3600","公斤/億元單位營收","100.0000%","1.4000%","ISO 9001,ISO 14001"
"=""2380""","虹光","5.2204","72.3800","77.6004","母公司","N/A","N/A","100.0000%","6.7273%","N/A"
"=""2382""","廣達","1,705.9240","80,886.3023","82,592.2263","包含母公司；QSMC廣達上海製造城、QCMC廣達重慶製造城、QMB Co, Ltd.、QMH Computer CO. Ltd.、QCG Computer GMBH、Quanta Mexico Manufacture Center、Quanta Manufacturing Fremont、Quanta Manufacturing Nashville","0.0585","公噸/百萬元營業額","64.1000%","2.0700%","ISO 9001,ISO 14001,UL 2799"
"=""2383""","台光電","9,431.2500","13,917.7100","23,348.9600","母公司: 台光電子材料股份有限公司 子公司: 台光電子材料(昆山)股份有限公司、中山台光電子材料有限公司、台光電子材料(黃石)有限公司","0.3627","公噸/百萬元營業額","71.5800%","11.4800%","N/A"
"=""2385""","群光","460.0600","5,768.4300","6,228.4900","台北總公司、清溪廠、茂瑞廠、吳江廠、重慶廠、泰國廠","0.1010","公噸/百萬元營業額","23.1492%","7.3864%","ISO 14001,UL 2799"
"=""2387""","精元","0.0000","85.2600","85.2600","台灣總公司","0.0060","公噸/百萬元營業額","","","N/A"
"=""2388""","威盛","N/A","N/A","0.1000","N/A","0.0063","公噸/百萬元營業額","100.0000%","100.0000%","N/A"
"=""2390""","云辰","N/A","N/A","N/A","N/A","N/A","N/A","N/A","N/A","N/A"
"=""2392""","正崴","1,462.0000","832.0000","2,294.0000","正崴主要生產廠區","0.0187","公噸/百萬元營業額","21.0000%","","UL 2799"
"=""2393""","億光","232.5608","1,334.3500","1,566.9158","樹林總部、苗栗苑裡、苗栗銅鑼、蘇州吳江、廣東中山","0.0900","公噸/百萬元營業額","2.3200%","0.0880%","N/A"
"=""2395""","研華","5.8500","105.1655","111.0155","2024年度","71.9353","百萬工時","70.7692%","5.2695%","ISO 14001"
"=""2397""","友通","4.8280","72.0900","76.9180","地理範疇：包含汐止總部、桃園工廠、新店研發辦公室等擁有營運控制權範圍。 汐止總部：新北市汐止區新台五路一段 97 號 10 樓 桃園工廠：桃園市龜山區山鶯路 157 號 1、3 樓  新店研發：新北市新店區寶橋路 233-2 號 10 樓","0.0238","公噸/百萬元營業額","","","N/A"
"=""2399""","映泰","0.3150","0.0000","0.3150","母公司的有害廢棄物","0.0002","公噸/百萬元營業額","","","ISO 9001,ISO 14001"
"=""2401""","凌陽","0.3200","101.6500","101.9700","母公司(新竹科學園區創新一路19號、19-1號及新竹科學園區研發五路6號)","0.0624","公噸/百萬元營業額","23.1000%","0.3138%","ISO 14001"
"=""2402""","毅嘉","47.9600","82.2200","130.1800","母公司","0.0206","公噸/百萬元營業額","3.6072%","36.8400%","ISO 14001"
"=""2404""","漢唐","0.0000","4,624.2100","4,624.2100","已完成母公司 ","0.1388","公噸/百萬元營業額","","","N/A"
"=""2405""","輔信","0.0000","5.6700","5.6700","母公司","N/A","N/A","N/A","","N/A"
"=""2406""","國碩","9.2490","57.3633","66.6123","國碩二廠+新豐廠","0.1531","公噸/百萬元營業額","100.0000%","13.8848%","N/A"
"=""2408""","南亞科","16,671.0000","6,060.0000","22,731.0000","母公司","0.0231","公噸/千顆晶粒","99.8000%","73.3400%","ISO 14001"
"=""2409""","友達","11,247.9100","59,386.5000","70,634.4100","全球營運據點","0.3157","公噸/百萬元營業額","82.6900%","15.9200%","N/A"
"=""2412""","中華電","0.0000","1,850.6506","1,850.6506","數據涵蓋範疇為100%營運據點","0.0080","公噸/百萬元營業額","0.0000%","0.0000%","ISO 14001"
"=""2413""","環科","3.3000","85.7200","89.0200","台中市南屯區工業27路2號及3號","0.0275","公噸/百萬元營業額","0.0000%","3.7070%","N/A"
"=""2414""","精技","N/A","N/A","N/A","N/A","N/A","N/A","","","N/A"
"=""2415""","錩新","5,018.7400","4.2000","5,022.9400","子公司_CX Technology (VN) Corporation","2.2000","公噸/百萬元營業額","","","N/A"
"=""2417""","圓剛","N/A","N/A","N/A","N/A","N/A","N/A","","","N/A"
"=""2419""","仲琦","97.8560","166.0010","263.8570","母公司及越南子公司","0.0290","公噸/百萬元營業額","62.9100%","","ISO 14001"
"=""2420""","新巨","1.7050","29.1500","30.8550","台灣五股廠+台灣樹林廠+中國新豪廠","0.0138","公噸/百萬元營業額","","","N/A"
"=""2421""","建準","92.3540","1,553.0240","1,645.3780","建準電機工業股份有限公司(高雄總部及工廠) 昆山廣興電子有限公司 北海建準電子有限公司 北海立準電子有限公司 Sunon Electronics Philippines Corp. ","0.1125","公噸/百萬元營業額","19.3600%","5.6100%","ISO 9001,ISO 14001"
"=""2423""","固緯","0.4140","33.5360","33.9500","本公司於營運過程所產生的廢棄物，皆依法妥善處理，並在產生廢棄物源頭確實做好回收分類，對於製程廢棄物的處理模式為收集、分類、減量及回收，主要辦法是以回收取代掩埋及焚化，降低環境衝擊，並有效管理以提高資源再利用的價值。2024 年度有害事業廢棄物總產量為0.414 公噸。公司產出一般事業廢棄物及有害事業廢棄物皆委託符合規定的廠商清除處理，存放廠區廢棄物並符合存放規定定期清理。","N/A","N/A","","","N/A"
"=""2424""","隴華","0.0000","3.9638","3.9638","隴華母公司","N/A","N/A","0.0000%","0.0000%","N/A"
"=""2425""","承啟","N/A","N/A","N/A","N/A","N/A","N/A","","","N/A"
"=""2426""","鼎元","496.8250","150.8906","647.7156","僅母公司","0.2753","公噸/百萬元營業額","49.1451%","76.7042%","ISO 14001"
"=""2427""","三商電","0.0000","46.9450","46.9450","全公司","0.0097","公噸/百萬元營業額","","","N/A"
"=""2428""","興勤","391.4600","1,099.0500","1,490.5100","本公司所有廠區及子公司元耀科技股份有限公司、興勤(常州)電子有限公司、東莞為勤電子有限公司、興勤(宜昌)電子有限公司及江西興勤電子有限公司","0.1141","公噸/百萬PCS產品","","","N/A"
"=""2429""","銘旺科","N/A","N/A","N/A","N/A","N/A","N/A","","","N/A"
"=""2430""","燦坤","0.0000","1,340.2410","1,340.2410","全台門市、4 區物流中心及印尼物業","N/A","N/A","","","N/A"
"=""2431""","聯昌","N/A","N/A","N/A","N/A","N/A","N/A","","","N/A"
"=""2432""","倚天酷碁-創","0.0000","1.9898","1.9898","包含合併財務報表之母子公司","0.0008","公噸/百萬元營業額","0.0000%","0.0000%","N/A"
"=""2433""","互盛電","0.0000","86.6400","86.6400","僅母公司","0.0619","公噸/百萬元營業額","","","N/A"
"=""2434""","統懋","0.0000","4.8000","4.8000","母公司","0.1752","公噸/百萬元營業額","","","N/A"
"=""2436""","偉詮電","1.0600","15.2992","16.3592","已完成合併財務報表之母子公司","0.0053","公噸/百萬元營業額","1.7116%","6.4795%","ISO 9001,ISO 14001"
"=""2438""","翔耀","N/A","N/A","N/A","N/A","N/A","N/A","N/A","N/A","N/A"
"=""2439""","美律","35.9400","1,380.1500","1,416.0900","台灣總部、MECL、METC、MEVN、MSCS、MESG、MEST、MECA、MENA、SENM、MEMP、FUXM、ASCX。","0.0323","公噸/百萬元營業額","21.0014%","","AA1000 第二類高度保證"
"=""2440""","太空梭","1.9240","168.4660","170.3900","涵蓋合併財務報表之兩家子公司廢棄物；因總公司位於竹北市「昌益科技產發園區」，僅有生活垃圾且由園區管理中心統一處理故無統計。","0.0427","公噸/百萬元營業額","","","N/A"
"=""2441""","超豐","416.3824","1,458.7719","1,875.1543","母公司","0.1233","公噸/百萬元營業額","25.3044%","22.2052%","N/A"
"=""2442""","新美齊","0.0000","10,824.0000","10,824.0000","113年新美齊新建工程建案","N/A","N/A","","","N/A"
"=""2444""","兆勁","N/A","N/A","N/A","N/A","N/A","N/A","","","N/A"
"=""2449""","京元電子","273.9475","2,978.1230","3,252.0705","已完成合併財務報表之母子公司","0.0879","公噸/百萬元營業額","12.9111%","8.4238%","ISO 14001,UL 2799"
"=""2450""","神腦","0.0000","104.0084","104.0084","神腦全據點(含辦公室、特約門市、維修門市及倉儲中心)","0.0034","公噸/百萬元營業額","0.0000%","0.0000%","N/A"
"=""2451""","創見","10.1140","182.6270","192.7410","已完成母公司","0.0190","公噸/百萬元營業額","4.6600%","","N/A"
"=""2453""","凌群","0.0000","34.3200","34.3200","台北總公司","0.0051","公噸/百萬元營業額","0.0000%","0.0000%","N/A"
"=""2454""","聯發科","51.6500","181.3300","232.9800","資料範疇：包含竹科/竹北/臺北/臺南辦公室","0.0008","公噸/百萬元營業額","0.0000%","22.1700%","ISO 14001"
"=""2455""","全新","257.9400","62.9169","320.8569","平鎮廠及平鎮二廠","0.0990","公噸/百萬元營業額","1.7700%","80.3900%","N/A"
"=""2457""","飛宏","170.4300","1,067.6800","1,238.1100","飛宏科技(股)公司(PHT)/飛宏(東莞)電子有限公司(PHC)/東莞達宏電子有限公司(PHP)/越南飛宏有限公司(PHV)/馳諾瓦科技(股)公司(ZTM)/馳諾瓦科技(東莞)有限公司(ZCM)","0.1100","公噸/百萬元營業額","100.0000%","13.7700%","UL 2799"
"=""2458""","義隆","5.6200","38.1320","43.7520","義隆電子(新竹、中和)、義晶、義碩 ","0.0427","噸/人-年","18.3300%","","N/A"
"=""2459""","敦吉","13.9000","300.5890","314.4890","母公司敦吉科技股份有限公司及子公司敦吉檢測科技份有限公司台北商辦大樓。 子公司：信華科技(廈門)有限公司。","N/A","N/A","","","N/A"
"=""2460""","建通","N/A","N/A","N/A","N/A","N/A","N/A","","","N/A"
"=""2461""","光群雷","0.9700","67.3500","68.3200","母公司","0.0408","公噸/百萬元營業額","","","N/A"
"=""2462""","良得電","0.0000","18.1922","18.1922","範疇三","0.0045","公噸/百萬元營業額","","","N/A"
"=""2464""","盟立","0.0000","71.9282","71.9282","母公司","0.0114","公噸/百萬元營業額","N/A","N/A","N/A"
"=""2466""","冠西電","0.0000","42.5300","42.5300","母公司總公司、母公司宜蘭廠","0.0824","公噸/百萬元營業額","0.0000%","0.0000%","N/A"
"=""2467""","志聖","0.0000","160.6300","160.6300","志聖總部、台北廠、台中廠","N/A","N/A","0.0000%","0.0000%","ISO 9001,ISO 14001,ISO 14064-1"
"=""2468""","華經","0.0000","5.7340","5.7340","已完成母公司","0.0026","公噸/百萬元營業額","0.0000%","0.0000%","N/A"
"=""2471""","資通","0.0000","0.3300","0.3300","主要來源為辦公室廢紙。","N/A","N/A","","","N/A"
"=""2472""","立隆電","129.5720","423.4980","553.0700","立隆電子、立隆(蘇州)、立隆(惠州)、立隆(蘇州)科技","0.0606","公噸/百萬元營業額","","","N/A"
"=""2474""","可成","389.1000","73,884.5800","74,273.6800","母公司+重要營運據點(宿遷廠)","4.1100","公噸/百萬元營業額","0.0200%","0.5200%","ISO 14001"
"=""2476""","鉅祥","0.0000","156.9370","156.9370","鉅祥企業股份有限公司「新屋廠」桃園市新屋區九洲路1號、「新屋廠廠外宿舍」桃園市新屋區校前路143巷35,37號","0.0961","公噸/百萬元營業額","0.0000%","0.0000%","N/A"
"=""2477""","美隆電","0.0000","11.3400","11.3400","桃園市桃園區幸福路99號","0.0043","公噸/百萬元營業額","","","N/A"
"=""2478""","大毅","1,956.1680","393.4180","2,349.5860","2024全年度台灣廠區廢棄物總量統計","0.0120","公噸/產品","97.9600%","83.2500%","N/A"
"=""2480""","敦陽科","0.0000","4.9400","4.9400","母公司敦陽科技(股)公司及其子公司敦陽資訊(股)公司","0.0007","公噸/百萬元營業額","","","N/A"
"=""2481""","強茂","87.3300","757.2100","844.5400","母公司之岡山廠及永安廠","0.0975","公噸/百萬元營業額","46.6600%","10.3400%","N/A"
"=""2482""","連宇","2.0000","58.5730","60.5730","母公司","N/A","N/A","","","N/A"
"=""2483""","百容","9.0185","93.2710","102.2895","僅母公司","N/A","N/A","","","N/A"
"=""2484""","希華","54.4590","64.9900","119.4490","母公司","0.0595","公噸/百萬元營業額","","","N/A"
"=""2485""","兆赫","14.9220","12.3500","27.2720","嘉太廠","0.0104","公噸/百萬元營業額","100.0000%","54.7155%","ISO 9001,ISO 14001"
"=""2486""","一詮","396.6417","90.5715","487.2132","母公司20240101~20241231","0.1878","公噸/百萬元營業額","61.0000%","81.4103%","N/A"
"=""2488""","漢平","0.8300","8.0400","8.8700","台灣母公司","N/A","N/A","","","N/A"
"=""2489""","瑞軒","29.7890","5,670.1700","5,699.9590","母公司與部分合併報表子公司","0.2500","公噸/百萬元營業額","100.0000%","","ISO 14001"
"=""2491""","吉祥全","0.0000","5.2700","5.2700","統計資料涵蓋母子公司廠區","N/A","N/A","0.0000%","0.0000%","N/A"
"=""2492""","華新科","4,027.7385","5,050.1080","9,077.8465","母公司及主要生產基地之子公司(東莞華科/蘇州華科/廣州匯僑)","0.1159","公噸/百萬元營業額","0.0000%","44.3689%","N/A"
"=""2493""","揚博","0.0000","121.3700","121.3700","合併報表內母子公司","0.0332","公噸/百萬元營業額","0.0000%","0.0000%","N/A"
"=""2495""","普安","0.5730","0.0000","0.5730","母公司","N/A","N/A","16.5794%","","N/A"
"=""2496""","卓越","0.0000","262.0750","262.0750","本公司及重要子公司（陳立教育事業股份有限公司）","0.3135","公噸/百萬元營業額","","","N/A"
"=""2497""","怡利電","0.0000","67.4360","67.4360","僅母公司","0.0307","公噸/百萬元營業額","","","ISO 14001"
"=""2498""","宏達電","7.5790","262.0610","269.6400","範圍以HTC台灣區域為主，涵蓋所有HTC在台灣執行營運的母子公司組織範疇","0.0880","公噸/百萬元營業額","88.9167%","2.8921%","ISO 14001"
"=""2501""","國建","N/A","N/A","14,511.5000","僅母公司工地","580.4600","公噸/工地數量","","","確信準則3000號"
"=""2504""","國產","N/A","N/A","N/A","N/A","N/A","N/A","","","N/A"
"=""2505""","國揚","N/A","N/A","3,705.4400","營建廢棄物及一般生活垃圾。","N/A","N/A","","","N/A"
"=""2506""","太設","N/A","N/A","N/A","N/A","N/A","N/A","","","N/A"
"=""2509""","全坤建","0.0000","5.3900","5.3900","台北辧公室","0.0046","公噸/百萬元營業額","","","N/A"
"=""2511""","太子","N/A","N/A","N/A","N/A","N/A","N/A","","","N/A"
"=""2514""","龍邦","N/A","N/A","N/A","N/A","N/A","N/A","","","N/A"
"=""2515""","中工","0.0000","11,196.2500","11,196.2500","母公司","0.4917","公噸/百萬元營業額","0.0000%","0.0000%","N/A"
"=""2516""","新建","N/A","N/A","N/A","N/A","N/A","N/A","","","N/A"
"=""2520""","冠德","N/A","N/A","N/A","N/A","N/A","N/A","0.0000%","0.0000%","N/A"
"=""2524""","京城","0.0000","2.6100","2.6100","京城建設股份有限公司總部","0.0003","公噸/百萬元營業額","N/A","N/A","N/A"
"=""2527""","宏璟","0.0000","3,993.2500","3,993.2500","包含合併財報之境內母子公司 ","0.5497","公噸/百萬元營業額","0.0000%","0.0000%","N/A"
"=""2528""","皇普","N/A","N/A","N/A","N/A","N/A","N/A","","","N/A"
"=""2530""","華建","0.0000","12,544.0000","12,544.0000","子公司華鑑營造工地區域","1.5806","公噸/百萬元營業額","","","N/A"
"=""2534""","宏盛","0.0000","6,386.0000","6,386.0000","在建工程(北投石牌、汐止智興、新店心中央)","N/A","N/A","","","N/A"
"=""2535""","達欣工","0.0000","17,339.0000","17,339.0000","工地","1.1803","公噸/百萬元營業額","100.0000%","0.0000%","ISO 9001"
"=""2536""","宏普","N/A","N/A","N/A","N/A","N/A","N/A","","","N/A"
"=""2537""","聯上發","N/A","N/A","N/A","N/A","N/A","N/A","","","N/A"
"=""2538""","基泰","N/A","N/A","N/A","N/A","N/A","N/A","","","N/A"
"=""2539""","櫻花建","0.0000","21,881.0000","21,881.0000","本公司","N/A","N/A","N/A","N/A","N/A"
"=""2540""","愛山林","N/A","N/A","N/A","N/A","N/A","N/A","","","N/A"
"=""2542""","興富發","0.0000","4,413.0000","4,413.0000","子公司齊裕營造股份有限公司","0.2761","廢棄物密集度以子公司齊裕營造股份有限公司2024年營收計算(公噸/百萬元營業額)","","","N/A"
"=""2543""","皇昌","0.0000","18,279.4800","18,279.4800","皇昌營造總部據點及各施工案場","1.4705","公噸/百萬元營業額","","","N/A"
"=""2545""","皇翔","N/A","N/A","N/A","N/A","N/A","N/A","","","N/A"
"=""2546""","根基","0.0000","11,053.5769","11,053.5769","總公司及2024年全國在建工地廢棄物產生量","0.7766","公噸/百萬元營業額","0.0000%","0.0000%","N/A"
"=""2547""","日勝生","0.0000","3.5300","3.5300","母公司","0.0300","公噸/百萬元營業額","","","N/A"
"=""2548""","華固","0.0000","20.5500","20.5500","總公司7樓辦公區域","0.0029","公噸/百萬元營業額","","","N/A"
"=""2597""","潤弘","0.0000","24,885.0000","24,885.0000","(1) 台北總公司辦公室：台北市中山區八德路二段10樓、12樓(潤弘精密工程事業股份有限公司及潤陽營造股份有限公司) (2) 楊梅預鑄廠：桃園市楊梅區泰圳路1442號 (3)工地","1.2600","公噸/百萬元營業額","","","N/A"
"=""2601""","益航","0.0000","526.2100","526.2100","益航海運","0.1085","公噸/百萬元營業額","","","N/A"
"=""2603""","長榮","0.0000","4,236.5499","4,236.5499","已完成合併財務報表之母子公司","0.0091","公噸/百萬元營業額","","","ISO 14064-3"
"=""2605""","新興","N/A","N/A","703.4826","統計船隊產出之廢棄物，包含塑膠類(一般廢棄物)、食物廢棄物(廚房廢油)及有害廢棄物(汙油水/ Sludge)。","N/A","N/A","","","N/A"
"=""2606""","裕民","N/A","N/A","0.3292","裕民自有及代管船上食物廢棄物、紙、玻璃、金屬、塑膠及食用油","0.0000","公噸/千元營業額","","","ISO 14001"
"=""2607""","榮運","N/A","N/A","N/A","N/A","N/A","N/A","","","N/A"
"=""2608""","嘉里大榮","0.0000","1,444.2700","1,444.2700","母公司全組織","0.1500","公噸/百萬元營業額","0.0000%","0.0000%","N/A"
"=""2609""","陽明","28,673.7600","235.4700","28,909.2300","母公司陸地據點及營運船舶","0.1298","公噸/百萬元營業額","","","ISO 9001,ISO 14001"
"=""2610""","華航","8.0000","2,483.0000","2,491.0000","修護園區、華航園區、高雄分公司辦公室作業、台灣據點貴賓室服務、返TPE航班及桃機備餐及貨運服務資訊。","0.0142","公噸/百萬元營業額","","","ISO 14001"
"=""2611""","志信","0.0000","2.1813","2.1813","已完成母公司。","N/A","N/A","","","N/A"
"=""2612""","中航","0.0000","67.0000","67.0000","本公司統計數據涵蓋海運、陸運、倉儲物流及商用車等合併公司。","N/A","N/A","","","N/A"
"=""2613""","中櫃","0.0000","520.0630","520.0630","基隆站、五堵站、台中站、31W、臺實","0.1583","公噸/百萬元營業額","","","N/A"
"=""2614""","東森","0.0000","51.0321","51.0321","已完成母公司","0.0329","公噸/百萬元營業額","0.0000%","0.0000%","N/A"
"=""2615""","萬海","25,830.8300","710.7600","26,541.5900","合併財務報表之母子公司 ","0.1600","公噸/百萬元營業額","","","N/A"
"=""2616""","山隆","0.0000","495.0642","495.0642","母公司+加油站+廠區+倉庫","N/A","N/A","","","N/A"
"=""2617""","台航","0.0000","5.3300","5.3300","母公司據點","0.0012","公噸/百萬元營業額","","","N/A"
"=""2618""","長榮航","0.1000","220.6000","220.7000","南崁園區及台北航空大樓民用運輸之後勤管理服務","0.5770","長榮航空總部 平均每人每日廢棄物產出量(KG)","","","ISO 14001"
"=""2630""","亞航","315.5800","39.4180","354.9980","松山廠、台中廠、台南廠(含歸仁場站)、屏東廠、空勤外站(高雄、花蓮、台東機場)、停機線維修(桃園、台中、台南、高雄機場)","0.0683","公噸/百萬元營業額","","","N/A"
"=""2633""","台灣高鐵","23.6400","7,058.2900","7,081.9300","基地及車站","0.1332","公噸/百萬元營業額","","","N/A"
"=""2634""","漢翔","1,541.0478","2,198.9656","3,740.0134","母公司(台中廠區、沙鹿廠區、岡山廠區)","0.0953","公噸/百萬元營業額","","","ISO 14001"
"=""2636""","台驊控股","N/A","N/A","N/A","N/A","N/A","N/A","N/A","","N/A"
"=""2637""","慧洋-KY","0.0000","381.0000","381.0000","已完成合併財務報表之母子公司","2.9822","公噸/船數(加權平均)","","0.0000%","N/A"
"=""2642""","宅配通","0.0000","765.0000","765.0000","已完成合併財務報表之母子公司","N/A","N/A","","","N/A"
"=""2645""","長榮航太","241.1300","1,607.1300","1,848.2600","長榮航太母公司(不包含松山駐點維修區)","N/A","N/A","","","N/A"
"=""2646""","星宇航空","0.0000","1,007.6600","1,007.6600","數據統計範疇涵蓋臺灣總公司及其主要營運據點，2024年統計範疇擴大至全球營運據點，包含臺灣新增之辦公室據點，以及海外10處分公司及其營運據點。 ","0.0283","公噸/百萬元營業額","","","ISO 14001"
"=""2701""","萬企","0.0000","240.0000","240.0000","以萬華企業為主體","0.8276","公噸/百萬元營業額","","","N/A"
"=""2702""","華園","N/A","55.2800","55.2800","一般廢棄物、廚餘、食用油","N/A","N/A","","","N/A"
"=""2704""","國賓","0.0000","716.2456","716.2456","台北館、新竹館","0.5501","公噸/百萬元營業額","","","N/A"
"=""2705""","六福","0.0000","878.4530","878.4530","母公司","0.3779","公噸/百萬元營業額","0.0000%","0.0000%","N/A"
"=""2706""","第一店","0.0000","13.2000","13.2000","本公司以下營運據點：第一華僑大飯店股份有限公司","0.0371","公噸/百萬元營業額","0.0000%","0.0000%","N/A"
"=""2707""","晶華","0.0000","1,915.7790","1,915.7790","母公司+子公司","0.3407","公噸/百萬元營業額","0.0000%","0.0000%","N/A"
"=""2712""","遠雄來","N/A","314.4370","314.4370","母公司","0.8857","公噸/百萬元營業額","","","N/A"
"=""2722""","夏都","0.0000","275.7100","275.7100","包含合併財務報表之母子公司","0.4366","公噸/百萬元營業額","0.0000%","0.0000%","N/A"
"=""2723""","美食-KY","N/A","N/A","N/A","N/A","N/A","N/A","","","N/A"
"=""2727""","王品","2,040.0000","0.0000","2,040.0000","廢棄物計算獨立店面廢油及廚餘量(非獨立店面由賣場統一處理)，廚餘、廢食用油共2,040t","0.1133","公噸/百萬元營業額","","","其他(各店廢油、廚餘皆採用環保部核可廠商)"
"=""2731""","雄獅","0.0000","41.8647","41.8647","母公司。","0.0035","公噸/百萬元營業額","","","ISO 14001"
"=""2739""","寒舍","0.0000","2,444.6690","2,444.6690","母公司","0.4859","公噸/百萬元營業額","","","N/A"
"=""2748""","雲品","0.0000","386.1100","386.1100","總管理處、君品酒店、雲品溫泉酒店、頤品大飯店。","0.1580","公噸/百萬元營業額","","","N/A"
"=""2753""","八方雲集","0.0000","4,269.6140","4,269.6140","廢棄物統計包含台灣廠區之污泥及食物廢棄物。","0.0860","公噸/產品","","","N/A"
"=""2762""","世界健身-KY","N/A","N/A","N/A","N/A","N/A","N/A","0.0000%","0.0000%","N/A"
"=""2801""","彰銀","0.0000","1,390.8549","1,390.8549","國內、外及子公司全數營業據點","0.0333","公噸/百萬元營業額","","","ISO 14001"
"=""2812""","台中銀","0.0000","24.4900","24.4900","總行（民權大樓）","N/A","N/A","","","N/A"
"=""2816""","旺旺保","N/A","N/A","0.0000","N/A","N/A","N/A","0.0000%","0.0000%","N/A"
"=""2820""","華票","0.0000","0.2159","0.2159","本公司所屬行業別為票券金融業，數據邊界範圍為總公司及5 間分公司營業據點，涵蓋範圍包括所使用辦公樓層，廢棄物主要為同仁日常辦公產生之廢棄物，主要為紙類、金屬類(鐵&鋁罐)、塑膠類(寶特瓶&塑膠餐盒)、玻璃瓶及電池，無有害或有毒廢棄物均為非有害廢棄物，盤查涵蓋範圍為100%。","N/A","N/A","","","N/A"
"=""2832""","台產","0.0000","11.7579","11.7579","總公司","0.0016","公噸/百萬元營業額","N/A","N/A","N/A"
"=""2834""","臺企銀","0.0000","228.8635","228.8635","合併財務報表之母子公司","0.0041","公噸/百萬元營業額","","","ISO 14001,ISO 14064-1"
"=""2836""","高雄銀","0.0000","58.4840","58.4840","高雄銀行全行據點","0.0133","公噸/百萬元營業額","","","ISO 14001"
"=""2838""","聯邦銀","0.0000","174.7000","174.7000","母公司","0.0103","公噸/百萬元營業額","0.0000%","0.0000%","N/A"
"=""2845""","遠東銀","0.0000","37.0913","37.0913","本行板橋大人國及文化奇蹟大樓","0.0501","人均","","","ISO 14001"
"=""2849""","安泰銀","0.0000","56.9500","56.9500","已完成母公司(安泰商業銀行股份有限公司53個據點)","0.0103","公噸/百萬元營業額","0.0000%","0.0000%","ISAE3410"
"=""2850""","新產","0.0000","62,906.0659","62,906.0659","總公司+新竹分公司","N/A","公噸/百萬元營業額","","","N/A"
"=""2851""","中再保","N/A","N/A","12.0300","已完成母公司","0.0005","公噸/百萬元營業額","","","N/A"
"=""2852""","第一保","0.0000","5.7400","5.7400","總公司及分公司","N/A","N/A","","","N/A"
"=""2855""","統一證","0.0000","72.0558","72.0558","總公司及分公司","0.0059","公噸/百萬元營業額","","","ISO 14001,ISO 14064-3"
"=""2867""","三商壽","N/A","N/A","N/A","N/A","N/A","N/A","0.0000%","0.0000%","N/A"
"=""2880""","華南金","0.0000","724.4310","724.4310","已完成合併財務報表之母子公司","0.0386","公噸/人","","","ISO 14064-1"
"=""2881""","富邦金","0.0000","1,229.9488","1,229.9488","富邦金控、富邦人壽、台北富邦銀行、富邦產險、富邦證券、富邦證券投資信託、富邦期貨、富邦育樂、富邦運動場館、北富銀創投、富邦證券投資顧問、富邦私募股權、富邦綜合保險代理人、富邦金控創業投資、富邦資產管理。","0.0319","公噸/員工人數","","","N/A"
"=""2882""","國泰金","0.0000","2,002.5535","2,002.5535","包含集團(金控、人壽、銀行、產險、證券、投信、投顧、創投、期貨、私募、電業)之國內據點","26.7285","公斤/人(公斤/總員工數)","N/A","N/A","ISO 14001"
"=""2883""","凱基金","0.0000","1,027.0000","1,027.0000","凱基金控及其子公司全球所有營運據點（ 除清算中的凱基銀行海外據點－中華開發國際租賃)","0.0000","公噸/百萬元營業額","","","ISO 14001"
"=""2884""","玉山金","0.0000","523.4140","523.4140","包含母公司個體之海內外營運據點","0.0069","公噸/百萬元營業額","","","ISO 14001"
"=""2885""","元大金","0.0000","636.1000","636.1000","全集團","53.4600","公斤/人","","","ISO 14001"
"=""2886""","兆豐金","0.0000","480.0460","480.0460","全臺營運據點 ","0.0283","公噸/員工數","","","ISAE 3000"
"=""2887""","台新金","0.0000","745.5351","745.5351","以5棟主要自有大樓之廢棄物噸數推估至全金控","0.0086","公噸/百萬元營業額","0.0000%","0.0000%","N/A"
"=""2889""","國票金","0.0000","49.9673","49.9673","2024年度盤查邊界包括國票金融控股公司、國票綜合證券股份有限公司、國際票券金融股份有限公司、國票創業投資股份有限公司、國票證券投資顧問股份有限公司、國票證創業投資股份有限公司、國票期貨股份有限公司","0.0061","公噸/百萬元營業額","0.0000%","0.0000%","ISO 14001"
"=""2890""","永豐金","0.0000","554.4700","554.4700","金控及旗下5家主要子公司（永豐銀行、永豐金證券、永豐投信、永豐金租賃、永豐創業投資)之國內所有營運據點納入統計範疇","0.0580","公噸/國內總人數","","","AA1000 ASv3第二類型高度保證等級"
"=""2891""","中信金","0.0000","1,471.0000","1,471.0000","中信金控、中信銀行(含泰、日子行)、金控轄下各子公司總部(不含總部園區商家)及仲信租賃。","0.0550","公噸/人","","","ISO 14001,ISO14064-1"
"=""2892""","第一金","N/A","N/A","314.6200","第一銀行、第一金證券、第一金投信、第一金人壽及第一金AMC之國內全數分支機構及第一銀行海外營運據點。","0.0044","公噸/百萬元營業額","","","ISO 14001"
"=""2897""","王道銀行","0.0000","64.7200","64.7200","包含母公司個體之全球營運據點","0.0520","公噸/員工人數","","","N/A"
"=""2901""","欣欣","0.0000","126.0200","126.0200","已完成母公司","0.1714","公噸/百萬元營業額","","","N/A"
"=""2903""","遠百","0.0000","7,602.0000","7,602.0000","各分公司","0.0002","公噸/服務","","","N/A"
"=""2904""","匯僑","40.4500","7.9600","48.4100","臺中港西二槽區及西五槽區","0.0984","公噸/百萬元營業額","","","N/A"
"=""2905""","三商","0.0000","1.1090","1.1090","母公司","0.0000","公噸/百萬元營業額","","","N/A"
"=""2906""","高林","0.0000","16.9620","16.9620","廢棄物管理之盤查邊界涵蓋總部辦公室、樹林物流中心。","N/A","N/A","","","N/A"
"=""2908""","特力","0.0000","366.2680","366.2680","特力股份有限公司","0.0210","公噸/百萬元營業額","","","N/A"
"=""2910""","統領","N/A","N/A","N/A","N/A","N/A","N/A","","","N/A"
"=""2911""","麗嬰房","N/A","N/A","0.0000","N/A","N/A","N/A","","","N/A"
"=""2912""","統一超","0.0000","64,467.8043","64,467.8043","母公司","6.2722","公噸/門市","","","AA1000"
"=""2913""","農林","N/A","N/A","N/A","N/A","N/A","N/A","","","N/A"
"=""2915""","潤泰全","0.0000","368.8800","368.8800","母公司","0.1300","公噸/百萬元營業額","","","N/A"
"=""2923""","鼎固-KY","0.0000","24,892.0000","24,892.0000","包含母子公司主要項目據點、上海打浦橋日月光中心、上海嘉定日月光中心、上海嘉定日月光辦公樓、上海御華山","2.9100","公噸/百萬元營業額","","","N/A"
"=""2929""","淘帝-KY","N/A","N/A","N/A","N/A","N/A","N/A","N/A","N/A","N/A"
"=""2939""","永邑-KY","N/A","N/A","N/A","N/A","N/A","N/A","","","N/A"
"=""2945""","三商家購","2.5000","435.5000","438.0000","廢棄物統計範圍包含物流中心(觀音倉庫)","N/A","N/A","","0.5700%","N/A"
"=""3002""","歐格","0.0000","13.1800","13.1800","母公司","0.0370","公噸/百萬元營業額","","","N/A"
"=""3003""","健和興","116.2270","48.7380","164.9650","彰濱線西總廠、南二廠、彰濱三廠、金屬表面處理廠","0.0552","公噸/百萬元營業額","100.0000%","70.4556%","ISO 14001"
"=""3004""","豐達科","281.8912","304.9501","586.8413","母公司各廠區","0.1680","公噸/百萬元營業額","28.7642%","48.0353%","ISO 14001"
"=""3005""","神基","1,182.4756","5,334.8664","6,517.3420","資料範圍涵蓋神基控股暨合併財務報表之八家重要子公司，覆蓋率達合併營收約90%。","0.1827","公噸/百萬元營業額","81.3280%","18.1435%","ISO 14001"
"=""3006""","晶豪科","0.4566","16.3600","16.8166","竹科總部","29.2014","人均用量","100.0000%","2.7152%","ISO 14001"
"=""3008""","大立光","80.8300","4,984.5000","5,065.3300","母公司","0.0850","公噸/百萬元營業額","100.0000%","15.9600%","ISO 14001"
"=""3010""","華立","51.9900","51.9200","103.9100","母公司華立及子公司全順､國軒","0.2175","公噸/百萬元營業額","0.0000%","","N/A"
"=""3011""","今皓","1.2845","68.6388","69.9233","本公司以下營運據點：今晧實業股份有限公司、今皓光電(崑山)有限公司、泰國廠  J.B.T Industrial Co., Ltd. (J.B.T)","0.0607","公噸/百萬元營業額","0.0000%","1.8400%","ISO 9001,ISO 14001"
"=""3013""","晟銘電","229.0000","6,565.0000","6,794.0000","包含合併財務報表之母子公司","N/A","N/A","97.0000%","3.4000%","N/A"
"=""3014""","聯陽","1.7094","36.9300","38.6394","母公司","0.0058","公噸/百萬元營業額","0.0000%","4.4240%","ISO 14001"
"=""3015""","全漢","22.9997","406.0820","429.0817","廠區包含全漢企業股份有限公司總部、桃⼆廠區與桃三廠、全漢企業股份有限公司⾼雄分公司、輝⼒廠、仲漢電⼦(深圳)有限公司、深圳市眾漢科技有限公司福永廠、無錫全漢科技有限公司、東莞普特、善元科技","3.6989","公噸/百萬元營業額","100.0000%","5.3600%","ISO 14001"
"=""3016""","嘉晶","4.4120","153.0124","157.4244","邊界為嘉晶主要生產製造廠區。(嘉積廠於2024.11.26取得工廠登記證，故以上數字並未含嘉積廠)。","0.0383","公噸/百萬元營業額","30.6437%","2.8026%","ISO 14001"
"=""3017""","奇鋐","1,809.9900","15,385.7300","17,195.7200","包含合併報表所有公司，除富世達為上市公司單獨出具相關報告。","0.2400","公噸/百萬元營業額","2.0700%","10.5300%","N/A"
"=""3018""","隆銘綠能","N/A","N/A","N/A","N/A","N/A","N/A","","","N/A"
"=""3019""","亞光","16.1500","66.6400","82.7900","台灣廠區","0.0036","公噸/百萬元營業額","N/A","","N/A"
"=""3021""","鴻名","N/A","N/A","N/A","N/A","N/A","N/A","","","N/A"
"=""3022""","威強電","1.3850","0.5670","1.9520","母公司","0.0004","公噸/百萬元營業額","","","N/A"
"=""3023""","信邦","54.0900","3,009.6500","3,063.7400","本公司、100%持股子公司","0.0900","公噸/百萬元營業額","28.3800%","1.7700%","N/A"
"=""3024""","憶聲","N/A","N/A","N/A","N/A","N/A","N/A","N/A","","N/A"
"=""3025""","星通","N/A","N/A","N/A","N/A","N/A","N/A","","","N/A"
"=""3026""","禾伸堂","307.6640","694.7950","1,002.4590","臺北總公司、桃園龍潭一廠、桃園龍潭二廠、宜蘭利澤工廠","0.0756","公噸/產品","97.3120%","30.6909%","N/A"
"=""3027""","盛達","8.6000","3.7800","12.3800","盛達新店廠","N/A","N/A","","","ISO 9001,ISO 14001"
"=""3028""","增你強","N/A","19.7500","19.7500","台北總公司、新竹、台中及高雄營運據點","0.0014","公噸/百萬元營業額","0.0000%","","N/A"
"=""3029""","零壹","N/A","N/A","N/A","N/A","N/A","N/A","","","N/A"
"=""3030""","德律","N/A","N/A","N/A","N/A","0.0112","公噸/百萬元營業額","0.0000%","0.0000%","N/A"
"=""3031""","佰鴻","2.2400","230.0100","232.2500","已完成合併財務報表之母子公司","0.1972","公噸/百萬元營業額","9.3750%","0.9640%","ISO 9001,生活垃圾除外，其餘有驗證。"
"=""3032""","偉訓","N/A","N/A","N/A","N/A","N/A","N/A","","","N/A"
"=""3033""","威健","0.0000","126.5000","126.5000","母公司台灣營業據點","0.0028","公噸/百萬元營業額","0.0000%","","N/A"
"=""3034""","聯詠","0.0000","473.6100","473.6100","母公司","0.0046","公噸/百萬元營業額","0.0000%","0.0000%","ISO 14064-1"
"=""3035""","智原","0.8400","25.0700","25.9100","僅⺟公司(新⽵營運據點、台北及台南辦公室)為統計邊界","0.0023","公噸/百萬元營業額","3.2200%","3.2200%","AA1000 (高度保證)"
"=""3036""","文曄","0.8700","146.5800","147.4500","台灣、香港、新加坡","0.0002","公噸/百萬元營業額","0.0000%","0.5900%","N/A"
"=""3037""","欣興","76,088.0000","43,397.0000","119,485.0000","母公司及部分子公司","1.0400","公噸/百萬元營業額","92.1300%","63.6800%","ISO 14001,UL 2799"
"=""3038""","全台","26.1900","178.8800","205.0700","母公司及東莞廠","0.0280","公噸/KPCS","","","N/A"
"=""3040""","遠見","0.0000","3.4160","3.4160","本集團","0.0248","公噸/百萬元營業額","","","N/A"
"=""3041""","揚智","0.0000","29.0000","29.0000","母公司","0.0178","公噸/百萬元營業額","","","N/A"
"=""3042""","晶技","311.4400","110.0300","421.4700","平鎮廠","0.0429","公噸/百萬元營業額","0.0000%","0.0000%","ISO 14001,確信準則3000號「非屬歷史性財務資訊查核或核閱之確信案件」(係參考國際確信準則ISAE 3000 Revised訂定)進行獨立有限確信。"
"=""3043""","科風","0.0000","4.5500","4.5500","廠區員工生活廢棄物","N/A","N/A","","","N/A"
"=""3044""","健鼎","103,394.0000","35,598.0000","138,992.0000","包含合併財務報告子公司","2.1122","公噸/百萬元營業額","97.0000%","","ISO 9001,ISO 14001,UL 2799"
"=""3045""","台灣大","0.0000","2,101.9014","2,101.9014","含合併財務報表之母子公司共29家","N/A","N/A","0.0000%","0.0000%","N/A"
"=""3046""","建碁","0.0000","3.3572","3.3572","含合併財務報表之母子公司","0.0005","公噸/百萬元營業額","","","N/A"
"=""3047""","訊舟","0.0000","30.0000","30.0000","母公司(台北總公司)","0.0115","公噸/百萬元營業額","0.0000%","0.0000%","N/A"
"=""3048""","益登","0.0000","39.7800","39.7800","一般辦公室相關營運生活垃圾及廢棧板","N/A","N/A","N/A","","N/A"
"=""3049""","精金","112.8000","1,115.3500","1,228.1000","本公司導入ISO 14001管理系統，建置事業廢棄物管理相關程序。  目前公司產出事業廢棄物種類分別為：非有害事業廢棄物、有害事業廢棄物，若未能妥善清理廢棄物，除對事業營運造成影響外，更會對環境有重大衝擊。因此，我們的營運活動皆依環境友善之概念，2024 年廢液回收率約81.1%；進行紙張重複再利用等相關循環經濟舉措；並依法委由國內合格廠商進行廢棄物清運及處理，以降低營運產生廢棄物對環境產生的負面衝擊。  確實掌握廢棄物的流向，確保所有廢棄物均合法且妥善處理或再利用，我們慎選廢棄物清除處理廠商(如:順倉、易增、致圓方正、岦陞等)，定期查訪收受【事業委託清理之相當注意義務認定準則】廢棄物之受託者，稽核其委託之廢棄物貯存、清除、處理、再利用之操作管理情形，並向事業負責人或其授權之人報告。生產端也投入廢棄物減量活動，提出製程技術改善專案，調整生產操作參數，提升鋁蝕刻劑循環使用量，藉此落實源頭減量。塑膠發泡包裝材，為玻璃面板最大宗的塑膠廢棄物，藉由回收包裝材清洗及整修方案，來提高包裝材妥善率及適用性，延長回收使用頻率，有效減少淘汰率，降低廢棄物產出。","N/A","N/A","93.4700%","9.1900%","ISO 14001"
"=""3050""","鈺德","146.4920","50.3400","196.8320","僅母公司","N/A","N/A","","","ISO 14001"
"=""3051""","力特","1.3000","499.8300","501.1300","母公司","0.2655","公噸/百萬元營業額","0.0000%","0.2600%","N/A"
"=""3052""","夆典","0.0000","0.6900","0.6900","範圍為企業總部(新北市新民街)辦公處所。","0.0003","公噸/百萬元營業額","","","企業總部(新北市新民街)溫室氣體盤查範疇三確信項目包含事業廢棄物所造成之排放。"
"=""3054""","立萬利","N/A","N/A","N/A","N/A","N/A","N/A","","","N/A"
"=""3055""","蔚華科","N/A","N/A","N/A","N/A","N/A","N/A","","","N/A"
"=""3056""","富華新","0.0000","0.0000","0.0000","資料涵蓋母公司及子公司總太營造","N/A","N/A","","","N/A"
"=""3057""","喬鼎","0.0000","5.6500","5.6500","母公司","0.0099","公噸/百萬元營業額","","","N/A"
"=""3058""","立德","34.3860","252.8660","287.2520","集團主要營運據點","0.1910","公噸/百萬元營業額","54.2300%","","N/A"
"=""3059""","華晶科","0.0000","50.0000","50.0000","新竹總部、台北辦公室","N/A","N/A","0.0000%","","N/A"
"=""3060""","銘異","0.0000","12.7900","12.7900","僅母公司桃園市龜山區範疇","N/A","N/A","","","ISO 14001"
"=""3062""","建漢","12.5070","223.7400","236.2470","台灣總部與越南製造中心","0.0700","公噸/百萬元營業額","100.0000%","","N/A"
"=""3090""","日電貿","N/A","N/A","13.1500","盤查範圍為日電貿公司/新店、中和","0.0075","公噸/百萬元營業額","N/A","","N/A"
"=""3092""","鴻碩","0.0000","20.1799","20.1799","合併財務報表重要子公司-鴻碩精密電工(湖北)有限公司","0.0104","公噸/百萬元營業額","","","ISO 9001,ISO 14001"
"=""3094""","聯傑","0.3960","0.0000","0.3960","母公司","0.0027","公噸/百萬元營業額","","","N/A"
"=""3130""","一零四","0.0000","42.9200","42.9200","包含新店總公司","0.0172","公噸/百萬元營業額","","","N/A"
"=""3138""","耀登","0.0000","6.1520","6.1520","母公司","46.0000","公噸 / 人","","","N/A"
"=""3149""","正達","0.0000","280.9900","280.9900","母公司","0.4500","公噸/百萬元營業額","0.0000%","0.0000%","ISO 14001"
"=""3150""","鈺寶-創","0.1900","27.2800","27.4700","已完成母公司","0.0800","公噸/百萬元營業額","","","N/A"
"=""3164""","景岳","1.4400","51.2112","52.6512","113年全廠廢棄物清運量","0.7403","公噸/產品","","","N/A"
"=""3167""","大量","0.0000","66.6600","66.6600","僅母公司","N/A","N/A","","","N/A"
"=""3168""","眾福科","9.2900","27.4700","36.7600","眾福科技股份有限公司（含桃園工廠）及眾福科技（蘇州）股份有限公司為揭露範疇","0.0108","公噸/百萬元營業額","","","N/A"
"=""3189""","景碩","7,045.1400","4,865.9200","11,911.0600","石磊廠、清華廠、新豐廠、幼獅廠","0.3900","公噸/百萬元營業額","96.3173%","","N/A"
"=""3209""","全科","0.0000","56.6000","56.6000","本公司於台灣總部、台灣的各點辦公室及物流倉儲。","0.0012","公噸/百萬元營業額","0.0000%","","N/A"
"=""3229""","晟鈦","83.0860","145.0450","228.1310","合併財務報表之母子公司","0.2485","公噸/百萬元營業額","","","ISO 14001"
"=""3231""","緯創","1,426.4800","36,871.5100","38,297.9900","邊界包括緯創資通股份有限公司、製造廠區性質之子公司以及專業投資/控股事業，與前一報告期間相較，新增納入所有售後服務據點性質之子公司。","0.0560","公噸/百萬元營業額","2.5000%","3.7000%","ISO 14001"
"=""3257""","虹冠電","0.0000","0.4430","0.4430","母公司","0.0005","公噸/百萬元營業額","","","N/A"
"=""3266""","昇陽","0.0000","1.8600","1.8600","總公司辦公區域","0.0245","公噸/人","","","N/A"
"=""3296""","勝德","0.1300","236.5650","236.6950","採營運控制權法定義 包含勝德國際研發股份有限公司、東莞詮盛電器有限公司、勝興(越南-海陽)科技責任有限公司","N/A","N/A","","","N/A"
"=""3305""","昇貿","3.0600","51.3728","54.4328","本公司以下營運據點：昇貿科技股份有限公司","0.0215","公噸/百萬元營業額","0.0000%","5.6200%","N/A"
"=""3308""","聯德","N/A","N/A","N/A","N/A","N/A","N/A","","","N/A"
"=""3311""","閎暉","0.0000","48.0250","48.0250","母公司","0.0421","公噸/百萬元營業額","","","N/A"
"=""3312""","弘憶股","0.0000","0.7100","0.7100","母公司","N/A","N/A","","","N/A"
"=""3321""","同泰","279.9400","389.8100","669.7500","母公司","0.5200","公噸/百萬元營業額","","","N/A"
"=""3338""","泰碩","23.1790","8.9240","32.1030","台北泰碩、東莞泰碩、蘇州泰碩、泗陽泰碩","N/A","N/A","0.0000%","72.2020%","N/A"
"=""3346""","麗清","24.8000","179.7000","204.5000","母公司 (中和廠辦及觀音廠 2024/01-2024/12)","7.3561","公噸/百萬元營業額","0.0000%","12.1000%","ISO 14001"
"=""3356""","奇偶","0.0000","17.7168","17.7168","內湖總公司、港墘辦公室、汐止辦公室及廠房","0.0276","公噸/百萬元營業額","","","N/A"
"=""3376""","新日興","160.6800","2,182.0988","2,342.7788","新日興及海外子公司","0.1800","公噸/百萬元營業額","","","N/A"
"=""3380""","明泰","74.5311","1,018.3623","1,092.8934","新竹+常熟+越南廠","0.0002","公噸/產品","82.2200%","6.8200%","ISO 14001"
"=""3406""","玉晶光","0.0000","441.6820","441.6820","玉晶光電(股)公司 中科廠","0.7100","公噸/百萬元營業額","","","N/A"
"=""3413""","京鼎","N/A","N/A","2,996.9400","N/A","0.1821","公噸/百萬元營業額","","","N/A"
"=""3416""","融程電","0.4280","39.2370","39.6650","母公司","0.0141","公噸/百萬元營業額","","1.0790%","ISO 14001"
"=""3419""","譁裕","0.0000","17.5400","17.5400","台灣(新竹總部、鳳山製造中心)","0.0140","公噸/百萬元營業額","","","N/A"
"=""3432""","台端","0.0000","0.0000","0.0000","包含合併財務報表之母子公司","N/A","N/A","N/A","N/A","N/A"
"=""3437""","榮創","8.7120","52.5100","61.2220","母公司(湖口/四維廠區)","0.0332","公噸/百萬元營業額","0.0000%","14.2302%","ISO 14001"
"=""3443""","創意","N/A","N/A","6.5770","新竹總部","N/A","N/A","","","N/A"
"=""3447""","展達","62.4000","199.7000","262.1000","母公司(台北總部)、合併財務報表之子公司(蘇州工廠、泰國工廠)","0.1025","公噸/百萬元營業額","83.2000%","23.8077%","N/A"
"=""3450""","聯鈞","0.5368","130.2883","130.8251","母公司","N/A","N/A","","","N/A"
"=""3481""","群創","17,723.0000","51,828.0000","69,551.0000","母公司及部分子公司","0.3213","公噸/百萬元營業額","77.1800%","25.7500%","ISO 14001"
"=""3494""","誠研","N/A","N/A","N/A","N/A","N/A","N/A","N/A","N/A","N/A"
"=""3501""","維熹","16.2700","74.0000","90.2700","合併財務報表之母子公司(不含美日子公司)","0.0150","公噸/百萬元營業額","","","N/A"
"=""3504""","揚明光","2.6564","91.5700","94.2264","新竹科學園區新安路7號地下1樓至3樓","0.0440","公噸/百萬元營業額","0.0000%","2.8192%","ISO 14001"
"=""3515""","華擎","N/A","N/A","9.0980","母公司(台灣)","0.0278","員工人均廢棄物量","","","N/A"
"=""3518""","柏騰","N/A","N/A","N/A","N/A","N/A","N/A","","","N/A"
"=""3528""","安馳","N/A","N/A","50.0000","N/A","N/A","N/A","","","N/A"
"=""3530""","晶相光","0.0000","0.2188","0.2188","廢棄物處理及運輸及紙張使用之溫室氣體總排放","0.2188","公噸/產品","","","ISO 14064-1"
"=""3532""","台勝科","N/A","N/A","5,271.2200","母公司","0.0330","公噸/產品","0.0000%","","N/A"
"=""3533""","嘉澤","503.6900","10,872.2150","11,375.9050","廣州廠、中山廠、蘇州廠、越南廠","0.3780","公噸/百萬元營業額","","","N/A"
"=""3535""","晶彩科","0.0000","18.1000","18.1000","總公司","N/A","N/A","0.0000%","0.0000%","N/A"
"=""3543""","州巧","35.7500","1,990.6400","2,026.3900",".","0.0417","公噸/百萬元營業額","","","ISO 14001"
"=""3545""","敦泰","0.4590","38.2100","38.6990","敦泰電子股份有限公司(台灣母公司)","0.0027","公噸/百萬元營業額","0.0000%","","N/A"
"=""3550""","聯穎","N/A","N/A","15.5770","資料涵蓋範圍為本公司位於台灣地區之辦公室範圍。 計算方式為依照環境部公告之平均每人每日一般廢棄物產生量乘上每月員工人數乘上上班天數得之。","0.0708","公噸/百萬元營業額","","","N/A"
"=""3557""","嘉威","3.5000","1,179.2900","1,182.7900","母公司及大陸子公司","0.2100","公噸/百萬元營業額","","","N/A"
"=""3563""","牧德","0.0000","30.8404","30.8404","新竹市工業東二路2~3號","0.0201","公噸/百萬元營業額","0.0000%","0.0000%","N/A"
"=""3576""","聯合再生","551.4900","1,812.0990","2,363.5890","涵蓋竹科廠、竹南廠及台南廠營運範圍","0.5498","公噸/百萬元營業額","99.7407%","","N/A"
"=""3583""","辛耘","17.2700","265.1180","282.3880","廢棄物清理計畫書，申報資料","N/A","N/A","","","N/A"
"=""3588""","通嘉","0.9400","1.1500","2.0900","母公司","N/A","N/A","N/A","N/A","N/A"
"=""3591""","艾笛森","21.4390","284.6280","306.0670","母公司及全球生產基地","0.1196","公噸/百萬元營業額","37.4600%","7.0000%","N/A"
"=""3592""","瑞鼎","24.8700","1.1400","26.0100","母公司 ","0.0012","公噸/百萬元營業額","54.4300%","N/A","ISO 14001"
"=""3593""","力銘","10.3800","89.8000","100.1800","台灣力銘科技股份有限公司/蘇州隆登電子科技有限公司/蘇州瑞登科技有限公司","N/A","N/A","","","N/A"
"=""3596""","智易","68.7710","1,679.9090","1,748.6800","1.智易科技股份有限公司 2.Arcadyan Technology (Vietnam) Co., Ltd.","0.0357","公噸/百萬元營業額","40.0867%","","N/A"
"=""3605""","宏致","313.0600","1,245.7520","1,558.8120","【母公司】宏致電子股份有限公司、【合併財務報表之(部分)子公司】廣迎新工業股份有限公司、龍翰科技股份有限公司、志展實業股份有限公司、香港商創世紀有限公司台灣分公司、昆山宏致電子有限公司、蘇州市加利斯精密金屬工藝製品有限公司、蘇州龍翰電子有限公司、東莞宏致電子有限公司、東莞奇翰電子有限公司、東莞廣迎五金塑膠製品有限公司、菲律賓龍翰股份有限公司、宏致精密責任有限公司","0.1100","公噸/百萬元營業額","94.3100%","20.0800%","N/A"
"=""3607""","谷崧","0.0000","20.6700","20.6700","母公司","0.0500","公噸/百萬元營業額","","","N/A"
"=""3617""","碩天","94.8135","363.3030","458.1165","母公司、中國及菲律賓部份子公司(東莞市碩擎能源科技有限公司、碩擎能源科技（深圳）有限公司、碩天電源（深圳）有限公司、碩達電子（深圳）有限公司、廣升電子（深圳）有限公司、寧遠縣碩寧電子有限公司、Cyber Power Systems Manufacturing, Inc.與 Phisonic Technology Corporation)","0.0092","母公司：0.0092 公噸 CO₂e/百萬營業額；中國及菲律賓部份子公司：0.1264 公噸 CO₂e/百萬營業額","","24.4133%","N/A"
"=""3622""","洋華","1.1200","42.1070","43.2270","母公司","0.0270","公噸/百萬元營業額","0.0000%","2.5910%","N/A"
"=""3645""","達邁","3.6740","15,930.1140","15,933.7880","母公司","7.2041","公噸/百萬元營業額","81.1105%","0.0231%","ISO 14001"
"=""3652""","精聯","0.0000","5.2900","5.2900","母公司之文件紙張銷毀量及電子廢棄物數量","0.0025","公噸/百萬元營業額","","","N/A"
"=""3653""","健策","768.7525","3,938.1459","4,706.8984","母公司 ","0.3532","公噸/百萬元營業額","","","ISO 14001"
"=""3661""","世芯-KY","0.0680","0.8420","0.9100","台北及新竹營運據點","0.0000","公噸/百萬元營業額","","","N/A"
"=""3665""","貿聯-KY","112.7500","7,631.1700","7,743.9200","2024年統計範圍涵蓋集團 35個生產據點:昆山貿聯廠、昆山翔光廠、常州廠、常州BCNC廠、深圳通盈廠、翔耀廠、康聯廠、廈門新視廠、百事聯廠、佛山城鉞廠、台灣台南廠、新加坡加冷廠、馬來西亞柔佛廠、馬來西亞檳城廠、加州廠、密西根廠、德州廠、墨西哥廠、加拿大廠、塞爾維亞廠、斯洛伐克廠、德國廠、法國廠、捷克廠、義大利廠、印尼巴淡廠。","14.3193","公噸/百萬元營業額","7.8300%","1.4560%","N/A"
"=""3669""","圓展","6.7780","74.5840","81.3620","母公司 ","0.0390","公噸/百萬元營業額","","","ISO 9001"
"=""3673""","TPK-KY","233.3382","6,673.5829","6,906.9211","包含合併財務報表之母子公司","0.1003","公噸/百萬元營業額","100.0000%","3.3783%","ISO 14001"
"=""3679""","新至陞","143.8980","1,323.1930","1,467.0910","新至陞廢棄物管理範疇邊界包含台北廠區、昆山廠及越南廠","0.3440","公噸/百萬元營業額","0.0000%","9.8084%","N/A"
"=""3686""","達能","0.0000","1.2400","1.2400","包含合併財務報表之母子公司","0.0150","公噸/百萬元營業額","","","N/A"
"=""3694""","海華","19.8340","112.8240","132.6580","紘華(上海)","0.0010","公噸/產品","","","N/A"
"=""3701""","大眾控","116.1000","382.1200","498.2200","廣上科技(一般生活廢棄物/事業廢棄物 )、才眾電腦(僅計算事業廢棄物)","0.0126","公噸/百萬元營業額","3.6900%","","ISO 9001,ISO 14001"
"=""3702""","大聯大","0.0000","366.6830","366.6830","辦公區域統計範圍包含台灣地區（臺北）、中國大陸（含外點 : 香港、深圳、廣州、珠海、東莞、上海、北京、蘇州，共8城市）。 物流倉庫統計範圍：臺灣地區（林口）、中國大陸（東莞、香港）。","0.0948","公噸/資料邊界各據點員工合計數","N/A","0.0000%","依照確信準則3000號「非屬歷史性財務資訊查核或核閱之確信案件」進行有限確信驗證，指標揭露內容參照GRI 306-3：2020 廢棄物的產生"
"=""3703""","欣陸","1.1900","41,483.1302","41,484.3202","母公司及主要營運子公司","1.3512","公噸/百萬元營業額","","","ISO 14001,驗證範圍：淡水水資源回收中心、鳳山水資源中心、安平水資源中心、臨海水資源中心"
"=""3704""","合勤控","0.3666","41.1600","41.5260","2024年台灣盟創科技","0.0190","公噸/百萬元營業額","96.2051%","","N/A"
"=""3705""","永信","17.5500","417.0100","434.5600","永信藥品工業股份有限公司之幼獅廠(含二、三廠)、頂店廠及生技食品廠、永鴻國際生技股份有限公司之新竹廠。","0.0541","公噸/百萬元營業額","","","N/A"
"=""3706""","神達","235.2154","2,654.0883","2,889.3037","神達控股股份有限公司 (母公司)，神達電腦股份有限公司，神雲科技股份有限公司，神達數位股份有限公司，昆達電腦科技（昆山）有限公司，璽達信息科技(昆山)有限公司，佛山市順德區順達電腦廠有限公司，MiTAC Information Systems Corp.","0.0471","公噸/百萬元營業額","72.1000%","8.1400%","AA1000"
"=""3708""","上緯投控","14.5800","494.0860","508.6660","上緯興業股份有限公司、上偉碳纖複合材料股份有限公司、旺來企業股份有限公司、磁震科技開發股份有限公司 ","0.0646","公噸/百萬元營業額","0.0000%","2.8663%","N/A"
"=""3711""","日月光投控","22,497.0000","54,360.0000","76,857.0000","日月光半導體製造股份有限公司高雄廠、中壢廠、無錫廠、上海材料廠、上海月芯半導體、日本廠、韓國廠、新加坡廠、馬來西亞廠、ISE Labs、矽品精密工業股份有限公司大豐廠、中山廠、中科廠、二林廠、中工廠、新竹廠、彰化廠、蘇州廠、環電股份有限公司南投廠、張江廠、昆山廠、金橋廠、惠州廠、蘇州廠、墨西哥廠、越南廠。","0.1290","公噸/百萬元營業額","80.6295%","","ISO 14001"
"=""3712""","永崴投控","7.4600","550.3532","557.8132","永崴含子公司:勁永國際股份有限公司、崴強科技股份有限公司、光燿科技股份有限公司及富崴廠、耀崴廠、富康廠、富彰廠、中旋實業有限公司。","0.0768","公噸/百萬元營業額","0.0480%","1.3374%","N/A"
"=""3714""","富采","7,012.7800","1,543.2300","8,556.0100","包含：富采、晶元光電、隆達電子、晶成半導體、晶品光電(常州)、晶宇光電(廈門)、江蘇璨揚光電、達亮電子(滁州)","0.3508","公噸/百萬元營業額","82.5100%","","ISO 14001"
"=""3715""","定穎投控","34,287.6000","9,462.3800","43,749.9800","包含合併財務報表之母子公司","2.4800","公噸/百萬元營業額","94.4555%","78.0000%","ISO 14001,UL 2799"
"=""3716""","中化控股","14.6140","546.1950","560.8090","母公司+中化製藥","0.1247","公噸/百萬元營業額","100.0000%","2.6059%","確信準則3000號「非屬歷史性財務資訊查核或核閱之確信案件」"
"=""4104""","佳醫","0.0000","74.1430","74.1430","僅母公司","0.0140","公噸/百萬元營業額","","","N/A"
"=""4106""","雃博","0.0000","52.6310","52.6310","母公司(土城廠)","0.0568","公噸/百萬元營業額","0.0000%","0.0000%","N/A"
"=""4108""","懷特","0.0000","16.0470","16.0470","台北總公司、楊梅精製廠","N/A","N/A","","","N/A"
"=""4119""","旭富","2,805.9700","2,145.2800","4,951.2500","僅母公司","3.2494","公噸/百萬元營業額","","","N/A"
"=""4133""","亞諾法","0.0000","5.3000","5.3000","資料涵蓋範圍:合併公司113年廢棄物量資料涵蓋範圍包含亞諾法各營運據點(台北總公司及中壢青埔廠)，因合併子公司皆無實質營運據點及員工，故無產生廢棄物。113年為基準年。(本公司產出之廢棄物皆為非有害廢棄物。)","N/A","N/A","0.0000%","0.0000%","N/A"
"=""4137""","麗豐-KY","7.8700","75.6080","83.4780","本集團子公司暨供應鏈-微碩（上海）日用品有限公司","N/A","N/A","","","N/A"
"=""4142""","國光生","12.8522","304.8240","317.6800","台中潭子廠2024.01.01~2024.12.31","0.2040","公噸/百萬元營業額","0.0000%","0.0404%","ISO 14001"
"=""4148""","全宇生技-KY","28.4200","462.1600","490.5800","馬來西亞子公司","0.3423","公噸/百萬元營業額","","","N/A"
"=""4155""","訊映","0.0000","36.9200","36.9200","委託廠商清運一般廢棄物之清運總量","N/A","N/A","N/A","N/A","N/A"
"=""4164""","承業醫","0.0000","9.7260","9.7260","包含合併財務報表之母子公司","0.0027","公噸/百萬元營業額","","","N/A"
"=""4190""","佐登-KY","0.0000","109.6680","109.6680","佐登妮絲嘉義生技園區","N/A","N/A","","","N/A"
"=""4306""","炎洲","3.1340","7,122.0870","7,125.2210","彰化薄膜廠+彰化膠帶廠","1.3284","公噸/百萬元營業額","0.0000%","","N/A"
"=""4414""","如興","N/A","N/A","N/A","N/A","N/A","N/A","N/A","N/A","N/A"
"=""4426""","利勤","860.2620","8.9018","869.1638","母公司","N/A","N/A","N/A","N/A","N/A"
"=""4438""","廣越","0.0000","16.9497","16.9497","廢棄物統計邊界為台灣據點（台北內湖總公司、金漢新莊總部；包含廣越企業母公司及子公司尚弘羽絨、金漢實業）","0.0494","公噸/人","","","N/A"
"=""4439""","冠星-KY","5,015.1430","1,195.3750","6,210.5180","TOP SPORTS TEXTILE LTD.","0.3716","公噸/產品","","","EMeRet"
"=""4440""","宜新實業","0.0000","46.7000","46.7000","彰化廠","0.0381","公噸/百萬元營業額","0.0000%","0.0000%","N/A"
"=""4526""","東台","0.0000","100.6700","100.6700","路科一廠","0.0028","公噸/百萬元營業額","","","ISO 14001"
"=""4532""","瑞智","0.0000","409.4000","409.4000","桃園觀音營運總部","0.0500","公噸/百萬元營業額","0.0000%","0.0000%","N/A"
"=""4536""","拓凱","3.7100","63.9020","67.6120","廢棄物統計範圍僅包含台灣廠區","N/A","N/A","","","N/A"
"=""4540""","全球傳動","0.0000","756.3120","756.3120","樹林廠","6.6479","公噸/百萬元營業額","0.0000%","0.0000%","ISO 14001"
"=""4545""","銘鈺","96.0000","303.0000","399.0000","僅母公司(包含辦公室、廠房及員工宿舍)","0.2800","公噸/百萬元營業額","","","N/A"
"=""4551""","智伸科","N/A","N/A","N/A","N/A","N/A","N/A","","","N/A"
"=""4552""","力達-KY","91.4000","0.0000","91.4000","泉州廠","N/A","N/A","","","N/A"
"=""4555""","氣立","0.0000","1.5700","1.5700","母公司","0.0011","公噸/百萬元營業額","0.0000%","0.0000%","N/A"
"=""4557""","永新-KY","195.8900","938.4500","1,134.3400","廈門永裕、福州新信、台灣分公司","0.4130","公噸/百萬元營業額","","","N/A"
"=""4560""","強信-KY","0.5300","121.4010","121.9310","已完成合併財務報表之母子公司","N/A","N/A","62.2642%","0.4347%","N/A"
"=""4562""","穎漢","0.0000","7.4156","7.4156","科技一廠/科技二廠/永康廠","0.0108","公噸/百萬元營業額","0.0000%","0.0000%","N/A"
"=""4564""","元翎","4.9700","150.9900","155.9600","臺灣總公司","0.0019","公噸/產品","","","N/A"
"=""4566""","時碩工業","229.0400","1,661.1100","1,890.1500","母公司及包含⼦公司時碩科技股份有限公司、時碩科技(無錫)有限公司、時碩科技(西安)有限公司。","0.4400","公噸/百萬元營業額","81.2600%","12.1200%","N/A"
"=""4569""","六方科-KY","63.1200","798.0500","861.1700","本公司主要營運據點之子公司Global-Thaixon Precision Industry Co., Ltd.及Thaixon Tech Co., Ltd.。","0.5900","公噸/百萬元營業額","","","ISO 14001"
"=""4571""","鈞興-KY","187.1000","305.3400","492.4400","合併財務報表之母子公司","0.1608","公噸/百萬元營業額","100.0000%","37.9900%","N/A"
"=""4572""","駐龍","0.0000","131.5000","131.5000","已完成母公司","N/A","N/A","","","N/A"
"=""4576""","大銀微系統","0.7700","268.5400","269.3100","母公司總部及二廠","0.1351","公噸/百萬元營業額","","","ISO 14001"
"=""4581""","光隆精密-KY","0.0000","63.0030","63.0030","包含合併財務報表之母子公司  ","0.0581","公噸/百萬元營業額","","","N/A"
"=""4583""","台灣精銳","12.0000","203.0000","215.0000","母公司所有廠區","0.0900","公噸/百萬元營業額","","","ISO 14001"
"=""4588""","玖鼎電力","6.9300","61.9300","68.8600","本公司","0.0640","公噸/百萬元營業額","100.0000%","10.0600%","N/A"
"=""4720""","德淵","108.2200","23.2400","131.4600","德淵企業桃園廠","0.0998","公噸/百萬元營業額","0.0000%","82.3216%","ISO 14001"
"=""4722""","國精化","313.0000","5,456.0000","5,769.0000","母公司","N/A","N/A","N/A","","N/A"
"=""4736""","泰博","0.8785","197.2460","198.1245","已完成母公司","0.0525","公噸/百萬元營業額","0.0000%","0.4434%","N/A"
"=""4737""","華廣","55.0100","5.1800","60.1900","母公司","N/A","N/A","","","N/A"
"=""4739""","康普","313.7800","1,480.2400","1,794.0200","康普,天弘,恆誼","0.4900","公噸/百萬元營業額","0.0000%","0.0000%","N/A"
"=""4746""","台耀","540.3700","1,006.0700","1,546.4400","母公司","0.3358","公噸/百萬元營業額","","","ISO 14001"
"=""4755""","三福化","1,615.0300","139.2400","1,754.2700","2024年度善化廠、柳科廠、日東廠及高雄廠","N/A","N/A","0.0000%","92.0600%","N/A"
"=""4763""","材料-KY","520.1600","3,729.4800","4,249.6400","合併財務報表之母子公司","0.2704","公噸/百萬元營業額","0.0000%","12.2400%","ISO 9001,ISO 14001"
"=""4764""","雙鍵","5.0100","1,137.9140","1,142.9240","母公司","0.4229","公噸/百萬元營業額","0.0000%","0.4383%","N/A"
"=""4766""","南寶","3,079.0000","2,124.0000","5,203.0000","母公司及部分子公司(佛山南寶、佛山高盛高新、東莞南寶、東莞佳勤、福清南寶、昆山南寶、越南南寶、越南大登及越南寧平、越南NNV、印尼南寶及泰國南寶)。","0.3030","公噸/百萬元營業額","50.5000%","59.1800%","N/A"
"=""4770""","上品","0.0000","111.6400","111.6400","個體公司","0.0170","公噸/百萬元營業額","0.0000%","0.0000%","N/A"
"=""4771""","望隼","0.0000","742.8385","742.8385","製造生產之廠區(一、二廠)及包裝廠","0.0247","公噸/產品","","","N/A"
"=""4807""","日成-KY","7.8790","89.6920","97.5710","1.重要子公司Regal Jewelry Manufacture Co., Ltd.  2.重要子公司 Regal Plating Co., Ltd.__  3.子公司 Regal Precious Metal Innovation Co., Ltd._ ","0.0549","公噸/百萬元營業額","","","ISO 9001,ISO 14001, Higg FEM Index"
"=""4904""","遠傳","1,738.4530","865.1299","2,603.5829","已完成合併財務報表之母子公司","0.0248","公噸/百萬元營業額","0.0000%","66.7715%","ISO 14001"
"=""4906""","正文","76.4000","1,794.7000","1,871.1000","台灣總部、正鵬(崑山)廠及越南大陸廠","0.0730","公噸/百萬元營業額","70.9000%","","N/A"
"=""4912""","聯德控股-KY","46.9200","11,505.7900","11,552.7100","1.聯德控股股份有限公司 2.聯德精密材料(中國)股份有限公司 3.聯德電子科技(常熟)有限公司 4.昆山聯德滑軌科技有限公司)","1.9900","公噸/百萬元營業額","","0.4060%","ISO 14001"
"=""4915""","致伸","127.3199","2,302.9235","2,430.2434","母公司與主要生產基地","0.0417","公噸/百萬元營業額","1.2611%","5.2390%","UL 2799"
"=""4916""","事欣科","N/A","N/A","N/A","N/A","N/A","N/A","","","N/A"
"=""4919""","新唐","505.0000","1,947.0000","2,452.0000","新唐科技股份有限公司(含合併財報子公司中之新唐日本)","0.0768","公噸/百萬元營業額","94.8515%","20.5954%","N/A"
"=""4927""","泰鼎-KY","5,977.9020","5,875.0000","11,852.9020","合併財務報告子公司","0.9513","公噸/百萬元營業額","50.4341%","","ISO 9001,ISO 14001"
"=""4930""","燦星網","140.6205","635.3225","775.9430","總公司及主要營運據點（廈門燦坤實業股份有限公司、漳州燦坤實業有限公司、上海燦坤實業有限公司、PT. STAR COMGISTIC INDONESIA、燦坤日本電器株式會社、金鑛連鎖企業股份有限公司）為揭露範疇。","N/A","N/A","","","N/A"
"=""4934""","太極","683.9680","30.8860","714.8540","母公司及越南子公司","3.1491","公噸/年底人數","0.0000%","","N/A"
"=""4935""","茂林-KY","0.0000","74.6200","74.6200","台灣廠區","0.0107","公噸/百萬元營業額","","","ISO 14001"
"=""4938""","和碩","1,497.5820","30,809.5380","32,307.1200","和碩聯合科技(股)公司、名碩電腦(蘇州)、康碩電子(蘇州)、凱碩電腦(蘇州)、昌碩科技(上海)、旭碩科技(重慶)、Pegatron Mexico S.A. de C.V.、PEGATRON Czech s.r.o.、PT. PEGATRON TECHNOLOGY INDONESIA、PEGATRON VIETNAM COMPANY LIMITED、PEGATRON TECHNOLOGY HAI PHONG COMPANY LIMITED、PEGATRON TECHNOLOGY INDIA PRIVATE LIMITED ","0.0287","公噸/百萬元營業額","67.6351%","4.6355%","AA1000 "
"=""4942""","嘉彰","0.0000","481.1900","481.1900","母公司","0.3566","公噸/百萬元營業額","","","N/A"
"=""4943""","康控-KY","N/A","N/A","N/A","N/A","N/A","N/A","","","N/A"
"=""4949""","有成精密","0.7500","126.9700","127.7200","新能源產線及半導體產線","0.1226","公噸/百萬元營業額","0.0000%","0.5872%","ISO 14001"
"=""4952""","凌通","0.0000","11.1900","11.1900","母公司","0.0509","公噸/人","","","N/A"
"=""4956""","光鋐","282.8300","205.1400","487.9700","本廠","N/A","N/A","","","N/A"
"=""4958""","臻鼎-KY","52,354.0000","39,409.0000","91,763.0000","包含合併財務報表之母子公司","0.5300","公噸/百萬元營業額","77.0000%","74.0000%","UL 2799"
"=""4960""","誠美材","1,064.1710","2,906.4000","3,970.5710","僅母公司","0.1124","公噸/產品","49.7421%","26.8015%","ISO 14001"
"=""4961""","天鈺","0.0000","47.0000","47.0000","財務報表之合併子母公司","0.0024","公噸/百萬元營業額","0.0000%","0.0000%","N/A"
"=""4967""","十銓","1.1820","156.5790","157.7610","涵蓋範圍僅母公司","0.0080","公噸/百萬元營業額","","","ISO 14001"
"=""4968""","立積","0.2900","11.0106","11.3006","母公司","0.0031","公噸/百萬元營業額","95.0000%","2.6000%","ISO 14001"
"=""4976""","佳凌","40.5660","29.8000","70.3660","全廠","0.0264","公噸/百萬元營業額","","","ISO 14001"
"=""4977""","眾達-KY","3.9700","5.3700","9.3400","蘇州廠區 ","6.7000","N/A ","N/A","","N/A"
"=""4989""","榮科","511.4100","74.2900","585.7000","本公司","0.0727","公噸/產品","","","N/A"
"=""4994""","傳奇","0.0000","3.0000","3.0000","已完成合併財務報表之母子公司","N/A","N/A","","","N/A"
"=""4999""","鑫禾","0.0000","31.7260","31.7260","已完成母公司","0.0479","公噸/百萬元營業額","","","N/A"
"=""5007""","三星","2.3200","561.1400","563.4600","母公司","0.0946","公噸/百萬元營業額","0.0000%","0.4117%","ISO 14001"
"=""5203""","訊連","0.0000","98.0000","98.0000","包含合併財務報表之母子公司","0.0474","公噸/百萬元營業額","","","N/A"
"=""5215""","科嘉-KY","N/A","N/A","N/A","N/A","N/A","N/A","N/A","","N/A"
"=""5222""","全訊","5.3900","33.8500","39.2400","個別報表所有廠區","0.0301","公噸/百萬元營業額","N/A","N/A","N/A"
"=""5225""","東科-KY","32.7003","897.9883","930.6886","EASTECH (不含ScS) ","0.0750","公噸/百萬元營業額","100.0000%","","ISO 14001"
"=""5234""","達興材料","740.0000","173.0000","913.0000","總公司、中科廠、中港廠","N/A","N/A","","","ISO 14001"
"=""5243""","乙盛-KY","29.2300","1,796.2400","1,825.4700","昆山乙盛機械工業有限公司","0.9900","公噸/百萬元營業額","N/A","1.6012%","ISO 14001"
"=""5244""","弘凱","1.1100","1.5000","2.6100","包含合併財務報表之母子公司。","N/A","N/A","","","N/A"
"=""5258""","虹堡","0.0000","62.9890","62.9890","台灣地區辦公室與桃園製造廠，主要廢棄物為生活垃圾與電子下腳料回收","0.0080","公噸/百萬元營業額","","","N/A"
"=""5269""","祥碩","0.4420","15.0210","15.4630","祥碩總公司辦公室","0.0019","公噸/百萬元營業額","","2.8584%","N/A"
"=""5283""","禾聯碩","0.0000","270.4060","270.4060","禾聯碩股份有限公司、聯碩電器股份有限公司及禾雄電器股份有限公司","0.0421","公噸/百萬元營業額","","","N/A"
"=""5284""","jpp-KY","0.0600","246.3400","246.4000","Jinpao Soi 11 + 12 廠區","0.0688","公噸/百萬元營業額","","","ISO 14001"
"=""5285""","界霖","103.1100","8.4900","111.6000","母公司","N/A","N/A","68.0000%","92.0000%","N/A"
"=""5288""","豐祥-KY","4,077.0300","13,543.9300","17,620.9600","主要營運孫公司台灣豐祥及越南VPIC1","2.4194","公噸/百萬元營業額","","","ISO 14001"
"=""5292""","華懋","0.0000","34.0000","34.0000","母公司工廠","N/A","N/A","","","N/A"
"=""5306""","桂盟","9.3400","1,586.5000","1,595.8400","桂盟國際股份有限公司、桂盟企業股份有限公司、凱盟股份有限公司、科恩斯工業股份有限公司、桂盟鏈條(深圳)有限公司、超匯桂盟傳動(天津)有限公司、超匯桂盟傳動(蘇州)有限公司、深圳市科恩斯汽車零配件有限公司","0.2881","公噸/百萬元營業額","0.0000%","0.0000%","N/A"
"=""5388""","中磊","144.7930","2,312.7865","2,457.5795","母公司（台北總部、竹南製造中心）以及蘇州、菲律賓製造中心","0.0433","公噸/百萬元營業額","83.7825%","5.8917%","ISO 9001,ISO 14001"
"=""5434""","崇越","0.0000","21.6200","21.6200","母公司","0.0007","公噸/百萬元營業額","0.0000%","0.0000%","ISO 14001"
"=""5469""","瀚宇博","5,034.4000","810.7900","5,845.1900","母公司","0.0033","公噸/產品","92.0000%","","ISO 14001"
"=""5471""","松翰","0.2050","0.0000","0.2050","已完成母公司","0.0001","公噸/百萬元營業額","","","ISO 9001,ISO 14001,IECQ QC 080000 HSPM"
"=""5484""","慧友","N/A","N/A","N/A","N/A","N/A","N/A","","","N/A"
"=""5515""","建國","0.0000","5,398.0900","5,398.0900","建國工程總公司及本公司2024年全數工地","N/A","N/A","","","N/A"
"=""5519""","隆大","0.0000","17,709.0000","17,709.0000","揭露以本公司為主體，部份資訊涵蓋子公司。","2.8330","公噸/百萬元營業額","","","N/A"
"=""5521""","工信","0.0000","161,013.9300","161,013.9300","母公司","23.0600","公噸/百萬元營業額","","","N/A"
"=""5522""","遠雄","0.0000","11,992.0011","11,992.0011","包含合併財務報表之母子公司","0.5354","公噸/百萬元營業額","","","N/A"
"=""5525""","順天","0.0000","23.2220","23.2220","母公司","0.0083","公噸/百萬元營業額","","","N/A"
"=""5531""","鄉林","0.0000","6,959.4000","6,959.4000","鄉林建設及合併報表子公司太裕營造","1.6941","公噸/百萬元營業額","","","N/A"
"=""5533""","皇鼎","0.0000","2,883.9500","2,883.9500","母公司及子公司建喬營造","N/A","N/A","","","N/A"
"=""5534""","長虹","N/A","N/A","N/A","N/A","N/A","N/A","","","N/A"
"=""5538""","東明-KY","2,028.0000","438.0000","2,466.0000","為開曼東明、岡山東穎、 Tongwin 、浙江東明及浙江東和等 5 個營運個體","0.0187","公噸/產品","100.0000%","82.2400%","N/A"
"=""5546""","永固-KY","N/A","N/A","N/A","N/A","N/A","N/A","","","N/A"
"=""5607""","遠雄港","0.0000","2,983.8900","2,983.8900","遠雄自貿港投資控股股份有限公司及其子公司","N/A","N/A","","","N/A"
"=""5608""","四維航","0.0000","868.1107","868.1107","子孫公司營運船舶","1.7467","公噸/海勤船員總人數","0.0000%","0.0000%","N/A"
"=""5706""","鳳凰","N/A","N/A","N/A","N/A","N/A","N/A","","","N/A"
"=""5871""","中租-KY","0.0000","133.4000","133.4000","台灣地區","0.0013","公噸/百萬元營業額","0.0000%","0.0000%","ISO 14001"
"=""5876""","上海商銀","0.0000","191.0000","191.0000","本行在臺灣地區之營業據點、海外分行及海外辦事處","0.0700","公噸/人均廢棄物產生量","","","ISO 14001"
"=""5880""","合庫金","N/A","611.1600","611.1600","數據涵蓋率依當年度有盤查之營運據點計算比率，數據皆已通過「ISO 14064-1溫室氣體盤查」，並取得第三方查證單位核發之查證聲明書。","0.0092","公噸/百萬元營業額","","","ISO 14001"
"=""5906""","台南-KY","0.0000","34.6950","34.6950","僅就有獨立配合清運廠商之地點進行統計","N/A","N/A","","","N/A"
"=""5907""","大洋-KY","N/A","N/A","N/A","N/A","N/A","N/A","","","N/A"
"=""6005""","群益證","0.0000","29.5767","29.5767","母公司全台各營運據點	","0.0020","公噸/百萬元營業額","","","N/A"
"=""6024""","群益期","0.0000","6.4900","6.4900","全台營運據點","0.0027","公噸/百萬元營業額","","","N/A"
"=""6108""","競國","1,318.5000","25.2000","1,343.7000","本公司","1.0969","公噸/百萬元營業額","","","N/A"
"=""6112""","邁達特","0.0000","1.4600","1.4600","邁達特及子公司啟迪、逐鹿、聚上雲","2.2054","公斤／人-年","","","N/A"
"=""6115""","鎰勝","5.5400","1,350.9700","1,356.5100","母公司","0.4329","公噸/百萬元營業額","100.0000%","0.4084%","N/A"
"=""6116""","彩晶","2,483.6000","4,602.6700","7,086.2700","母公司及子公司(南京瀚宇彩欣科技有限責任公司)","0.7112","公噸/百萬元營業額","95.9027%","","ISO 9001,ISO 14001"
"=""6117""","迎廣","0.0000","154.8700","154.8700","母公司","0.0537","公噸/百萬元營業額","0.0000%","0.0000%","N/A"
"=""6120""","達運","99.0000","5,336.0000","5,435.0000","已完成合併財務報表之母子公司","0.2604","公噸/百萬元營業額","0.0000%","1.8500%","ISO 14001"
"=""6128""","上福","0.0000","496.5300","496.5300","母公司台灣營運據點","0.3229","公噸/百萬元營業額","0.0000%","0.0000%","N/A"
"=""6133""","金橋","N/A","N/A","N/A","N/A","N/A","N/A","","","N/A"
"=""6136""","富爾特","N/A","N/A","N/A","N/A","N/A","N/A","","","N/A"
"=""6139""","亞翔","0.0000","20.1751","20.1751","溫室氣體盤查主要為母公司台灣地區有控制權的汐止 、新竹和台南辦公室，工地為非營運控制權故不納入盤查範疇。","0.0016","公噸/百萬元營業額","0.0000%","0.0000%","N/A"
"=""6141""","柏承","N/A","N/A","N/A","N/A","N/A","N/A","","","N/A"
"=""6142""","友勁","6.7435","156.1395","162.8830","母公司(不含一般生活費廢棄物)","0.1375","公噸/百萬元營業額","0.0000%","4.1401%","ISO 14001"
"=""6152""","百一","0.0650","1.2000","1.2650","母公司","0.0007","公噸/百萬元營業額","","","N/A"
"=""6153""","嘉聯益","1,400.0000","1,160.0000","2,560.0000","母公司(桃科未查驗)","0.3515","公噸/百萬元營業額","100.0000%","54.6875%","UL 2799"
"=""6155""","鈞寶","17.0150","70.3200","87.3350","母公司","N/A","N/A","","","N/A"
"=""6164""","華興","9.4360","63.1780","72.6140","華興電子工業股份有限公司、華能光電科技股份有限公司、肇慶市立得電子有限公司、肇慶市立能電子有限公司","0.0882","公噸/百萬元營業額","","","ISO 9001,ISO 14001"
"=""6165""","浪凡","N/A","N/A","N/A","N/A","N/A","N/A","N/A","N/A","N/A"
"=""6166""","凌華","0.0000","4.4960","4.4960","僅母公司","0.0007","公噸/百萬元營業額","N/A","N/A","ISO 9001,ISO 14001"
"=""6168""","宏齊","3.2190","79.4090","82.6280","母公司","0.0424","公噸/百萬元營業額","0.0122%","3.9000%","N/A"
"=""6176""","瑞儀","68.6353","4,261.0598","4,329.6951","台灣廠區、吳江廠區、南京廠區及廣州廠區","0.8060","廢棄物總重量(公噸)/原物料塑膠粒投料量(公噸)","1.6000%","1.5852%","ISO 14001"
"=""6177""","達麗","N/A","2,141.0200","2,141.0200","本公司以下營運據點：後壁田三段工地","0.1740","公噸/百萬元營業額","","0.0000%","N/A"
"=""6183""","關貿","N/A","N/A","3.3585","關貿網路總公司南港軟體園區","N/A","N/A","","","N/A"
"=""6184""","大豐電","0.0000","42.3360","42.3360","大豐有線電視股份有限公司，未包含合併財務報表中之子公司","0.0557","公噸/百萬元營業額","","","N/A"
"=""6189""","豐藝","0.0000","14.8480","14.8480","豐藝電子股份有限公司台北總公司+桃園倉儲。","0.0003","公噸/百萬元營業額","N/A","","N/A"
"=""6191""","精成科","38,914.8215","13,897.5865","52,812.4080","包含合併財務報表之母子公司","2.4359","公噸/百萬元營業額","13.8688%","73.6850%","N/A"
"=""6192""","巨路","N/A","N/A","N/A","N/A","N/A","N/A","N/A","N/A","N/A"
"=""6196""","帆宣","3.2400","165.3700","168.6100","母公司","0.0028","公噸/百萬元營業額","0.0000%","","N/A"
"=""6197""","佳必琪","4.4832","163.8019","168.2851","母公司及台北廠、大陸子公司(東莞2廠區、昆山1廠區)、越南子公司(胡志明1廠區、北江1廠區) ","0.0343","公噸/百萬元營業額","0.6900%","2.6640%","數據公告於2024年度永續報告書廢棄物管理，由安永會計師進行內容確信，查核數據真實性。"
"=""6201""","亞弘電","N/A","N/A","N/A","N/A","N/A","N/A","0.0000%","0.0000%","N/A"
"=""6202""","盛群","0.3703","10.5970","10.9673","盛群總部及台北辦公室","0.0044","公噸/百萬元營業額","24.4500%","3.3800%","ISO 14001"
"=""6205""","詮欣","N/A","N/A","N/A","N/A","N/A","N/A","","","ISO 14001"
"=""6206""","飛捷","2.8100","175.5000","178.3100","飛捷母公司","N/A","N/A","","","N/A"
"=""6209""","今國光","39.2530","42.9648","82.2178","母公司","N/A","N/A","","47.0000%","ISO 14001"
"=""6213""","聯茂","3,946.4000","10,252.9200","14,199.3200","聯茂電子股份有限公司台灣廠及中國廠區(無錫廠、東莞廠、廣州廠及江西廠)","0.4842","公噸/百萬元營業額","17.0000%","27.7900%","N/A"
"=""6214""","精誠","0.0000","39.7000","39.7000","僅母公司總部大樓","0.0010","公噸/百萬元營業額","0.0000%","0.0000%","ISO 14001"
"=""6215""","和椿","0.0000","13.9540","13.9540","桃園廠(因台北、台中及台南都在辦公大樓內，僅有生活廢棄物，且廢棄物都由大樓物管公司收取)","0.0072","公噸/百萬元營業額","","","ISO 14001"
"=""6216""","居易","0.0000","26.0000","N/A","本公司","1.0000","公噸/百萬元營業額","","","N/A"
"=""6224""","聚鼎","23.8200","53.4700","77.2900","已完成母公司","0.0600","公噸/百萬元營業額","","","N/A"
"=""6225""","天瀚","0.0000","1.7750","1.7750","母公司","0.0330","公噸/百萬元營業額","","","N/A"
"=""6226""","光鼎","N/A","14.0527","14.0527","本公司以下營運據點：光鼎電子股份有限公司","0.0214","公噸/百萬元營業額","","0.0000%","N/A"
"=""6230""","尼得科超眾","0.0000","58.2290","58.2290","本公司以下營運據點：尼得科超眾科技股份有限公司","0.0090","公噸/百萬元營業額","0.0000%","0.0000%","ISO 14001"
"=""6235""","華孚","1,137.6900","977.1700","2,114.8600","華孚科技股份有限公司、 昆山華復精密金屬有限公司、 華孚精密科技(馬鞍山)有限公司、 華譽精密科技(含山)有限公司。","0.3627","公噸/百萬元營業額","","","N/A"
"=""6239""","力成","2,265.1600","4,767.0600","7,032.2200","僅台灣地區力成科技","0.1500","公噸/百萬元營業額","50.5000%","32.2000%","ISO 9001,ISO 14001"
"=""6243""","迅杰","N/A","N/A","26.0147","母公司","0.0361","公噸/百萬元營業額","","","N/A"
"=""6257""","矽格","5.6908","593.5729","599.2637","本公司以下營運據點：矽格股份有限公司(中興廠)、矽格股份有限公司(北興廠)、矽格股份有限公司(湖口廠)","6.0009","公噸/百萬元營業額","0.0000%","0.9496%","ISO 14001"
"=""6269""","台郡","1,401.0000","1,452.0000","2,853.0000","母公司","0.0050","公噸/產品","97.0000%","49.1000%","N/A"
"=""6271""","同欣電","468.2419","1,157.7393","1,625.9812","八德廠、台北廠、龍潭廠、竹北廠、菲律賓廠","0.1345","公噸/百萬元營業額","18.8674%","28.8000%","ISO 14001"
"=""6277""","宏正","N/A","N/A","N/A","N/A","N/A","N/A","","","N/A"
"=""6278""","台表科","336.0500","2,248.1400","2,584.1900","母公司及子公司-峻凌電子(蘇州)有限公司","0.0888","公噸/百萬元營業額","N/A","","N/A"
"=""6281""","全國電","N/A","N/A","N/A","N/A","N/A","N/A","","","N/A"
"=""6282""","康舒","181.6700","4,227.4100","4,409.0800","康舒科技+滬華五金之各營運據點","0.1400","公噸/百萬元營業額","100.0000%","4.1203%","UL 2799"
"=""6283""","淳安","108.0642","57.1411","165.2053","已完成合併財務報表之母子公司","N/A","N/A","1.0000%","0.6540%","N/A"
"=""6285""","啟碁","361.1100","6,487.3200","6,848.4300","範圍包含啓碁總部、力行廠、南科廠、啟佳、啟新、啟基永昌（昆山）、越南廠。","0.0070","公噸/百萬元營業額","77.0169%","5.2729%","ISO 14001"
"=""6405""","悅城","798.7600","99.0500","897.8100","母公司","6.8115","公噸/百萬元營業額","","","N/A"
"=""6409""","旭隼","16.4100","372.0000","388.4100","旭隼科技工廠的無害廢棄物(一般可回收廢棄物以及一般不可回收廢棄物)，均委託工業區垃圾回收站處理。一般可回收廢棄物所占比重，約90%。  旭隼科技工廠的無害廢棄物，工業區垃圾回收站回饋，廢棄物處理的方式，按材質分為以下四類： 1 主機殼鐵殼：廢鐵壓包、轉賣回收。 2 塑膠：可回收部分轉賣，不可回收部分拉去填埋場處理。 3 紙皮：紙廠回收。 4以上3類之外的其他廢棄物：填埋場處理。  綜上所述：填埋的廢棄物，比例較小，比重約8%；大部分廢棄物被回收利用，比重約92%。  到目前為止，旭隼科技沒有發生任何廢棄物污染事件。 旭隼科技製造和裝運的產品均為合格產品，滿足客戶規定的品質、安全和環保要求，以及相應的區域法律法規的要求。 作為全球不斷電系統以及逆變器專業的DMS工廠，旭隼科技的產品不僅滿足客戶的要求，而且符合相應地區的品質標準、安全標準和環保法規，包括歐盟RoHS指令、REACH法規和WEEE指令。並無運輸、輸入、輸出被「巴塞爾公約」附錄I、II、III、VIII視為有害廢棄物的物質。 ","0.5581","公噸/百萬美元營業額","","","ISO 9001,ISO 14001"
"=""6412""","群電","255.7400","3,780.6300","4,036.3600","台北總公司、東莞廠、蘇州廠、重慶廠、泰國廠","0.1090","公噸/百萬元營業額","6.4500%","6.3359%","ISO 14001"
"=""6414""","樺漢","0.0000","2.4650","2.4650","新北市中和區建康路10號3-6F ","0.0005","公噸/百萬元營業額","","","N/A"
"=""6415""","矽力*-KY","3.5625","1,107.3200","1,110.8825","集團","0.0602","公噸/百萬元營業額","","","N/A"
"=""6416""","瑞祺電通","0.0000","0.1200","0.1200","僅母公司","0.0000","公噸/百萬元營業額","","","N/A"
"=""6426""","統新","15.4400","0.0000","15.4400","113年1月至12月","N/A","N/A","N/A","N/A","N/A"
"=""6431""","光麗-KY","N/A","N/A","N/A","N/A","N/A","N/A","","","N/A"
"=""6438""","迅得","0.0000","70.5790","70.5790","母公司","0.0249","公噸/百萬元營業額","0.0000%","0.0000%","N/A"
"=""6442""","光聖","0.0000","36.6200","36.6200","母公司","0.0060","公噸/百萬元營業額","","","N/A"
"=""6443""","元晶","404.1000","2,580.4000","2,984.5000","113年新竹廠、屏東廠資料加總","0.6612","公噸/百萬元營業額","92.5000%","13.5400%","ISO 14001"
"=""6446""","藥華藥","8.4700","29.4400","37.9100","藥華醫藥台北總部+台中廠+泛泰醫療","0.0032","公噸/百萬元營業額","0.0000%","22.3400%","N/A"
"=""6449""","鈺邦","N/A","N/A","N/A","N/A","N/A","N/A","","","N/A"
"=""6451""","訊芯-KY","38.3258","40.3160","78.6418","中國廣東省中山市火炬開發區建業東路9號","0.0152","公噸/百萬元營業額","","","N/A"
"=""6456""","GIS-KY","252.9200","10,434.0400","10,686.9600","已完成合併報表之母子公司","0.1527","公噸/百萬元營業額","100.0000%","2.3666%","ISO 14001"
"=""6464""","台數科","N/A","307.9780","307.9780","已完成合併財務報表之母子公司","0.0705","廢棄物量/百萬元營業額","N/A","N/A","N/A"
"=""6472""","保瑞","83.0700","271.1300","354.2000","母公司、台灣所有子公司","0.0180","公噸/百萬元營業額","","","TWSAE 3000"
"=""6477""","安集","0.2000","64.4000","64.6000","母公司及合併公司","0.0721","公噸/百萬元營業額","N/A","0.3100%","N/A"
"=""6491""","晶碩","118.2970","2,926.4060","3,044.7030","僅母公司","3.2800","每單位產品廢棄物產出量","","","ISO 14001"
"=""6504""","南六","N/A","N/A","N/A","N/A","N/A","N/A","","","N/A"
"=""6505""","台塑化","485.0000","1,328,435.0000","1,328,920.0000","麥寮一廠、麥寮二廠、麥寮三廠","2.0000","公噸/百萬元營業額","0.0000%","","N/A"
"=""6515""","穎崴","18.1200","843.8400","861.9600","本公司以下營運據點：高雄一廠、高雄二廠、新竹廠","0.1487","公噸/百萬元營業額","","","ISO 14001"
"=""6525""","捷敏-KY","229.1430","1,492.7200","1,721.8630","包含合併財務報表之母子公司","0.3690","公噸/百萬元營業額","","","N/A"
"=""6526""","達發","1.2800","98.4400","99.7200","台灣辦公室","0.0052","公噸/百萬元營業額","","1.2800%","N/A"
"=""6531""","愛普*","0.1060","0.0000","0.1060","母公司及轉投資-愛普存儲技術(杭州)有限公司","0.0000","公噸/百萬元營業額","","","N/A"
"=""6533""","晶心科","N/A","N/A","N/A","N/A","N/A","N/A","","","N/A"
"=""6534""","正瀚-創","3.0611","19.7400","22.8011","正瀚生技股份有限公司企業總部暨研發中心、彰濱廠","0.0139","公噸/百萬元營業額","100.0000%","13.4252%","N/A"
"=""6541""","泰福-KY","8.2200","68.3500","76.5700","資料包含台灣及美國子公司營運據點。","0.0020","公噸/新台幣千元營業額","","","N/A"
"=""6550""","北極星藥業-KY","N/A","N/A","N/A","N/A","N/A","N/A","","","N/A"
"=""6552""","易華電","1,370.1500","148.2300","1,518.3800","易華電子股份有限公司一廠(高雄市楠梓區新開發路6號1、2、3、4樓；8號1、2、3、4樓；10號1、2、3、4樓；12號1、2樓)","0.7746","公噸/百萬元營業額","77.7137%","90.2376%","N/A"
"=""6558""","興能高","76.6500","49.2100","125.8600","母子公司合併","0.1052","公噸/百萬元營業額","","","N/A"
"=""6573""","虹揚-KY","516.8400","42.3400","559.1800","已完成合併財務報表之母子公司","N/A","N/A","5.7100%","92.4300%","ISAE 3000"
"=""6579""","研揚","0.2600","29.5216","29.7816","僅母公司","0.0076","公噸/百萬元營業額","0.0000%","0.8730%","N/A"
"=""6581""","鋼聯","793.3700","93,892.0300","94,685.4000","113年全廠廢棄物產出量 ","1.8513","公噸/產品","100.0000%","0.8379%","N/A"
"=""6582""","申豐","45.2600","719.9900","765.2500","生產單位(工廠)","0.0130","公噸/產品","","6.0000%","N/A"
"=""6585""","鼎基","0.0000","366.5700","366.5700","高雄廠+屏東廠","0.1172","公噸/百萬元營業額","","","N/A"
"=""6589""","台康生技","6.1530","47.2490","53.4020","汐止總公司及竹北分公司","0.0529","公噸/百萬元營業額","N/A"
"=""6591""","動力-KY","3.0000","64.0000","67.0000","江西及東莞生產基地。","N/A","N/A","","","N/A"
"=""6592""","和潤企業","0.0000","43.6010","43.6010","和潤企業股份有限公司、和運國際融資租賃有限公司、和勁企業股份有限公司、和潤電能股份有限公司、和潤興業股份有限公司之一般生活廢棄物","N/A","N/A","","","N/A"
"=""6598""","ABC-KY","0.3530","0.4010","0.7540","美國廠與台灣廠合計。","N/A","N/A","","","N/A"
"=""6605""","帝寶","0.0000","1,402.7310","1,402.7310","鹿港總廠、彰濱廠、新營廠及台北營業部。","0.0866","公噸/百萬元營業額","0.0000%","0.0000%","ISO 14001"
"=""6606""","建德工業","0.0000","13,560.0000","13,560.0000","斗六總公司","18.6008","公噸/百萬元營業額","N/A","","N/A"
"=""6625""","必應","N/A","N/A","N/A","N/A","N/A","N/A","","","N/A"
"=""6641""","基士德-KY","6.1800","25.9300","32.1100","川源(中國)機械有限公司(平湖廠)","0.0238","公噸/百萬元營業額","","","N/A"
"=""6645""","金萬林-創","0.0000","0.2962","0.2962","針對辦公室產生生活的垃圾進行垃圾的分類存放，收集，由廠辦一起處理。實驗室產生廢棄物一律以生物醫療廢棄物處理，嚴格委託經主管機關核可廠商處理相關廢棄物。此資料係2024實驗室產生之數據資料。","N/A","N/A","","","N/A"
"=""6655""","科定","0.0000","572.7520","572.7520","母公司","0.2300","公噸/百萬元營業額","","","N/A"
"=""6657""","華安","N/A","N/A","9.4335","華安醫學股份有限公司","1.2174","公噸/百萬元營業額","","","N/A"
"=""6658""","聯策","0.0000","6.2000","6.2000","母公司+裕和街工廠","55.3571","公斤/員工月均人數","","","ISO 14001"
"=""6666""","羅麗芬-KY","0.1130","326.5942","326.7072","子公司嘉文麗（福建）化妝品有限公司","0.2899","公噸/百萬元營業額","","","N/A"
"=""6668""","中揚光","19.6100","52.5800","72.1900","台中市南屯區工業區二十二路21號 台中市南屯區工業區二十二路14-1號","0.1900","公噸/服務","0.0000%","27.1600%","N/A"
"=""6669""","緯穎","226.3200","8,670.7500","8,897.0700","全球主要營運據點及製造廠區","0.0247","公噸/百萬元營業額","2.2122%","2.5438%","ISO 9001,ISO 14001"
"=""6670""","復盛應用","79.4700","6,907.9300","6,987.4000","母公司","0.3145","公噸/百萬元營業額","100.0000%","1.1373%","ISO 14001"
"=""6671""","三能-KY","19.2800","727.4400","746.7200","已完成合併財務報表之母子公司","0.3661","公噸/百萬元營業額","","","N/A"
"=""6672""","騰輝電子-KY","132.9949","1,717.3900","1,850.3849","合併財務報表之子公司生產型廠區","0.4377","公噸/百萬元營業額","","","N/A"
"=""6674""","鋐寶科技","N/A","N/A","N/A","N/A","N/A","N/A","","","N/A"
"=""6689""","伊雲谷","0.0000","7.4585","7.4585","伊雲谷總部","0.0020","公噸/百萬元營業額","","","N/A"
"=""6691""","洋基工程","0.0000","1,725.2200","1,725.2200","台灣總公司、新竹、台中、台南營業據點","0.1402","公噸/百萬元營業額","0.0000%","0.0000%","N/A"
"=""6695""","芯鼎","0.0000","52.6225","52.6225","新竹辦公室及台北辦公室皆屬綜合辦公大樓，生活垃圾由大樓管委會統一清運處理，故以行政院環境部公告平均每人每日一般廢棄物產生量為計算基準 ","N/A","N/A","0.0000%","0.0000%","N/A"
"=""6698""","旭暉應材","0.0000","9.0600","9.0600","民國113年12月31日吸收合併千鋐科技（股）公司，母公司盤查範圍未併入千鋐科技（股）公司","0.0102","公噸/百萬元營業額","","","N/A"
"=""6706""","惠特","0.0000","24.4000","24.4000","僅母公司","0.0263","公噸/百萬元營業額","","","N/A"
"=""6715""","嘉基","12.7916","378.2500","16.8070","總部及各廠區","N/A","N/A","","","ISO 14001"
"=""6719""","力智","0.0000","9.9400","9.9400","已完成母公司","0.0027","公噸/百萬元營業額","0.0000%","0.0000%","N/A"
"=""6742""","澤米","2.3420","47.5040","49.8460","母公司全體廠區","0.0724","公噸/百萬元營業額","0.0000%","4.8200%","N/A"
"=""6743""","安普新","44.6200","198.1900","242.8100","包含合併財務報表之母子公司","0.0353","公噸/百萬元營業額","","","N/A"
"=""6753""","龍德造船","0.0000","812.6200","812.6200","僅母公司","0.1587","公噸/百萬元營業額","","","N/A"
"=""6754""","匯僑設計","15.6400","262.8900","278.5300","已完成合併財務報表之母子公司","N/A","N/A","","","ISO 14001"
"=""6756""","威鋒電子","0.6040","7.2400","7.8440","有害廢棄物+生活廢棄物","N/A","N/A","","","N/A"
"=""6757""","台灣虎航","N/A","N/A","N/A","N/A","N/A","N/A","","","N/A"
"=""6768""","志強-KY","N/A","N/A","N/A","N/A","N/A","N/A","","","N/A"
"=""6770""","力積電","7,868.6400","11,027.3500","18,895.9900","力積電個體及合併財報子公司","0.1760","單位廢棄物產出（公噸/平方公尺）","92.1000%","41.6400%","ISO 14001"
"=""6771""","平和環保-創","622.2300","7,027.8600","7,650.0900","合併財務報表之母子公司","N/A","N/A","","","N/A"
"=""6776""","展碁國際","0.0000","10.4400","10.4400","其他：申報公司及100%持股子公司","0.0004","公噸/百萬元營業額","0.0000%","0.0000%","N/A"
"=""6781""","AES-KY","27.7549","238.7620","266.5169","已完成合併財務報表之母子公司,其他(申報數據包含母公司及部分子公司(兆普、嘉普、太普常熟)，太普越南尚在建廠階段，待實際生產後盤查。)","0.0266","公噸/百萬元營業額","","","ISO 14001"
"=""6782""","視陽","63.0000","2,388.0000","2,451.0000","馬來西亞子公司(工廠)","0.6670","公噸/百萬元營業額","","","N/A"
"=""6789""","采鈺","1,818.0000","826.0000","2,644.0000","采鈺公司新竹廠、中壢廠及龍潭廠","0.2643","公噸/百萬元營業額","98.1848%","68.7595%","N/A"
"=""6790""","永豐實","0.0000","4,882.0000","4,882.0000","台灣區主要紙品工廠","0.0476","公噸/產品","0.0000%","0.0000%","ISO 9001,ISO 14001"
"=""6792""","詠業","301.7600","82.7900","384.5500","詠業科技詠榮廠、詠智廠","0.3124","公噸/百萬元營業額","0.0000%","78.4700%","ISO 14001"
"=""6794""","向榮生技-創","0.0000","2.1700","2.1700","臺灣營運地區（臺北總公司、細胞製劑廠、化妝品廠）","0.0680","公噸/百萬元營業額","","","N/A"
"=""6796""","晉弘","0.0900","0.0060","0.0960","台灣母公司","0.0002","公噸/百萬元營業額","","","N/A"
"=""6799""","來頡","0.0716","0.4325","0.5041","已完成母公司","0.0006","公噸/百萬元營業額","100.0000%","14.0000%","N/A"
"=""6805""","富世達","2.1930","92.5190","94.7120","台灣地區、大陸地區、越南地區","0.0115","公噸/百萬元營業額","","","N/A"
"=""6806""","森崴能源","0.0000","1.7030","1.7030","數據統計僅包含頂埔大樓森崴能源總部，且根據整棟大樓以人數進行平均分攤。","0.0015","公噸/百萬元營業額","0.0000%","0.0000%","N/A"
"=""6807""","峰源-KY","163.0000","7,274.0000","7,437.0000","主要生產基地","1.4877","公噸/百萬元營業額","","","N/A"
"=""6830""","汎銓","0.9600","1.9500","2.9100","僅台灣母公司","0.0018","公噸/百萬元營業額","","","N/A"
"=""6834""","天二科技","264.0300","166.7700","430.8000","已完成母公司","N/A","N/A","100.0000%","61.0000%","ISO 14001"
"=""6835""","圓裕","269.6400","28.3000","297.9400","昆山圆裕電子科技有限公司 圆裕電子（昆山）有限公司","0.1222","公噸/百萬元營業額","","","N/A"
"=""6838""","台新藥","N/A","N/A","N/A","N/A","N/A","N/A","","","N/A"
"=""6854""","錼創科技-KY創","109.1300","30.1700","139.3000","錼創顯示科技股份有限公司","0.0085","公噸/產品","","78.3400%","ISO 14001"
"=""6861""","睿生光電","0.0000","17.8590","17.8590","母公司","0.0090","公噸/百萬元營業額","62.7200%","0.0000%","ISO 14001"
"=""6862""","三集瑞-KY","49.1700","359.7710","408.9410","與本公司合併財務報表母子公司之數據邊界一致","0.1859","公噸/百萬元營業額","31.6860%","12.0237%","N/A"
"=""6863""","永道-KY","19.6400","3,726.1800","3,745.8200","台北、揚州","N/A","N/A","","0.5264%","ISO 9001,ISO 14001"
"=""6869""","雲豹能源","0.0000","13.5000","13.5000","僅母公司雲豹能源科技股份有限公司","N/A","N/A","0.0000%","0.0000%","N/A"
"=""6873""","泓德能源","N/A","N/A","N/A","N/A","N/A","N/A","","","N/A"
"=""6885""","全福生技","N/A","N/A","N/A","N/A","N/A","N/A","","","N/A"
"=""6887""","寶綠特-KY","48.2600","2,494.3140","2,542.5740","已完成合併財務報表之母子公司","0.4670","公噸/百萬元營業額","","","ISO 14001"
"=""6890""","來億-KY","1,177.7149","14,582.0585","15,759.7734","臺灣總部、樂億、樂億Ⅱ、億春、億柏、億碩、昌億、嘉智、億泉、億福、歐紐","0.4181","公噸/百萬元營業額","0.0000%","7.4729%","N/A"
"=""6901""","鑽石投資","N/A","N/A","N/A","N/A","N/A","N/A","","","N/A"
"=""6902""","GOGOLOOK-創","0.0000","3.3750","3.3750","走著瞧股份有限公司所在台北市辦公空間","0.0039","公噸/百萬元營業額","","","N/A"
"=""6906""","現觀科","N/A","N/A","N/A","N/A","N/A","N/A","","","N/A"
"=""6909""","創控","0.0000","0.5280","0.5280","已完成母公司","0.0011","公噸/百萬元營業額","","","N/A"
"=""6914""","阜爾運通","0.0000","154.6200","154.6200","母公司","N/A","N/A","","","N/A"
"=""6916""","華凌","60.9700","58.6700","119.6400","台灣總部及中科廠","0.0588","公噸/百萬元營業額","","50.9612%","N/A"
"=""6918""","愛派司","N/A","N/A","N/A","N/A","N/A","N/A","","","N/A"
"=""6919""","康霈*","N/A","N/A","N/A","N/A","N/A","N/A","","1.3236%","N/A"
"=""6923""","中台","8,427.8390","4,995.6760","13,423.5150","中台一廠、二廠及三廠。","7.8192","公噸/百萬元營業額","","","N/A"
"=""6924""","榮惠-KY創","N/A","N/A","N/A","N/A","N/A","N/A","","","N/A"
"=""6928""","攸泰科技","0.0000","134.4794","134.4794","台灣區","0.0665","公噸/百萬元營業額","","","ISO 14001"
"=""6931""","青松健康","N/A","N/A","N/A","N/A","N/A","N/A","","","N/A"
"=""6933""","AMAX-KY","N/A","N/A","N/A","N/A","N/A","N/A","N/A","N/A","N/A"
"=""6936""","永鴻生技","3.8900","84.8306","88.7206","本公司之新竹廠","0.0686","公噸/百萬元營業額","","","N/A"
"=""6937""","天虹","0.0000","25.0700","25.0700","統計範疇為天虹科技總部／天虹科技湖口廠","0.0097","公噸/百萬元營業額","","","N/A"
"=""6944""","兆聯實業","0.0000","220.7000","220.7000","已完成母公司 ","0.0200","公噸/百萬元營業額","","","N/A"
"=""6949""","沛爾生醫-創","N/A","N/A","N/A","N/A","N/A","N/A","","","N/A"
"=""6951""","青新-創","0.0000","238.3300","238.3300","合併財務報表之母子公司","0.3400","公噸/百萬元營業額","","","N/A"
"=""6952""","大武山","0.0000","25,331.9400","25,331.9400","大武山公司屏東場區、台南場區以及雲林場區","2.5300","廢棄物總量（公噸） / 年在養雞數（百隻）。","","","ISO 14001"
"=""6955""","邦睿生技-創","N/A","N/A","N/A","N/A","N/A","N/A","100.0000%","N/A","N/A"
"=""6957""","裕慶-KY","4.0000","1,011.0000","1,015.0000","本年度報告書資訊揭露之組織邊界以生產基地為考量，範圍僅涵蓋裕慶集團之台灣分公司、子公司蘇州裕慶金屬制品有限公司及昆山環宇木業有限公司之營運與生產據點，其中Beeline Corp、BEELINE Group LLC及郁智康股份有限公司之性質為投資控股或貿易性質而未列入。","0.2200","公噸/百萬元營業額","N/A","N/A","N/A"
"=""6958""","日盛台駿","N/A","N/A","N/A","N/A","N/A","N/A","","","N/A"
"=""6962""","奕力-KY","0.0000","18.8622","18.8622","奕力科技新竹辦公室","0.0008","公噸/百萬元營業額","N/A","","N/A"
"=""6965""","中傑-KY","247.7300","2,157.6910","N/A","台灣總部、中國上高廠、越南寧平廠","N/A","N/A","","","N/A"
"=""6969""","成信實業*-創","0.0000","27.3070","27.3070","已完成母公司","0.1360","公噸/百萬元營業額","","","N/A"
"=""6988""","威力暘-創","5.2760","0.0200","5.2960","母公司","N/A","N/A","","","N/A"
"=""6994""","富威電力","0.0000","17.3097","17.3097","數據僅涵蓋頂埔大樓富威電力總部及富威電力蘇澳分公司","N/A","N/A","0.0000%","0.0000%","N/A"
"=""7631""","聚賢研發","0.0000","35.4400","35.4400","北中南辦公區","N/A","N/A","0.0000%","0.0000%","N/A"
"=""7705""","三商餐飲","0.0000","422.3800","422.3800","三商餐飲中央廚房","N/A","N/A","","","N/A"
"=""7722""","LINEPAY","0.0000","16.7904","16.7904","連加網路商業股份有限公司個體公司","0.0027","公噸/百萬元營業額","","","N/A"
"=""7732""","金興精密","28.7360","994.7700","1,023.5100","已完成合併財務報表之母子公司","0.6018","公噸/百萬元營業額","","","N/A"
"=""7736""","虎山","0.0000","35.7000","35.7000","母公司","N/A","N/A","","","N/A"
"=""7740""","熙特爾","N/A","N/A","N/A","N/A","N/A","N/A","","","N/A"
"=""7749""","意騰-KY","0.0000","1.6409","1.6409","統計範圍為意騰科技總公司","N/A","N/A","","","N/A"
"=""7788""","松川精密","52.5700","2,368.6100","2,421.1800","已完成母公司台灣廠區","0.5374","公噸/百萬元營業額","","","ISO 14001"
"=""8011""","台通","0.0000","121.3570","121.3570","總部+工廠","N/A","N/A","","","N/A"
"=""8016""","矽創","2.1229","3.2563","5.3792","矽創(新竹總公司及臺北辦公室)","0.0005","公噸/百萬元營業額","100.0000%","39.4650%","N/A"
"=""8021""","尖點","0.0000","86.3400","86.3400","僅母公司","N/A","N/A","","","ISO 14001"
"=""8028""","昇陽半導體","1,246.4460","1,815.4821","3,061.9281","盤查廠址:新竹巿力行路6號;台中巿梧棲區建七路2號","0.8621","公噸/百萬元營業額","0.0000%","40.7079%","ISO 14001"
"=""8033""","雷虎","0.0000","17.0300","17.0300","雷虎科技母公司","0.1207","公噸/百萬元營業額","","","N/A"
"=""8039""","台虹","996.8200","1,136.6100","2,133.4300","一廠、二廠、三廠、五廠","N/A","N/A","56.7900%","","ISO 14001"
"=""8045""","達運光電","0.0000","36.0000","36.0000","已完成母公司","0.0002","公噸/百萬元營業額","","","N/A"
"=""8046""","南電","11,801.0000","3,837.0000","15,638.0000","母公司","0.4800","公噸/百萬元營業額","92.8000%","","N/A"
"=""8070""","長華*","13,124.0000","4,814.0000","17,938.0000","包含合併財務報表之母子公司","0.0010","公噸/千元營業額","70.0000%","73.0000%","確信準則3000號（TWSAE3000）"
"=""8072""","陞泰","N/A","N/A","N/A","N/A","N/A","N/A","","","N/A"
"=""8081""","致新","0.5650","13.1070","13.6720","僅母公司","0.0019","公噸/百萬元營業額","","","N/A"
"=""8101""","華冠","N/A","N/A","N/A","N/A","N/A","N/A","","","N/A"
"=""8103""","瀚荃","0.0000","0.4699","0.4699","新北市淡水區中正東路一段3巷9號9樓","N/A","N/A","","","ISO 9001"
"=""8104""","錸寶","26.0050","50.9800","76.9850","母公司-錸寶 ","N/A","N/A","34.1312%","33.7794%","N/A"
"=""8105""","凌巨","1,182.5278","2,551.7590","3,734.2868","凌巨科技股份有限公司台灣八德廠、台灣新竹廠、台灣頭份廠、大陸和霖廠","0.4259","公噸/百萬元營業額","39.8232%","31.6668%","ISO 14001"
"=""8110""","華東","28.3850","504.4150","532.8000","僅母公司","0.1064","公噸/百萬元營業額","100.0000%","5.3300%","ISO 14001"
"=""8112""","至上","0.3330","1.4970","1.8300","僅包含至上電子(母公司)","N/A","N/A","N/A","18.1967%","N/A"
"=""8114""","振樺電","0.0000","33.0490","N/A","母公司","N/A","N/A","","","N/A"
"=""8131""","福懋科","65.5500","390.4400","455.9900","福懋科技公司全廠區","0.0596","公噸/百萬元營業額","0.0000%","14.3800%","ISO 14001"
"=""8150""","南茂","891.6700","1,508.9200","2,400.5800","113年度南茂集團台灣六個廠區","0.1058","公噸/百萬元營業額","10.7800%","37.1439%","ISO 14001"
"=""8162""","微矽電子-創","199.9200","357.4100","557.3300","公司竹東廠及竹南廠","0.5237","公噸/百萬元營業額","","","中華民國確信準則3000號"
"=""8163""","達方","1,624.7520","1,871.3640","3,496.1160","達方(包含總部與桃園廠、台南廠、蘇州廠、淮安廠、重慶廠、越南廠)","0.2465","公噸/百萬元營業額","81.6894%","46.4731%","ISO 14001"
"=""8201""","無敵","3.2685","12.1900","15.4585","有害事業廢棄物僅統計台灣地區2024年度資料。","N/A","N/A","N/A","N/A","N/A"
"=""8210""","勤誠","13.8600","3,817.5600","3,831.4200","勤誠總部、嘉義廠、勤昆廠、前盛廠、勤鋒廠、美國辦公室、德國辦公室、中國辦公室","N/A","N/A","","","N/A"
"=""8213""","志超","38,219.2000","10,216.5000","48,435.7000","本公司(母公司)、統盟無錫、祥豐中山、志超遂寧、志超越南、志昱科技","2.7352","公噸/百萬元營業額","83.6800%","78.9100%","ISO 14001"
"=""8215""","明基材","504.5600","1,874.7780","2,379.3380","桃園廠區、雲林廠區及大陸廠區","0.1280","公噸/百萬元營業額","81.3800%","","ISO 9001,ISO 14001"
"=""8222""","寶一","51.5900","87.3100","138.9000","母公司","N/A","N/A","19.5700%","37.1400%","N/A"
"=""8249""","菱光","0.0000","0.0814","0.0814","母公司","0.0019","公噸/百萬元營業額","","","N/A"
"=""8261""","富鼎","0.0000","7.5210","7.5210","母公司","0.0026","公噸/百萬元營業額","","","N/A"
"=""8271""","宇瞻","9.4000","60.4800","69.8800","已盤查製造業者","0.0089","公噸/百萬元營業額","","","ISO 14001,確信準則3000號"
"=""8341""","日友","6,060.3970","5,646.4910","11,706.0880","日友公司雲林廠、彰濱廠(為符合GRI、SASB準則，應揭露所有衍生廢棄物產生量，故重新檢視廠內衍生廢棄物產出量，除焚化製程底渣、飛灰外，新增揭露MVR固體物、濾袋及耐火材，物化製程污泥，固化製程集塵灰等衍生廢棄物)。","N/A","N/A","N/A","51.8000%","ISO 14001"
"=""8367""","建新國際","0.0000","25.2000","25.2000","建新國際總公司營運與服務據點（尚不包含子公司）。,補充","0.0169","公噸/百萬元營業額","","","N/A"
"=""8374""","羅昇","0.0000","15.3900","16.3900","台灣物流中心","0.0150","公噸/百萬元營業額","","","N/A"
"=""8404""","百和興業-KY","162.9300","5,429.2200","5,592.1500","江蘇百宏複合材料科技股份有限公司、東莞百宏實業有限公司、越南百宏責任有限公司","0.8200","公噸/百萬元營業額","","","N/A"
"=""8411""","福貞-KY","1,407.6415","7,085.6160","8,493.2575","本公司(福貞控股)及所屬轉投資孫公司(「鼎新金屬股份有限公司」、「鼎立金屬包裝股份有限公司」、「福建福貞金屬包裝有限公司」、「福建福天食品有限公司」、「山東福貞金屬包裝有限公司」、「河南福貞金屬包裝有限公司」)作為揭露範疇","N/A","N/A","","","N/A"
"=""8422""","可寧衛","8.7800","35,468.4720","35,477.2520","本公司以下營運據點：上評資源循環股份有限公司、大倉實業股份有限公司、大寧股份有限公司、可寧衛企業股份有限公司、可寧衛股份有限公司-固化廠、可寧衛股份有限公司-總部、吉鼎材料股份有限公司、吉衛股份有限公司","6.8636","公噸/百萬元營業額","0.0000%","0.0200%","ISO 14001"
"=""8429""","金麗-KY","N/A","N/A","N/A","N/A","N/A","N/A","N/A","N/A","N/A"
"=""8438""","昶昕","53.9500","274.4300","328.3800","大園一廠、大園廠、海湖廠、蘆竹廠、含銅廢液廠 ","N/A","N/A","","","N/A"
"=""8442""","威宏-KY","41.9100","1,328.6300","1,370.5400","合併財務報表之母子公司","N/A","N/A","","","N/A"
"=""8443""","阿瘦","N/A","N/A","N/A","N/A","N/A","N/A","","","N/A"
"=""8454""","富邦媒","0.0000","927.8422","927.8422","合併財務報表之母子公司。","0.0137","公噸/人 (註)廢棄物密集度為momo總部大樓廢棄物總量/momo總部大樓總人數 ","","","ISO 14001"
"=""8462""","柏文","0.0000","360.8098","360.8098","包含合併財務報表之母子公司","0.0704","公噸/百萬元營業額","","","N/A"
"=""8463""","潤泰材","0.0000","1,208.6900","1,208.6900","母公司個體(涵蓋所有營運據點)","0.2586","公噸/百萬元營業額","0.0000%","0.0000%","N/A"
"=""8464""","億豐","N/A","N/A","N/A","N/A","N/A","N/A","","","N/A"
"=""8466""","美吉吉-KY","0.0000","739.1142","739.1142","美喆國際企業股份有限公司(土城總公司：新北市土城區大暖路126號及台南廠區：台南市安南區工業三路16號) 東莞美哲塑膠製品有限公司 東莞普隆塑膠製品有限公司","0.1914","公噸/百萬元營業額","","","N/A"
"=""8467""","波力-KY","118.9800","1,486.0400","1,605.0200","台灣總公司/台灣大里廠/桐鄉波力/桐鄉健佑","N/A","N/A","","","N/A"
"=""8473""","山林水","0.0000","14,740.0000","14,740.0000","母公司","N/A","N/A","","","N/A"
"=""8476""","台境*","0.0000","6.9300","6.9300","母公司","0.0047","公噸/百萬元營業額","N/A","0.0000%","N/A"
"=""8478""","東哥遊艇","0.0000","750.8600","750.8600","台灣營運據點","N/A","N/A","","","N/A"
"=""8481""","政伸","0.0000","38.3750","38.3750","母公司","0.0659","公噸/百萬元營業額","","","ISO 14001"
"=""8482""","商億-KY","25.8900","197.3400","223.2300","2024年全年","N/A","N/A","","","ISO 9001"
"=""8487""","愛爾達-創","0.0000","11.5560","11.5560","本公司以下營運據點：愛爾達科技股份有限公司","0.0078","公噸/百萬元營業額","","0.0000%","N/A"
"=""8488""","吉源-KY","N/A","N/A","N/A","N/A","N/A","N/A","","","N/A"
"=""8499""","鼎炫-KY","0.3654","0.0000","0.3654","就子公司隆揚電子(昆山)股份有限公司有害廢棄物進行統計。","0.0002","公噸/百萬元營業額","","","ISO 9001,ISO 14001"
"=""8926""","台汽電","0.0000","22,901.3600","22,901.3600","台汽電官田廠","3.8872","公噸/百萬元營業額","0.0000%","","確信準則3000號（TWSAE3000）"
"=""8940""","新天地","0.0000","24,795.3100","24,795.3100","新天地崇德旗艦店、新天地旱溪東區店","49.9785","公噸/百萬元營業額","","","N/A"
"=""8996""","高力","0.0000","943.2320","943.2320","已完成母公司","0.2500","公噸/百萬元營業額","0.0000%","0.0000%","ISO 14001"
"=""9802""","鈺齊-KY","38.2680","880.5700","918.8380","合併財務報表之母子公司","N/A","N/A","","","N/A"
"=""9902""","台火","0.0000","1.7250","1.7250","合併財務報表之母子公司","0.0071","公噸/百萬元營業額","","","N/A"
"=""9904""","寶成","8,411.2000","76,441.1000","84,852.3000","本公司製鞋業務範圍","0.0004","公噸/產品","","","113年製鞋業務範圍廢棄物數據，由臺灣檢驗科技股份有限公司(SGS Taiwan Ltd.)以AA 1000AS v3第二類型高度保證等級(Type 2 High Level) 進行保證"
"=""9905""","大華","2.5100","145.3200","147.8300","僅母公司","0.0641","公噸/百萬元營業額","","","N/A"
"=""9906""","欣巴巴","N/A","N/A","N/A","N/A","N/A","N/A","","","N/A"
"=""9907""","統一實","363.0000","3,276.0000","3,639.0000","母公司個體(包含:台灣個體一廠及二廠)","0.2200","公噸/百萬元營業額","","","N/A"
"=""9908""","大台北","0.0000","5,711.0000","5,711.0000","母公司二棟大樓 ","1.7213","公噸/百萬元營業額","0.0000%","","N/A"
"=""9910""","豐泰","5,689.0000","34,551.0000","40,240.0000","包含豐泰集團總部及各地區子公司，但不包含控股等關係企業。","0.4599","公噸/百萬元營業額","37.8098%","14.1380%","N/A"
"=""9911""","櫻花","0.0000","2,853.3190","2,853.3190","盤查邊界為台灣櫻花國內各廠區及部份子公司。","0.3000","公噸/百萬元營業額","0.0000%","0.0000%","N/A"
"=""9912""","偉聯","N/A","N/A","N/A","N/A","N/A","N/A","N/A","N/A","N/A"
"=""9914""","美利達","0.0000","147.4400","147.4400","母公司","0.0081","公噸/百萬元營業額","0.0000%","0.0000%","N/A"
"=""9917""","中保科","0.0000","30,253.9000","30,253.9000","總公司旗下據點及分公司","3.8560","公噸/百萬元營業額","","","N/A"
"=""9918""","欣天然","N/A","N/A","11.1000","欣欣大樓","0.0056","公噸/百萬元營業額","0.0000%","0.0000%","N/A"
"=""9919""","康那香","0.0000","1,752.0000","1,752.0000","佳里廠: 臺南市佳里區民安里同安寮77-1號 口寮廠: 臺南市將軍區將軍里三吉66之1號 佳里三廠: 臺南市將軍區苓仔寮里源頭1-2號","0.8900","公噸/百萬元營業額","0.0000%","0.0000%","ISO 9001,ISO 14001"
"=""9921""","巨大","3,052.4219","18,405.6232","21,458.0451","巨大集團全球製造工廠","0.0053","公噸/產品","92.0828%","14.2251%","ISO 14001"
"=""9924""","福興","15.0900","223.0000","238.0900","高雄市岡山區本洲里育才路88號","N/A","N/A","","","ISO 14001"
"=""9925""","新保","N/A","N/A","N/A","N/A","N/A","N/A","","","N/A"
"=""9926""","新海","0.0000","47.1400","47.1400","母公司","0.0200","公噸/百萬元營業額","","","N/A"
"=""9927""","泰銘","518.0400","52.5700","570.6100","全廠","0.1024","公噸/百萬元營業額","","","N/A"
"=""9928""","中視","N/A","N/A","N/A","N/A","N/A","N/A","","","N/A"
"=""9929""","秋雨","N/A","N/A","N/A","N/A","N/A","N/A","N/A","N/A","N/A"
"=""9930""","中聯資源","4.3504","41,050.6879","41,055.0383","涵蓋母公司全台灣地區各廠(場)站","3.4531","公噸/百萬元營業額","0.0000%","0.0106%","ISO 14001"
"=""9931""","欣高","0.0000","46.4000","46.4000","母公司","0.4000","公噸/產品","","","N/A"
"=""9933""","中鼎","0.0000","4,097.6577","4,097.6577","中鼎工程所有營運據點","65.4000","公噸/百萬元營業額","0.0000%","0.0000%","ISO 14001"
"=""9934""","成霖","0.0000","3.5800","3.5800","A.6至8及11僅揭露母公司 B.子公司(山東美林衛浴有限公司)：有害0.577公噸、非有害4018.32公噸、總計4018.897公噸、廢棄物密集度1.6683公噸/百萬元營業額","0.0005","公噸/百萬元營業額","","","ISO 9001,ISO 14001"
"=""9935""","慶豐富","0.0000","151.2900","151.2900","母公司","N/A","N/A","","","N/A"
"=""9937""","全國","122.8000","967.6900","1,090.4900","包含合併財務報表之母子公司","0.0012","公噸/產品銷售量(公秉)","N/A","","N/A"
"=""9938""","百和","487.5200","10,014.0250","10,501.5450","本公司、越南百和責任有限公司、印尼百和股份有限公司、江蘇百宏複合材料股份有限公司、東莞百宏實業有限公司及越南百宏責任有限公司","0.6917","公噸/百萬元營業額","","","ISO 14001"
"=""9939""","宏全","68.6700","16,982.2000","17,050.8700","包材、飲料事業體","1.6886","公噸/百萬元營業額","21.8157%","0.4027%","ISO 14001"
"=""9940""","信義","0.0000","417.0423","417.0423","信義房屋股份有限公司","0.0366","公噸/百萬元營業額","0.0000%","0.0000%","ISO 14001"
"=""9941""","裕融","0.0000","86.5530","86.5530","母公司+子公司新鑫、裕富","0.0520","公噸/員工人數","","","N/A"
"=""9942""","茂順","11.0600","1,344.1900","1,355.2500","茂順一至六廠及租賃廠","N/A","N/A","","","N/A"
"=""9943""","好樂迪","0.0000","1,603.5200","1,603.5200","合併財務報表之母子公司","0.6160","公噸/百萬元營業額","","","N/A"
"=""9944""","新麗","0.0000","232.7800","232.7800","母公司","0.1589","公噸/產品","","","N/A"
"=""9945""","潤泰新","0.0000","144.9822","144.9822","已完成母公司","0.0212","公噸/百萬元營業額","","","N/A"
"=""9946""","三發地產","0.0000","794.2900","794.2900","已完成合併財務報表之母子公司","N/A","N/A","","","N/A"
"=""9955""","佳龍","17.6085","37.9760","55.5845","已完成母公司","0.0469","公噸/百萬元營業額","","","N/A"
"=""9958""","世紀鋼","0.0000","444.3100","444.3100","世紀鋼鐵股份有限公司各工廠","0.0360","公噸/百萬元營業額","0.0000%","0.0000%","ISO 14001"