"報告年度:2024","議題:溫室氣體排放"
"公司代號","公司名稱","直接(範疇一)溫室氣體排放量-數據(公噸CO₂e)","直接(範疇一)溫室氣體排放量-資料邊界","直接(範疇一)溫室氣體排放量-確信範圍","直接(範疇一)溫室氣體排放量-確信意見","能源間接(範疇二)溫室氣體排放量-數據(公噸CO₂e)","能源間接(範疇二)溫室氣體排放量-資料邊界","能源間接(範疇二)溫室氣體排放量-確信範圍","能源間接(範疇二)溫室氣體排放量-確信意見","其他間接(範疇三)溫室氣體排放量-數據(公噸CO₂e)","其他間接(範疇三)溫室氣體排放量-活動類別","其他間接(範疇三)溫室氣體排放量-資料邊界","其他間接(範疇三)溫室氣體排放量-確信範圍","其他間接(範疇三)溫室氣體排放量-確信意見","溫室氣體排放密集度-密集度(公噸CO₂e/百萬元營業額)","溫室氣體減量目標、策略及具體行動計畫-溫室氣體減量基準年及其數據、減量目標","溫室氣體減量目標、策略及具體行動計畫-溫室氣體減量策略及具體行動計畫","溫室氣體減量目標、策略及具體行動計畫-溫室氣體減量目標達成情形"
"=""1101""","台泥","39,544,430.9992","已完成合併財務報表之母子公司","母公司2024年直接排放量 ( 範疇一 ) 與能源間接排放量 ( 範疇二 ) 之數據，皆有委由第三方機構包含新加坡商英國標準協會集團私人有限公司台灣分公司（BSI）、台灣檢驗科技股份有限公司 (SGS) 進行查證，相關證書可至本公司官網永續認證頁面查看。合併財務報表之子公司已有95.5%完成確信。","合理保證等級","1,518,976.1776","已完成合併財務報表之母子公司","母公司2024年直接排放量 ( 範疇一 ) 與能源間接排放量 ( 範疇二 ) 之數據，皆有委由第三方機構包含新加坡商英國標準協會集團私人有限公司台灣分公司（BSI）、台灣檢驗科技股份有限公司 (SGS) 進行查證，相關證書可至本公司官網永續認證頁面查看。合併財務報表之子公司已有95.5%完成確信。","合理保證等級","19,338,064.3996","購買之商品及勞務","已完成母公司","母公司2024年直接排放量 ( 範疇一 ) 與能源間接排放量 ( 範疇二 ) 之數據，皆有委由第三方機構包含新加坡商英國標準協會集團私人有限公司台灣分公司（BSI）、台灣檢驗科技股份有限公司 (SGS) 進行查證，相關證書可至本公司官網永續認證頁面查看。合併財務報表之子公司已有95.5%完成確信。","有限保證等級","227.2668","台灣與中國大陸水泥廠以2016年為基準年，2016年排放強度為724公斤/噸膠結材料，目標2030年下降23.9%","台灣與中國大陸水泥廠依科學基礎減碳目標(Science Based Target, SBT)1.5度方法學、ISO IWA 42淨零指引，並參考IEA淨零路徑報告及2024年能源展望報告書，主要運用水泥製程中關鍵的替代熟料、替代原料、替代燃料、餘熱發電、製程改善、再生能源及碳捕獲做為減碳策略，碳匯部分自2023年啟動森林及土壤調查，作為淨零碳移除之可行方案。","台灣與中國大陸水泥廠2024年碳排強度631公斤/噸膠結材料，已達標"
"=""1102""","亞泥","21,078,502.0000","已完成合併財務報表之母子公司","在6/30前僅完成母公司、部分子公司(遠龍不銹鋼、嘉惠電力、亞東預拌)確信；合併子公司預計8月底前完成。","合理保證等級","964,217.0000","已完成合併財務報表之母子公司","在6/30前僅完成母公司、部分子公司(遠龍不銹鋼、嘉惠電力、亞東預拌)確信；合併子公司預計8月底前完成。","合理保證等級","98,847.0000","購買之商品及勞務,與燃料及能源相關活動（未納入範疇1或範疇2）,營運中產生之廢棄物","已完成母公司","已完成母公司","合理保證等級","288.9100","為強化氣候治理與溫室氣體管理成效，以及上市櫃公司永續發展路徑圖規範，本公司針對納入合併財務報表之子公司推動溫室氣體減量計畫，協助子公司導入標準化之溫室氣體盤查作業流程，完成範疇1、範疇2之排放量盤查與確信，建立完整的碳排放基線資料。並依據各事業單位之範疇1及範疇2總排放量占比，再考慮營運地點之本地法規、營運條件，訂定具體減碳目標，目標涵蓋超過本公司90%溫室氣體排放。目標設定如下： (1) 母公司：以2019為基準年，針對範疇1+範疇2排放，設定至2030年每噸水泥膠結材料碳強度降至 0.657(噸CO2e/噸水泥膠結材料) ，2035年每噸水泥膠結材料碳強度降低至0.482(噸CO2e/噸水泥膠結材料)，2050年淨零碳排之目標。 (2) 亞泥(中國)：以2019為基準年，針對範疇1+範疇2排放，設定至2030年每噸水泥碳強度降至0.666(噸CO2e/噸水泥)，2035年每噸水泥碳強度降至0.659(噸CO2e/噸水泥)，2060碳中和之目標。 (3) 亞東預拌：以2021為基準年，針對範疇1+範疇2排放，設定至2030年每立方米混凝土碳強度降至2.92(公斤CO2e/立方米)，2035年每立方米混凝土碳強度降至2.7(公斤CO2e/立方米)之強度目標。 註：嘉惠電力排放約占本公司總排放量9%，然而嘉惠電力為獨立民營發電廠(Independent Power Producer, IPP)，所有發電度數均提供台電公司之電網調度使用，性質屬供電單位，用電戶用電造成的碳排係由用電戶負擔，非由供電單位承擔。","亞泥母公司：為達成2050年淨零排放目標，本公司制定短中長期減碳策略，短期以最佳可行技術為主，如:力行循環經濟降低熟料排放係數，生產低碳水泥降低水泥中熟料比例，降低直接排放、改善生產能耗降低間接排放，並持續關注及投入新創減碳技術之開發；中期將持續放大上述減碳措施，開發新輔助性膠結材料(Supplementary Cementing Materials, SCM)應用於低碳水泥，以求更大幅度地降低單位水泥排放；長期則在減碳措施皆已成熟完備的情況下，全力導入碳捕捉及利用技術(CCU)，來達成淨零最後的一哩路。 合併財務報告子公司：各事業單位需提出具體減碳目標及行動方案，包含：推動循環經濟、能源效率提升、設備汰舊換新、使用再生能源、導入能源管理系統等，並由本公司企業永續推行委員會下淨零碳排小組進行統籌監督與資源協調，各項減碳計畫執行進度。未來將持續提升各事業單位碳管理能力，積極達成各項減碳目標。","亞泥母公司：2024年範疇 1+2 碳排放強度為0.797，提前達成2025年SBTi目標0.807，展現卓越的減碳績效。範疇1排放強度為0.753，範疇2排放強度為0.044，相較基準年減碳量達58.7萬噸 CO2e。 亞泥(中國)：2024年範疇 1+2 碳排放強度為0.672，達成年度目標值0.699。 註：亞東預拌為2025起訂定目標，故達標狀況將於明年度揭露。"
"=""1103""","嘉泥","952.4150","已完成合併財務報表之母子公司","已完成合併財務報表之母子公司","合理保證等級","6,824.9074","已完成合併財務報表之母子公司","已完成合併財務報表之母子公司","合理保證等級","2,557.1492","購買之商品及勞務,與燃料及能源相關活動（未納入範疇1或範疇2）,營運中產生之廢棄物,商務旅行,員工通勤,下游租賃資產,投資","已完成合併財務報表之母子公司","已完成合併財務報表之母子公司","合理保證等級","2.6055","嘉新企業團於 2022 年以合併財務報告為邊界完成盤查，確立同年為基準年，其範疇一與範疇二排放量分別為 834.85 噸 CO2e 及 6,807.564 噸 CO2e。並設定逐年減碳5.25%，邁向2030年絕對減碳42%的SBT長期目標。","將持續加速設備汰換與提升能源使用效率，並擴大再生能源佈局，以穩健推動減碳目標之達成。","2024 年嘉新企業團的範疇一與範疇二合併排放目標為 6,839.96 噸 CO2e，實際排放量為 7,777.32 噸CO2e，達成率約為 87.95%。"
"=""1104""","環泥","40,126.4734","已完成合併財務報表之母子公司","已完成母公司","合理保證等級","21,193.0224","已完成合併財務報表之母子公司","已完成母公司","合理保證等級","13,078.4135","與燃料及能源相關活動（未納入範疇1或範疇2）","已完成母公司","N/A","","7.7092","依據金管會上市櫃公司永續發展路徑時程，本公司已於114年(2025)年3月完成集團(含子公司)盤查作業，故訂定113年(2024)年為減碳基準年，逐年減低碳排放量。","透過改善製程、綠電取代傳統能源、綠色運輸及定期檢修並汰換舊高耗電設備等構面，逐年減低產品碳排放量。","119年(2030)較基準年減量5%，129年(2040)較基準年減量60%，139年(2050)較基準年減量100%。"
"=""1108""","幸福","552,149.5000","已完成母公司","已完成母公司","合理保證等級","43,194.7500","已完成母公司","已完成母公司","合理保證等級","37,121.5900","購買之商品及勞務,與燃料及能源相關活動（未納入範疇1或範疇2）","已完成母公司","已完成母公司","有限保證等級","122.5240","依東澳廠溫室氣體盤查公告基準年(102年)溫室氣體排放量759,327公噸CO2e/年， 減排政策如下： 1. 東澳廠每年度溫室氣量排放總量較基準年102年排放量減少10%以上。 2. 2025年開始，東澳廠將依據環境部自主減量計畫，2030年度較基準年2(2018-2022年平均值)，減排5%以上。 3.使用綠電轉供作業(幸福球場)。","1. 2025~2030年 (1)採取方案: 配合環境部【自主減量計劃管理辦法】研擬相關減量措施。 (2)基準年排放量:以2018~2022年平均值為基準。 (3)計畫目標削減率：2030年較基準年排放量減少5%以上，分年累積減少之溫室氣體排放量大於10萬噸。 (4)關鍵推動措施：替代燃料、替代原料、低碳水泥、煤磨改造。 2. 2030-2050年 水泥窯技改、餘熱發電、CCUS(碳捕捉、碳封存)技術，低碳水泥的產品結構設計。","依東澳廠溫室氣體盤查公告基準年(102年)溫室氣體排放量759,327公噸CO2e/年，113年度溫室氣體溫室氣體排放量583,167公噸CO2e/年，減排23.2%。"
"=""1109""","信大","1,201,276.8550","已完成合併財務報表之母子公司","已完成母公司","合理保證等級","70,550.2344","已完成合併財務報表之母子公司","已完成母公司","合理保證等級","27,567.3000","與燃料及能源相關活動（未納入範疇1或範疇2）","已完成母公司","已完成母公司","有限保證等級","279.0622","本公司之母公司範圍邊界以 111 年度作為基準年，直接排放量（範疇一）479,891.48（公噸 CO₂e）、能源間接排放量（範疇二）37,922.41（公噸 CO₂e）。 "," 本公司擬定相對指標，以基準年為標準每兩年減量 10%目標為 119 年溫室氣體排放量相較 111 年減少 50% 碳排，目前本公司除針對製程設備更新改善提升生產效能外，製程中使用「替代原料」(氣冷爐石、氟化鈣、焚化水洗飛灰、焚化再生粒料、燃煤飛灰)，以氧化鈣替代碳酸鈣，減少石灰石用量；「替代燃料」部分，刻正研究試用項目；使用「替代熟料」，減少單位水泥之熟料量，以達減少製程碳排。"," 113年減碳約 1.77 萬噸 CO₂e，佔整年度約 3%，符合目標。 "
"=""1110""","東泥","530.4001","已完成合併財務報表之母子公司","已完成母公司","合理保證等級","988.2296","已完成合併財務報表之母子公司","已完成母公司","合理保證等級","379.0222","與燃料及能源相關活動（未納入範疇1或範疇2）,營運中產生之廢棄物,員工通勤","已完成合併財務報表之母子公司","已完成母公司","有限保證等級","0.3800","本公司113 年溫室氣體排放量以減少較112 年之年排放量30%為目標，並逐年下 降，盼能於139年達成淨零排放之目標。因高雄廠於112年底停止生產，113 年 較112 年減少94%溫室氣體排放量，113 年已達減碳設定目標。","面臨環保重大且嚴肅議題，污染防制是國際關注議題，廢氣、廢水及廢棄物的有 效管理，能源使用產生之溫室氣體排放對環境影響甚鉅，公司未來將面對相關潛 在的營運風險，進行相關能源管理及節能減碳措施，以符合環保法規要求。 本公司面對全球環保議題的嚴峻挑戰，積極推動污染防制與溫室氣體減量政策， 並強化廢氣、廢水及廢棄物的管理。針對能源使用所導致之碳排放，公司已著手 導入節能減碳措施，以符合法規並降低未來營運風險。 •高雄廠於112年底停止生產，高排放製程全面結束。 •自112年8月20日起啟用高雄港45號碼頭發貨站，公司成功轉型為水泥通路商， 以外購成品進行分裝與發貨，取代自有生產。 •113年較112年溫室氣體排放量減少94%，大幅度達成年度減碳目標。 •此轉型有效推動企業邁向永續經營及淨零排放之願景，展現高度企業社會責任 與環境承諾。 響應綠色環保的辦公環境，辦公用品紙張、衛生紙品及清潔用品，優先購買環保 標章綠色產品，減少溫室氣體排放從日常生活做起。  ","能源管理 • 高雄港出貨站的水泥成品，皆經海運由台灣東部水泥廠供應，並無生產製程，僅 有成品出貨的分裝程序能源消耗大幅降低。 溫室氣排放管理 • 本公司溫室氣體排放量113 年較112 年減少94%。 廢棄物管理 • 高雄港發貨站的出貨作業程序已簡化，故不再涉及事業廢棄物問題。本公司出廠 之袋裝水泥由經銷商負責回收；在出貨過程中，破損紙袋及太空包則交由供應商 回收。此外，生活垃圾則由水泥專區委託的環保廠商統一處理。"
"=""1201""","味全","14,182.2196","已完成母公司","N/A","","20,787.3110","已完成母公司","N/A","","N/A","","N/A","N/A","","4.1997","根據金管會要求味全母公司須於2027年完成查證, 預計以查證完成的數據的第一年(即2026年碳排量)為基準年, 以年減碳排密集度(公噸CO₂e/百萬元營業額)1%為目標。","(1) 汰換老舊冰水機,冷凍機…等等冷藏冷凍設備,減少冷媒更換的排放。 (2) 汰換舊的營業車輛為省油的新車, 以減少範疇一排放。 (3) 汰換老舊空壓機, 換為變頻機型提高效率及減少用電。 ","目前尚未訂定基準年, 將以查證完成的數據的第一年(即2026年碳排量)為基準年, 以年減碳排密集度(公噸CO₂e/百萬元營業額)1%為目標。"
"=""1203""","味王","6,211.0060","已完成母公司","N/A","","4,195.0170","已完成母公司","N/A","","N/A","","N/A","N/A","","4.6770","114年度減量目標4.655公噸/百萬元","1.推廣節能活動，如：辦理教育訓練。 2.照明設備由傳統T8改為LED T8省電燈具。 3.擴大低碳燃料使用，增設天然氣管線，由燃油鍋爐改為燃氣鍋爐。 4.擴大再生能源使用，增設太陽光電裝置容量。 ","114年度預估減少4.81％"
"=""1210""","大成","40,278.4728","已完成母公司","N/A","","79,001.8860","已完成母公司","N/A","","1,396,771.6870","購買之商品及勞務,與燃料及能源相關活動（未納入範疇1或範疇2）,上游運輸及配送,營運中產生之廢棄物","已完成母公司","N/A","","66.0811","每年於董事會進行報告，主要內容為訂定對應策略與工作方針、編列各組織與永續發展相關預算、規劃並執行年度方案，同時追蹤執行成效。","1.溫室氣體減量:2025年較基準年減少1%；2030年較基準年減量5% 。 2.能源管理:2025年較基準年減少1%；2030年較基準年減量3% 。 3.廢棄物回收例:維持85% 以上 。 4.再生能源比例:未來持續評估太陽能自發自用可行性、購買綠電憑證或儲能設備。","1.能源管理:每年減量1%。 2.廢棄物回收例85%以上。 3.已開始設置太陽能自發自用設備，約1000KW設置容量。"
"=""1213""","大飲","N/A","N/A","N/A","","N/A","N/A","N/A","","N/A","","N/A","N/A","","N/A","","",""
"=""1215""","卜蜂","27,623.2300","南投肉食品加工廠、台中飼料廠、高雄飼料廠、雲林飼料廠","N/A","","41,125.1000","南投肉食品加工廠、台中飼料廠、高雄飼料廠、雲林飼料廠","N/A","","N/A","","N/A","N/A","","4.0120","","",""
"=""1216""","統一","996,809.1979","已完成合併財務報表之母子公司","已完成母公司","合理保證等級","2,130,298.7554","已完成合併財務報表之母子公司","已完成母公司","合理保證等級","1,481,601.1068","購買之商品及勞務,上游運輸及配送,營運中產生之廢棄物,商務旅行,員工通勤,下游運輸及配送,下游租賃資產,投資","已完成母公司","已完成母公司","有限保證等級","3.3201","本公司短期目標: 每年降低溫室氣體排放(範疇1及2)密集度1.5%。(母公司基準年:2021年) 本公司中長期目標:2030年對比2005年溫室氣體排放(範疇1及2)降低38%。 集團含合併子公司目標：每年降低溫室氣體排放(範疇1及2)密集度1.0%。(集團基準年:2024年)","本公司溫室氣體管理策略、方法、目標請詳2024年報第64頁","本公司2024年溫室氣體(範疇1及2)排放密集度較2023年度下降 4.5%，目標達成。"
"=""1217""","愛之味","1,693.3526","已完成母公司","N/A","","5,441.8816","已完成母公司","N/A","","1,784.4304","員工通勤","已完成母公司","N/A","","1.7000","2023年","以2023年為基準年，為瞭解溫室氣體排放情形，進行公司內溫室氣體排放量之盤查是碳管理的基礎工作，溫室氣體盤查不但可掌握明確的排放量，也能發掘減量空間與機會。於2024年進行全公司碳排放量盤查，便於後續針對較大排放量之來源進行合理可行改善計畫擬定。","依2023年溫室氣體盤查結果，已規劃多項設備汰舊換新方案，提高效能，減少碳排量。"
"=""1218""","泰山","6,429.8985","已完成母公司","N/A","","5,765.9902","已完成母公司","N/A","","36,915.3776","與燃料及能源相關活動（未納入範疇1或範疇2）","已完成母公司","N/A","","1.3438","泰山原於2020年啟動碳盤查，盤查範圍是涵蓋了水產飼料廠，並於2022 年6 月取得ISO 14064-1查證聲明書，認可2020 年及2021 年之碳管理結果。依ISO 14064-1標準採取的溫室氣體盤查分類原則及報告方法，本公司選擇2020年度首次實施盤查作為基準年。然而因水產飼料廠於2024年停止營運，並且在今年度的盤查範圍新增了北斗畜牧廠，按照ISO 14064-1 的標準，將基準年將變更為2024年。 泰山企業以「溫室氣體排放密集度」作為溫室氣體管理指標： 短期目標：原先設定的以2026年降低排放密集度的目標修訂改變以2024年為基準年，以母公司(範疇1+2)為範疇排放密集度於2024年下降3%。以2024年為基準年，中長期目標為2030年降低排放密集度下降5%。","溫室氣體的排放範疇1：主要是將高耗能的鍋爐用油轉換成天然氣鍋爐使用，並編列預算淘汰高耗能的設備。 溫室氣體排放範疇二：對能源消耗上特別注重，先行以能源健檢開始，並且將配合政府政策評估ESCO的合作模式，此外，能源管理系統開始進行規劃。除了現在能耗的基礎管理跟宣達外，也規劃2026年開始導入EMS、ISO50001，降低範疇二的碳排放量，同時著重在能源管理系統上。","目前於2024年開始將重油鍋爐改為天然氣鍋爐，溫室氣體排放量則因為從重油改為天然後鍋爐後而獲得改善。其中，可預期的的減少量估算將減少減碳量約556噸CO2e/年，減幅16.7%。"
"=""1219""","福壽","7,892.1675","母公司四大主要生產廠(沙鹿廠、台中港廠、鹿港廠與高雄廠)","母公司四大主要生產廠(沙鹿廠、台中港廠、鹿港廠與高雄廠)","合理保證等級","12,609.1602","母公司四大主要生產廠(沙鹿廠、台中港廠、鹿港廠與高雄廠)","母公司四大主要生產廠(沙鹿廠、台中港廠、鹿港廠與高雄廠)","合理保證等級","4,611.0538","與燃料及能源相關活動（未納入範疇1或範疇2）","母公司四大主要生產廠(沙鹿廠、台中港廠、鹿港廠與高雄廠)","母公司四大主要生產廠(沙鹿廠、台中港廠、鹿港廠與高雄廠)","有限保證等級","1.7500","以2019年溫室氣體排放密度2.36公噸CO2e/百萬元為基準，設定短期目標2025年(下降至1.89)、2030年(下降至1.65)；中長期目標2040年排放密度下降至1.5、2050年目標下降至1.3，於每年檢視達成情況並適時調整目標。","1.更新生產設備、購置高效率馬達(IE3)更換老舊耗能馬達、更新節能LED照明燈具、汰換柴油堆高機為電動堆高機、購置高效率空氣壓縮機等項目，2024年約減少369.3公噸CO2e。 2.陸續更新設備，導入ISO 50001能源管理系統，提升能源使用效率。 3.2024年太陽能發電系統總發電量4,069仟度，將持續提升太陽能發電量。 4.2024年已完成母公司四個主要生產廠(沙鹿廠、台中港廠、鹿港廠及高雄廠)ISO 14064-1溫室氣體盤查及查證，預計2026年完成母子公司溫室氣體盤查及查證。 ","1.2024年短期目標達成情況：2024年溫室氣體排放密度1.75公噸CO2e/百萬元，達成2025年目標108%、達成2030年目標94%。 2.2024年中長期目標達成情況：達成2040年目標86%、達成2050年目標74%。 "
"=""1220""","台榮","27,520.0000","本公司雲林廠","本公司雲林廠","有限確信","14,024.0000","本公司雲林廠","本公司雲林廠","有限確信","N/A","","N/A","N/A","","0.1542","台榮產業目前尚未編列專項預算以支持溫室氣體減量，但已將減碳目標納入日常營運及設備管理規劃中。公司將專注於現有製程與能源使用效率的優化，透過設備更新、減少能源浪費與強化生產流程管理來達成年度減量目標。未來將依照盤查結果評估所需資源並進行調整，確保減碳措施的實施能有效推動目標達成，並持續關注政府補助資源與外部合作機會以支援相關計畫。","台榮產業依據自我盤查結果，參考國際減碳趨勢及政府減碳政策，訂定溫室氣體排放中長期減量目標。以111年為基準年，設定每年減量不低於1%，並於119年前累積減量達10%以上。公司將透過持續優化製程、提升能源使用效率、導入節能設備及評估採用再生能源等作法，以降低直接與間接排放，並持續擴大至子公司層級的盤查與減量作為，以實質行動支持永續發展及氣候韌性經營。","作為供應鏈中的上游供應商，台榮產業致力於提供高品質的玉米加工產品（如果糖與澱粉），並透過優化製程、減少能源消耗與提升資源利用效率，間接幫助下游客戶降低其產品或服務的碳足跡。我們的減碳措施可幫助客戶在其生產過程中降低能源成本與排放量，進而提升整體供應鏈的環保績效。未來，公司將繼續與客戶合作，提供更多可持續發展的解決方案，並推動整體供應鏈減碳進程，實現環保與營運效益的雙贏。"
"=""1225""","福懋油","2,866.4670","已完成母公司","已完成母公司","合理保證等級","2,621.2590","已完成母公司","已完成母公司","合理保證等級","5,467.5351","購買之商品及勞務,上游運輸及配送,營運中產生之廢棄物,商務旅行,員工通勤,下游運輸及配送","已完成母公司","已完成母公司","有限保證等級","0.8297","","",""
"=""1227""","佳格","12,397.7508","佳格食品集團 母公司：佳格食品股份有限公司台北總公司及6處營業所、大園廠(含宿舍)及中壢廠 子公司：佳乳食品股份有限公司湖口廠","佳格食品集團 母公司：佳格食品股份有限公司台北總公司及6處營業所、大園廠(含宿舍)及中壢廠 子公司：佳乳食品股份有限公司湖口廠","有限確信","15,228.0121","佳格食品集團 母公司：佳格食品股份有限公司台北總公司及6處營業所、大園廠(含宿舍)及中壢廠 子公司：佳乳食品股份有限公司湖口廠","佳格食品集團 母公司：佳格食品股份有限公司台北總公司及6處營業所、大園廠(含宿舍)及中壢廠 子公司：佳乳食品股份有限公司湖口廠","有限確信","192,327.1656","購買之商品及勞務,營運中產生之廢棄物,員工通勤,下游運輸及配送","佳格食品集團 母公司：佳格食品股份有限公司台北總公司及6處營業所、大園廠(含宿舍)及中壢廠 子公司：佳乳食品股份有限公司湖口廠","佳格食品集團 母公司：佳格食品股份有限公司台北總公司及6處營業所、大園廠(含宿舍)及中壢廠 子公司：佳乳食品股份有限公司湖口廠","有限確信","13.6185","1. 2023為基準年 2. 基準年總溫室氣體排放量(噸)=123,547.3297 3.1 2026 年碳排強度下降 3%（噸/百萬元營收） 3.2 2028 年碳排強度下降 5%（噸/百萬元營收） 3.3 2030 年碳排強度下降 10%（噸/百萬元營收）","1.大園廠: 1.1汰換 4F 保健品生產線用之冰水主機 1.2汰換研發大樓冰水主機 1.3品保大樓3F公共區域空調汰換 1.4精煉油脂生產線空污防治設備操作參數優化 2.中壢廠: 2.1 100HP定頻空壓機汰換專案 3.湖口廠: 3.1前製程冷卻水塔風扇7.5HP*2改變頻 3.2冰水泵浦增設變頻 3.3產品噴墨前除水所使用的空壓使用量合理化 3.4製程設備均質機潤滑水回收再利用","共計年度減排 263.21公噸 CO2e及節省532.81仟度用電。"
"=""1229""","聯華","1,952.0062","已完成合併財務報表之母子公司","已完成母公司,其他國內子公司","合理保證等級","19,828.0784","已完成合併財務報表之母子公司","已完成母公司,其他國內子公司","合理保證等級","7,056.6954","購買之商品及勞務,與燃料及能源相關活動（未納入範疇1或範疇2）,營運中產生之廢棄物,商務旅行,下游運輸及配送","已完成母公司,子公司：聯華置產（股）、聯華製粉（股)","已完成母公司,子公司：聯華置產（股）、聯華製粉（股）","有限保證等級","0.0017","聯華今年已正式盤點全合併子公司（共32家）之溫室氣體排放量（2024年度數據），故擬將2024年設定為基準年，年度溫室氣體排放量為21,780公噸CO₂e（範疇一+範疇二）。短期之減碳目標設定2027年前減碳10%，每年減碳量約726公噸CO₂e。","將持續節能政策，辦公大樓減少冰水主機運轉時間、夏季間歇關閉外氣空調箱，以節省空調耗能。廠區（聯華製粉）更換變頻空壓機、電動堆高機等，同時開發太陽能發電裝置，透過再生能源的建置，達到溫室氣體減量目標。","相較前一年度（2023年），母公司及主要子公司（聯華控股、聯華置產、聯華製粉）溫室氣體排放略增加 3.4% ，主要原因為製粉工廠之產量增加5%，故製程產生的碳排放亦同步增加，未來將持續管理排放議題，控制其升高比例不超過產量擴充之幅度。"
"=""1231""","聯華食","10,173.2876","已完成母公司","已完成母公司","合理保證等級","17,475.1612","已完成母公司","已完成母公司","合理保證等級","9,358.0132","與燃料及能源相關活動（未納入範疇1或範疇2）,上游運輸及配送,營運中產生之廢棄物,下游運輸及配送","已完成母公司","已完成母公司","有限保證等級","2.2659","","",""
"=""1232""","大統益","4,714.5190","已完成母公司","已完成母公司","合理保證等級","104,179.9867","已完成母公司","已完成母公司","合理保證等級","N/A","","N/A","N/A","","6.5720","","",""
"=""1233""","天仁","1,421.2900","已完成合併財務報表之母子公司","N/A","","3,764.1300","已完成合併財務報表之母子公司","N/A","","8,022.3500","購買之商品及勞務","已完成合併財務報表之母子公司","N/A","","2.3610","基準年：2024年 基準年數據：範疇一1421.29公噸、範疇二3764.13公噸 減量目標：2050年全公司淨零","透過溫室氣體盤查，了解天仁茶業最大宗的溫室氣體排放源為外購電力（能源）的使用，為減少在營運過程對環境所造成的衝擊，我們積極在執行用電節約措施。目前先針對自身可控制的類別1與類別2為溫室氣體盤查與減量重點，逐年安排各項溫室氣體減量政策。  具體措施包括工廠採購節能生產設備新一代茶袋包裝機，2024年起預計每年至少可減少33%袋茶生產碳排量，產量增加16.7%。每月審視各據點有無異常用油量，並逐年汰換12年以上汽機車，而根據政府車輛油耗指南換算，每更換一台老舊汽車，其預計每年可減少1%~9%油耗與碳排量；每更換一台老舊機車，其預計每年可減少36%油耗與碳排量（2024年共計淘汰17輛汽車、機車6輛）、工廠安裝新燈具，導入平板燈取代舊型LED燈管，較原先LED燈款，預計每年減量28％碳排量。2025年起預計採取更多相關措施，像是門市夏冬季非必要用電管控，調整招牌燈開關時間，預計每年可減少5%燈牌碳排量，而餐廳減用蒸籠紙（僅剩部分必要性使用之餐點），並引進低碳健康筷（2024年約省下87.8萬雙一次性竹筷），據點亦陸續開始將高耗能舊型冷氣更換成一級能源效率等級之冷氣（2024年共計採購10台一級能源效率等級之冷氣），為減碳盡一份心力。另預計2025年起依重大性鑑別結果，將盤查範疇擴增至類別三至六，統計天仁供應鏈之碳排放量，分析其排放熱點，逐步深化減量管理，展望2030年，我們期望透過持續制定相關節能方案、提升員工和消費者的低碳意識，建立綠色文化，以持續減少碳排放量，本公司也持續關注碳定價發展趨勢、評估可行性以持續接軌國際，進而實現 2050年底前全公司淨零碳排，以及使用再生能源之長期願景。","2024 年目標、推動措施；預計減碳量；當年度目標達成情形： 1.工廠採購節能生產設備（例如：新茶袋包裝機）；袋茶生產碳排量減少約33%；100% 2.逐年汰換12年以上汽機車；汽車每台減少油耗與碳排量約1%~9%、機車每台減少油耗與碳排量約36% ；100% 3.工廠導入平板燈取代舊型LED燈管；與原先燈款相比減量約28％碳排量；100% 4.更換一級能源效率等級之冷氣機；N/A；100% 5.減用蒸籠紙、引進低碳健康筷；N/A；100%  2025年目標、推動措施；預計減碳量；當年度目標達成情形： 1.擴增盤查範疇至類別三至六；完成盤查後再擬定減量計畫；持續盤查中 2.門市夏冬季非必要用電管控，調整招牌燈開關時間；每年可減少5%燈牌碳排量；評估中  2030年目標、推動措施；預計減碳量；當年度目標達成情形： 持續擬定相關節能方案、提升員工和消費者的低碳意識、關注碳定價；N/A；評估中  2050年目標、推動措施；預計減碳量；當年度目標達成情形： 目標全公司淨零碳排、使用再生能源；長期願景規劃，達成淨零目標；評估中"
"=""1234""","黑松","9,692.2941","已完成母公司","已完成母公司","合理保證等級","13,900.1045","已完成母公司","已完成母公司","合理保證等級","6,449.1061","與燃料及能源相關活動（未納入範疇1或範疇2）","已完成母公司","已完成母公司","有限確信","2.6286","基準年110年全公司每噸產品碳排放130.1公斤CO2e。 減量目標：至119年，在類別1與類別2的範疇下，全公司每噸產品碳排放下降至104.08公斤CO2e，相較110年減少20%。","本公司於113年11月12日修訂並經董事會通過「風險管理政策與程序」，作為公司風險管理的管理依據，該管理範疇涵蓋氣候變遷與自然災害風險。此外，自98年起成立專案單位，執行溫室氣體盤查、產品碳足跡、產品水足跡等業務，以維護公司環境管理政策。自111年起，每年進行全公司，包含總公司、中壢廠及斗六廠溫室氣體盤查並取得ISO 14064-1：2018查驗聲明書。112年3月27日完成制定溫室氣體盤查內部查證作業程序書，以管理本公司溫室氣體內部查證作業，確認符合溫室氣體盤查規劃事項實施與維持。因應氣候變遷或溫室氣體管理之相關策略： 1. 管控能源使用效率： 本公司中壢廠成立 「能源管理委員會」，通過ISO 50001：2018能源管理系統驗證。建構能(水)資源監測系統。年度策略規劃制定節能減碳目標與計畫。 2. 使用再生能源： 完成斗六廠太陽光發電系統建置(自發自用574千瓦)並啟用。 3. 提升資源使用效率，訂定目標及對應作法： 至119年，全公司水耗用率(生產每噸產品用水量)降至3.74噸，相較109年減少20%。(109年4.68噸降至119年3.74噸)。至 114 年，至少3項碳足跡產品PET 瓶 ( 胚、標 ) 塑料中使用超過 30％的再生料。","113年全公司每噸產品碳排放下降至119.41公斤CO2e，相較於110年減少8%。"
"=""1235""","興泰","911.8182","已完成母公司","N/A","","202.2440","已完成母公司","N/A","","N/A","","N/A","N/A","","9.8854","","",""
"=""1236""","宏亞","2,288.1900","已完成合併財務報表之母子公司","N/A","","7,256.5600","已完成合併財務報表之母子公司","N/A","","N/A","","N/A","N/A","","4.8300","2017年排放密集度5.5，目標5.01","訂立短中長期策略，並逐年推動節能專案","未達成"
"=""1256""","鮮活果汁-KY","5,293.4351","已完成合併財務報表之母子公司","N/A","","25,134.8828","已完成合併財務報表之母子公司","N/A","","N/A","","N/A","N/A","","7.6009","","",""
"=""1301""","台塑","4,033,603.0000","已完成合併財務報表之母子公司","已完成母公司","合理保證等級","4,901,478.0000","已完成合併財務報表之母子公司","已完成母公司","合理保證等級","12,024,245.0000","購買之商品及勞務,資本財,與燃料及能源相關活動（未納入範疇1或範疇2）,上游運輸及配送,營運中產生之廢棄物,商務旅行,員工通勤,下游運輸及配送,已銷售產品之加工,已銷售產品生命週期結束之處理,投資","已完成合併財務報表之母子公司","已完成母公司","有限保證等級","51.7000","台塑公司以母公司(涵蓋台灣所有廠區，不包含台北辦事處)2020年範疇一及範疇二溫室氣體排放量(863.5萬噸)為基準年，制定短、中、長期溫室氣體排放減量絕對目標，其中: 短期減量目標：2025年較基準年(2020年)減量20% 中期減量目標：2030年較基準年(2020年)減量40% 長期減量目標：2050年達到碳中和","(一)企業對於因應氣候變遷或溫室氣體管理之策略 1.為因應此一挑戰，成立「節能減排循環經濟推動小組」強力推動。 2.每月進行績效檢討，研討各項減量技術相互交流學習；透過研擬專案改善議題、舉辦觀摩研討會及各種輔導計畫等活動，並定期進行現場輔導及成效查核作業，針對各單位未能達標原因詳細檢討，研擬改善措施憑以推動。此外，每季定期提各項改善作業之進度及成效，且每年年終排定年度執行工作報告及次年工作計畫檢討，發表於產官學界舉辦之研討會，於企業雜誌、企業網站等進行教育宣導，提升員工參與感及成就感。 3.推動燃煤朝向低(零)碳能源轉型、節能減碳循環經濟、提高再生能源用量與其他減碳措施。請參閱本公司2024年永續報告書P.77-85。 (二)企業溫室氣體排放量減量之預算與計畫 本公司2025年計畫進行(含進行中)之節能改善案共938 件，子公司共205 件，預估可節省蒸汽62.2 噸/小時、節省電力17,714 度/小時、節省燃料5.8 噸/小時、溫室氣體減量36.5 萬噸二氧化碳當量(CO2e)/年，預估總投資金額36.2 億元，年投資效益14.3 億元。請參閱本公司2024年永續報告書P.85。 (三)企業產品或服務帶給客戶或消費者之減碳效果 1.台塑公司自產之PA 加工助劑，可加速PVC 加工所需膠化時間，並促進高溫加工時的剪切能力，擴大PVC 的加工範疇。經統計，PVC 不添加PA 加工助劑時的膠化時間約215 秒，每噸PVC 膠化僅需加入10 公斤的PA產品，膠化時間即可縮短到90 秒，減少加工機台125 秒的能源損失。以2024 年PA 加工助劑產量8,017 噸為基礎進行計算，可做為801,700 噸PVC 加工時的助劑，PVC 比熱容為0.9 KJ/kg/k，共計可減少下游業者加工PVC 時之能量損失約1,500GJ。請參閱本公司2024年永續報告書P.86。 2.開發綠色物料: 消費後回收(PCR)材料 (1)因應全球對於環境永續的重視，國際品牌大廠相繼提出2025與2030年減碳計畫，透過使用低碳原料或以再生能源製造之綠色材料等措施，以達成減碳目標，加上歐盟碳邊境關稅即將生效，低碳綠色產品的發展潛力將日益顯著。 (2)因此，本公司研發消費後回收(PCR)材料，並輔導上游回收商優化PCR膠粒品質，擴充再利用領域，推動循環經濟，提供環保高性能包裝材料，開發永嘉烯RP1040(混摻 30% PCR)，並攜手國內塑膠回收業者，將消費後塑膠資源回收再利用，供下游加工業者製成 PCR編織袋、太空袋及塑膠棧板，2024 年銷售量已達到812.75 噸PCR 膠粒。 (3)更多詳細資訊，請參閱本公司2024年永續報告書P.51、P82。","台塑公司2024年範疇一、範疇二溫室氣體總排放量為755 萬噸，較2020年減少108.5 萬噸，減量12.5%，逐步朝2025 年減量20%之短期目標邁進。"
"=""1303""","南亞","2,499,028.9606","已完成合併財務報表之母子公司","已完成母公司","合理保證等級","4,552,056.4022","已完成合併財務報表之母子公司","已完成母公司","合理保證等級","11,371,413.7731","購買之商品及勞務,資本財,與燃料及能源相關活動（未納入範疇1或範疇2）,上游運輸及配送,營運中產生之廢棄物,商務旅行,員工通勤,下游運輸及配送,已銷售產品之加工,已銷售產品生命週期結束之處理,投資","已完成母公司","已完成母公司","有限保證等級","27.1605","南亞公司因應目的不同，雖擬訂「對外承諾」、「內部加嚴管理」、「SBTi 核定」等三種減碳目標，惟將以最嚴格之減量要求作為追求之目標，以使減碳路徑各期程可達到前述多種目標，最終達成「2050 年碳中和」之長期目標。 1.對外承諾減碳目標(範疇一＋範疇二)：以2007年為基準年(695萬噸CO2e) (1)2025年減量20%(556萬噸CO2e)。 (2)2030年減量35%(452萬噸CO2e)。  2.內部加嚴管理目標(範疇一＋範疇二)：以2020年為基準年(592萬噸CO2e) (1)2025年減量12.5%(518萬噸CO2e)。 (2)2030年減量25%(444萬噸CO2e)。  3.SBTi核定目標：依照SBTi對目標申請之要求擬訂，2023年3月通過目標申請 (1)範疇一＋範疇二：以2021年為基準年(614萬噸CO2e)，2027年減量15%(522萬噸CO2e)。 (2)範疇三：以2021年為基準年(2,379萬噸 CO2e)，2027年減量7.4%(2,203萬噸CO2e)。","四大減碳策略 1.低碳能源轉型：公用廠燃煤鍋爐停止運轉，設置燃氣蒸汽鍋爐等設備，另各生產廠也改用低碳能源(如天然氣)取代高碳能源(如煤炭、重油)。  2.節能減碳循環經濟：持續推動製程改善、循環經濟、煙氣熱回收、AI及數位轉型，提升能源使用效率及減少廢棄物發生量。  3.提高再生能源用量：於各廠區廠房屋頂建置太陽能發電設備，至2030年，設置總容量約56,265.97‬KW，預估占台電契約容量19.5%，遠高於政府用電大戶條款所規定的8%。  4.碳捕捉技術運用：採用鹼液以超重力裝置吸收CO2，再將吸收後鹼液養殖微藻，以降低碳排。","2024年溫室氣體排放量，較2007 年減少46%。"
"=""1304""","台聚","187,770.4686","已完成合併財務報表之母子公司","已完成合併財務報表之母子公司","有限確信","504,382.1211","已完成合併財務報表之母子公司","已完成合併財務報表之母子公司","有限確信","470,348.9861","購買之商品及勞務,營運中產生之廢棄物,商務旅行,員工通勤","已完成母公司","已完成母公司","有限保證等級","13.6651","台聚依循台聚集團訂定2030年減碳目標為「2030年碳排放量較基準年2017年減少27%」，更於2023年進一步訂定「2050年碳中和」為企業長期目標。","依循集團減碳路徑: 1. 短期減碳策略包含持續規劃節能減碳措施方案，進行廠內設備汰舊換新、改善能源效率等方案。2025年預定執行6項節能減碳方案，共減碳2,897公噸CO2e。 2. 中期減碳策略將朝低碳能源轉型、能源效率提升、智能化監控、再生能源設置與使用進行。 3. 長期減碳策略將持續關注低碳燃料、碳捕捉再利用技術及負碳排技術，落實碳中和目標，推動永續發展。","2024年溫室氣體排放量已較基準年(2017年)下降20.3%，2024 年累積太陽光電裝置容量達8.6 MW，每年可產生約1,073 萬度綠電。"
"=""1305""","華夏","136,257.7360","已完成合併財務報表之母子公司","已完成合併財務報表之母子公司","有限確信","145,846.0535","已完成合併財務報表之母子公司","已完成合併財務報表之母子公司","有限確信","2,192,888.5564","購買之商品及勞務,資本財,與燃料及能源相關活動（未納入範疇1或範疇2）,上游運輸及配送,營運中產生之廢棄物,商務旅行,員工通勤,下游運輸及配送,已銷售產品之加工,已銷售產品生命週期結束之處理","資料邊界：華夏頭份總廠、台氯林園廠、華聚林園廠。","2024年執行情形： 華夏頭份總廠：已取得SGS查證聲明書。 台氯林園廠：已取得DNV查證聲明書。 華聚林園廠：已取得AFNOR查證聲明書。","有限保證等級","25.5069","華夏公司依循台聚集團於2022年初訂定2030年減碳目標為「2030年碳排放量較2017年減少27%」，更於2023年進一步訂定「2050年碳中和」為企業長期目標。","♦ 策略： ✽短期：未來將更積極執行節能減碳方案。 ✽中期：減碳策略將朝低碳能源轉型、能源效率提升、智能化監控、再生能源設置與使用進行。 ✽長期：減碳策略將持續關注低碳燃料、碳捕捉再利用技術及負碳排技術，落實碳中和目標，推動永續發展。 ♦ 行動方案： ✽內部碳定價：本公司於2024年導入內部碳定價制度，價格參考國內碳費定價基礎，初期設定每噸碳價為300元，並滾動檢討分階段調升。 ✽制定節電目標(目標：1%)：2024年達成率分別為華夏公司2.66%、台氯公司2.98%、華聚公司1.94%。 ✽建置碳資料管理平台：為提升碳排放數據的即時性與準確性，台聚集團自2024年起推動碳資料管理平台建置，強化集團內部碳盤查流程與資料整合能力。 ✽減能減碳方案：推動多項節能改善專案，包括空壓機、冰水機、馬達與電解槽等設備汰舊換新，並導入 AI 智能化節能技術及蒸汽系統優化等措施，以提升整體能源效率。2024 年節能量 60,404 GJ，減碳 3,888 tCO₂e。 ✽再生能源：2024年太陽能裝置容量1,880.88kWp。另，2024年外購綠電9.7萬度。 ✽取得溫室氣體抵換專案額度：華夏頭份總廠、台氯林園廠已取得減量額度共7,464公噸CO2e。","2024年溫室氣體排放目標30.10萬噸CO2e，實際排放量28.28萬噸CO2e，當年度達成率106%，2024年實際排放量較基準年(2017年)下降31.1%。"
"=""1307""","三芳","8,261.9253","已完成母公司","已完成母公司","合理確信","15,576.0192","已完成母公司","已完成母公司","合理確信","108,482.0000","購買之商品及勞務,資本財,上游運輸及配送,營運中產生之廢棄物,商務旅行,員工通勤,上游租賃資產,下游運輸及配送,已銷售產品之加工,已銷售產品之使用,已銷售產品生命週期結束之處理,下游租賃資產","已完成母公司","N/A","","38.8150","基準年： 	107年碳排量52,926噸，其中範疇一25,508噸及範疇二27,418噸 ","113年溫室氣體排放量減量具體行動： 1.	高雄廠、寶亮廠皆已完成設置自供太陽能，越南廠於113年購買30,000 I-REC。 2.	LED燈具汰換  3.	押出機加熱器汰換成紅外線加熱器。 4.	高效率馬達汰換工程。 5.	更換氣懸浮鼓風機，以氣懸浮鼓風機組替代魯式鼓風機。 6.	含氧檢知器，鍋爐排氣含氧量每減少3%可節省燃料1%。 7.	排氣抽風系統改善。 8.	永磁變頻空壓機取代傳統螺旋式空壓機(100HP)。 9.	調降空壓機壓力設定。 ","碳排量預計管理目標為以107年為基準年至114年須達成下降18%為管理目標。113年較112年增加約7%，113年較107年減少54%，已達成目標。"
"=""1308""","亞聚","10,157.2813","已完成合併財務報表之母子公司","已完成合併財務報表之母子公司","有限確信","90,815.0894","已完成合併財務報表之母子公司","已完成合併財務報表之母子公司","有限確信","307,944.5632","購買之商品及勞務,上游運輸及配送,營運中產生之廢棄物,商務旅行,員工通勤","已完成母公司","N/A","","16.7322","亞聚依循台聚集團2022年初訂定2030年減碳目標為「2030年碳排放量較基準年(2017)減少27%」，並於2023年進一步訂定「2050年碳中和」為企業長期目標。","1.亞聚首先以落實節能減碳案件為主要策略，每年年初檢視前一年度節能減碳執行成果及擬訂下年度執行計畫。 2. 2024年執行5項節能減碳方案；2025年計畫執行6項節能見碳方案，詳2024年永續報告書。 3.採購191.3萬度綠電(太陽能)，並於2025年初開始使用；2025Q3將建置(自發自用)太陽能案場494kW，以降低能源耗用，同時符合10%契約容量之綠電使用。 4.為強化減碳執行績效，2025年起自主設定年節電率1.5%為目標，並結合KPI有效管理。","亞聚減碳成果： 2024年目標排放量：10.84萬 噸CO2e 2024年實際排放量：10.09萬 噸CO2e (達成率：106.9%) 2025年目標排放量：10.10萬 噸CO2e (提前達標) 2026年目標排放量：9.98萬 噸CO2e 說明： 1.減碳路徑以範疇1+2規劃，不包含範疇3項目。 2.原定2025年減碳目標已提前達標，2025年減碳將以2026年9.98萬 噸CO2e為目標。"
"=""1309""","台達化","16,989.1123","已完成合併財務報表之母子公司","已完成合併財務報表之母子公司","有限確信","60,651.9858","已完成合併財務報表之母子公司","已完成合併財務報表之母子公司","有限確信","82,509.4573","上游運輸及配送,商務旅行,員工通勤,下游運輸及配送","已完成合併財務報表之母子公司","N/A","","4.3603","台達化依循台聚集團於2022年初訂定2030年減碳目標為「2030年碳排放量較2017年減少27%」，更於2023進一步訂定「2050年碳中和」，涵蓋範圍為台灣區域3家生產廠，溫室氣體排放範疇為範疇一與範疇二。 ","持續落實ISO 14064-1溫室氣體盤查及確信，持續推行能源管理系統並規劃執行減碳方案，台達化公司各廠落實減碳方案包含幫浦更新、更新IE3以上高效率馬達、乾燥機/空壓機汰舊換新、硬化爐重建等。 台達化公司將繼續致力於應對氣候變遷帶來的挑戰，並積極推動減碳目標和永續發展策略。根據2023年的成就和現有的減碳策略，台達化展望在2030年和2050年實現更高的27%減碳目標和碳中和目標。 台達化計劃在短期內（至2025年）加強能源管理和提升能源效率。公司將導入智慧化能源管理系統，並持續推動製程節能減碳改善案，結合人工智慧技術來優化製程，達到更高效的能源利用和更低的碳排放。同時，台達化將積極採購綠電，以進一步降低對灰色能源的依賴。 中期（2025-2030年），台達化將推動低碳能源轉型、內部碳定價機制，將碳排放成本納入決策流程中，鼓勵全體員工和供應鏈合作夥伴共同參與減碳行動。台達化將持續進行節能減碳專案推動，確保溫室氣體排放量逐年下降，實現2030年碳排放量較2017年減少27%的目標。 長期來看，台達化將以2050年達成碳中和為最終目標。為此，公司將持續關注碳捕捉再利用（CCUS）技術及負碳技術，並將這些創新技術整合到現有的生產和經營流程中。 此外，台達化將不斷加強氣候變遷風險管理，根據不同的氣候情境進行風險分析和應對策略制定，確保公司的營運韌性。公司將定期審視和更新其減碳目標和策略，並通過公開的永續報告書向利益相關者披露進展和成效。","台達化公司台灣3生產廠2024年溫室氣體自行盤查排放類別一總排放量為16,639噸CO2e，類別二總排放量為49,056噸，總計6.57萬噸CO2e，較基準年(2017年排放量7.97萬噸CO2e)下降17.57% 。 "
"=""1310""","台苯","246,659.3548","已完成母公司","已完成母公司","合理保證等級","28,866.1004","已完成母公司","已完成母公司","合理保證等級","473,564.6360","與燃料及能源相關活動（未納入範疇1或範疇2）","已完成母公司","已完成母公司","有限保證等級","24.1204","以2018年為基準年，短期目標2025年減量10%，中期目標2030年減量30%，長期目標為2050年達到淨零排放。","台苯公司為積極呼應政府政策並響應全球淨零趨勢，設定短、中、長期的減碳路徑圖，以2018年為基準年，第一期目標為至2025年減量10%，採取再生能源和節能改善雙管並行的策略；第二期目標為2030年減量提升至30%，主要聚焦於優化能源結構並持續進行節能改善；最後，透過導入降低生產過程碳排的節能製程技術，並結合碳捕集利用與封存跨業合作等方案，期望能於2050年達到淨零排放之目標，與國家長期減量目標同步邁進。","預期2025年可達成減量目標"
"=""1312""","國喬","496,229.9076","已完成合併財務報表之母子公司","已完成合併財務報表之母子公司","合理保證等級","3,253.5360","已完成合併財務報表之母子公司","已完成合併財務報表之母子公司","合理保證等級","582,561.2597","購買之商品及勞務,上游運輸及配送,營運中產生之廢棄物,下游運輸及配送","已完成母公司","已完成母公司","合理保證等級","29.7718","溫室氣體基準年設定為2015年，該年度溫室氣體排放量為65萬噸，以2015年為基準年，2030年溫室氣體排放量較基準年減少20%排放，2050達成淨零碳排目標。","1. 每年執行ISO14064-1溫室氣體盤查及查證作業。 2. 使用綠電: 2027-2029年進行太陽能板設置工程，目 標總設置容量達1400kW以上。 3. 執行設備汰舊換新專案，提升能源效率。 4. 藉由製程優化減少能源消耗。","2024年溫室氣體排放量為499483.4436已較基準年2015年下降23.16%"
"=""1313""","聯成","429,447.3300","已完成合併財務報表之母子公司","已完成母公司","合理確信","277,296.1100","已完成合併財務報表之母子公司","已完成母公司","合理確信","196,408.2600","購買之商品及勞務,上游運輸及配送,營運中產生之廢棄物,員工通勤","已完成母公司","已完成母公司","合理確信","9.6391","113年首次納範疇3，已將類別1~類別4完整納入盤查，故重新設定113年為基準年，113年合併公司溫室氣體排放量為903,151.7公噸CO2e，因首年揭露合併公司，尚無比較資訊；針對本公司確信資訊，範疇一及範疇二排放量為45,023.4364公噸CO2e較112年降低了17.67%。未來持續落實年度合併排放量較前一年度低為目標，另，不含子公司達到「用電大戶設定節電1%/年」之規定。","因應全球對危害化學品管理日益嚴格，以及減塑與淨零排放的大趨勢，我們制定綠色化學政策與轉型藍圖，確立「高值化、環保永續、低碳循環」三大發展主軸，全面推動綠色化學轉型。逐步導入綠色製程，實踐低碳永續，前瞻技術研發，布局減碳創新等策略及具體行動，作為公司落實溫室氣體減量之計畫，所以持續更新高效能設備推動節能減碳，提升生產效益，致力開發低碳排放、高效能、環境友善的產品，構建綠色供應鏈，落實循環經濟，實現資源最大化利用，具體作為包括：落實循環經濟、資源回收利用、導入AI智慧製程管控及建置再生能源。布局減碳創新技術，包括：評估碳捕捉技術、研發二氧化碳基化學品及採購綠色低碳原料，同時，為因應國內氣候變遷法徵收的碳費，已制訂自主減碳計畫，並據以施行，以達到降低碳排放及碳費。","本公司(含子公司)113年實際總省電3,604度/小時，減碳14,776噸/年，具體減碳措施與成效，請參閱本公司年報第34頁及第41頁。"
"=""1314""","中石化","829,293.8621","已完成合併財務報表之母子公司","已完成母公司","合理保證等級","214,440.9490","已完成合併財務報表之母子公司","已完成母公司","合理保證等級","1,356,333.9186","購買之商品及勞務","已完成母公司","已完成母公司","有限保證等級","29.1150","以2005為基準年，其範疇1+2之碳排量為245.1萬噸。 設定相較基準年碳排量，2025年減少20%、2030年減少50%、2050年淨零碳排目標。","設定2050淨零碳排目標，每年檢討長期減碳路徑、每季檢討專案執行成效；隨時關注國際節能減碳、CCUS等技術，並追蹤國際碳交易與碳匯。本公司減量策略分別從技術面(高轉化率觸媒)、設備面(高效能設備)、操作面(智能控制系統)、能源轉型(太陽能)著手。 短期：製程改善、設備更新效率改善、燃料改天然氣、建置低壓蒸汽發電系統、採用節能風扇變頻器、建立再生能源設備系統。 中期：能源效率改善及整合、冰水機設備優化、增加再生能源使用量、節能設備更新、採用新節能馬達、鍋爐效率提升。 長期：太陽能系統設置、使用綠色能源、生質燃料、碳捕捉及封存(CCUS)技術、購買綠電憑證、碳權。","2024年範疇1+2之碳排量為85.8萬噸，較基準年減少159.3萬噸(相當於減少65%)"
"=""1315""","達新","1,264.8129","已完成合併財務報表之母子公司","已完成合併財務報表之母子公司","有限確信","2,834.4722","已完成合併財務報表之母子公司","已完成合併財務報表之母子公司","有限確信","531.8696","員工通勤","已完成合併財務報表之母子公司","已完成合併財務報表之母子公司","有限確信","2.6200","透過行政管理加強宣導，以每年至少降低1%碳排量為減量目標。","(1)冷氣用電：廠區及辦公室已全面       更換分離式節能變頻冷氣。     (2)節水計畫：落實日常生活節約      用水做起。 (3)建立電子化系統:善用視訊會      議，減少紙張使用量。 (4)交通運輸：宣導員工共乘及善      用大眾交通運輸工具。 (5)綠能屋頂：配合環保規劃再生      能源及建立企業形象，中港廠      區屋頂架設太陽能板以降低用      電量及碳排量。      搭配友達太陽能光電系統及      屋頂施工於111.12.31完成，      系統建置量共904KW，建置費      用4,500萬，112年2月開始運      轉，目前實質效益廠房室溫↓      約2度。 本集團綠電用電量 單位:萬度 113年	112年	增(減)比率   133.4	   94.33	  0.4142 (6)綠化環境：辦公室以盆栽綠化環      境，廠區栽種綠色植物，透過光      合作用減少二氧化碳及釋放氧      氣，優化環境提升空氣品質。 (7)教育宣導：持續進行內部人及全      體海內外員工節能減碳宣導，從      自身做起，改變日常讓生活習慣      養成自然，減少不必要的碳排，      落實有效節能。 ","綠能屋頂：配合環保規劃再生 能源及建立企業形象，中港廠 區屋頂架設太陽能板以降低用 電量及碳排量。 搭配友達太陽能光電系統及 屋頂施工於111.12.31完成， 系統建置量共904KW，建置費   用4,500萬，112年2月開始運   轉，目前實質效益廠房室溫↓   約2度。 本集團綠電用電量 單位:萬度 113年	112年	增(減)比率   133.4	   94.33	  0.4142 "
"=""1316""","上曜","19.8749","已完成母公司","N/A","","47.0687","已完成母公司","N/A","","12.4884","與燃料及能源相關活動（未納入範疇1或範疇2）","已完成母公司","N/A","","0.3085","","",""
"=""1319""","東陽","11,445.1500","已完成母公司","N/A","","49,992.4400","已完成母公司","N/A","","15,184.5500","與燃料及能源相關活動（未納入範疇1或範疇2）,上游運輸及配送,營運中產生之廢棄物,下游運輸及配送","已完成母公司","N/A","","3.8655","溫室氣體減量基準年:2024年  範疇一:11,445.15公噸 範疇二: 49,992.44 範疇三:15,184.55 目標2035年減碳34%，2050年淨零排放。","溫室氣體減量目標:目標2035年減碳34%，2050年淨零排放，積極推動各項節能措施，減少對環境衝擊。 1、藉由源頭污染減量及導入末端污染防制設備，在無新增製程條件下，長期目標設定到2030 年底VOC 單位營業額排放強度較2016 年減少50％，2025 年目標VOC 單位營業額排放強度較2016 年減少45%。 2、藉由廠房屋頂裝設太陽能發電，降低碳排放，2024 年綠電發電量約259 萬度；2025 年除持續產生綠電約259 萬度外，並預計新建置太陽能發電約361kw，並申請綠電憑證。預估產生綠電可達全公司用電契約容量8％以上。 3、節能減碳：推動各項節能措施，2025 年單位營業額耗電量較2024 年降低2％以上。 4、循環經濟：將電鍍廢液中銅回收，轉由廠商精煉後，回製程使用，2025 年目標預計回收300KG 銅廢液，改善廢水重金屬排放及有害事業廢棄物濃度。 5、節省水資源，充分使用回收水，長期目標2030 年回收水使用量佔自來水使用量比例10%，2025 年目標設定為9.2%。 6、持續改善廢水處理技術，預計2030 年水汙染綜合指標優於放流水法令標準45%，2025 年水污染綜合指標則設定優於放流水法令標準40%。 7、進行各項廢棄物分類管理減少委外處理，2030 年單位營業額廢棄物產出強度較2017 年減少40%，2025 年目標設定產出強度減少34%（以2017 年為基準）。","2024 減量達成情形如下: 1、2024 年單位營業額VOC 排放量(公斤/百萬營業額)較2016年降低47.23％。 2、公司已裝設綠電（太陽能）2247kW，佔公司用電契約容量8%以上。 3、節能減碳：公司2024 年持續購入相關節能燈具及設備，預計2025 年增加設定單位營業額耗電量較2024 年節省2％。 4、循環經濟：東陽與廠商合作研究循環經濟廢棄物回收技術，將電鍍製程中銅廢液進行電解回收，轉由廠商精煉後，回製程再使用，2024 年回收銅244KG，改善廢水重金屬排放。 5、節省水資源：2024 年水回收量將佔自來水使用量7.6%。 6、持續改善廢水處理技術：2024 年水污染綜合指標平均優於法令39.5％。 7、相較於2017基準年，本公司2024年單位營業額廢棄物產出已降低45%（目標32%），符合公司短期目標之設定，未來將持續管理排放議題。"
"=""1321""","大洋","3,155.0000","已完成母公司","N/A","","41,617.0000","已完成母公司","N/A","","13,588.0000","上游運輸及配送,員工通勤,下游運輸及配送","已完成母公司","N/A","","0.4435","","",""
"=""1323""","永裕","351.7200","已完成母公司","N/A","","10,621.0800","已完成母公司","N/A","","N/A","","N/A","N/A","","7.3097","基礎年:2010年 短期目標: 2025年相較2010年碳減量40% 短期目標: 2030年相較2010年碳減量50%           長期目標: 2050年碳中和","1.積極參與氣候變遷相關之國際倡議活動    將國際倡議活動(CDP)所關切的重點以及評估準則，納入公司    制定環境及溫室氣體政策時的考量，以便契合及回應國際主流    意見。 2.氣候法規風險策略    永裕塑膠永續小組，隨時注意國內外法規變動狀況，除定期揭    露溫室氣體相關資訊外，並積極參加學會訓練或聘請專家顧問    合作，協助規劃及擬定能源政策方向，並提出積極且具建設性    之建言，以期善盡企業永續發展。 3.氣候實質風險策略：    藉由同時改進經濟與環境方面的表現，以少生多，增加產品的    附加價值，不但可符合生態效益，也會因持續的減少污染與資    源的消耗，生產了更有用的產品和服務，更能夠獲市場認同，    掌握新商機、取得報償和市場上的利益。也就是說生態效益可    促進永裕創新，因此得以提高經濟成長與競爭優勢。 4.氣候轉型風險策略:    (1)結合產、官、學力量致力減緩氣候變遷與調適，積極開發與         生產可回收及對生態環境不 會造成污染的原物料，以因應         氣候變遷風   險（如生質材料、PCR材料、生物降解材料、         減塑材料）。      (2)持續推動全公司溫室氣體減排與碳足跡產品減量專案，期以         產品碳足跡檢視「減緩」成果。    (3)進行製程減塑規畫與開發，以期降低塑膠對生態環境的衝         擊。這些措施目的在於降低氣候變遷對公司營運的風險，         並善盡公司的社會責任。    (4)規劃購買節能設備、建置太陽能光電及投入其他綠能設施       ，以期2050淨零排放目標。    (5)定期檢討永裕集團溫室氣體排放量及設定適當減量目標，         藉由經驗分享與各產業與供應鏈共同因應氣候變遷風險。","相對基礎年比較，截至2024年度止，絕對目標減碳成效已下降40.73%，強度目標(相對營業額)減碳成效已下降35.19%。"
"=""1324""","地球","3,398.8934","已完成母公司","N/A","","1,709.2062","已完成母公司","N/A","","2,870.4445","與燃料及能源相關活動（未納入範疇1或範疇2）,上游運輸及配送,營運中產生之廢棄物,員工通勤,下游運輸及配送,已銷售產品生命週期結束之處理","已完成母公司","N/A","","6.4252","","",""
"=""1325""","恆大","N/A","N/A","N/A","","N/A","N/A","N/A","","N/A","","N/A","N/A","","N/A","","",""
"=""1326""","台化","10,858,237.0000","已完成合併財務報表之母子公司","已完成母公司,子公司台灣醋酸公司","合理保證等級","3,212,675.0000","已完成合併財務報表之母子公司","已完成母公司,子公司台灣醋酸公司","合理保證等級","11,518,905.0000","購買之商品及勞務,資本財,與燃料及能源相關活動（未納入範疇1或範疇2）,上游運輸及配送,營運中產生之廢棄物,商務旅行,員工通勤,下游運輸及配送,已銷售產品之加工,已銷售產品生命週期結束之處理,投資","已完成母公司","已完成母公司","有限保證等級","40.3631","台化公司2020年為溫室氣體排放之達峰年，該年總排放量為854萬噸CO2e，並據以為基準年設定溫室氣體減量計畫之絕對目標：  1.短期減量目標：2025年較基準年(2020年)減量10%。 2.中期減量目標：2030年較基準年(2020年)減量25%。 3.長期減量目標：2050年達到碳中和。","1.台化公司2021~2030年計畫共投資186億元，用於各項節能減碳計畫，以達到2030年的減碳目標。 2.減碳計畫: (1)製程節能改造:持續推動製程熱整合、高低壓分流、減少二次搬運及提升設備效率等節能改善措施。 (2)能源轉型:主要推動包含：一、燃油改燃氣；二、減煤策略；三、汽驅改電驅；四、能源高階化；五、再生能源發電。","2024年公司碳排量(含台醋公司)為785萬噸，較基準年2020減碳8.1%，已減碳69萬噸。"
"=""1337""","再生-KY","N/A","N/A","N/A","","N/A","N/A","N/A","","N/A","","N/A","N/A","","N/A","","",""
"=""1338""","廣華-KY","1,043.4800","東莞廣澤汽車飾件有限公司","東莞廣澤汽車飾件有限公司","合理保證等級","20,030.1400","東莞廣澤汽車飾件有限公司","東莞廣澤汽車飾件有限公司","合理保證等級","29,435.5500","與燃料及能源相關活動（未納入範疇1或範疇2）,上游運輸及配送,營運中產生之廢棄物,下游運輸及配送","東莞廣澤汽車飾件有限公司","東莞廣澤汽車飾件有限公司","合理保證等級","71.9600","以2023年為基準年，减少25%碳排放","汰換舊式設備，採用節能設備，降低能源消耗。 積極發展太陽能、風力發電等再生能源，降低對化石燃料的依賴。 優先選購綠色產品，鼓勵使用環保材料，減少環境污染。 改善建築設計，採用節能建材，提高建築物節能效率。","較2023年，溫室氣體排放量減少59.97%。"
"=""1339""","昭輝","690.9844","已完成母公司","N/A","","8,679.5726","已完成母公司","N/A","","N/A","","N/A","N/A","","6.1400","NA","1.因應氣候變遷或溫室氣體具體作為: 使用低耗設備、提高能源轉換效率、汰換非節能燈具與提升再生能資源的使用率。 2. 落實已基準年為本之溫室氣體排放量預期減量目標。 3.每年持續溫室氣體排放減量之預算與計畫。 4.產品或服務提通客戶共同減碳誘因與減少過度包裝。","NA"
"=""1340""","勝悅-KY","24.4200","已完成合併財務報表之母子公司","N/A","","2,790.0800","已完成合併財務報表之母子公司","N/A","","N/A","","N/A","N/A","","0.9600","","",""
"=""1341""","富林-KY","11,258.6004","已完成合併財務報表之母子公司","N/A","","19,198.7597","已完成合併財務報表之母子公司","N/A","","58,503.4547","購買之商品及勞務,與燃料及能源相關活動（未納入範疇1或範疇2）,上游運輸及配送,營運中產生之廢棄物,商務旅行,員工通勤,上游租賃資產,下游運輸及配送","已完成合併財務報表之母子公司","N/A","","10.9205","今年第一次富林全公司溫盤，預計以2025年為基準年，至2030年達成: 1減少用電量6%， 2.減少壓榨稻殼6%","1.規劃安裝太陽能。 2.使用節能LED燈取代傳統燈泡 3.逐步將使用R22氣體之空調、製冷系統更換為其它更環保之類型 4.管控進貨稻殼棒的質量。 5.提升機台使用效率並合理安排訂單 6.定期維護保養鍋爐系統","正在進行實施中"
"=""1342""","八貫","3,511.1509","已完成母公司","已完成母公司","合理保證等級","4,794.2048","已完成母公司","已完成母公司","合理保證等級","2,176.8952","與燃料及能源相關活動（未納入範疇1或範疇2）,上游運輸及配送,下游運輸及配送","已完成母公司","已完成母公司","合理保證等級","N/A","","",""
"=""1402""","遠東新","952,646.0000","已完成合併財務報表之母子公司","已完成合併財務報表之母子公司","合理保證等級","1,005,663.0000","已完成合併財務報表之母子公司","已完成合併財務報表之母子公司","合理保證等級","12,056,943.0000","購買之商品及勞務,資本財,與燃料及能源相關活動（未納入範疇1或範疇2）,上游運輸及配送,營運中產生之廢棄物,商務旅行,員工通勤,上游租賃資產,下游運輸及配送,已銷售產品之加工,已銷售產品之使用,已銷售產品生命週期結束之處理,下游租賃資產,加盟,投資","母公司及合併財務報告部分子公司（94家）","母公司及合併財務報告部分子公司（94家）","合理保證等級","5.5100","遠東新世紀生產事業目標設定至114年溫室氣體減量30%，119年溫室氣體減量50%，致力達成139年淨零排放，以109年為基期，包含範疇一及範疇二排放量。","本公司以五大策略開展減碳路徑：  1.	提升能源效率 ●	執行進度：113年透過製程改善、設備改善、能源管理三大方向提升能源效率，合計避免33,003 tCO2e ●	未來規劃：115年亞東石化（台灣）完成製程改造，可在生產過程產生電力，減少外購電力，每年可避免碳排放8萬tCO2e。117年於越南設置25MW汽電共生系統，將燃料產生之熱能同時作為蒸汽及發電使用，提高燃料使用效率。 2.	低碳燃料替代 ●	執行進度：逐步將高碳排放的水煤漿和重油鍋爐替換為碳排放量較低的天然氣鍋爐。遠東紡纖（越南）-織染廠使用生質燃料，包含木屑粒及稻穀粒，113年減碳量35,778 tCO2e ●	未來規劃：遠東紡纖（越南）-織染廠擴大生質燃料替代率，114年預估取代率達85%，115年起100%使用生質燃料。持續研發氫能源和生質燃料的應用。 3.	發展再生能源 ●	執行進度：截至113年底，台灣、中國大陸、越南共12個生產據點已裝設21,960 kW太陽能發電裝置，113年太陽能發電自用度數共計2,406萬度，並購買約2億度再生電力，合計減少碳排放量110,908 tCO2e ●	未來規劃：持續透過簽署長期購電協議等方式取得再生電力，並於全球據點擴建再生能源裝置容量自發自用。 4.	使用碳捕捉及再利用（CCU）技術 ●	執行進度：本公司首創全球廢氣回收再製聚酯技術，將鋼鐵廠回收的廢氣，透過特殊微生物發酵技術生產乙醇，再製成聚酯產品。 ●	未來規劃：持續蒐研相關資訊及作法，將二氧化碳轉化為可利用之產品，規劃未來從排放管道直接進行碳捕捉。 5.	原料使用轉型 ●	執行進度：採用低碳替代原料，包含回收再生料和生物質。 ●	未來規劃：持續運用企業核心技術優勢，積極開發環境友善且低碳的新材料，擴大應用產品範圍。回收原料 - 身為全球回收再生聚酯領先企業，以廢棄物為原料，達到循環經濟之願景。生物質原料 - 研發可商業量產的生物質聚酯材料。","113年本公司生產事業主要據點溫室氣體排放量較基準年減少34%，未使用碳抵換達成溫室氣體減量目標。"
"=""1409""","新纖","109,567.0000","已完成母公司,已完成合併財務報表之母子公司","已完成母公司","合理保證等級","184,971.0000","已完成母公司,已完成合併財務報表之母子公司","已完成母公司","合理保證等級","N/A","","N/A","N/A","","12.5054","2024年 目標 4%(已達成),短期目標( 2025 年) 7%, 中期目標(2030 年) 22%,以2018 年為基期計算","減量目標、推動措施及達成情形 面對全球氣候風險與政策壓力的日益升高，新光合纖積極響應淨零排放行動，已正式宣示將於民國139 年（2050 年）達成全面淨零碳排目標， 並以110 年為基準年，設定中長期減碳里程碑，包括2025 年減量7%、2030 年減量22%、2050 年達成淨零排放。 為推動具體減碳行動，公司已將「節能減碳」納入永續發展政策主軸，透過製程優化、燃料替代、再生能源導入、廢棄物再利用、綠色採購與綠 色產品開發等多元策略，逐步建構綠色商業模式。自2019 年起至2024 年間，公司累計減碳量達39.67%。在投資規劃上，為加速推動淨零轉型，公司已規劃至119 年（2030 年）前投入7.5 億元於多項減碳專案，涵蓋節能改善、燃煤改燃氣、能源轉 換、CO₂回收利用及再生能源開發等面向。2024 年度實際投入約1,324 萬元，執行包括製程設備、空壓機、空調與照明系統之升級與改善，強 化能源使用效率，並於2025 年2 月完成自願性提報作業另於2024 年透過導入永磁馬達、低階熱源回收、壓縮空氣系統改善等多項方案，創造減碳效益約3,000 萬元。2025 年預計再投入1.3 億元執行 燃煤改燃氣、廢水厭氧處理等新項目，持續擴大碳管理成效。","該年度減碳成效為：  年節電量達 6,513,757 kWh  節約能源 23.5 TJ  減少溫室氣體排放量 3,218 公噸 CO₂e  自願性減量提報總計 53 筆"
"=""1410""","南染","52.7634","已完成合併財務報表之母子公司","N/A","","1,895.4780","已完成合併財務報表之母子公司","N/A","","N/A","","N/A","N/A","","N/A","","",""
"=""1413""","宏洲","12,365.7963","已完成母公司,已完成合併財務報表之母子公司,宏洲纖維工業股份有限公司桃園工廠","已完成母公司,已完成合併財務報表之母子公司,宏洲纖維工業股份有限公司桃園工廠","合理保證等級","22,966.1692","已完成母公司,已完成合併財務報表之母子公司,宏洲纖維工業股份有限公司桃園工廠","已完成母公司,已完成合併財務報表之母子公司,宏洲纖維工業股份有限公司桃園工廠","合理保證等級","N/A","","N/A","N/A","","15.3220","本公司溫室氣體盤查基準年訂為2022年，並以2030年減少30%的溫室氣體排放、2050年逹到淨零排放。為逹到溫室氣體減量政策，本公司生產工廠應逐年汰換耗能設備、建置及使用太陽能發電等綠電，採用變頻器提高能源使用效率等措施，來逹到減碳的目標。如屆目標年溫室氣體排放減量仍無法逹到目標時，其差額採用碳中和的方式來逹成目標。本公司採用的溫室氣體碳中和係遵循PAS 2060/碳中和實施標準來進行。","5.3 企業溫室氣體排放量減量之預算與計畫 1.	本公司2025年度預計投入預算及逹成目標： 預估投入金額5,000千元 預估節電量：53萬度 節電率：1.0% 2.	2025年度執行中及計劃中的温室氣體減量相關方案如下： (1)	與電力有關： A 空調風車增設變頻器。 B 空壓機壓力調降及串聯管路，提升空壓機使用效能。 C 風車扇葉改纖維葉片。 D 採用屋頂散熱球通風裝置增加廠房通風及導風，並在廠房屋頂塗裝防水斷熱節能塗料。 E 空壓機汰換。 F 2025年底前以4,000萬元購入出租屋頂上之太陽能發電設備1,300KW，作為工廠自發自用提高綠電使用數量。 (2)	與製冷有關： 在冷却水塔增設温控器。 購置吸收式冷凍機。 (3)	與能源有關： 完成天然瓦期管線的接管，將重油鍋爐改為燃氣鍋爐，減少使用重油增加潔淨能源使用量以減少碳排放量。 5.4 企業產品或服務帶給客戶或消費者之減碳效果 1、	符合下游品牌廠商綠色環保的需求。 2、	為地球氣候變遷善盡綠色生產的責任。 3、	使用綠電生產綠色產品。","2024年本公司桃園廠溫室氣體範疇1+範疇2排放總量為35,331.966公噸CO2e，較2022年基準年溫室氣體範疇1+範疇2排放總量40,295.089公噸CO2e減少4,963.123公噸CO2e，減量12.3%。"
"=""1414""","東和","48.7893","台北辦公室+麻豆廠區","台北辦公室+麻豆廠區","合理保證等級","9,216.9641","台北辦公室+麻豆廠區","台北辦公室+麻豆廠區","合理保證等級","2,005.7212","與燃料及能源相關活動（未納入範疇1或範疇2）","台北辦公室+麻豆廠區","台北辦公室+麻豆廠區","有限保證等級","21.5180","▪本公司以 2022年為基準年，導入並依循 ISO 14064-1:2018溫室氣體盤查標準之規範，以盤查東和紡織麻 豆廠區與臺北辦公室等營運據點。 ▪2024 年溫室氣體排放量( 公噸CO2e) 如下： 範疇一：48.7893 公噸CO2e 範疇二：9216.9641 公噸CO2e 範疇二：2005.7212 公噸CO2e 總排放量= 範疇一+ 範疇二+ 範疇三：11,271.4746 公噸CO2e ▪本公司規畫於 2 年間 (2023-2025)改善生產進程，目前機台改造進度約 72%，並持續優化製程設備，已達 成減少3,000 公噸碳排量之目標。","本公司為紡織工業，近年因應臺灣2050 年淨零排放之目標，其紡織業被列選為重點淨零轉型產業之一，東和為持續發展永續，近年計畫導入ISO 50001 能源管理系統，確實管理廠內能資源之運用；在製程上亦須更換空壓管線，以減少氣體外洩。","▪綠電設施建設規劃，第四期太陽能發電 499.5KWP評估轉為自用。 ▪ 因景氣影響訂單減少，設備稼動率亦減少，較 2023年減少碳排放 2,036噸。"
"=""1416""","廣豐","43.5236","已完成合併財務報表之母子公司","N/A","","230.2047","已完成合併財務報表之母子公司","N/A","","134.2676","與燃料及能源相關活動（未納入範疇1或範疇2）,上游運輸及配送,商務旅行,員工通勤,下游運輸及配送","已完成合併財務報表之母子公司","N/A","","1.2252","尚未設基準年,113屬自願溫室氣體盤查. 目標是到2030年達成減少10%的碳排放","本公司將加強能源管理，優化能源使用效率，並優先採用可再生能源來取代傳統的化 石燃料能源。此外，將進行生產過程的節能改造，如更新低能耗設備、提高運營以及數據管理效率等。另外，未來也將透過碳補償機制，減少外部排放量。  ","113年自願第一次盤查,正要實施"
"=""1417""","嘉裕","46.8156","已完成母公司","N/A","","668.1400","已完成母公司","N/A","","N/A","","N/A","N/A","","1.6139","本公司溫室氣體盤查基準年訂為2024年，以該年度範疇一及範疇二溫室氣體排放作為減碳目標，並設定目標2026年，達成範疇一及範疇二排放量較基準年減少1%。","1.已部份汰舊換新省電LED燈炮及變頻冷氣，並宣導員工節約用電，強化節能意識。 2.與叫車平台合作，推出多元節能減碳計程車服務，鼓勵員工出差多搭乘大眾運輸及低碳化電動車。 3.宣導環境教育，舉辦淨灘活動，讓員工認識社會責任，積極參與環保行動。 4.推行公務車共乘，降低車輛出勤次數，減少油量使用量。 5.建立電子表單系統及紙張回收再利用，減少紙張用量。 6.參與財政部電子發票整合服務平台，開立電子發票。","本公司以2025年為相較基準年，預計自2026年度開始揭露達成情形。"
"=""1418""","東華","0.8370","水肥、天然氣(台北總公司+新竹廠區)","N/A","","182.4046","用電量(台北總公司+新竹廠區)","N/A","","N/A","","N/A","N/A","","17.8946","","",""
"=""1419""","新紡","2,558.6000","已完成母公司","大園廠","合理保證等級","17,340.8000","已完成母公司","大園廠","合理保證等級","1,314.2000","與燃料及能源相關活動（未納入範疇1或範疇2）","已完成母公司","大園廠","有限保證等級","4.9924","以 107 年度為基準年，114 年碳密集度 下降 15%","提高能源使用效率，汰換老舊設備，製程管理更新","已達標"
"=""1423""","利華","N/A","N/A","N/A","","N/A","N/A","N/A","","N/A","","N/A","N/A","","0.0000","","",""
"=""1432""","大魯閣","556.0795","已完成母公司","已完成母公司","合理保證等級","8,880.8236","已完成母公司","已完成母公司","合理保證等級","2,263.2843","與燃料及能源相關活動（未納入範疇1或範疇2）,營運中產生之廢棄物,員工通勤","已完成母公司","已完成母公司","有限保證等級","8.2629","本公司以2024年為基準年，該年度總排放量為11700.1874公噸CO2e。","為達成減量目標，本公司已制定節能措施、節水措施以及廢棄物管理政策。","本年度為初次進行溫室氣體盤查之基準年，故暫無減量成果數據。"
"=""1434""","福懋","121,581.6938","已完成合併財務報表之母子公司","已完成合併財務報表之母子公司","合理保證等級","235,827.6332","已完成合併財務報表之母子公司","已完成合併財務報表之母子公司","合理保證等級","N/A","","N/A","N/A","","12.4468","本公司溫室氣體減量以108年為基準年，其範疇一及範疇二排放量分別為34.7萬噸CO2e及9.8萬噸CO2e，並透過具體行動進一步落實至目標年116年達成溫室氣體範疇一與範疇二合計減量26.3%，範疇三減量20%，並於民國119年範疇一與範疇二減少33.8%，持續以139年達成碳中和的目標邁進。 ","(1). 本公司減碳目標範疇一、範疇二涵蓋營運據點之用電等營運活動，透過落實使用節能設備並實際使用再生能源等作為，且每年透過符合 ISO 14064 溫室氣體盤查標準之第三方查證碳排放量。  (2). 為達成SBTi，本公司擬定三大主軸：  2.1.藉由導入先進製程技術，提升生產與能源運用效率，創造節能效益。  2.2.推動再生能源使用與低碳能源轉型，落實節能減排，並持續通過各項國際認證標準，執行廠內各項節能減碳案件，提升企業對氣候的韌性。  2.3.與上下供應鏈合作以環保回收材質，開發各項綠色低碳產品；建置完善的供應商稽核與輔導機制，與供應商展開ESG交流，共同為氣候風險付出心力，並成立工作小組推動各項專案，提升全公司對氣候變遷意識，增進企業永續競爭力。  (3). 另於109年底正式簽署成為TCFD支持者，並依循TCFD指引，揭露因應氣候變遷所採取的策略與措施。同時，公司連續四年於CDP 氣候變遷與水安全獲得領導級評等，並受邀參與CDP與企業永續發展協會(BCSD Taiwan)合作舉辦的「CDP台灣發表會」(為台灣首度舉辦頒獎典禮)，由此可見，國際氣候組織肯定福懋興業長期致力於氣候變遷的努力。 ","溫室氣體母公司總排放量113年度14.3萬噸，較目標年108年度44.5減少15.6萬噸，減碳達67.86%，雖已提前達成目標，仍持續努力減碳作業，為地球盡一份心力。"
"=""1435""","中福","15.1852","已完成母公司","N/A","","6.7905","已完成母公司","N/A","","N/A","","N/A","N/A","","2.0570","本公司將以2026年為基準年，揭露2027年度減量目標、策略及具體行動計畫。","評估規劃中。擬請外部專業機構協助及規劃相關計畫時程。","本公司2026年年報將揭露2025年度盤查資訊。"
"=""1436""","華友聯","49.7632","已完成母公司","N/A","","56.5805","已完成母公司","N/A","","11.3150","上游運輸及配送","已完成母公司","N/A","","N/A","","",""
"=""1437""","勤益控","2.7120","母公司及部分子公司","N/A","","32.5996","母公司及部分子公司","N/A","","N/A","","N/A","N/A","","0.0418","","",""
"=""1438""","三地開發","4.7680","已完成母公司","N/A","","5.8189","已完成母公司","N/A","","N/A","","N/A","N/A","","N/A","","",""
"=""1439""","雋揚","1.4852","已完成母公司","N/A","","8.8813","已完成母公司","N/A","","2.2132","與燃料及能源相關活動（未納入範疇1或範疇2）,員工通勤","已完成母公司","N/A","","N/A","","",""
"=""1440""","南紡","110,525.8798","已完成合併財務報表之母子公司","已完成母公司","合理保證等級","244,682.2721","已完成合併財務報表之母子公司","已完成母公司","合理保證等級","652,118.1748","購買之商品及勞務,資本財,與燃料及能源相關活動（未納入範疇1或範疇2）,上游運輸及配送,營運中產生之廢棄物,商務旅行,員工通勤,下游運輸及配送","已完成合併財務報表之母子公司","已完成母公司","有限保證等級","20.6633","為規劃溫室氣體減量策略，合併公司於民國113年以合併財務報告為邊界完成盤查，故基準年為113年，其範疇一及範疇二排放量分別為110,525.8798噸CO2e及244,682.2721噸CO2e，希望透過下列具體行動，使公司集團溫室氣體排放量，於114年達成較基準年減量137.58噸CO2e之目標，並於119年達成自基準年減量39,510.806噸CO2e之目標。","考量國際碳市場價格、溫室氣體相關法規的碳價/碳費，依此作為減碳管理與規劃之參考。並針對多項溫室氣體減量計畫進行規劃，包含轉換使用低碳燃料、製程改善、提升能源效率及使用再生能源等措施，確保減量符合進程，以積極態度降低碳排放衝擊並提升營運競爭優勢。","114年預計減量137.58噸CO2e"
"=""1441""","大東","19.7896","已完成母公司","已完成母公司","預計於114年07月完成查證","33.7692","已完成母公司","已完成母公司","預計於114年07月完成查證","37.4835","購買之商品及勞務,與燃料及能源相關活動（未納入範疇1或範疇2）,上游運輸及配送,營運中產生之廢棄物,商務旅行","已完成母公司","已完成母公司","預計於114年07月完成查證","0.1207","113年度為基準年, 範疇一+二: 53.5588公噸CO₂e 減量目標: 2025--完成全廠碳盤查（含範疇1+2)，建立碳排基準年。 2026--減少[範疇2]排放量 5% 2030--整體碳排放量(範疇1+2) 較2025年減少10%","辨公室節能(更換LED照明、推動無紙化) 推廣線上會議, 減少差旅碳排 ","尚未有比較資料"
"=""1442""","名軒","N/A","N/A","N/A","","59.7200","已完成母公司","N/A","","N/A","","N/A","N/A","","0.0068","","",""
"=""1443""","立益物流","N/A","N/A","N/A","","N/A","N/A","N/A","","N/A","","N/A","N/A","","N/A","不適用","不適用","不適用"
"=""1444""","力麗","37,310.0000","已完成母公司","N/A","","106,455.0000","已完成母公司","N/A","","N/A","","N/A","N/A","","23.2054","","本公司希望透過下列具體行動進一步落實溫室氣體減量政策： 1. 提升綠電使用比例  2. 鼓勵同仁發想節能環保相關製程改善，並依據成本節約比重頒發個人激勵獎金 3. 購買節能機台 4. 建置太陽能發電系統 經由上列各項逐步實踐公司的淨零排放目標，努力於116年完成個體公司溫室氣體盤查資訊之確信。 ",""
"=""1445""","大宇","118.3497","已完成母公司","N/A","","13,176.9230","已完成母公司","N/A","","88,542.2693","購買之商品及勞務,資本財,與燃料及能源相關活動（未納入範疇1或範疇2）,上游運輸及配送,營運中產生之廢棄物,商務旅行,員工通勤,下游運輸及配送,投資","已完成母公司","N/A","","102.9575","","",""
"=""1446""","宏和","3.9778","已完成母公司","N/A","","152.4702","已完成母公司","N/A","","N/A","","N/A","N/A","","0.0426","","",""
"=""1447""","力鵬","135,408.5898","已完成母公司","N/A","","94,353.6969","已完成母公司","N/A","","N/A","","N/A","N/A","","21.5355","","",""
"=""1449""","佳和","701.5429","已完成母公司","N/A","","34,250.5190","已完成母公司","N/A","","5,116.3282","下游運輸及配送","已完成母公司","N/A","","13.7850","基準年 : 2018年 | 溫室氣體排放量 : 115,056.9500 減量目標 : 對比2018年，2025年減少23%排放量","設備汰換更新，提高能源使用效率 (空壓機、織布機、浸染機汰換更新)","已達成減量23%之目標"
"=""1451""","年興","5,331.7231","已完成母公司","已完成母公司","合理保證等級","4,903.4322","已完成母公司","已完成母公司","合理保證等級","N/A","","N/A","N/A","","1.5941","1.台灣後龍廠以2016年為基準年，溫室氣體排放量24,651,708.69 kgCO2e，2024年已停工，目前尚在進行廢水處理，預計2027解除工廠登記。 2.墨西哥紡織廠以2016年為基準年，溫室氣體排放量為45,528,230 kgCO2e，目標2030年排放量降低40%；2040年降低60%；2050年降低100%，以達到淨零排放。 3.賴索托紡織廠以2016年為基準年，溫室氣體排放量為61,360,290 kgCO2e，目標2030年工廠達成零煤炭使用。 4.賴索托成衣廠以2016年為基準年，每件牛仔褲排放量為4.25kgCO2e，目標2030年工廠達成零煤炭使用。 5.越南寧平廠以2018年為基準年，2018年為基準年，溫室氣體排放量為22,494,180 kgCO2e，目標2030年排放量降低40%；2040年降低60%；2050年降低100%，以達到淨零排放。","燃料汰換:越南寧平廠已全面燃燒木質顆粒，賴索托產區也已試行木質顆粒燃燒。墨西哥紡織廠也在評估天然氣取代重油方案。","1.台灣後龍廠已連續兩年溫室氣體排放量低於2.5萬公噸CO2e。 2.越南寧平廠已全面燃燒木質顆粒。"
"=""1452""","宏益","71.2097","已完成母公司","已完成母公司","合理保證等級","19,661.5721","已完成母公司","已完成母公司","合理保證等級","N/A","","N/A","N/A","","11.6045","","",""
"=""1453""","大將","13.8717","已完成母公司","N/A","","32.1836","已完成母公司","N/A","","14.4413","購買之商品及勞務,上游運輸及配送,員工通勤","已完成母公司","N/A","","0.2967","","",""
"=""1454""","台富","437.5805","已完成母公司","已完成母公司","合理保證等級","20,962.2225","已完成母公司","已完成母公司","合理保證等級","544.0850","購買之商品及勞務,資本財,與燃料及能源相關活動（未納入範疇1或範疇2）,上游運輸及配送,營運中產生之廢棄物,員工通勤,下游運輸及配送","已完成母公司","已完成母公司","合理保證等級","13.1772","","",""
"=""1455""","集盛","31,374.4636","已完成合併財務報表之母子公司","已完成合併財務報表之母子公司","合理保證等級","110,749.8593","已完成合併財務報表之母子公司","已完成合併財務報表之母子公司","合理保證等級","22,202.9125","與燃料及能源相關活動（未納入範疇1或範疇2）,上游運輸及配送,營運中產生之廢棄物","已完成合併財務報表之母子公司","已完成合併財務報表之母子公司","確證與協議程序","15.0763","以102年為溫室氣體減量基準年，102年(直接+能源間接)排放量為235,798.276公噸CO2e，以五年為週期設定減碳目標。112年目標為減少15%碳排放量；117年為減少25%碳排放量；119年減少30%碳排放量為中長期目標。113年實際累計減碳達22.31%，累計減碳量為52,601公噸CO2e。 ","1.淨零策略:製程改善、能源轉換、循環經濟 2.具體行動計畫: (1)空壓機汰換、增設液位控制器…等 (2)持續建置太陽能、太陽能自發自用 (3)發展綠色環保產品","113年減碳量為13,233公噸CO2e，累計減碳52,601公噸CO2e，累計減碳達22.31%。"
"=""1456""","怡華","8,286.2218","台南官田廠","台南官田廠","合理保證等級","17,100.7749","台南官田廠","台南官田廠","合理保證等級","N/A","","N/A","N/A","","N/A","","",""
"=""1457""","宜進","14.7906","已完成母公司,以「宜進公司及子公司(光明絲織廠股份有限公司、宏洲纖維工業股份有限公司、億東纖維股份有限公司、欣懋投資股份有限公司、大田國際開發股份有限公司、大宜國際開發股份有限公司)台北公司」為盤查範圍。","已完成母公司,以「宜進公司及子公司(光明絲織廠股份有限公司、宏洲纖維工業股份有限公司、億東纖維股份有限公司、欣懋投資股份有限公司、大田國際開發股份有限公司、大宜國際開發股份有限公司)台北公司」為盤查範圍","合理保證等級","50.7883","已完成母公司,以「宜進公司及子公司(光明絲織廠股份有限公司、宏洲纖維工業股份有限公司、億東纖維股份有限公司、欣懋投資股份有限公司、大田國際開發股份有限公司、大宜國際開發股份有限公司)台北公司」為盤查範圍","已完成母公司,以「宜進公司及子公司(光明絲織廠股份有限公司、宏洲纖維工業股份有限公司、億東纖維股份有限公司、欣懋投資股份有限公司、大田國際開發股份有限公司、大宜國際開發股份有限公司)台北公司」為盤查範圍","合理保證等級","2,308.1416","上游運輸及配送,商務旅行,下游運輸及配送,投資","已完成母公司,以「宜進公司及子公司(光明絲織廠股份有限公司、宏洲纖維工業股份有限公司、億東纖維股份有限公司、欣懋投資股份有限公司、大田國際開發股份有限公司、大宜國際開發股份有限公司)台北公司」為盤查範圍","已完成母公司,以「宜進公司及子公司(光明絲織廠股份有限公司、宏洲纖維工業股份有限公司、億東纖維股份有限公司、欣懋投資股份有限公司、大田國際開發股份有限公司、大宜國際開發股份有限公司)台北公司」為盤查範圍","有限保證等級","0.0750","5.2 企業溫室氣體排放量減量目標 本公司溫室氣體盤查基準年訂為2022年，以該年度範疇1+範疇2溫室氣體排放總量作為減碳目標，預計2030年減碳量達30%，2050年達淨零排放。","5.3 企業溫室氣體排放量減量之預算與計畫 1.	本公司2025年度預計投入預算及逹成目標： 預估投入金額10萬元 預估節電量：1萬度 節電率：5% 2.	2025年度執行中及計劃中的温室氣體減量相關方案如下： (1)	更換節能燈具。 (2)	設定室內超過30度以上才能開空調冷氣，冷氣設定在27度。 5.4 企業產品或服務帶給客戶或消費者之減碳效果 1、	符合下游品牌廠商綠色環保的需求。 2、	為地球氣候變遷善盡綠色生產的責任。","本公司2024年溫室氣體範疇1+範疇2排放量為65.5789公噸CO2e，較2022年基準年溫室氣體範疇1+範疇2排放量為73.126公噸CO2e減少7.5471公噸CO2e，減少10.3%"
"=""1459""","聯發","0.0000","已完成母公司","N/A","","10,386.0000","已完成母公司","N/A","","N/A","","N/A","N/A","","21.8200","NA","NA","NA"
"=""1460""","宏遠","57,581.2283","已完成母公司","已完成母公司","合理保證等級","39,430.0110","已完成母公司","已完成母公司","合理保證等級","N/A","","N/A","N/A","","19.2989","宏遠興業目標於2050年達到淨零碳排，以2020年為基準年，於2024年減少20%碳排，2025年減少25%碳排，2030年則減少50%。","宏遠於2022年繪製各廠減碳路徑圖，並規劃三大策略實踐淨零碳排:1.再生能源-太陽能發電案場2.鍋爐使用低碳燃料取代煤炭3.汰換老舊設備，導入節能機台，最後購買綠證或碳權以達到淨零標準","宏遠台灣廠2020年之溫室氣體排放量為125,306.4480 tCO2e，2024年台灣廠直接與能源間接(範疇一及範疇二)排放量：97,011.2393 tCO2e，2024年相較目標基準年(2020年)減少約22.58%碳排量。 "
"=""1463""","強盛新","24,880.0000","已完成母公司","N/A","","8.0000","已完成母公司","N/A","","N/A","","N/A","N/A","","2.2600","本公司實收資本額未達新台幣50億元，依金管會金管證簽字第11103849344號函規定，應自116年起完成盤查揭露資訊，118年起完成確信資訊揭露，故本年度尚無相關資訊。","惟本公司長年致力推動節能減碳政策，採用溫室氣體盤查系統，掌握本身溫室氣體排放狀況，持續統計用水量及廢棄物總重量，列入管理報告追蹤。 本公司設立各項排放標準，以每年持續降低各項氣體排放量、用水量及廢棄物總重量佔平均單位耗用量之5%為目標，期能成為環境永續發展之低碳企業。 ","為達成上述各項減放目標，本公司除持續更新省水系統之生產設備及改善製程研發方面著手，並透過淘汰燃煤鍋爐改採中壓蒸氣、新增設汙泥烘乾系統降低廢棄物之產生。"
"=""1464""","得力","32,683.3981","已完成母公司","已完成母公司","合理保證等級","24,304.7684","已完成母公司","已完成母公司","合理保證等級","N/A","","N/A","N/A","","14.4200","","",""
"=""1465""","偉全","5,645.0000","已完成母公司","N/A","","N/A","N/A","N/A","","N/A","","N/A","N/A","","N/A","","",""
"=""1466""","聚隆","965.1445","已完成母公司","N/A","","38,365.7501","已完成母公司","N/A","","N/A","","N/A","N/A","","16.5386","2021基準年碳排放量為52393.36公噸CO₂e，目標減量30%","再生能源併網發電、更換為高效率空調設備、更換LED燈具、既有空壓系統之能源效率提升、更換為高效率空壓機、風扇/泵浦導入變轉速控制、台數控制","截至2024年，碳排放量已減少24.93%"
"=""1467""","南緯","731.6800","台灣總部、越南產區","已完成母公司","合理保證等級","2,057.8800","台灣總部、越南產區","已完成母公司","合理保證等級","N/A","","N/A","N/A","","1.7057","""以 113 年為基準年，排放量為2,789.56 t/CO2e (台灣總部、越南產區)。 目標在 118年達到單位產品之溫室氣體排放量及用水量下降 5%，廢棄物總量下降 5%。""	","採用/汰換低耗能設備、加裝使用自然能源裝置及員工生活習慣養成為主要方法。113年節電成效: 共執行5項節電方案，總計節省能耗2,413 GJ，相當於減少溫室氣體排放438.58 t-CO2e；台灣台北總部預計更換LED平板燈，113年已更換兩層樓，節省16,675 KWH電力用量。	","NA"
"=""1468""","昶和","851.0588","本公司以下營運據點：昶和纖維(紹興)有限公司、昶和纖維興業股份有限公司_台北辦事處、昶和纖維興業股份有限公司_南崁","N/A","","3,207.3352","本公司以下營運據點：昶和纖維(紹興)有限公司、昶和纖維興業股份有限公司_台北辦事處、昶和纖維興業股份有限公司_南崁","N/A","","12,837.8889","與燃料及能源相關活動（未納入範疇1或範疇2）,營運中產生之廢棄物,商務旅行,下游運輸及配送","本公司以下營運據點：昶和纖維(紹興)有限公司、昶和纖維興業股份有限公司_台北辦事處、昶和纖維興業股份有限公司_南崁","N/A","","15.6702","面對氣候變遷與減碳規範日益趨嚴之趨勢，本公司持續優化能源使用效率，推動製程低碳轉型，並強化排放管理資訊系統建置。113年度合併公司溫室氣體總排放量為16896.283(公噸CO₂e)密集度15.6702(公噸/百萬元營業額)，雖較112年度之15,809(公噸CO₂e)略為增加，但預計未來溫室氣體排放將儘量控制在此範圍。同時也將節能減碳策略逐步落實。","本公司自2025年起導入ISO 14064-1:2018 組織層級溫室氣體盤查制度，建立碳排放量化基礎，2024年度已有專責人員取得碳盤查查證證書，顯示公司對氣候管理之重視，並為未來碳揭露與碳費因應奠定基礎。","*高效設備汰換與能源管理升級：系統性汰換主要機台，優先採購高效率、低能耗之設備，並導入能源監控模組，即時掌握耗能熱點，逐步建立能源基準線與管理指標。"
"=""1470""","大統新創","9,257.1600","母公司桃園廠","母公司桃園廠","合理保證等級","3,961.1200","母公司桃園廠","母公司桃園廠","合理保證等級","N/A","","N/A","N/A","","16.7700","","",""
"=""1471""","首利","N/A","N/A","N/A","","N/A","N/A","N/A","","N/A","","N/A","N/A","","N/A","","",""
"=""1472""","三洋實業","174.0408","已完成合併財務報表之母子公司","已完成合併財務報表之母子公司","有限確信","499.7025","已完成合併財務報表之母子公司","已完成合併財務報表之母子公司","有限確信","300.8642","上游運輸及配送,商務旅行,員工通勤","已完成合併財務報表之母子公司","N/A","","2.8848","","",""
"=""1473""","台南","4,096.5100","已完成合併財務報表之母子公司","N/A","","8,758.7200","已完成合併財務報表之母子公司","N/A","","N/A","","N/A","N/A","","1.7300","以2018為基準，預計於2030年時，每百萬經營業額之排放密度降低30%。","能源汰換計畫： 1. 煤炭鍋爐汰換計畫：以生質能、電鍋爐取代煤炭鍋爐 2. 綠能導入計畫：提升工廠綠電使用比例","2024年，溫室氣體排放密度已較基準年(2018)減少24.78%"
"=""1474""","弘裕","1,642.0595","已完成母公司","N/A","","12,967.6688","已完成母公司","N/A","","20,415.5182","購買之商品及勞務","已完成母公司","N/A","","6.9811","本公司以111年（2022年）為溫室氣體減量基準年，以範疇一+範疇二的碳排放量減量為目標。該年度的排放量為16511.93公噸CO₂e，113年預期目標則為相較於基準年111年減少4%碳排放量。","本公司針對溫室氣體減量，訂定多項策略與具體行動計畫，包括：(1) 設備改善與節能措施：如設備汰舊換新、提升馬達能效（IE3高能效馬達）、冷卻水塔節能改造等。(2) 生產流程優化：如改善生產流程、提升產能利用率，降低單位產品排放量。(3)污水處理設施優化：如反洗池改善、提升污泥脫水效率，降低廢水及污泥產生量。(4) 減廢及資源回收：如提升資源回收率、減少廢棄物產生。(5) 其他措施：如提升用水品質、降低生產問題、推動能資源管理等。","113年（2024年) 實際排放量為14609.72公噸CO₂e，較基準年減量11.5%。"
"=""1475""","業旺","4.3170","已完成母公司","N/A","","11.3807","已完成母公司","N/A","","N/A","","N/A","N/A","","0.0080","","",""
"=""1476""","儒鴻","31,029.9857","已完成合併財務報表之母子公司","已完成合併財務報表之母子公司","合理保證等級","94,968.6911","已完成合併財務報表之母子公司","已完成合併財務報表之母子公司","合理保證等級","10,535.7336","購買之商品及勞務,與燃料及能源相關活動（未納入範疇1或範疇2）,上游運輸及配送,營運中產生之廢棄物,商務旅行,下游運輸及配送","已完成合併財務報表之母子公司","已完成合併財務報表之母子公司","合理保證等級","3.4212","在溫室氣體盤查推行委員會的推動下，所有廠區皆依ISO14064-1溫室氣體盤查驗證標準，以2017年作為公司溫室氣體盤查的基準年(成衣4.35噸CO2e/千打；織布5.94噸CO2e/噸)，每年進行溫室氣體盤查作業。儒鴻訂定之中長期溫室氣體減量為，至2030年碳排放密度相較基準年降低20%。","儒鴻依循「氣候變遷管理政策」詳見2024年永續報告書5.2.1一節。 儒鴻制定多項行動方案，並在能源轉型方面已見成效。自2020年起，儒鴻於越南廠區首次使用綠電，截至2024年，越南及臺灣廠區再生能源使用比例已接近10%，期許未來目標為持續倍增綠電占比。在潔淨能源方面，自2021年起，所有生產基地已全面停止使用煤炭做為燃料，除有效降低溫室氣體排放外，也大幅減少氮氧化物及硫氧化物的排放。 在源頭減量方面，儒鴻持續提升設備能源效率外，並積極進行製程優化。自2020年起逐步引進低浴比機台，不僅具有節水效果，相較於傳統機台更能減少16%的電力及35%的蒸汽使用。   ","排放密集度來看而言，2024年織布事業部相較2023年降低3.68%，2024年成衣事業部相較2023年降低12.24%。 2024年度相較於基準年，已達成織布事業部之目標，而成衣事業部達成56%的進度。"
"=""1477""","聚陽","12,483.3937","已完成母公司,Jiaxing Rising Garment Co., Ltd.、 Jiaxing Suntex Garment Co., Ltd.、 PT. Glory Industrial Semarang、 PT. Starlight Garment Semarang、 PT. Glory Industrial Semarang - Demak、 Makalot Garments (Cambodia) Co., Ltd.、 Makalot Garments (Cambodia) Co., Ltd. ""Branch 1""、 Makalot Garments (Cambodia) Co., Ltd. ""Branch 3""、 Moha Garments Co., Ltd.、 Makalot Garments (Vietnam) Co., Ltd. (MK1)、 Makalot Garments (Vietnam) Co., Ltd. (MK2/3)、 Leader Garment (Vietnam) Co., Ltd.","已完成母公司,Jiaxing Rising Garment Co., Ltd.、 Jiaxing Suntex Garment Co., Ltd.、 PT. Glory Industrial Semarang、 PT. Starlight Garment Semarang、 PT. Glory Industrial Semarang - Demak、 Makalot Garments (Cambodia) Co., Ltd.、 Makalot Garments (Cambodia) Co., Ltd. ""Branch 1""、 Makalot Garments (Cambodia) Co., Ltd. ""Branch 3""、 Moha Garments Co., Ltd.、 Makalot Garments (Vietnam) Co., Ltd. (MK1)、 Makalot Garments (Vietnam) Co., Ltd. (MK2/3)、 Leader Garment (Vietnam) Co., Ltd.","合理保證等級","33,255.5320","已完成母公司,Jiaxing Rising Garment Co., Ltd.、 Jiaxing Suntex Garment Co., Ltd.、 PT. Glory Industrial Semarang、 PT. Starlight Garment Semarang、 PT. Glory Industrial Semarang - Demak、 Makalot Garments (Cambodia) Co., Ltd.、 Makalot Garments (Cambodia) Co., Ltd. ""Branch 1""、 Makalot Garments (Cambodia) Co., Ltd. ""Branch 3""、 Moha Garments Co., Ltd.、 Makalot Garments (Vietnam) Co., Ltd. (MK1)、 Makalot Garments (Vietnam) Co., Ltd. (MK2/3)、 Leader Garment (Vietnam) Co., Ltd.","已完成母公司,Jiaxing Rising Garment Co., Ltd.、 Jiaxing Suntex Garment Co., Ltd.、 PT. Glory Industrial Semarang、 PT. Starlight Garment Semarang、 PT. Glory Industrial Semarang - Demak、 Makalot Garments (Cambodia) Co., Ltd.、 Makalot Garments (Cambodia) Co., Ltd. ""Branch 1""、 Makalot Garments (Cambodia) Co., Ltd. ""Branch 3""、 Moha Garments Co., Ltd.、 Makalot Garments (Vietnam) Co., Ltd. (MK1)、 Makalot Garments (Vietnam) Co., Ltd. (MK2/3)、 Leader Garment (Vietnam) Co., Ltd.","合理保證等級","1,082,255.1451","購買之商品及勞務,與燃料及能源相關活動（未納入範疇1或範疇2）,上游運輸及配送,營運中產生之廢棄物,商務旅行,員工通勤,下游運輸及配送","已完成母公司,Jiaxing Rising Garment Co., Ltd.、 Jiaxing Suntex Garment Co., Ltd.、 PT. Glory Industrial Semarang、 PT. Starlight Garment Semarang、 PT. Glory Industrial Semarang - Demak、 Makalot Garments (Cambodia) Co., Ltd.、 Makalot Garments (Cambodia) Co., Ltd. ""Branch 1""、 Makalot Garments (Cambodia) Co., Ltd. ""Branch 3""、 Moha Garments Co., Ltd.、 Makalot Garments (Vietnam) Co., Ltd. (MK1)、 Makalot Garments (Vietnam) Co., Ltd. (MK2/3)、 Leader Garment (Vietnam) Co., Ltd.","已完成母公司,Jiaxing Rising Garment Co., Ltd.、 Jiaxing Suntex Garment Co., Ltd.、 PT. Glory Industrial Semarang、 PT. Starlight Garment Semarang、 PT. Glory Industrial Semarang - Demak、 Makalot Garments (Cambodia) Co., Ltd.、 Makalot Garments (Cambodia) Co., Ltd. ""Branch 1""、 Makalot Garments (Cambodia) Co., Ltd. ""Branch 3""、 Moha Garments Co., Ltd.、 Makalot Garments (Vietnam) Co., Ltd. (MK1)、 Makalot Garments (Vietnam) Co., Ltd. (MK2/3)、 Leader Garment (Vietnam) Co., Ltd.","有限保證等級","0.8744","基準年及其數據: 2020年，排放量: 41,846.66 ton CO2e 減量目標: 2030年每生產單位碳排減碳50%，2050年淨零碳排","1. 綠色採購 : 以低能耗機器/設備為優先考量, 並逐步汰換高耗能設備以低能耗設備取代, 以提高能源效率, 降低碳排 2. 推行節能減碳 : 透過各種管道宣導節能(如電子報、電子看板、節能小Tips…等), 提高同仁節能減碳意識, 每年編列特別預算推動全集團進行節能活動、導入節能措施 3. 導入綠能 : 投資或與當地業者合作建置屋頂太陽能發電設備, 並採購綠電憑證, 提高綠電佔比( 在台灣架設屋頂太陽能發電系統、中國與當地綠電業者合作在屋頂架設太陽能發電設備、購買I-REC以提高中國、菲律賓、柬埔寨、印尼和越南綠電佔比, 減少範疇二碳排放) 4. 實施能源轉型策略, 逐步淘汰使用化石燃料鍋爐改用電鍋爐 5. 遵守集團下營運單位所在各國之相關能源及碳排放相關法規 6. 研究綠色能源，並規劃資源予以投入 7. 積極造林藉以減少大氣中二氧化碳濃度 ","1. 與基準年（2020年）相比，化石燃料已減少80％，並在2024年在所有營運基地停止使用煤炭作為燃料 2. 2024年單位產品溫室氣體排放較基準年2020 下降25%"
"=""1503""","士電","5,718.8159","已完成合併財務報表之母子公司","已完成合併財務報表之母子公司","有限確信","35,768.3145","已完成合併財務報表之母子公司","已完成合併財務報表之母子公司","有限確信","10,785.4328","與燃料及能源相關活動（未納入範疇1或範疇2）,商務旅行,員工通勤","「與燃料及能源相關活動」資料邊界為合併財務報表之母子公司， 「商務旅行」及「員工通勤」資料邊界為母公司。","N/A","","1.1829","為強化溫室氣體管理，本公司自111年起依據 ISO 14064-1 標準進行士電個體邊界之溫室氣體自主盤查，並自112年起安排外部機構進行個體排放量確信作業。 士電目前訂有個體公司減碳計畫，目標範疇涵蓋母公司個體，並以111年為基準。 113年目標：溫室氣體排放強度降低8% 113年目標達成情形：達成 短期目標(3年以內)：溫室氣體排放強度降低32% 中長期目標(3年以上)：溫室氣體排放強度降低43%、總量降低24% 113年溫室氣體盤查與確信範圍擴大至母公司個體及合併報表子公司，於114年6月經外部機構確信後，據此重新設定溫室氣體排放基準年，以確保數據的一致性與可比較性，士電將進一步研擬全公司的減碳目標，確保目標範疇涵蓋公司整體運營，並強化減碳策略的推動與執行。","廠區節能措施與績效：113年各廠區節能改善估計共減少587.5公噸CO2e/年，共計1,189,264kWh(4,281.35 GJ)。關於本公司廠區節能措施的細節內容，請參閱本公司永續報告書。 太陽能發電自用計畫：本公司於111年啟動太陽能發電系統建置計畫，預估119年裝置容量可達6.2MWh，目標於119年綠電使用占比可提升至15%。截至113年12月底止，太陽能板設置容量已完成第一階段建置計畫，設置容量達1.94MWh，達成率102%，並已著手進行第二階段建置計畫，目前累計太陽能發電量共952,989kWh(3,430.8GJ)，能源使用估計占能源總耗用量1%。關於本公司太陽能發電自用計畫的細節內容，請參閱本公司永續報告書。 ","113年目標：個體溫室氣體排放強度降低8% 113年目標達成情形：個體溫室氣體排放強度降低20% (較111年) 為強化溫室氣體管理，本公司自111年起依據 ISO 14064-1 標準進行士電個體邊界之溫室氣體自主盤查，並自112年起安排外部機構進行個體排放量確信作業。此外，為因應未來集團減碳需求，溫室氣體盤查小組自主擴大盤查邊界，將盤查邊界延伸至合併報表子公司，並新增範疇三的溫室氣體排放計算，以提升盤查完整性與管理效能，有助於減碳策略之推動。 士電113年溫室氣體盤查與確信範圍擴大至母公司個體及合併報表子公司，並據此重新設定溫室氣體排放基準年，以確保數據的一致性與可比較性。同時，進一步研擬集團層級的減碳目標，確保目標範疇涵蓋公司整體運營，並強化減碳策略的推動與執行。113年集團溫室氣體範疇一、二排放量約為41,487公噸CO2e，溫室氣體排放強度為1.1829公噸CO2e/百萬元。"
"=""1504""","東元","28,139.2684","已完成合併財務報表之母子公司","通過第三方外部查證，為合併財務報表母子公司之覆蓋率: 61.4% ","有限確信","45,612.8400","已完成合併財務報表之母子公司","通過第三方外部查證，為合併財務報表母子公司之覆蓋率: 61.4% ","有限確信","18,756,913.2200","購買之商品及勞務,資本財,與燃料及能源相關活動（未納入範疇1或範疇2）,上游運輸及配送,營運中產生之廢棄物,員工通勤,下游運輸及配送,已銷售產品之使用","已完成合併財務報表之母子公司","通過第三方外部查證，為合併財務報表母子公司之覆蓋率: 61.4% ","有限確信","1.3400","2021年為東元設定之「營運碳排放」減量基準年，營運端碳排放量減少50%（較2021年基準年），再生能源發電量占集團用電比重達 30%。 2050年達成全集團淨零碳排放（Net Zero）","推動策略包含導入內部碳定價、建置碳盤查系統、提升能效與再生能源占比，並輔導供應商執行碳管理。2024年太陽能裝置容量達15.046MW，約占用電量15%，各項行動已納入KPI並與獎酬連結，強化減碳執行力。","以2021年為基準年，承諾2030年前營運碳排放減量50%。已完成太陽能裝置容量15.046MW，占比約為用電量的15%，已完成約 50% 進度。 2024年底，已累計取得自發自用再生能源憑證1,038張憑證"
"=""1506""","正道","1,526.5282","已完成母公司,正道工業(股)公司台灣仁德廠區及馬來西亞廠區","已完成母公司,正道工業(股)公司台灣仁德廠區及馬來西亞廠區","合理保證等級","5,938.0452","已完成母公司,正道工業(股)公司台灣仁德廠區及馬來西亞廠區","已完成母公司,正道工業(股)公司台灣仁德廠區及馬來西亞廠區","合理保證等級","N/A","","N/A","N/A","","7.2009","","",""
"=""1512""","瑞利","N/A","N/A","N/A","","N/A","N/A","N/A","","N/A","","N/A","N/A","","N/A","","",""
"=""1513""","中興電","1,281.6398","已完成母公司,以林口廠/南科廠/嘉義廠之商品及相關活動為主","林口廠/南科廠/嘉義廠","有限確信","4,984.9699","已完成母公司,以林口廠/南科廠/嘉義廠之商品及相關活動為主","林口廠/南科廠/嘉義廠","有限確信","73,768.2693","購買之商品及勞務,與燃料及能源相關活動（未納入範疇1或範疇2）,商務旅行,員工通勤,下游運輸及配送,已銷售產品之使用","已完成母公司,以林口廠/南科廠/嘉義廠之商品及相關活動為主","N/A","","0.2182","設定2022-2025年，每年每百萬營收溫室氣體排放密度，降低3%，並每年進行檢討","導入高效能生產設備、產品減碳效能改良、檢討碳排放熱點並提供降低溫室氣體排放方案，提升能源使用效率。","自2022至2024年，每百萬營收溫室氣體排放量分別降低3.9%、17.9%及17.7%。"
"=""1514""","亞力","733.3299","已完成母公司","已完成母公司","合理保證等級","2,345.8846","已完成母公司","已完成母公司","合理保證等級","577.2565","購買之商品及勞務,與燃料及能源相關活動（未納入範疇1或範疇2）,營運中產生之廢棄物","已完成母公司","已完成母公司","AUP 協議程序","0.3668","為規劃溫室氣體減量策略，本公司設定基準年為 2024 年，其範疇一及範疇二排放量分別為 733.3299 噸 CO2e 及 2,345.8846 噸 CO2e，本公司未來會針對減量設定目標並落實。","本公司目前透過導入碳管理平台、再生能源裝置及能源管理系統（ISO 50001）等機制作為節能減碳依據，目前再生能源裝置已佔本公司用電量8%，未來會逐步增加再生能源佔比，以積極態度降低碳排放衝擊並提升營運競爭優勢。","另未來本公司會針對內部碳定價機制、ESG 績效連結獎酬等機制進行討論，尋求減碳突破點，達成全公司永續企業文化的深植，帶動同仁同心齊力，逐步實踐合併公司的淨零排放路徑及目標。"
"=""1515""","力山","466.6378","已完成母公司,力山科技股份有限公司","已完成母公司,力山科技股份有限公司","合理保證等級","2,980.3594","已完成母公司,力山科技股份有限公司","已完成母公司,力山科技股份有限公司","合理保證等級","46,050.7614","與燃料及能源相關活動（未納入範疇1或範疇2）,商務旅行,員工通勤,下游運輸及配送","已完成母公司,力山科技股份有限公司","已完成母公司,力山科技股份有限公司","有限保證等級","8.1157","基準年：2023年 範疇一：426.1051公噸CO₂e 範疇二：3,043.2969公噸CO₂e 範疇三：71,374.5798公噸CO₂e 減量目標：進行各項能源減量專案(範疇一及範疇二)","1.透過冷氣設備的升級與智慧用電管理策略，提升企業能源使用效率，實現節能減碳。 2.透過將傳統照明設備更換為節能LED燈管，提高能源使用效率，降低耗電量。 3.太陽能板的導入和綠色能源管理，提升綠能使用比例。 4.全面啟用電子化單據系統，提升作業效率，減少紙張使用實現環保減碳。","1.於2024年更換8台使用20年以上的冷氣，並規劃2025年更換6台，2027年更換4台，預計可減年耗電14萬度，持續強化廠區能源使用效率，減緩營運碳足跡，落實節能減碳承諾。 2.於2024年更換5,913組LED燈管，節省度數達307,476度。 3.2024年度太陽能創能合計發電度數 1,222,938度。 4.電子化單據簽核系統於2024年9月的全面啟用，建置完成取代傳統的紙本作業，評估每年可減少24,882張，換算可避免排放約159公斤二氧化碳當量（CO₂e）。 5.2024年範疇一及範疇二合計3,446.9972  公噸CO₂e，相較2023年減少0.6%。"
"=""1516""","川飛","N/A","N/A","N/A","","N/A","N/A","N/A","","N/A","","N/A","N/A","","N/A","本公司從事國際貿易，並無生產工廠，無法統計工廠生產過程之溫室氣體排放量、用水量及廢棄物總重量。","本公司不提供免洗餐具給員工使用，持續進行垃圾分類、回收、減量及再利用等活動，持續節約用水，持續使用影印機掃描功能及電子傳輸工具以全面降低紙張用量，午休時間關閉所有不必要之燈光及電源，善盡企業節能減碳之社會責任。","本公司從事國際貿易，並無生產工廠，無法統計工廠生產過程之溫室氣體排放量、用水量及廢棄物總重量。"
"=""1517""","利奇","850.0465","已完成母公司","已完成母公司","合理保證等級","2,970.4313","已完成母公司","已完成母公司","合理保證等級","3,864.1569","購買之商品及勞務,與燃料及能源相關活動（未納入範疇1或範疇2）,上游運輸及配送,營運中產生之廢棄物,員工通勤,下游運輸及配送","已完成母公司","已完成母公司","有限保證等級","2.9459","","",""
"=""1519""","華城","24,589.3000","已完成合併財務報表之母子公司","已完成合併財務報表之母子公司","合理保證等級","9,860.3850","已完成合併財務報表之母子公司","已完成合併財務報表之母子公司","合理保證等級","85,232.4620","購買之商品及勞務","已完成合併財務報表之母子公司","已完成合併財務報表之母子公司","合理保證等級","1.5442","","",""
"=""1521""","大億","562.9206","已完成合併財務報表之母子公司","N/A","","7,655.9921","已完成合併財務報表之母子公司","N/A","","2,866.9046","與燃料及能源相關活動（未納入範疇1或範疇2）,上游運輸及配送,營運中產生之廢棄物,商務旅行,下游運輸及配送","已完成合併財務報表之母子公司","N/A","","2.2228","透過碳中和低減計畫推進削減間接排放量，以落實每年度碳中和減量3%以上之目標，設定2035年能源使用量較2021年降低45%。","為規劃溫室氣體減量策略，公司於民國111年自定義邊界完成自主溫室氣體盤查，並設基準年為110年，112年其範疇一及範疇二排放量分別為624.1712噸CO2e及11,057.5773噸CO2e，其中以範疇二排放量佔比94.66%最高，希望透過碳中和低減計畫推進削減間接排放量，以落實每年度碳中和減量3.3%之目標 ; 113年碳中和減量實績較基準年低減23%，自基準年起每年碳中和低減至少3.3%以上以達成124年(2035年)減量46%之目標(相當整體排放低減40%) ","2024年總用電度數 16151.8仟度/年，比2023年減少用電 5634.1仟度/年，低減 34.88%，相當於減少約 1,565,040,833GJ、減少溫室氣體排放量約2674.51噸 CO2e/年(經濟部能源局2025.4.14公布電力排碳係數， 0.4747公斤CO2e/度計算) ;  113年碳中和減量實績較基準年低減23%"
"=""1522""","堤維西","397.6380","已完成母公司","已完成母公司","合理保證等級","15,710.5783","已完成母公司","已完成母公司","合理保證等級","4,125.1283","與燃料及能源相關活動（未納入範疇1或範疇2）,營運中產生之廢棄物,員工通勤","已完成母公司","已完成母公司","有限保證等級","1.2044","以2022年單位產品碳排量（4.38公噸CO2e／單位品）作為基準年 ◆短期：2025年下降5% ◆中期：2028年下降7% ◆長期：2030 年下降10%","推行能源管理，每年依計劃進行改善，以降低能耗及減少溫室氣體產生，具體行動計畫如下： 1.射出機設備汰舊換新。 2.進行空壓系統改善工程。 3.導入能源管理ISO 50001，預計2026年取得認證。","1.2024年單位產品碳排放量3.83公噸CO2e／單位產品，較2022年減少0.55噸CO2e／單位產品，降低12.55%。 2.廠內循環用水5,421公噸。 3.完成科工廠E棟1,200RT冰水系統設置。 4.完成17台主機虛擬化。"
"=""1524""","耿鼎","2,802.6872","已完成母公司","已完成母公司","合理保證等級","5,378.5728","已完成母公司","已完成母公司","合理保證等級","54,190.6986","購買之商品及勞務,上游運輸及配送,營運中產生之廢棄物,商務旅行,員工通勤,下游運輸及配送","已完成母公司","已完成母公司","有限保證等級","2.7961","","",""
"=""1525""","江申","1,045.8270","已完成母公司","已完成母公司","合理保證等級","2,242.7860","已完成母公司","已完成母公司","合理保證等級","588.8968","營運中產生之廢棄物","已完成母公司","已完成母公司","有限保證等級","2.6576","","",""
"=""1526""","日馳","99.8109","已完成母公司","N/A","","535.8203","已完成母公司","N/A","","239.4667","資本財,與燃料及能源相關活動（未納入範疇1或範疇2）,上游運輸及配送,營運中產生之廢棄物,商務旅行,員工通勤,下游運輸及配送","已完成母公司","N/A","","1.2962","（一）以2024年為基準年，於2030年能源密集度減量3%。 （二）以2024年為基準年，範疇一+範疇二+範疇三的溫室氣體密集度為1.7846，於2030年溫室氣體排放強度減少3%(範疇一+範疇二+範疇三)","（一）落實節能減碳，減少不必要的浪費；定期檢視環安衛管理體系，提升能源管理、溫室氣體減排能力，依檢視結果建立衡量指標進行目標管理，以便降低氣候風險對營運所造成的財務影響。 （二）廢棄物管理首重源頭減量，從源頭減少廢棄物之產出；其次為廢棄物資源回收；最後才是委託處理。廢棄物委託處理以符合法令規範為最基本要求，公司產生之廢棄物，皆委託合法專業之回收、代清除處理業者執行；廢棄物委外處理前，必須先於廠內做好分類收集及貯存管理，再依廢棄物之特性，選擇適當、合法之廢棄物清除、處理業者依環保法令進行清除、流向申報，並交由處理廠妥善處理，目前所有廢棄物皆在國內處理，並無跨國處理問題及廢棄物洩漏問題。 （三）公司重視水資源管理，公司取用的水資源100%來源為自來水，另外，公司僅有生活廢水而無製程廢水，生活廢水透過沈澱處理後排放，對周遭地區無重大生態負面影響。","因公司溫室氣體減量之目標的基準年為2024年，故尚無達成目標可述明。"
"=""1527""","鑽全","10,357.8693","已完成母公司","已完成母公司","有限保證等級","8,122.2473","已完成母公司","已完成母公司","有限保證等級","37,211.5086","與燃料及能源相關活動（未納入範疇1或範疇2）,上游運輸及配送,營運中產生之廢棄物,下游運輸及配送","已完成母公司","已完成母公司","有限保證等級","5.9037","本公司以2021年為溫室氣體減量基準年，當年度範疇一與範疇二的碳排放總量為30,628.3461公噸CO₂e。設定2030年目標：範疇一碳排放較2021年減少35%，範疇二減少15%；並以2050年達成碳中和為長期願景。 ","一、能源效率提升 汰換老舊耗電設備：逐步替換高耗能機具，導入高效節能設備。 空壓系統效能提升：定期維護保養空壓機，提升運轉效率與壽命。 導入能源管理系統：即時監控與分析用能數據，提升能源使用效率。  二、再生能源與替代能源導入 太陽能再生能源建置：規劃於廠區建置太陽能系統，提升綠電自給率。 綠電憑證購買：逐年規劃購買再生能源憑證，以降低間接碳排。 取得SF₆替代材料：降低高溫室效應潛勢氣體之使用。  三、運輸與產品面減碳 公務車電動化：逐步汰換燃油車輛，改為電動車。 提升再生尼龍使用比例：擴大永續材料應用，減少產品碳足跡。 推動產品碳足跡標準化：規劃導入ISO 14067產品碳足跡認證。  四、製程與廢棄物管理 提升粉體回收率：減少廢棄物碳排放，落實資源循環利用。  五、制度建置與治理強化 啟動年度碳預算制度：各部門設立年度碳排放目標與控管機制。 完成TCFD框架對接：強化氣候相關財務風險管理與資訊揭露，提升企業氣候韌性。","本公司持續推動溫室氣體減量行動，2024年已達成原訂之階段性減碳目標，具體成果如下：  碳排放減量成效：相較2021年基準年，2024年範疇一碳排放當量減少49.58%，範疇二碳排放當量減少19.48%，均優於原設定目標（分別為30%及10%）。  節能措施成果：透過多項節能管理與設備優化措施，2024年全年總節電量達132,877度（kWh），其中包括：- 空壓機定期保養節電 75,393 kWh/年 　　- 加工機定期保養節電 66,900 kWh/年  再生能源建置進展：2024年10月及11月完成太陽能再生能源系統建置，提升綠電自發自用比率，進一步減少間接碳排放。  智慧監測設施導入：已完成高耗能設備智慧電表建置，強化能源使用監控與管理效率，作為未來深化節能行動的基礎。"
"=""1528""","恩德","516.1506","後龍廠、梧棲廠","後龍廠、梧棲廠","合理保證等級","929.3775","後龍廠、梧棲廠","後龍廠、梧棲廠","合理保證等級","24,006.3120","購買之商品及勞務,資本財,上游運輸及配送,營運中產生之廢棄物,商務旅行,下游運輸及配送","後龍廠、梧棲廠","後龍廠、梧棲廠","有限保證等級","23.3325","","",""
"=""1529""","樂事綠能","N/A","N/A","N/A","","N/A","N/A","N/A","","N/A","","N/A","N/A","","N/A","","",""
"=""1530""","亞崴","374.3657","已完成母公司","N/A","","1,641.8433","已完成母公司","N/A","","N/A","","N/A","N/A","","1.5593","本公司尚未完成合併財務報告子公司溫室氣體盤查，母公司暫以前一年度碳排量訂定每年碳排量減少5%。待合併財務報告子公司溫室氣體盤查完成後，依上市櫃公司永續發展路徑圖規定以不晚於115年為基準年，制定合併公司減量目標。","本公司為因應全球永續趨勢，擬將碳減量計畫融入營運策略之中，包含： 溫室氣體盤查：定期進行溫室氣體排放盤查，並掌握排放趨勢。 節能設備更新：持續汰換高耗能設備，採用節能設計，並規劃太陽能建置工程。 資源管理：強化節電、節水及資源回收等環境管理措施。 設置能源監視系統：用電數據資訊化，持續收集資訊，訂定改善用電計畫。","113年度溫室氣體排放量2,016.2090噸CO2e 較112年度溫室氣體排放量2,138.3534噸CO2e，減量5.71%。"
"=""1531""","高林股","260.8291","含母公司及高銀廠，部分合併報表子公司尚未揭露","N/A","","2,482.2809","含母公司及高銀廠，部分合併報表子公司尚未揭露","N/A","","1,891.1761","與燃料及能源相關活動（未納入範疇1或範疇2）,營運中產生之廢棄物,商務旅行,員工通勤,下游租賃資產","含母公司及高銀廠，部分合併報表子公司尚未揭露","N/A","","1.6750","相較基準年2022年度 2030年度溫室氣體排放範疇1+範疇2減排30% 2040年度溫室氣體排放範疇1+範疇2減排50% 2050年淨零排放","透過綠色採購，購買環保標籤之基礎設施設備。 冷凍空調系統全面替換為能效1級。 實施設施設備節能專案。 擴大太陽能建置自用及綠電憑證購買。","已達成2040年減排50%目標"
"=""1532""","勤美","4,030.3956","勤美金屬成型事業處、蘇州勤美達精密機械有限公司(CMS)、勤威(天津)工業有限公司(CMW)、蘇州勤堡精密機械有限公司(CMB)及勤美達（武漢）精密機械有限公司(CMH)","勤美金屬成型事業處、蘇州勤美達精密機械有限公司(CMS)、勤威(天津)工業有限公司(CMW)、蘇州勤堡精密機械有限公司(CMB)及勤美達（武漢）精密機械有限公司(CMH)","合理保證等級","175,100.3615","勤美金屬成型事業處、蘇州勤美達精密機械有限公司(CMS)、勤威(天津)工業有限公司(CMW)、蘇州勤堡精密機械有限公司(CMB)及勤美達（武漢）精密機械有限公司(CMH)","勤美金屬成型事業處、蘇州勤美達精密機械有限公司(CMS)、勤威(天津)工業有限公司(CMW)、蘇州勤堡精密機械有限公司(CMB)及勤美達（武漢）精密機械有限公司(CMH)","合理保證等級","N/A","","N/A","N/A","","21.4117","初次盤查時已訂定104為基準年，期望達成溫室氣體排放密集度年減0.01公噸CO2e/噸的目標。","具體行動方案： 短期：實施節能管理系統，提高設備利用率、優化物料利用、環境管理與認證。 中期：技術升級與創新、生產過程優化、能源多元化、產品設計優化、供應鏈管理、推廣綠色生產理念。 長期：持續推動能源效率提升計劃、制訂碳中和目標、進行產品生命週期管理、強化綠色供應鏈管理、進入循環經濟模式。","113年的實施結果： 113年度溫室氣體排放總量為188,857公噸CO2e，其中範疇一約3,576公噸CO2e，佔2%；範疇二約185,281公噸CO2e，佔整體排放98%，113年溫室氣體排放密集度較基準年104年下降34.80%。"
"=""1533""","車王電","390.4800","已完成母公司,子公司完成車王電子（寧波）有限公司、余姚市車王商貿有限公司、余姚市車連王商貿有限公司","母公司完成總公司、第一廠、中港分公司、中港廠，子公司完成車王電子（寧波）有限公司、余姚市車王商貿有限公司、余姚市車連王商貿有限公司","合理保證等級","2,751.6730","已完成母公司,子公司完成車王電子（寧波）有限公司、余姚市車王商貿有限公司、余姚市車連王商貿有限公司","母公司完成總公司、第一廠、中港分公司、中港廠，子公司完成車王電子（寧波）有限公司、余姚市車王商貿有限公司、余姚市車連王商貿有限公司","合理保證等級","1,752.0499","購買之商品及勞務,資本財,與燃料及能源相關活動（未納入範疇1或範疇2）,上游運輸及配送,營運中產生之廢棄物,商務旅行,員工通勤,下游運輸及配送","已完成母公司","母公司完成總公司、第一廠、中港分公司、中港廠，子公司完成車王電子（寧波）有限公司、余姚市車王商貿有限公司、余姚市車連王商貿有限公司","有限保證等級","1.3371","請參閱本公司113年度年報第57頁。","請參閱本公司113年度年報第57頁。","請參閱本公司113年度年報第57頁。"
"=""1535""","中宇","287.1704","已完成合併財務報表之母子公司","已完成合併財務報表之母子公司","合理確信","429.5151","已完成合併財務報表之母子公司","已完成合併財務報表之母子公司","合理確信","5,819.0034","購買之商品及勞務,資本財,與燃料及能源相關活動（未納入範疇1或範疇2）,上游運輸及配送,營運中產生之廢棄物,商務旅行,員工通勤,下游運輸及配送,下游租賃資產","已完成合併財務報表之母子公司","已完成合併財務報表之母子公司","有限保證等級","0.0660","為規劃溫室氣體減量策略，中宇集團以完成合併財報邊界盤查年度111年為基準年，希望透過具體行動進一步落實短期(114年)較基準年減量1.5%，中期(119年)較基準年減量21.5%之目標。","1.提升能源效率	     短期：辦公室全面更換為LED平板燈     中期：空調等高耗能設備全數更換以符合一級能效標準 2.推動綠色採購/使用綠色能源載具	     短期：     1.公務車逐步更換為油電混合車     2.推動綠色採購     中期：     1.施工日誌及現場巡檢紀錄等表單數位化     2.公務車持續更換為油電混合車    長期：    1.物料搬運全面使用綠色能源載具，工廠使用之堆高機全數改用電動型式    2.交通運輸全數更換為電動車 ","113年範疇一及範疇二排放量664.5632噸二氧化碳當量，較基準年111年範疇一及範疇二排放量二氧化碳排放量532.6266噸二氧化碳當量增加約24.77%，主要係因業務所需增租辦公區域而增加用電量所致。"
"=""1536""","和大","2,505.7804","已完成母公司","已完成母公司","合理保證等級","34,529.8382","已完成母公司","已完成母公司","合理保證等級","1,156.1330","下游運輸及配送","已完成母公司","已完成母公司","有限保證等級","7.7900","","",""
"=""1537""","廣隆","8,039.4108","已完成合併財務報表之母子公司","N/A","","74,224.6630","已完成合併財務報表之母子公司","N/A","","N/A","","N/A","N/A","","10.1088","","",""
"=""1538""","正峰","240.7000","已完成母公司","N/A","","35.9000","已完成母公司","N/A","","N/A","","N/A","N/A","","2.5200","","",""
"=""1539""","巨庭","138.5726","已完成母公司","N/A","","686.1243","已完成母公司","N/A","","40.6577","營運中產生之廢棄物","已完成母公司","N/A","","0.6159","","",""
"=""1540""","喬福","49.9241","已完成母公司","N/A","","262.1993","已完成母公司","N/A","","15.6830","上游運輸及配送,員工通勤,下游運輸及配送","已完成母公司","N/A","","0.2035","極端氣候事件之發生造成經濟損失，進而影響供需及出口，必造成營運成本之增加，影響公司財務表現。但轉型雖是風險但也是機會，氣候風險隨時可能發生，公司轉型為必走之路，期不可因財務風險，而停滯不前。																			 ","本公司風險管理的過程包括風險識別、風險評估、風險應對和風險監測。透過即時供應體系及國外經銷代理商資訊，由委員判別內部和外部風險，確認可能對企業產生影響的事件和情境，由董事會或緦經理召開委員進一步對這些風險進行評估其發生的可能性和對企業策略的影響程度。 根據評估結果，制定相應的風險應對策略，包括風險轉移、風險降低、風險接受和風險控制等措施。最後，持續監測風險情勢，即時調整應對策略，以確保風險管理的有效性和適應性。																			 ","否"
"=""1541""","錩泰","1,677.4000","已完成合併財務報表之母子公司","N/A","","3,465.6900","已完成合併財務報表之母子公司","N/A","","5,426,773.0000","購買之商品及勞務,與燃料及能源相關活動（未納入範疇1或範疇2）,上游運輸及配送,營運中產生之廢棄物,商務旅行,員工通勤,上游租賃資產,下游運輸及配送,已銷售產品生命週期結束之處理","已完成母公司","N/A","","1.7200","","",""
"=""1558""","伸興","3,411.0000","合併財務報表之母子公司(不含宇隆)","越南責任","合理保證等級","11,943.0000","合併財務報表之母子公司(不含宇隆)","越南責任","合理保證等級","54,540.0000","上游運輸及配送,營運中產生之廢棄物,商務旅行,員工通勤,下游運輸及配送,已銷售產品之使用,已銷售產品生命週期結束之處理","合併財務報表之母子公司(不含宇隆)","越南責任","合理保證等級","1.8416","範疇1+2：以2020年為基準年，期望於2030年-42%  範疇3：以2022年為基準年，期望2030年-10%。","1. 企業對於因應氣候變遷或溫室氣體管理之策略 伸興設有永續發展委員會，下設TCFD小組，定期鑑別氣候變遷相關風險及機會，擬定對應策略方針。 再者，每年要求各廠區相關單位訂定能/資源減量計畫，每季回報相關計畫執行結果，並將成果提報董事會及於永續報告書中揭露。 2. 企業溫室氣體排放量減量之預算與計畫 伸興範疇1+2之主要排放源自於越南責任廠之電力，因此於2017年於越南責任廠導入ISO50001能源管理系統及安裝數位監控系統EMS(energy management system)。透過管理系統及數位監控平台，越南責任廠能夠定期診斷及分析耗能趨勢，找出重大耗能或是異常用電區域，提高能源效率。 永續發展委員會每年亦要求台灣總部、越南責任、越南越興、中國機電訂定節能減碳計畫，如使用太陽能路燈、老舊注塑機/空壓機汰換、飲水機安裝定時開關等。 自2014年累計至2024年，相關溫盤及能源方案約投入2.8千萬台幣 (涵蓋溫室氣體盤查及能源管理系統輔導/教育訓練及外部認證作業、越南及台灣電力監控軟硬體設備安裝、台灣總部安裝太陽能發電設備等。) ","企業產品或服務帶給客戶或消費者之減碳效果 伸興研發單位持續推動產品/零件綠色設計專案，如透過降低縫紉機運轉功率來減少能源耗用，或是使用環保包材及包材減量設計來減少廢棄物之產生。相關綠色設計方案每年皆於永續報告書""CHP7.3產品與服務能源需求減量""內揭露。"
"=""1560""","中砂","7,679.1415","已完成合併財務報表之母子公司","已完成母公司","合理保證等級","31,857.9412","已完成合併財務報表之母子公司","已完成母公司","合理保證等級","81,264.8208","購買之商品及勞務,資本財,與燃料及能源相關活動（未納入範疇1或範疇2）,上游運輸及配送,營運中產生之廢棄物,商務旅行,員工通勤,上游租賃資產,下游運輸及配送,已銷售產品生命週期結束之處理,下游租賃資產,投資","已完成合併財務報表之母子公司","完成母公司「燃料及能源相關活動（未納入範疇1或範疇2）」以及「營運中產生之廢棄物」	","有限保證等級","5.6000","本公司溫室氣體盤查基準年訂為2021年，以該年度溫室氣體排放總量，作為減碳目標，2021年範疇一排放為8554.52公噸CO2e，範疇二為37360.06公噸CO2e 短期目標為每年減碳3%節能2%, 至2030年，減碳量達34%。 至2040年，減碳量達70% 至2050年，達淨零碳排。										","短期目標為每年減碳3%節能2%,，透過每季召開中砂淨零目標與減碳行動專案會議，進行減碳策略擬定與減碳成效檢討												","中砂2024年臺灣五個廠區溫室氣體總排放量為36,999.76 tCO₂e，較基準年減少8,914.82 tCO₂e。與2023年相比，類別1（直接排放）溫室氣體排放減少1,168.02 tCO₂e，類別2（能源間接排放）減少4,250.69 tCO₂e，兩者合計減排5,418.71 tCO₂e，年減幅達12.77%，成功達成每年減碳3%（類別1及類別2）的目標。												"
"=""1563""","巧新","21,299.9178","已完成母公司","已完成母公司","合理保證等級","53,781.5701","已完成母公司","已完成母公司","合理保證等級","10,665.7891","上游運輸及配送,營運中產生之廢棄物,員工通勤,下游運輸及配送","已完成母公司","已完成母公司","合理保證等級","10.0463","","",""
"=""1568""","倉佑","194.2539","已完成母公司","N/A","","3,217.3997","已完成母公司","N/A","","1,536.4127","上游運輸及配送,營運中產生之廢棄物,商務旅行,員工通勤,下游運輸及配送","已完成母公司","N/A","","4.6860","於2027年完成ISO14064-1查證、電力能源使用量每年減少1%","減碳管制行動，如空壓機假日關機管制、超音波洩漏儀改善管線洩漏、電腦未關機偵測、汰換老舊冷氣、汰換老舊空壓機、更換高效能LED照明、製程加工機時改善等..等","111年完成組織型溫室氣體盤查及溫室氣體盤查報告書，112年溫室氣體排放量為5,312公噸CO2e，112年較111年溫室氣體排放量5,934公噸CO2e減少622公噸CO2e/年，並建置ISO 50001能源管理系統，以達溫室氣體減量之目標。"
"=""1582""","信錦","57.0679","已完成母公司","已完成母公司","合理保證等級","218.0780","已完成母公司","已完成母公司","合理保證等級","6,509.1100","上游運輸及配送","已完成合併財務報表之母子公司","N/A","","0.0293","","",""
"=""1583""","程泰","373.3229","已完成母公司","N/A","","1,871.0885","已完成母公司","N/A","","42.3943","商務旅行","已完成母公司","N/A","","N/A","基準年為2022年, 温室氣體盤查(範疇一.二)為2428.8702公噸CO₂e, 減量目標到2025年，碳排放量減少1.5%, 至2030年減少10% 。可再生能源運用2027年使用可再生能源比例達到30%, 至2030年，達到40%。","2024年強化資料中心的能源管理，優化機台與製程運行，以降低能耗。逐步汰換辦公室照明與電腦設備，全面換裝LED燈具，提升整體用電效率。導入即時能源監測系統，優化設備運行模式，以降低不必要的能源消耗。規劃2025年籌建設置中科廠太陽能系統。","範疇一.二總排放量較2022基準年(2,428.8702公噸CO2e)下降7.59%"
"=""1587""","吉茂","133.6112","吉茂三廠","N/A","","2,252.4850","吉茂三廠","N/A","","N/A","","N/A","N/A","","1.4918","將依「上市櫃公司永續發展路徑圖」之規範計畫逐步進行，預計於2027年完成吉茂集團溫室氣體盤查，以及設定減量目標、策略及具體行動計畫。","對於氣候變遷所造成的相關議題將持續密切關注，並對後續之因應措施不定期做評估及討論。","尚未設定減量目標。"
"=""1589""","永冠-KY","7,682.5800","已完成母公司,已完成合併財務報表之母子公司","已完成合併財務報表之母子公司","合理保證等級","109,643.2200","已完成合併財務報表之母子公司","已完成合併財務報表之母子公司","合理保證等級","249,171.8100","購買之商品及勞務,資本財,與燃料及能源相關活動（未納入範疇1或範疇2）,上游運輸及配送,營運中產生之廢棄物,商務旅行,員工通勤,上游租賃資產,下游運輸及配送","已完成合併財務報表之母子公司","已完成合併財務報表之母子公司","合理保證等級","16.2902","基準年：2024年（範疇1+2:117325.8t），減排目標：每年減排1%","深入分析氣候變化對業務的潛在風險和機會，制定並實施轉型計畫，減少生產過程中的碳排放，加強與供應鏈的低碳原料建立。","無。"
"=""1590""","亞德客-KY","18,192.1708","考量揭露訊息之重大性以及實際管理需求，涵蓋主要銷售據點、主要生產基地和營運總部，合計揭露比重佔 2024 年合併營業收入達96%，亦達2024年度生產產值100%。","2024年永續報告書邊界內所有公司排放量","有限確信","97,728.6730","考量揭露訊息之重大性以及實際管理需求，涵蓋主要銷售據點、主要生產基地和營運總部，合計揭露比重佔 2024 年合併營業收入達96%，亦達2024年度生產產值100%。","2024年永續報告書邊界內所有公司排放量","有限確信","N/A","","N/A","N/A","","3.7808","","",""
"=""1597""","直得","41.6797","已完成母公司","已完成母公司","合理保證等級","3,987.0036","已完成母公司","已完成母公司","合理保證等級","1,239.7412","購買之商品及勞務,與燃料及能源相關活動（未納入範疇1或範疇2）,營運中產生之廢棄物,商務旅行,員工通勤","已完成母公司","已完成母公司","有限保證等級","4.9660","","",""
"=""1598""","岱宇","1,590.9909","已完成合併財務報表之母子公司","已完成合併財務報表之母子公司","母公司：合理保證等級 子公司：有限保證等級","3,112.6458","已完成合併財務報表之母子公司","已完成合併財務報表之母子公司","母公司：合理保證等級 子公司：有限保證等級","9,385.9460","購買之商品及勞務,與燃料及能源相關活動（未納入範疇1或範疇2）,上游運輸及配送,營運中產生之廢棄物,商務旅行,員工通勤","已完成母公司","已完成母公司","有限保證等級","0.6517","為規劃溫室氣體減量策略，合併公司於民國(下同)113年以合併財務報告為邊界完成盤查，故基準年為113年，其範疇一及範疇二排放量分別為1,590.9909噸CO2e及3112,6458噸CO2e，希望透過下列具體行動進一步落實「2050淨零排放」，包含：(1)建立新廠及新機台設備因應氣候變遷及溫室氣體減量的規範；(2)優化製程以降低空氣汙染為目標；(3)鑑別高碳排熱點，制定減碳計畫。 本公司將擬定綠色能源、水電減量以及產品設計等關鍵氣候績效指標。本公司已取得台灣區ISO 14064-1 溫室氣體盤查聲明書，針對溫室氣體減量部分，將每年定期審視溫室氣體排放達成目標，設定2050年淨零排放(Net Zero)計畫。","1.綠色建築：新廠區在建置時，將會同時把儲能與綠能納入考量，並優先採購智慧及能源效率較高之設備。目前台中大甲新廠已建置完成，屋頂亦設置太陽能板，並已取得綠建築標章-銀級。 2.製程改善：使用天然氣為加熱原料，同時採用粉體靜電塗佈方式進行烤漆製程，有效降低空氣排放污染。 3.建置儲冰系統：為減少能源消耗及節省日常辦公室用電量，彰化行政大樓及組裝線均以儲冰系統供應冰水管路，制定冰水主機自動定時開關時間，避免發生人為疏忽而空載運轉。 4.實時電力監測與記錄：汰換智能電表（S.mart Meter）旨在提升電力使用的精確測量與高效管理。智能電表具備先進的通信技術，可實現用戶與供電公司之間的雙向數據交換，有助於優化用電行為，降低能源浪費，並促進智慧電網的發展。 5.在地採購：目標在地採購達到100%，以降低上游原物料採購之碳排放。","岱宇跟隨全球節能減碳趨勢，開發製造符合消費者需求的綠色能源產品－電動輔助自行車，並評估該產品使用可回收原料製造，未來亦將全力提升綠色能源產品之營收占比。 此外，進行供應商盤點與調查，了解各供應商之溫室氣體排放量，減少高溫室氣體排放量與未設立排放目標之供應商合作頻率，以有效降低原物料成本提高之風險。 進行供應商盤點與調查，了解各供應商之溫室氣體排放量，減少高溫室氣體排放量與未設立排放目標之供應商合作頻率，以有效降低原物料成本提高之風險。 但由於2024年盤查邊界擴大至合併報表子公司，故整體排放較前一年度增加。"
"=""1603""","華電","1,290.2861","已完成母公司","已完成母公司","合理保證等級","4,931.8245","已完成母公司","已完成母公司","合理保證等級","16,374.8015","購買之商品及勞務,營運中產生之廢棄物,商務旅行,員工通勤,下游運輸及配送","已完成母公司","已完成母公司","有限保證等級","1.3711","","",""
"=""1604""","聲寶","1,386.8729","已完成母公司","已完成母公司","有限確信","4,201.8166","已完成母公司","已完成母公司","有限確信","1,198.3232","與燃料及能源相關活動（未納入範疇1或範疇2）,營運中產生之廢棄物","已完成母公司","N/A","","0.7149","2024年因經第三方確信,故擇為基準年"," 聲寶公司2050淨零碳排路徑  期別 第一期(114~119年) 目標 減碳15% 執行計劃  1. 進行溫室氣體盤查 2. 設立1600KW太陽能發電自用(費用約1億台幣) 3. 辦公室廠區節能檢討及提出節電建議 4. 辦公室廠區減碳檢討及提出減碳建議 5. 設備及製程低碳化檢討與改善 6. 降低化石燃料的使用改用電力或氫能 7. 循環經濟研究與導入 8. 輔導業者交通車改用電車或氫能車之研究與導入 9. 研究低碳排制冷劑導入 10. 逐次汰換二氣化碳滅火器(電腦機房除外)  期別 第二期(120~125年) 目標 減碳30% 執行計劃  1. 進行溫室氣體盤查 2. 依當時減碳及綠能技術發展決定增加綠電或碳捕捉 3. 「小型模組化反應爐」（SMR）技術導入評估 4. 辦公室廠區節能檢討及提出節電建議 5. 辦公室廠區節能檢討及提出減碳建議 6. 設備及製程低碳化檢討與改善 7. 降低化石燃料的使用改用電力或氫能 8. 循環經濟研究與導入 9. 逐步汰換公務車及貨車改用電動或氫能車 10. 鼓勵員工換用電動汽機車 11. 鼓勵員工差旅改用大眾運輸工具及電動車為主 期別 第三期(126~131年) 目標 減碳50% 執行計劃  1. 進行溫室氣體盤查 2. 依當時減碳及綠能技術發展決定增加綠電或碳捕捉 3. 辦公室廠區節能檢討及提出節電建議 4. 辦公室廠區節能檢討及提出減碳建議 5. 設備及製程低碳化檢討與改善 6. 降低化石燃料的使用改用電力或氫能 7. 循環經濟研究與導入 期別 第四期(132~137年) 目標 減碳70%+碳權抵換淨零 執行計劃  1. 進行溫室氣體盤查 2. 依當時減碳及綠能技術發展決定增加綠電或碳捕捉 3. 辦公室廠區節能檢討及提出節電建議 4. 辦公室廠區節能檢討及提出減碳建議 5. 設備及製程低碳化檢討與改善 6. 降低化石燃料的使用改用電力或氫能 7. 循環經濟研究與導入 ","因計劃剛推動尚未能展現減碳成效"
"=""1605""","華新","230,323.6000","已完成合併財務報表之母子公司","已完成母公司,華新麗華股份有限公司個體公司及子公司( 包括上海華新、江陰合金、煙台華新、常熟華新、華新精密)","合理保證等級","363,397.6200","已完成合併財務報表之母子公司","已完成母公司,華新麗華股份有限公司個體公司及子公司( 包括上海華新、江陰合金、煙台華新、常熟華新、華新精密)","合理保證等級","3,798,849.3300","購買之商品及勞務,上游運輸及配送,營運中產生之廢棄物,員工通勤,下游運輸及配送","已完成母公司,華新麗華股份有限公司個體公司及子公司( 包括上海華新、江陰合金、煙台華新、常熟華新、華新精密)","已完成母公司,華新麗華股份有限公司個體公司及子公司( 包括上海華新、江陰合金、煙台華新、常熟華新、華新精密)","合理保證等級","37.8000","華新尋求各種可行減量方案，承諾 2030 年達成較 2014 年減少 15% 之單位產品溫室氣體排放量，為邁向低碳經濟努力。 註：本公司原以 2014 年作為溫室氣體單位產品排放比較基準年，考量產品結構及部分廠區轉售，基準年調整為 2020 年（範疇一為 190,381 公噸及範疇二 402,296 公噸）。","本公司節能減碳策略為落實精實生產管理、管控合理單位產品能耗、設備能效管理與改良改善及降低冶煉製程能耗與碳排。並逐年增加節能減碳及資源循環之軟硬體投資，舉凡綠色原材料、廢料再利用/再生(如再利用廢棄金屬取代自然礦產開採、廢塑膠再生塑膠粒、廢酸再生)、水資源循環(如製程冷卻水循環使用、中水回用)、能源循環(如廢熱回收)及製程技術改良(如純氧燃燒技術、產率提升)，乃至末端再利用處置(如爐碴) 及投資綠電設置(如太陽能)等。  ","2014 年起推動溫室氣體排放強度盤查及各項能源減量方案。2024 年臺灣廠區及海外廠區（亞洲）依產品特性分類（電線電纜、銅線材、不銹鋼）其排放強度為 0.320、0.127 及 0.608；較基準年註分別下降 13.64%、下降 8.54% 及上升 2.01%；在整體溫室氣體排放量，臺灣及海外廠區總排放量較 2023 年上升 4.98% 及 22.95%。"
"=""1608""","華榮","1,040.3607","已完成母公司","已完成母公司","合理保證等級","13,502.8471","已完成母公司","已完成母公司","合理保證等級","N/A","","N/A","N/A","","1.7730","2023年基準年、15176.286公噸CO₂e、減量目標(2030年)減量10 %碳排","進行情境分析與評估，訂定2030年較基準年(2023)減量10 %碳排減量目標","在實際的作為中，無氧銅熔爐節電改善，正按計劃持續執行中；針對傳統燃油耗能型鍋爐，實施全面汰換，改以零碳排放之液態氮氣取代；逐年替換老舊高廢氣排放堆高機車輛。"
"=""1609""","大亞","18,841.5259","已完成合併財務報表之母子公司","已完成合併財務報表之母子公司","合理保證等級","54,474.4694","已完成合併財務報表之母子公司","已完成合併財務報表之母子公司","合理保證等級","709,001.2133","購買之商品及勞務","已完成合併財務報表之母子公司","已完成合併財務報表之母子公司","有限保證等級","2.4300","基準年及其數據: 基準年2021年Scop1+2排放量: 88,232 tCO2e。  減量目標: 本公司設定2050 淨零目標，以2021 為基準年2050 範疇一& 二達到淨零排放為目標； 並且於2030 達成減量40%。 ","外購電力間接排放、SF6 逸散排放、天然氣固定燃燒排放為集團三大 排放源，合計佔範疇一範疇二排放量比重超過97%，因此訂為集團三 項主要減碳標的。電力排放為電線電纜生產過程之最大排放源，集團 透過設備節能、汰舊換新、使用再生能源等方式逐步降低用電需求； SF6 為聯友機電於電纜接續器材產品校正過程使用之氣體，聯友優先 以改善校驗設備與管線以減少SF6 逸散情形；天然氣為大展用於加熱 熔解電解銅板之能源，目前規畫評估廢氣碳捕捉再利用之方式以降低 排放量。","大亞集團依循2050 淨零路徑圖及減碳策略進行減量，2024 年集團排放量相較基準年降低14,916 tCO2e，減量16.9%；母公司排放量則降低2,329tCO2e，減量-10.3%。集團及母公司皆已達到2024之10%減量目標。"
"=""1611""","中電","N/A","N/A","N/A","","N/A","N/A","N/A","","N/A","","N/A","N/A","","N/A","","",""
"=""1612""","宏泰","275.8313","已完成合併財務報表之母子公司","已完成合併財務報表之母子公司","合理保證等級","6,774.5170","已完成合併財務報表之母子公司","已完成合併財務報表之母子公司","合理保證等級","1,381.5824","與燃料及能源相關活動（未納入範疇1或範疇2）,營運中產生之廢棄物","已完成合併財務報表之母子公司","已完成合併財務報表之母子公司","合理保證等級","1.2800","本公司已完成集團盤查，基準年設置為2024年，2024年溫室氣體總排放量=範疇一+範疇二+範疇三：8,431.9307公噸CO2e。目標2030年為較基準年減碳10%。","減碳具體行動計劃如下: 1. 因2023年電材事業體已結束，組織邊界因結構性改變導致用電亦降低。 2. 降低空壓系統洩漏率及調降設定壓力值。 3. 照明設備(汰換燈具)。 4. 照明設備(減少不必要燈具)。 ","2024年減量達成情形： 1. 設定定時節電、關閉無人使用區域之電源， 估算節約量為1,012 kgCO2e。 2. D棟廠房改建有20盞安定器水銀燈汰換為LED天井燈、水銀燈20盞， 總節能量:20,172KgCO2。 3. 舊押出機汰換為WE-18新押出機，全年節電量44,138KgCO2。 4. 導入電子發票，減少列印紙張及實體寄送。減碳量111.61 kgCO2e。 "
"=""1614""","三洋電","1,895.5924","已完成合併財務報表之母子公司","N/A","","3,725.1303","已完成合併財務報表之母子公司","N/A","","9,297.0000","上游運輸及配送,商務旅行,員工通勤,下游運輸及配送","已完成合併財務報表之母子公司","N/A","","0.9900","公司於111年完成第一次碳盤查，因應ISO 14064-1: 2018標準，進行類別1~6排放源鑑別及盤查，今將基準年設定為113年。","總公司於2024年著手更換傳統燈具或改裝省電LED燈具，以節省開燈用電；在大樓樓梯間或地下樓走道加裝自動感應燈具，共計22盞，總計節省用電約532.90度/年，換算溫室氣體貢獻減少0.25公噸CO2e。  台灣三洋泰山廠2024年更新廠區設備，以減少電力消耗，開始啟用兩套節省電力消耗的製程，包含洗衣機脫水槽製造方法從熔接改為鉚合方式，以及變更醫療冷凍櫃箱體PU發泡灌注後熟成工程改善，從原先在加熱爐內熟成，改變為模具増設加熱裝置直接進行熟成工程而不必使用加熱爐。","總公司於2024年著手更換傳統燈具或改裝省電LED燈具，以節省開燈用電；在大樓樓梯間或地下樓走道加裝自動感應燈具，共計22盞，總計節省用電約532.90度/年，換算溫室氣體貢獻減少0.25公噸CO2e。  洗衣機脫水槽改變製造方法共節約電力0.432 kWh/台，2024年合計共生產46,500台，對照舊有熔接工法製程，也能夠節省惰性氣體Ar4,742Kg等補助材料；醫療冷凍櫃箱體PU發泡灌注後熟成工程改善，每個約可節約電力11.19kWh，2024年合計共生產6,800個箱體。"
"=""1615""","大山","707.5896","已完成母公司","N/A","","5,748.4089","已完成母公司","N/A","","379.3076","上游運輸及配送,員工通勤,下游運輸及配送","已完成母公司","N/A","","1.0998","","",""
"=""1616""","億泰","708.8818","已完成母公司","已完成母公司","合理確信","4,909.8452","已完成母公司","已完成母公司","合理確信","1,276.2756","營運中產生之廢棄物","已完成母公司","已完成母公司","合理確信","1.5206","依2024年為基準年","1. 資源回收再利用 2. 建置綠色能源如太陽板, 並考量儲電能源設備 3. 改善生產設備提高效能 4. 建立MES 與能源監控資訊系統 5.購買電動堆高機 6.更換為LED燈管及變頻冷氣","依2024年為基準年 逐年檢討"
"=""1617""","榮星","1,289.1089","已完成母公司","已完成母公司","合理保證等級","6,956.2972","已完成母公司","已完成母公司","合理保證等級","15,294.0530","商務旅行","已完成母公司","已完成母公司","有限保證等級","5.2110","2021年為基準年，2025年單位排放量降5%，2030年降15%","職場整併、排程調整、節能設備導入","2023年單位排放量8.402，2024年單位排放量7.855"
"=""1618""","合機","1,372.0302","以公司個體廠區為邊界範圍，包含桃園二 、三、五廠 、新廠、品保實驗室、台北辦公室等，惟桃園六廠因小部分租賃予其他企業組織且未生產製造，故排除盤查範圍","同資料邊界","合理保證等級","8,222.3391","以公司個體廠區為邊界範圍，包含桃園二 、三、五廠 、新廠、品保實驗室、台北辦公室等，惟桃園六廠因小部分租賃予其他企業組織且未生產製造，故排除盤查範圍","同資料邊界","合理保證等級","61,520.2901","購買之商品及勞務,上游運輸及配送,營運中產生之廢棄物,商務旅行,員工通勤,下游運輸及配送","以公司個體廠區為邊界範圍，包含桃園二 、三、五廠 、新廠、品保實驗室、台北辦公室等，惟桃園六廠因小部分租賃予其他企業組織且未生產製造，故排除盤查範圍","同資料邊界","有限保證等級","2.0538","個體公司以2023年為基準年，依溫室氣體排放範疇一+範疇二及再生能源使用比例，達成2030年減碳10%。","1.鋁纜部更換IE4一級變頻空壓機50HP二台投入140萬元。 2.新購電動堆高機十台，取代租用柴油堆高機投入720萬元。 3.評估汰換傳統燃油高耗能型鋁爐，規劃以天然氣能源取代。","1.鋁纜部產品能源密集度比較：依營收(百萬元) 計算之能源密集度，每單位營收耗能下降約16.8% 2.堆高機用柴油CO2e比較：柴油進貨量減少6.1(公噸)，全年CO2e減少15.89公噸，佔例達18.48% 3.汰換傳統燃油型鋁爐評估： 依溫室氣體排放係數管理表(6.0.4版本)，燃料油CO2排放係數=3.1109 KgCO2/L，天然氣CO2排放係數= 1.8790 KgCO2/M3；惟尚需考量不同燃料(氣)熱值轉換及廠商施作工法等因素。"
"=""1626""","艾美特-KY","804.2500","主要營運據點艾美特電器（深圳）有限公司、艾美特電器（九江）有限公司","N/A","","27,117.9600","主要營運據點艾美特電器（深圳）有限公司、艾美特電器（九江）有限公司","N/A","","N/A","","N/A","N/A","","3.6400","西元2026 年前總體用電密集度較西元2023年基準年減少 1% 之目標","艾美特透過廠區節能措施、生產製程改善、生產設備更新及減少通勤碳排，評估主要生產子公司使用太陽能發電設備可行性，致力於達成節能減碳之目標。","本年度密集度較前一年度增加約0.77%，主要為本年度市場環境不佳，營業額較去年同期下滑所致。"
"=""1702""","南僑","102,862.5020","已完成母公司,已完成合併財務報表之母子公司,涵蓋台灣、中國大陸、泰國地區之製造單位及台灣、中國大陸餐飲事業","已完成母公司,己完成母公司(南僑投控),子公司(南僑油脂桃園廠及中壢廠),皇家可口股份有限公司以及泰國地區子公司(Namchow(Thailand)Limited.)完成第三方查驗","合理保證等級-母公司(南僑投控),子公司(南僑油脂桃園廠及中壢廠),皇家可口股份有限公司 有限確信-泰國地區子公司(Namchow(Thailand)Limited.)","111,211.6447","已完成母公司,涵蓋台灣、中國大陸、泰國地區之製造單位及台灣、中國大陸餐飲事業","已完成母公司,己完成母公司(南僑投控),子公司(南僑油脂桃園廠及中壢廠),皇家可口股份有限公司以及泰國地區子公司(Namchow(Thailand)Limited.)完成第三方查驗","合理保證等級-母公司(南僑投控),子公司(南僑油脂桃園廠及中壢廠),皇家可口股份有限公司 有限確信-泰國地區子公司(Namchow(Thailand)Limited.)","171,512.7200","購買之商品及勞務,與燃料及能源相關活動（未納入範疇1或範疇2）,上游運輸及配送,營運中產生之廢棄物,員工通勤,下游運輸及配送,下游租賃資產","僅泰國地區","僅泰國地區","有限確信","9.0181","","",""
"=""1707""","葡萄王","6,736.6189","葡萄王生技股份有限公司、葡眾企業股份有限公司、溢昭股份有限公司、上海葡萄王企業有限公司","已完成母公司","合理保證等級","17,845.6247","葡萄王生技股份有限公司、葡眾企業股份有限公司、溢昭股份有限公司、上海葡萄王企業有限公司","已完成母公司","合理保證等級","19,953.4233","購買之商品及勞務,與燃料及能源相關活動（未納入範疇1或範疇2）,營運中產生之廢棄物","葡萄王生技股份有限公司、葡眾企業股份有限公司、溢昭股份有限公司、上海葡萄王企業有限公司","已完成母公司","有限保證等級","2.2000","減量基準年：2023年。 葡萄王生技個體基準年排放數據：直接(範疇一)溫室氣體6,368.9658公噸CO₂e、能源間接(範疇二)溫室氣體15,526.3052公噸CO₂e。 減量目標：葡萄王生技個體2030年範疇一及範疇二排放較2023年減少5%。","減量策略：依循科學基礎減量目標倡議SBTi的GHG減量路徑，推動能源轉型、數位轉型、供應鏈轉型，逐步達成溫室氣體減量。 減量行動：進行替代能源行動，採購再生能源以替代高汙染能源，2021年起已與再生能源售電公司簽訂綠電（太陽能）購置合約，於2022年06月開始轉供綠電到平鎮總部，至2024年累積已使用180萬度綠電；預計再生能源使用比例於2026年達到5%，2030年達到15%。進行減少能源行動，持續依循PDCA運作模式推動節能減碳措施，提高能源管理強度，並訂定節電目標。","進行替代能源行動，採購再生能源以替代高汙染能源，至2024年累積已使用180萬度綠電；2024年約減碳426.6公噸CO₂e。 進行減少能源行動，持續依循PDCA運作模式推動節能減碳措施，提高能源管理強度，並訂定節電目標；2024年節電度數達1,582,324kWh、減少碳排放781,668 公斤CO2e ，三廠平均節電量。 達2023 年用電度數5.5%。。 已於113年10月設定並通過科學基礎減量目標倡議(SBTi)1.5℃目標。近期目標－葡萄王設定與溫升控制1.5℃一致的氣候目標，以2023年為基準年，範疇一與範疇二於2034年達成絕對減量58.8%，範疇三(採購商品與服務、燃料及能源相關活動、上游運輸配送、下游運輸配送與銷售產品最終處理)於2034年達成絕對減量35%；淨零目標－葡萄王承諾於2050年達成淨零排放，以2023年為基準年，範疇一、範疇二及範疇三於2050年達成絕對減量90%。"
"=""1708""","東鹼","50,345.6854","已完成母公司","已完成母公司","合理保證等級","10,795.2150","已完成母公司","已完成母公司","合理保證等級","381,904.6267","購買之商品及勞務,上游運輸及配送,營運中產生之廢棄物,員工通勤,下游運輸及配送","已完成母公司","已完成母公司","有限確信","9.6039","N/A","N/A","N/A"
"=""1709""","和益","71,823.2400","已完成母公司,包含母公司和益及部分子公司聯超、和協","已完成母公司,確信範圍僅母公司和益，子公司為自盤數據","合理保證等級","23,630.4400","已完成母公司,包含母公司和益及部分子公司聯超、和協","已完成母公司,確信範圍僅母公司和益，子公司為自盤數據","合理保證等級","86,221.3600","上游運輸及配送,營運中產生之廢棄物","已完成母公司,包含母公司和益及部分子公司聯超、和協","已完成母公司,確信範圍僅母公司和益，子公司為自盤數據 ","確證與協議程序所得之結論","17.6300","本公司依照環境部溫室氣體排放量盤查登錄管理辦法、溫室氣體盤查登錄作業指引與國際標準組織（ISO）發布之ISO / CNS 14064-1建立溫室氣體盤查機制。自2014年起，每年定期盤查和益林園廠之溫室氣體排放量，完整掌握溫室氣體使用及排放狀況，並驗證減量行動之成效。聯超屏南廠及和協屏南廠自2021年起，每年定期盤查溫室氣體排放量。 溫室氣體排放量以三廠皆經第三方查證之2022年度214,089噸CO2e (範疇一~三)為比較基礎。","和益林園廠為「已承諾」參與高雄市政府成立之『產業淨零大聯盟』實現2050淨零碳排願景，減碳目標為：以107~111年設定為基準年，承諾到近期目標年 2030 年，將範疇一與範疇二的溫室氣體排放量減少1.3%，同時將範疇三逐步降低，且針對範疇三碳排放的減排行動，我們將減少由採購的貨物及處置固體與液體廢棄物產生之排放，作為未來範疇三碳排放管理的參考依據。  為達成減量目標，本公司透過永續發展委員會進行減量追蹤，並投入智慧能源管理、製造改善、設備維護管理提升能源效率，以及強化製程節能減碳績效，另本公司亦以產品生命週期為概念，落實供應商在地採購策略、節電節能生產等構面之減碳，並將持續洽談購買再生能源及設備汰舊換新，以期實現本公司減碳之各階段目標。","(1) 集團合併溫室氣體排碳量以三廠皆經第三方查證之2022年度214,089噸CO2e (範疇一~三)為比較基礎，2024年度為181,674噸CO2e，減量32,415噸CO2e，降幅約15%，主要原因為電力使用更換更高效率設備、製程加熱燃料油改為液態天然氣，導致排放量的變動。 (2)和益林園廠溫室氣體排碳量由經第三方查證之基準年2014年103,363 噸CO2e (範疇一及範疇二)，降至2024年的74,564噸CO2e，減量28,799噸CO2e，降幅約27%。"
"=""1710""","東聯","21,290.5754","已完成母公司","已完成母公司","合理保證等級","300,241.6658","已完成母公司","已完成母公司","合理保證等級","40,990.2096","上游運輸及配送","已完成母公司","已完成母公司","合理保證等級","28.0369","1.短期(2025年)：以2021年為基準，年平均減碳率1% 2.中期(至2028年)：   •以2021年為基準，年平均減碳率2% 3.長期(至2032年)：   •2030年碳排放量較2021年減少35%   •遵循氣候變遷法及政府產業因應小組規劃之減碳與淨零排放期程，規劃可達成的目標 註：基準年(2021年)溫室氣體排放量為36.3155萬噸-CO2e。","1.減量策略: 持續進行製程改善及優化，提升能源使用效率，降低能源耗用。 2.具體行動計畫: (1)持續導入高效率節能電氣設備，逐步進行設備汰舊換新 (2)導入雲端電力監控平台，系統性掌握能源使用狀況，挖掘節能機會 (3)購買再生能源憑證、評估設置儲能設備 (4)全員參與節能減碳管理活動，持續規劃／執行節能減碳專案，降低能源耗用，減少溫室氣體排放","•	2024年減碳量達8,339 t-CO2e（範疇二），減碳率2.3% •	2017至2024年累計減碳量約9.4777萬 t-CO2e，實際減碳率約26.1%，目標達成率100%"
"=""1711""","永光","20,513.0000","已完成合併財務報表之母子公司","已完成合併財務報表之母子公司","有限確信","48,268.0000","已完成合併財務報表之母子公司","已完成合併財務報表之母子公司","有限確信","N/A","","N/A","N/A","","8.7000","本公司董事會於2023年通過集團2030年之碳削減目標並以2021年作為基準年，數據如右圖，2030年定量減量目標為溫室氣體排放密集度(tCO2e/百萬產值) ≦7.3。詳細內容請見永光2024年ESG報告書 第五章 永續環境 五、溫室氣體與能源管理。","永光化學之能源管理政策為：提升能源績效，邁向淨零永續。我們採取以下作法來提供溫室氣體減量與控制的方法:1.製程與設備優化。2.創新管理方法導入。3.遵循ISO 14064-1或主管機關標準執行溫室氣體盤查。4.持續推動溫室氣體減量措施。","2030年定量減量目標為溫室氣體排放密集度(tCO2e/百萬產值) ≦7.3。2024年總計節省電力2,135千度，減少碳排量約1,054 tCO2e，這相當於種植87,833棵樹一年所吸收的碳排放總量，換算成能耗量，約節省能源7,689 GJ，達成電力節省3.2%的成效。其中，2024年度廠區據點共提出20件高能耗設備汰換計畫，經規劃設計及試驗後，實際執行16件，截至2024年底已完成4件，其餘項目預計在2025年繼續執行。2024年這些專案總計節電量為158千度電，減少碳排量約77 tCO2e，換算成能耗量，約節省能源568 GJ，共節省電力0.2%。"
"=""1712""","興農","17,654.3865","已完成母公司","已完成母公司","合理保證等級","22,475.1843","已完成母公司","已完成母公司","合理保證等級","48,481.5654","上游運輸及配送","已完成母公司","已完成母公司","有限保證等級","2.1201","依111年11月28日金管證發字第11103849344號「公開發行公司年報應行記載事項準則第10條第2項規定之令」，本公司為最近會計年度終了日之實收資本額未達新臺幣50億元之上市公司，應自116年起分階段揭露合併財務報告邊界(母公司及子公司)溫室氣體減量目標、策略及具體行動計畫，並減量基準年應以合併財務報告邊界完成盤查之年度。 母公司王田廠自104年起已自主進行溫室氣體盤查，原以111年作為溫室氣體排放比較之基準年，考量盤查範圍基礎變更，故將基準年變更為113年，範圍涵蓋母公司王田廠、王田二廠、王田三廠、生物工廠、大肚廠、彰濱廠，且包含各廠具有營運控制權之活動據點(員工宿舍、倉庫、實驗農場)，並設定目標年115年達成範疇一+範疇二 排放量較基準年113年減少2%，待116年完成合併財務報告邊界之溫室氣體盤查後，再以合併財務報告邊界排放量為比較基準，設定目標年119年達成範疇一＋範疇二排放量較基準年116年減少2%。","本公司致力於環境保護、節能減碳，對廢水管理、空氣污染防制、廢棄物、土壤及地下水整治、能源管理等投入資源，並推動製程改善，從採購、製程、設備改善、供應鏈等進行各項節能減碳或減廢措施，藉由減少製程能耗及廢棄物產生，達到碳排減量的目的，進而對環境保護貢獻一份心力。對於因應氣候變遷或溫室氣體管理之策略，將朝下述方向進行，詳細內容請參閱本公司113年永續報告書。 （1）能源與碳排放管理：依據ISO14064-1執行溫室氣體盤查，建構集團公司碳盤查能力；提升設備能源使用效率及節約能源用量，並建置再生能源設備。 （2）水資源管理：透過計量、減量、再利用，讓水資源使用效益最大化，減緩未來水資源短缺的衝擊風險。 （3）廢棄物管理與再生物料循環：導入循環經濟理念，進行製程副產物回用及包材與廢棄物減量與回收，降低未來營運成本並符合利害關係人之期待。 （4）產品研發：開發新型態植物保護產品應變植物生長逆境，並以專業服務滿足客戶需求，以因應未來低碳經濟的生產模式。","(1)評估設備耗能情形，規劃設備汰舊換新。年度投資於節能或相關環保永續之機器設備達新台幣856萬元，節能量1,831十億焦耳(GJ)，約當減少240.67公噸二氧化碳當量。 (2)建置再生能源設備:太陽光電發電設備年度躉售電量達1,766,426度。"
"=""1713""","國化","3,854.9446","已完成母公司","N/A","","2,322.1762","已完成母公司","N/A","","1,538.7000","購買之商品及勞務,資本財,與燃料及能源相關活動（未納入範疇1或範疇2）,上游運輸及配送,商務旅行,員工通勤,下游運輸及配送","已完成母公司","N/A","","14.6000","","",""
"=""1714""","和桐","92,354.8914","已完成合併財務報表之母子公司","已完成母公司","合理保證等級","76,885.3886","已完成合併財務報表之母子公司","已完成母公司","合理保證等級","23,729.0965","購買之商品及勞務,與燃料及能源相關活動（未納入範疇1或範疇2）,上游運輸及配送,營運中產生之廢棄物,商務旅行,員工通勤,下游運輸及配送","已完成母公司","已完成母公司","有限保證等級","5.8316","2023年為基準年，排放量為172558.4208公噸CO₂e。訂定減量目標為每年總碳排放量較基準年排放量平均減少3%。","在此列出我司短期(2025年-2027年)減量策略重點在於燃燒塔燃燒效率改善與能源使用效率提升，導入ISO50001能源管理系統; 並於未來導入重大耗能設備EMS監控系統、對我司生產之 NP/LAB產品取得ISCC Plus (國際永續碳認證)、採購有RSPO組織認證的脂肪醇原料、啟動生物多樣性保育計畫等。","2024年完成汰換空壓機、行政大樓空調設備，及製程區照明設備更新等溫室氣體減量措施。  將2024年與基準年(2023年)進行對比分析，範圍涵蓋母公司及合併財務報表子公司，並以彙總數據進行整體比較，結果如下： a.排放量：2024年排放量為169240公噸CO2e，較基準年(2023年)排放量172558公噸CO2e，降低1.92% b.產量：2024年產量為1,293,465公噸，較基準年(2023年)產量1,204,858公噸，增加7.35% c.排放密集度(產量為基準)：2024年碳密集度為178%，較基準年(2023年)碳密集度196%，降低9.25%。  由上述對比數據可見，在母公司及合併財報公司總產量於2024年較基準年(2023年)增加7.35%的情況下，整體溫室氣體排放量仍下降1.92%，碳密集度降低9.25%。 此結果顯示，即使產量提升，2024年度仍透過各項減碳措施使排放總量與碳強度下降。"
"=""1717""","長興","85,891.0000","已完成合併財務報表之母子公司","已完成母公司","合理保證等級","168,811.0000","已完成合併財務報表之母子公司","已完成母公司","合理保證等級","1,832,400.0000","營運中產生之廢棄物","已完成合併財務報表之母子公司","已完成母公司","有限保證等級","5.7230","經已評估的氣候變遷對公司的影響衝擊，擬以2021年度溫室氣體盤查結果總排放量(範疇一及範疇二排放量分別為101,705公噸CO2e及173,128公噸CO2e)為公司排放總量減量基準年，總碳排放量每年生產基地總碳排放量年減4.2%。 而排碳密集度訂定以2020年公司為碳密集度減量排放基準年(範疇一及二碳密集度為6.177公噸CO2e/(百萬元))，並訂定每單位營業額碳排放量(範疇1+範疇2)每年減少3%為減量⽬標。","長興公司已建置董事會層級的監控組織，依公司的氣候風險評估結果，採用各種方式全面性推動工廠節能減碳措施，以提升能源使用效率及各式減碳方案，並針對電能、熱能、取水、排水、再生能源等設定各項節能減碳管理目標，依改善方案每年檢視達成情形向，董事會定期審查並進一步研擬改善計畫。","公司定期檢視減量目標的達成情形，近3年(2022~2024)溫室氣體的逐年減量百分比為-11.4%、-1.52%、3.56%，減量成果與各類減量措施成效、產能及生產工藝均有關係，公司均定期逐項檢討及優化已期能達成減量目標。"
"=""1718""","中纖","349,717.3590","已完成合併財務報表之母子公司","已完成母公司","有限確信","26,257.4760","已完成合併財務報表之母子公司","已完成母公司","有限確信","N/A","","N/A","N/A","","8.2850","詳113年度年報第53頁","詳113年度年報第53頁","訂定基準年為113年，將於114年揭露目標達成情形"
"=""1720""","生達","1,621.1934","已完成母公司","已完成母公司","合理保證等級","6,929.9204","已完成母公司","已完成母公司","合理保證等級","220.3247","員工通勤","已完成母公司","已完成母公司","合理保證等級","2.6507","","",""
"=""1721""","三晃","17,949.3771","已完成母公司","已完成母公司","合理保證等級","17,988.4891","已完成母公司","已完成母公司","合理保證等級","6,997.2013","與燃料及能源相關活動（未納入範疇1或範疇2）","已完成母公司","已完成母公司","有限保證等級","18.7817","基準年為2024年。減量目標為： 短期(2025年)：較基準年範疇一、範疇二碳排強度減少1%。 中期(2035年)：較基準年範疇一、範疇二碳排強度減少1%。 長期(2045年)：較基準年範疇一、範疇二碳排強度減少1%。","一、提升能源效率：汰換老舊高耗能設備、增設蒸氣調節閥減少蒸氣外露浪費能源。 二、導入再生能源使用：評估安裝屋頂行太陽能發電設備。 ","2024年節能減碳實施績效，總計節省電量約117,048kWh，減碳約43.85TonCO2e。節能成效主要來自於高耗能設備優化、蒸氣與空壓系統效率提升，以及馬達與照明設備汰換等具體改善工程。"
"=""1722""","台肥","392,789.7207","已完成母公司","已完成母公司","合理保證等級","44,904.0000","已完成母公司","已完成母公司","合理保證等級","N/A","","N/A","N/A","","36.8647","1.溫室氣體減量基準年及其數據 本公司（資本額50~100億元）配合金管會訂定之「上市櫃公司永續發展路徑圖」，預計於2025年完成溫室氣體盤查及確信作業，並設定2024年為全公司溫室氣體減量基準年，另子公司配合母公司時程辦理相關作業。 2.減量目標 短期目標：2025年碳排減量1%； 中期目標：2030年碳排減量46% ； 中長期目標：2040年碳排減量83% ； 長期目標：至2050年公司持續佈局綠色供應鏈，並藉由碳權管理以達淨零之目標。","本公司係以製程溫室氣體減量、廢能回收再利用、低碳能源替代及再生能源使用等為主要碳排減量手段，其中包含硝酸工場De-N2O專案、燃油鍋爐改天然氣、太陽能發電及儲能系統建置及辦公室日光燈汰全面汰換成LED燈組等，並於積極執行各減碳方案後，再行評估購買碳權或再生能源憑證，以達2050年淨零之目標。","本公司承諾於 2050 年達成淨零碳排，短、中期藉由積極減碳行為，包含提升能源效率、汰舊換新老舊機組、建置再生能源系統；後期逐步轉型為淨零企業，藉由佈局新能源產業、產品碳標籤及供應鏈減碳作為，並同時推動循環經濟與永續創新，確保企業長期發展與環境共存。"
"=""1723""","中碳","22,927.0000","已完成母公司","已完成母公司","合理保證等級","79,159.0000","已完成母公司","已完成母公司","合理保證等級","10,557.0000","與燃料及能源相關活動（未納入範疇1或範疇2）,上游運輸及配送,下游運輸及配送","已完成母公司","已完成母公司","合理保證等級","12.8303","","",""
"=""1725""","元禎","355.8600","已完成母公司","N/A","","122.5200","已完成母公司","N/A","","N/A","","N/A","N/A","","0.0707","","",""
"=""1726""","永記","1,927.5619","已完成母公司","N/A","","4,285.4707","已完成母公司","N/A","","1,832.8930","與燃料及能源相關活動（未納入範疇1或範疇2）,員工通勤","已完成母公司","N/A","","1.1420","溫室氣體減量基準年:2023年及其數據為7,647.2413公噸CO₂e 減量目標: 減少1%/年（短期）/2%/年（中期）/3%/年（長期）","策略及方法:  -在地採購部份(原運輸距離為美國至台灣,變更為韓國及由中國至台灣),評估其減少運輸(碳排放量之成效)。  -加裝節電開關(辦公大樓) (碳排放量減少)  -空調恆溫管制(辦公大樓) (碳排放量減少)  -倉庫廠區走道加裝節電開關 (碳排放量減少)","策略及方法:  -在地採購部份(原運輸距離為美國至台灣,變更為韓國及由中國至台灣),評估其減少運輸(碳排放量之成效)。  -加裝節電開關(辦公大樓) (碳排放量減少)  -空調恆溫管制(辦公大樓) (碳排放量減少)  -倉庫廠區走道加裝節電開關 (碳排放量減少) 目標: 溫室氣體減量基準年:2023年及其數據為7,647.2413公噸CO₂e 減量目標: 減少1%/年（短期）/2%/年（中期）/3%/年（長期）"
"=""1727""","中華化","1,483.6849","已完成母公司","已完成母公司","合理保證等級","9,543.0097","已完成母公司","已完成母公司","合理保證等級","25,740.9212","上游運輸及配送","已完成母公司","已完成母公司","有限保證等級","5.2937","基準年為2021年，減量目標為2030年類別1、2排放量相較基準年減少33%","導入能源管理系統、安裝太陽能板、廢熱回收、蒸氣發電","已購入設備系統"
"=""1730""","花仙子","N/A","N/A","N/A","","N/A","N/A","N/A","","N/A","","N/A","N/A","","N/A","1. 依金管會上市上櫃公司揭露氣候相關資訊規定，本公司實收資本額未達新台幣五十億元，公告之年報應自2027年開始，揭露公司溫室氣體減量目標、策略及具體行動計畫。 2. 本公司以2022年作為溫室氣體減量基準年，總碳排放量為25125公噸CO2e(範疇一499公噸CO2e、範疇二1885公噸CO2e、範疇三22741公噸CO2e)。 3. 本公司以基準年盤查結果，訂定每年排放減量至少1%目標。","針對各排放熱點進行減量方案討論，例如:辦公室落實公司節電措施、生產廠透過汰換設備及機組，提高能源使用效率、逐步研發低碳及綠色產品…等。","執行中(盤查中)"
"=""1731""","美吾華","205.1094","已完成母公司","已完成母公司","有限確信","1,098.2571","已完成母公司","已完成母公司","有限確信","353.2436","與燃料及能源相關活動（未納入範疇1或範疇2）,營運中產生之廢棄物,員工通勤","已完成母公司","N/A","","0.8830","本公司依據新版ISO14064-1：2018，首次進行2023年溫室氣體盤查，故設定2024為溫室氣體盤查基準年，七種溫室氣體年總排放當量1656.610 公噸CO2e/年，以每年溫室氣體年總排放減量3％以上之目標。","(1) 推行節約能源，下班隨手關燈、關電腦…等，減少能源浪費。 (2) 定期檢討契約容量、空調分區、照明迴路，強化能源使用效率。 (3) 簽訂設備維保合約，定期設備保養，保持設備運作最佳效率，降低能源耗損。 (4) 預計於2025年取得「化粧品優良製造規範(GMP)」、「綠建築標章」雙認證，結合智慧生產與自動化倉儲系統等各項最新設備，大幅提升產能與生產效率。 (5) 設置太陽能發電設施、電動車充電樁，降低碳排放量，替環境盡一份力。","本公司2024年溫室氣體增加排放量約331.418公噸增量25.01％，新廠於2024年9月正式啟用隨之生產量增加提升碳排放量，改善製程稼動率及提升空調系統效率並積極使用其它節能控制以降低用電量，達到降低溫室氣體的排放及用水量之減少，目前積極透過完善的管理與控制及取得綠色工廠標章，期許未來逐年降低溫室氣體的排放量、用水量與廢棄物量之減少。"
"=""1732""","毛寶","158.6002","已完成母公司","N/A","","395.4255","已完成母公司","N/A","","117.1333","購買之商品及勞務,與燃料及能源相關活動（未納入範疇1或範疇2）","已完成母公司","N/A","","1.2000","2024年範疇一排放量為158.60(公噸CO2e)、範疇二為395.43(公噸CO2e)及範疇三為117.13(公噸CO2e)，合計排放量為671.16(公噸CO2e)，相較於前一年 (2023)減少5.16 (公噸CO2e)之排放量，預估未來每年碳排放量將逐年因綠色原料之引進、擴大使用太陽能發電，而減少0.05%-0.1 %之碳排量，逐年滾動式調整。","1.實施節約能源，減少溫室氣體的產生。 2.推廣全員參與環保減廢減塑，以達資源永續。 3.製程機械自動化及老舊設備汰換，以減少碳排放。 4.遵循主管機關環保法令、客戶需求及其他相關規定。 5.建置新竹工廠太陽光電發電系統工程，節能環保，可再生資源。 ","毛寶新竹工廠太陽光電發電系統第一期工程於111年7月12日起進行，總投資金額$13,282,500(含稅)，太陽光電發電系統裝置容量316.354 kWp，太陽光電發電系統完成後於111年11月16日起經台電核准併聯發電，111年度太陽能發電31,680度;減碳量15.68公噸。112年度太陽能發電378,400度;減碳量187.31公噸。113年度太陽能發電395,028度;減碳量187.24公噸。 112年底已請廠商規劃新竹工廠太陽光電發電系統第二期工程，總投資金額$7,187,250(含稅)，太陽光電發電系統裝置容量172.2kWp，預估第一年總發電度數208,751度。太陽光電發電系統第二期工程於113年04月開始，並於113年10月9日完成及經台電核准併聯發電。113年度累計太陽能發電22,628度;減碳量10.73公噸。 MES屬綠色原料，其高生物分解度，降低了產品對環境的衝擊及二氧化碳產生。自2014年成功導入後，部份系列已逐年擴大使用，使磺酸使用量比率逐年下降，未來計劃將逐步替換使用MES綠色原料。 "
"=""1733""","五鼎","199.9182","已完成合併財務報表之母子公司","N/A","","9,149.5779","已完成合併財務報表之母子公司","N/A","","434.6276","員工通勤","已完成合併財務報表之母子公司","N/A","","5.0483","溫室氣體排放總量/遂年減1%","採取節電措施","2024符合目標-1.32%"
"=""1734""","杏輝","1,297.9381","已完成母公司","N/A","","9,124.7407","已完成母公司","N/A","","N/A","","N/A","N/A","","3.6443","基準年：2024年、排放當量：10,422.6788公噸CO2e/年 目標：2025年溫室氣體排放量相較基準年減少1%","(1) 透過SCADA監控系統調整冰水主機出水溫度或冷氣出風溫度，減少電能消耗。 (2) 將燃油鍋爐轉換成液化石油氣鍋爐，減少溫室氣體排放量 (3) 執行鍋爐設備廢熱回收，增加給水溫度降低燃燒需求熱值，減少溫室氣體排放量。 (4) 將廠區路燈及照明燈由傳統燈具改為LED燈具。 (5) 將舊型且能源效率不佳之冰水主機汰換為一級能效以上，並將幫浦加裝變頻器，藉由最佳化運轉效率降低用電量，達到節能成效。","以往未建立溫室氣體減量基準年，故未設定減量目標，今以2024年為溫室氣體盤查基準年，初期減量目標為2025年溫室氣體排放量相較基準年減少1%。"
"=""1735""","日勝化","3,543.9026","已完成母公司","N/A","","5,518.2223","已完成母公司","N/A","","90,929.4213","購買之商品及勞務,已銷售產品生命週期結束之處理","已完成母公司","N/A","","59.1245","基準年:111年 111年數據：範疇一3517.9125，範疇二4986.9737，範疇三73074.0959 減量目標：範疇一+二於115年比基準年下降14%","1.老舊設備汰換時選擇節能設備 2.增設太陽能發電板使用綠電","113年完成第一、二期工程並啟動，114年預計完成第三、四期工程。"
"=""1736""","喬山","5,140.3745","母公司、上海兩廠、越南廠","母公司、上海兩廠、越南廠","有限確信","17,936.8795","母公司、上海兩廠、越南廠","母公司、上海兩廠、越南廠","有限確信","N/A","","N/A","N/A","","0.6517","我們設定2023年為基準年範疇一+二排放量為18069.6383公噸二氧化碳當量（t CO2e），我們設定2030年減少25%的排放；2050達成淨零排放","(內容請詳2024年永續報告書1.4.2 溫室氣體排放管理章節)","(內容請詳2024年永續報告書1.4.2 溫室氣體排放管理章節)"
"=""1737""","臺鹽","22,158.6135","已完成母公司","已完成母公司","合理保證等級","3,706.7083","已完成母公司","已完成母公司","合理保證等級","58,968.4957","購買之商品及勞務,與燃料及能源相關活動（未納入範疇1或範疇2）,上游運輸及配送,營運中產生之廢棄物,商務旅行,員工通勤,下游運輸及配送,下游租賃資產","已完成母公司","已完成母公司","有限保證等級","8.2278","","",""
"=""1752""","南光","2,970.7108","已完成合併財務報表之母子公司","N/A","","9,688.7273","已完成合併財務報表之母子公司","N/A","","N/A","","N/A","N/A","","5.7547","一、溫室氣體減量基準年及其數據、減量目標 本公司已完成溫室氣體盤查，並以 2022 年作為溫室氣體排放之基準年，總排放當量為17,422.7377公噸 CO₂e。預計於永續報告書驗證後，開始制定明確之減量目標。","二、溫室氣體減量策略及具體行動計畫 除目前進行驗證的前置作業，本公司制定以下溫室氣體減量策略與行動方案： 1.再生能源導入：逐步進行屋頂太陽能板設置。 2.製程優化：精實排程以降低待機能耗，並提升產能利用率 3.能源效率提升：汰換高耗能設備，汰換重油鍋爐採天然氣鍋爐，及導入閃發蒸氣回收。","三、溫室氣體減量目標達成情形 本公司以碳排放量最多之外購電力來說明，透過目前用電管理、用水管理、天然氣管理及能源效率提升計畫下，單位營業額之排放密集度持續下降之情況說明: 範疇二總排放量變化： 2022 年：9,776.9494 公噸 CO₂e 2023 年：9,967.6957 公噸 CO₂e 2024 年：9,688.7273 公噸 CO₂e 營業額逐年成長： 2022 年：1,940,487 千元 2023 年：2,150,228 千元 2024 年：2,199,861 千元 排放密集度有效下降： 2022 年：5.0384 公噸／百萬元營業額 2023 年：4.6356 公噸／百萬元營業額 2024 年：4.4042 公噸／百萬元營業額 此結果顯示，本公司擴展營運與產能，但溫室氣體排放成長遠低於營收成長幅度，整體碳效率顯著提升，證明公司節能管理制度已具實質減碳成效。"
"=""1760""","寶齡富錦","241.7791","已完成合併財務報表之母子公司","已完成合併財務報表之母子公司","合理保證等級","6,114.7641","已完成合併財務報表之母子公司","已完成合併財務報表之母子公司","合理保證等級","1,286.8980","購買之商品及勞務,與燃料及能源相關活動（未納入範疇1或範疇2）,營運中產生之廢棄物,員工通勤","已完成合併財務報表之母子公司","已完成合併財務報表之母子公司","其他間接溫室氣體排放(類別3 至類別6)為採用確證與協議程序所得的結論。","3.1318","","",""
"=""1762""","中化生","3,283.1047","已完成合併財務報表之母子公司","已完成合併財務報表之母子公司","合理保證等級","7,668.0032","已完成合併財務報表之母子公司","已完成合併財務報表之母子公司","合理保證等級","8,150.8743","上游運輸及配送,營運中產生之廢棄物,員工通勤,下游運輸及配送","已完成合併財務報表之母子公司","已完成合併財務報表之母子公司","有限保證等級","14.1771","1.本公司於2023年開始進行溫室氣體盤查，並訂定2023年為基準年。2. 溫室氣體排放密集度：以2023年15.53噸CO2e/百萬元營業額為基準，減量目標為2025年下降4% ; 2030年下降10%","一.溫室氣體減量策略 : 1.製程與設備優化。 2.創新減碳管理方法導入。 3.遵循 ISO 14064-1:2018及主管機關標準執行溫室氣體盤查。 4.持續推動溫室氣體減量措施。 5.持續實施各項節能減碳措施。  二.具體行動計畫 : 1.追蹤評核機制。 (1)每年由第三方外部查證機構查核溫室氣體盤查報告書。 (2)每個月定期召開一次以上能源小組會議。 2.設定目標: (1)節電率： 2023至2030年每年節電率達1%以上  (2)溫室氣體排放密集度：以2023年15.53噸CO2e/百萬元營業額為基準註，2025年下降4%; 2030年下降10% (3)能源密集度：以2022年75.45GJ/百萬元營業額為基準2025年下降4%; 2030年下降9% ","2024年度目標達成情形(相較於2022年及2023年)： (1)年度節電率達1.41%。 (2)溫室氣體排放密集度 (CO2e/百萬元營業額)14.18，減少8.69% (相較於2023年 15.53)。 (3)能源密集度 (GJ/百萬元營業額) 73.17，減少3.02%(相較於2022年 75.45)。"
"=""1773""","勝一","55,066.1260","已完成母公司","N/A","","11,096.1356","已完成母公司","N/A","","476,625.6371","上游運輸及配送","已完成母公司","N/A","","6.4637","本公司以2023年為溫室氣體盤查之基準年，總溫室氣體排放量共計為521,178.8564公噸CO2e，其中直接溫室氣體排放量為50,859.2876公噸CO2e，間接溫室氣體排放量為470,319.5688公噸CO2e。 減量目標：短期目標為推動溫室氣體排放及水資源管理。中期目標為增加綠能使用、落實綠色循環，執行可行之節能減碳措施、優先使用太陽能及風力等綠能、持續減少事業廢棄物、推動綠色永續友善環境。長期策略為依照台灣2050淨零排放、加強推動能源轉型與產業升級。","1.製程冷卻水塔定頻風扇(兩台)汰舊換新為變頻風扇。 2.製程真空系統馬達汰舊換新並增設變頻器。 3.廢水場鼓風機汰舊換新。 4.鍋爐閃沸桶泵浦汰舊換新。","1.製程冷卻水塔定頻風扇汰舊換新於113年7月更新完成並啟用，功率由22.5 kW改善為3.14 kW，削減量為123.58 公噸CO2e/年。 2.製程真空系統馬達功率由80 kW更換為45 kW,並增設變頻器降載，於113年8月啟用，削減量為60.91 公噸CO2e/年。 3.廢水場鼓風機汰舊換新,7.5HP鼓風機更新為3HP，功率由5.63 kW改善為2.25 kW，於113年8月啟用，削減量為11.24 公噸CO2e/年。 4.鍋爐閃沸桶泵浦功率7.5 kW汰舊換新為4 kW，削減量為11.64 公噸CO2e/年。"
"=""1776""","展宇","964.9521","已完成母公司","已完成母公司","合理保證等級","1,292.5008","已完成母公司","已完成母公司","合理保證等級","421.3684","上游運輸及配送,下游運輸及配送","已完成母公司","已完成母公司","有限保證等級","3.7472","1. 溫室氣體減量、減少用水或其他廢棄物各項每年達成減排與減量1%以上。 2. 2030年度排放總量須較2022年度之排放總量減少5%。","1. 減量策略:      a. 持續發展綠色產品      b. 深化綠色製程技術       c. 合理深入改善能源管理系統 2. 具體行動計畫:      a. 高耗能設備如鍍金機.烘箱.熱壓機等使用完即關機。      b.  -40度冰機與-20度冰機開機時間錯開，目前設置溫度已提高至-20℃，後續評估提高至-15℃測試。      c. 更新4個鍋爐為符合天然氣供應來源壓力的減壓閥，(燃氣/空氣)適當比例，達成最好燃燒效能。      d. 持續更換老舊耗能馬達。      e. 優化水性樹酯生產效能(縮短水性樹脂製程時間10%)。","2024年度較2023年度溫室氣體排放密集度減少4.3%"
"=""1783""","和康生","142.4941","已完成母公司","已完成母公司","合理保證等級","1,940.8272","已完成母公司","已完成母公司","合理保證等級","138.5019","上游運輸及配送,下游運輸及配送","已完成母公司","已完成母公司","合理保證等級","3.0592","","",""
"=""1786""","科妍","N/A","N/A","N/A","","N/A","N/A","N/A","","N/A","","N/A","N/A","","N/A","","",""
"=""1789""","神隆","9,831.4246","已完成合併財務報表之母子公司","已完成合併財務報表之母子公司","有限確信","25,936.9170","已完成合併財務報表之母子公司","已完成合併財務報表之母子公司","有限確信","56,614.7166","購買之商品及勞務,資本財,與燃料及能源相關活動（未納入範疇1或範疇2）,上游運輸及配送,營運中產生之廢棄物,商務旅行,員工通勤,投資","已完成合併財務報表之母子公司","已完成合併財務報表之母子公司","有限確信","10.5007","1.範疇一+範疇二以2023年作為基準年，範疇三以2024年作為基準年。 2.範疇一+範疇二每年至少減量4.2%溫室氣體排放量。","1. 建立能管系統以追蹤能資源使用熱點。 2. 汰換老舊設備，例如 公用系統鼓風機。","相較於2023年，2024年範疇一加範疇二排放量減少6.72%。"
"=""1795""","美時","2,672.0538","台灣、韓國之生產工廠及辦公室，及印度、新加坡的辦公室","台灣、韓國之生產工廠及辦公室，及印度、新加坡的辦公室","有限確信","12,842.9899","台灣、韓國之生產工廠及辦公室，及印度、新加坡的辦公室","台灣、韓國之生產工廠及辦公室，及印度、新加坡的辦公室","有限確信","N/A","","N/A","N/A","","0.8349","同113年年報P43-P44","同113年年報P43-P44","短期（2024-2025 年）目標為主要營運據點(台灣、韓國)溫室氣體排放量年減 1%。 相較於 2023 年，美時 2024 年的營業額成長約 10%、產量約增加 50%，2024年台灣及韓國溫室氣體排放量較2023年增加0.3%，美時將持續進行節能減碳專案，以有效管控溫室氣體排放量。"
"=""1802""","台玻","2,089,323.3100","已完成母公司,已完成合併財務報表之母子公司","已完成母公司","合理保證等級","888,424.4800","已完成母公司,已完成合併財務報表之母子公司","已完成母公司","合理保證等級","242,756.3852","購買之商品及勞務,上游運輸及配送,營運中產生之廢棄物,下游運輸及配送,下游租賃資產","已完成母公司","已完成母公司","合理保證等級","N/A","企業對於因應氣候變遷或溫室氣體管理之策略 本公司積極推動與管理永續發展目標，台玻設置「永續發展委員會」(ESG委員會)，下設「永續發展工作推動小組」，工作推動小組成員涵蓋公司與工廠各相關部門代表，並由總公司管理部負責執行整合，制定氣候變遷因應及溫室氣體管理策略： 1.積極推動廠區節水專案，並執行缺水危機演練。 2.使用碎玻璃理論熔解熱較生料低，可有效節約能源與減少溫室氣體排放量。 3.持續廠區溫室氣體盤查，了解溫室氣體排放現況，作為溫室氣體減量之依據。持續生產能源減量計畫，降低能源使用強度。 4.持續研發製造Low-E鍍膜玻璃、次世代節能玻璃；優先採購綠色節能產品。 5.配合經濟部能源局執行「年度節電率」應達1%以上政策。 6.部分廠區執行ISO 50001能源管理系統。","企業溫室氣體排放量減量目標 台玻依循國家淨零排放路徑及策略，並響應國家自定貢獻(Nationally Determined Contributions, NDCs)溫室氣體減排目標，訂定集團整體溫室氣體排放減量目標：  ●短期減量目標：2025年較基準年(2014年)減量10%  ●中期減量目標：2030年較基準年(2014年)減量25% ●長期減量目標：2050年達到溫室氣體淨零排放 台玻積極推動每年單位能耗下降3%","企業溫室氣體排放量減量之預算與計畫 台玻每年持續編列預算投資效能更佳之設備、改善製程排放，以提升能源效率及降低污染。台玻 2024年各廠區環保支出共投入超過2億3千萬餘元。 台玻作為玻璃製造業龍頭，透過節能減碳循環經濟作為實現永續發展願景的策略目標，執行內容包含推動製程改善、擴大使用天然氣鍋爐、設備汰舊換新、節約能資源投入、降低廢棄物產出，提高再生能源使用比例等措施，作為溫室氣體減量的主要發展規劃方向。 1.藉由ISO 14001環境管理系統實施節能減廢措施，以P-D-C-A的管理模式持續改善環境管理方案，並針對相關性建立各指標予以監控。依ISO 14001環境管理政策、目標、及管理方案提報各單位預定節水節能改善件數、投資金額、節水量、CO2減量數據進行申報，完成後持續追縱進度並標準化以使方案持續維持。 2.藉由ISO 9001品質管理系統實施產品品質管控及持續改善，並提高成品率，進而減少電力之使用率，朝向節能減碳目標努力。 3.引進最佳可行技術，更換節能燈具、採行IE3變頻馬達、改善生產製程耗能措施及能源回收再利用等。 4.部分廠區增購新式SCR脫硝設備有效降低空污排放。"
"=""1805""","寶徠","10.0566","已完成母公司","N/A","","17.2815","已完成母公司","N/A","","17.5923","與燃料及能源相關活動（未納入範疇1或範疇2）,營運中產生之廢棄物,商務旅行,員工通勤","已完成母公司","N/A","","0.0718","","",""
"=""1806""","冠軍","56,986.5211","苗栗縣造橋鄉豐湖村一鄰乳姑山2號","苗栗縣造橋鄉豐湖村一鄰乳姑山2號","合理保證等級","23,443.6608","苗栗縣造橋鄉豐湖村一鄰乳姑山2號","苗栗縣造橋鄉豐湖村一鄰乳姑山2號","合理保證等級","N/A","","N/A","N/A","","25.5291","冠軍建材股份有限公司第二廠參與自主減量計畫 基準年：民國107、108、109、110、111年 平均排放量：89,511.866公噸CO2e/年  目標年：民國119年 目標排放量：87,794.769公噸CO2e/年","減量策略： 能源效率提升：透過設備汰換及製程優化來減少能源消耗。 再生能源利用：推動太陽能等再生能源的應用。  具體行動計畫： 造橋廠閒置屋頂新建太陽能自發自用 造橋廠公用設備空壓機汰舊換新 造橋廠原料轆桶馬達汰舊換新 造橋廠窯爐排風熱回收供給噴霧乾燥機","113年冠軍建材股份有限公司第二廠的溫室氣體排放為80430.1819公噸CO2e/年，達成預期。"
"=""1808""","潤隆","276.5952","已完成母公司","已完成母公司","有限確信","71.6599","已完成母公司","已完成母公司","有限確信","17.9970","與燃料及能源相關活動（未納入範疇1或範疇2）","已完成母公司","N/A","","0.0397","本公司依循集團低碳營運管理與目標，以113年為基準年，每年溫室氣體排放總量(範疇一及範疇二)減少1%為目標。","1.建築外殼上採符合節能遮蔽係數及反射率之玻璃、具遮陽效果之雨遮及翼板、屋頂隔熱材之選用、自然通風設計、隔熱材料的運用，降低能源消耗。 2.充分利用太陽能，使用節能的建築外殼，減少空調的使用。根據當地氣候配置採自然通風的原理設置風冷系統。 3.空調系統節能：坐北朝南配置量體，設置適量對外窗以利夏季自然通風並減少冬季冷風進入室內，以減少空調設備之使用。 4.照明系統節能：使用高效率及 LED 照明燈具，在建築夜間照明採三階段設計，以減少能源浪費並減少住戶分攤之電費。 5.設置太陽能光電板，建構低碳社會與城市，塑造節能減碳新風貌；設置全熱式交換器與冷氣搭配，提高冷氣系統效率。 6.透過BIM及鋁模板工法，將施工標準化，節省施工時間及成本，並減少施作錯誤，節省材料浪費，持續推出綠建築產品。 7.在辦公室管理上：透過節能照明設備、照明時間管控及空調溫度控管(辦公場所空調溫度不得低於26度)，降低用電及溫室氣體產生，使用省水設備。","1.本公司持續推動辦公室「節能減碳」等節能方案（詳年報第68～69頁）。 2.本公司用水量皆為辦公室之生活用水，在節水計畫方面，仍要求員工從全面落實日常生活節約用水做起，將可利用之水資源發揮更大效益。本公司台北辦公室113年度用水量為145度，相較於112年度223度，減少34.98%。（詳年報第70～71頁）"
"=""1809""","中釉","4,249.7352","已完成母公司","N/A","","3,612.6995","已完成母公司","N/A","","1,318.3794","與燃料及能源相關活動（未納入範疇1或範疇2）","已完成母公司","N/A","","N/A","本司基準年為2023年， 其各範疇(類別)排放量如下(單位：tCO2e)： 範疇一(類別1)：4,254.6527 範疇二(類別2)：3,191.5759 範疇三(類別3~6)：1,536.6470  總排放量：8,982.876  ●製程相關設備全面導入天然氣燃燒系統節能設備，取代既有燃油設備系統。 ●各製程全面導入變頻控制，透過電壓功率調整優化用電系統。","本司溫室氣體減量行動計畫依短中長期規劃如下： ●短期： (1)提高能源使用效率與節能； (2)改善製程及員工活動中使用的技術及設備， 減少能源浪費。  ●中期： (1)優化供應鏈並減少運輸排放(優先選擇在地供應商合作，縮短運輸距離)； (2)鼓勵員工共乘計畫，減少通勤排放量。  ●長期： (1)定期進行溫室氣體概念教育訓練，打造企業文化； (2)持續優化自身與供應鏈管理，引領產業共同減量。 (3)優化製程技術與原物料配比，降低廢棄物產出。","本司節能行動方案 與年度減少溫室氣體排放量(單位：tCO2e)：  ●陶瓷窯爐燃油系統改天然氣系統：1,382.2 ●設備導入變頻系統(冷卻水塔、集塵器及泵浦)：4.3 ●太陽能路燈：1.9 ●攪拌桶導入變頻測試：1.9 ●袋式集塵機取代靜電集塵系統：62.7"
"=""1810""","和成","8,660.5162","已完成母公司","N/A","","7,036.8600","已完成母公司","N/A","","5,102.6150","與燃料及能源相關活動（未納入範疇1或範疇2）,上游運輸及配送,營運中產生之廢棄物,下游運輸及配送","已完成母公司","N/A","","5.0119","","",""
"=""1817""","凱撒衛","226.9275","已完成母公司","N/A","","197.2488","已完成母公司","N/A","","N/A","","N/A","N/A","","0.1520","尚未訂立減量基礎年 ","""1. 全體員工倡導節能減碳，鼓勵同仁隨手關燈。 2. 公司空調維持固定溫度，並搭配循環扇使用，可降低電力消耗。 3. 管理部門不定期宣導並落實關閉使用完畢之空調、照明設備及電器。 4. 越南凱撒衛浴（子公司）持續推動有關水電油氣之整改，瓦斯設備已更換為天然氣系統，藉此降低對環境的負擔。 5. 鼓勵以爬樓梯代替搭電梯，減少能源消耗。"" ","尚未訂立減量策略 "
"=""1903""","士紙","N/A","N/A","N/A","","N/A","N/A","N/A","","N/A","","N/A","N/A","","N/A","","",""
"=""1904""","正隆","1,717,278.8363","已完成合併財務報表之母子公司","已完成母公司","合理保證等級","277,270.2841","已完成合併財務報表之母子公司","已完成母公司","合理保證等級","376,792.7032","購買之商品及勞務,與燃料及能源相關活動（未納入範疇1或範疇2）,上游運輸及配送,營運中產生之廢棄物,下游租賃資產","已完成母公司","已完成母公司","合理保證等級","44.1490","為規劃溫室氣體減量策略，正隆於民國(下同）113年以合併財務報告為邊界完成盤查，故基準年為113年，其範疇一及範疇二排放量分別為1,717,278.8363公噸CO2e及277,270.2841公噸CO2e。  惟正隆已規劃於越南平陽造紙廠新增年產能40萬噸的第三期工業用紙機，並於濱吉紙器廠增設一部複瓦機，以提升營運產能，因應越南市場對高效能紙包裝之持續增長需求。隨著產能擴增，合併財報子公司之整體溫室氣體排放量預期將增加。為此，公司已積極推動下列減碳行動，並全面導入AI智慧製造，以提升能源效率與減碳效益，邁向2050年碳中和目標。","重視氣候變遷減緩與調適，正隆公司將低碳轉型融入營運策略之中，以「循環經濟、低碳綠能、智慧創新」為核心，積極透過S.M.A.R.T.(Subtraction資源減用、Material轉廢為能、AI產銷智能、Recycling回收再生、Technologies先進製程）低碳智紙五大策略，極大化「以再生循環為利基」的碳中和能力；每年更投入經費，將傳統製造工廠改造為更節能環保的智慧再生工廠。更進一步整合紙業的產品(紙纖維）、能源、水3大資源循環，結合農林循環，以深化植物纖維、生物材料、生質燃料等農林資源的再生應用，開創3R PLUS全循環經濟藍圖。導入數位碳管理，規劃四大科學減碳路徑(提高能源效率、發展再生能源、深化循環低碳燃料、創新應用負碳技術），且積極申請國家減碳輔導計畫，包含大園造紙廠參與經濟部產業發展署「產業低碳轉型計畫」，並與產學合作整合學界研發能量及跨產業實務經驗，研究固碳、碳封存等負排碳技術，積極投入農林資源再生循環，再生利用植物纖維、農林剩餘資源、生物材料，與發展自然碳匯以對應氣候變遷。同時，持續深化供應商議合行動，組建淨零生態系，包含啟動「回收供應鏈轉型升級計畫」，輔導業者升級轉型；首創實地評鑑機制，成立產業碳中和聯盟，協助供應鏈低碳轉型。期使由上而下一同達成溫室氣體減量目標，提升能資源效率，重要計畫目標均已納入營運績效指標；每年亦舉辦節能減碳競賽，鼓勵提案創新且公開表揚。","正隆訂定母公司（含各廠）範疇一、二溫室氣體減量目標，以2018年為基準年，2025年減少5%，2030年減少20%，致力達成2050年碳中和。2024年母公司（含各廠）範疇一、二溫室氣體減量較基準年減量9.38%，已提前達成短期（2025年）目標。"
"=""1905""","華紙","744,471.8808","已完成母公司,鼎豐紙業公司","已完成母公司,鼎豐紙業公司","合理保證等級","176,260.3952","已完成母公司,鼎豐紙業公司","已完成母公司,鼎豐紙業公司","合理確信","26,780.0000","上游運輸及配送,下游運輸及配送","已完成母公司","N/A","","44.3352","基準年2018年102萬公噸；2030年較基準年減碳30%、2050年淨零碳排","華紙訂定減碳目標，短期(2030年)對應環境部碳費自主減量計畫，訂定三大減量措施及具體推動方案，包含： 一、能源效率提升：進行木質素設備汰舊換新、改造真空泵、蒸汽冷凝水系統及導入智慧節能系統，設備使用更新的技術，產出更多的蒸汽及電力。 二、製程改善：透過改善紙機設備及更換蒸汽控制系統，減少製程設備運轉時的能源使用量。 三、轉換低碳燃料：透過鍋爐及汽機改造，混燒低碳及生質燃料，降低自產能源的碳排放係數。 中長期(~2050年)將配合淨零碳排及SBTi科學基礎減量倡議目標訂定，規劃各廠區持續擴大生質燃料應用，並利用廠區在地優勢，結合生質能及太陽能等再生能源發電，逐年降減燃煤用量，輔以內部碳定價及製程低碳節能技術，並持續發展華紙林場經營專業優勢，朝達成2050淨零碳排目標發展。","2024年相較2018基準年減排10萬公噸，減排9.8%，已達成2025年目標"
"=""1906""","寶隆","0.8900","已完成母公司","已完成合併財務報表之母子公司","合理保證等級","0.0000","已完成母公司","已完成合併財務報表之母子公司","合理保證等級","28.0600","員工通勤","已完成母公司","已完成合併財務報表之母子公司","合理保證等級","0.0000","","",""
"=""1907""","永豐餘","2,146,613.2641","已完成合併財務報表之母子公司","範疇一溫室氣體排放量中，永豐餘投控(個體母公司)的範疇一排放量已100%執行確信完成，投控旗下三大事業群的確信尚在規劃執行中，確信進度將揭露於永續報告書或官網。","合理保證等級","384,049.4446","已完成合併財務報表之母子公司","範疇二溫室氣體排放量中，永豐餘投控(個體母公司)的範疇二排放量已100%執行確信完成，投控旗下三大事業群的確信尚在規劃執行中，確信進度將揭露於永續報告書或官網。","合理保證等級","8.8174","購買之商品及勞務,與燃料及能源相關活動（未納入範疇1或範疇2）","已完成母公司","已完成母公司","合理保證等級","32.2735","減量基準年：2021年 範疇一+二排放總量：2,530,663tCO2e 減量目標：短程-2030年較2021年基準年減量16%；中程-2040年較基準年減量50%；長程2050年與國家淨零目標切齊。","分為「能源結構」、「製程優化」、「轉型研發」3大軸線，策略如下： 1、能源結構： (1)替代燃料-擴大生質替代燃料、資源再生燃料使用；推動廢棄物資源化及減量，以降低化石燃料用量。 (2)綠電開發-持續生質能鍋爐設備、沼氣發電、太陽能，開發綠電。  2、製程優化： (1)節能汰舊-落實能源管理，執行節能節電措施，降低設備能耗，及提升能源使用效率，包含馬達以小代大、泵浦節電、空壓系統節能、紙機熱回收系統、蒸汽管路減損等。 (2)生產優化-優化產品結構，提高產能最佳配置，並提升生產效率。投資低碳研發創新技術，落實綠色低碳生產。  3、轉型研發： (1)數位智能-導入數位化AI智能管理，提升生產效率與品質良率；設置儲能設施參加台電補充備載電力計畫；建立碳管帳戶，結合自動化設備，追蹤監測廠區每日碳排及產線碳排放表現。 (2)材料創新-開發多元創新紙材產品，擴大醣材料的應用。 (3)市場參與-評估投入自願減量專案推動台灣示範造林碳權專案、研發人工濕地減量方法學；持續關注國內外趨勢及法令發展情形，並評估導入內部碳定價。","永豐餘於2025年以合併財務報告為邊界完成2024年盤查，故基準年為2024年，其範疇一及範疇二排放量分別為215.2萬公噸CO2e及38.4萬公噸 CO2e，期透過下列減量策略及行動計畫以落實2025年較2024年減1%之溫室氣體減量目標，2050年達淨零排放。"
"=""1909""","榮成","2,454,737.7419","已完成合併財務報表之母子公司","已完成合併財務報表之母子公司","合理保證等級","241,757.5820","已完成合併財務報表之母子公司","已完成合併財務報表之母子公司","合理保證等級","1,196,371.6621","上游運輸及配送,營運中產生之廢棄物,商務旅行,員工通勤","已完成母公司,已完成合併財務報表之母子公司,母公司範疇三盤查上游運輸配送及營運中產生之廢棄物，合併財報子公司盤查上游運輸配送、營運中產生之廢棄物、商務旅行及員工通勤","已完成母公司,已完成合併財務報表之母子公司,母公司範疇三確信上游運輸配送及營運中產生之廢棄物，合併財報子公司確信上游運輸配送、營運中產生之廢棄物、商務旅行及員工通勤","合理保證等級","56.4356","基準年：2022年 基準年碳排放量：2,639,390.2567 ","1.綠色包裝廠設置太陽能發電系統 2.設置生質能鍋爐及以生質燃料替代化石燃料 3.製程廢熱回收 4.製程能效提升 5.抄紙機汰舊換新","2024年範疇一及範疇二總排放量2,696,495.3239噸CO2e較2023年（2,635,694.2917噸CO2e）增加2.31%"
"=""2002""","中鋼","27,213,835.0000","已完成合併財務報表之母子公司","已完成母公司","合理保證等級","1,985,886.0000","已完成合併財務報表之母子公司","已完成母公司","合理保證等級","11,036,798.0000","購買之商品及勞務,資本財,與燃料及能源相關活動（未納入範疇1或範疇2）,上游運輸及配送,營運中產生之廢棄物,商務旅行,員工通勤,上游租賃資產,下游運輸及配送,已銷售產品之加工,已銷售產品之使用,已銷售產品生命週期結束之處理,下游租賃資產,加盟,投資","已完成母公司","已完成母公司納入查證項目，統計「營運產生之廢棄物」、「商務旅行」、「與燃料及能源相關活動」及「上游運送與配送」等四項","合理保證等級","80.9900","中鋼集團業務範圍涵蓋鋼鐵、工程、工業材料、物流投資以及綠能等五大事業群，營運面向多元，各公司依其產業特性與規劃，選定合適之基準年，惟集團主要碳排公司以107年為基準年，集團合併之基準年排放量35,417,943 公噸CO2e( 範疇一及範疇二)。 為應對氣候變遷，中鋼集團訂定明確之減碳目標：短期(114年) 減碳7%、中期(119年) 減碳25%、長期(139年)達成碳中和。","採取策略包含：短期聚焦提升能源效率及使用再生能源；中期透過持續強化能源效率、擴大使用再生能源、製程優化等，藉由以下具體行動計畫，降低碳排，以達成減碳目標。 ● 短期行動計畫：「耗能設備之改善及汰換」、「降低運具排碳」、「使用綠電」 ● 中期行動計畫：「推動廢熱回收與汽電共生」、「使用低排碳運具」、「提升綠電使用比率」、「高爐添加低排碳鐵源」、「高爐噴吹富氫氣體取代噴煤」、「鋼化聯產」、「增用再生料」、「製程設備汰舊換新」、「運具加裝節能裝置」","短期目標執行期間107至113年共完成1,281件減碳行動方案，達成減碳量151.57萬公噸/年(範疇一+範疇二)，較基準年(107年)減幅達6.86%。"
"=""2006""","東和鋼鐵","341,469.0000","已完成合併財務報表之母子公司","已完成母公司,已完成母公司盤查及確信，子公司為內部盤查數據，預計第三季完成確信","合理保證等級","757,166.0000","已完成合併財務報表之母子公司","已完成母公司,已完成母公司盤查及確信，子公司為內部盤查數據，預計第三季完成確信","合理保證等級","2,235,540.0000","購買之商品及勞務,資本財,與燃料及能源相關活動（未納入範疇1或範疇2）,上游運輸及配送,營運中產生之廢棄物,商務旅行,員工通勤,上游租賃資產,下游運輸及配送,已銷售產品生命週期結束之處理,下游租賃資產,投資","已完成合併財務報表之母子公司","已完成母公司,已完成母公司盤查及確信，子公司為內部盤查數據，預計第三季完成確信","有限保證等級","18.2600","東和鋼鐵訂定2030年階段性目標，範疇一/類別一及範疇二/類別二總碳排放量較基準年2005年（831,012噸CO2e）減少30%，長期減碳目標對齊國家 2050 年淨零路徑，並訂定2030年總用電量有30%是來自再生能源（RE30）。  另訂定全集團2035年階段性目標，範疇一/類別一及範疇二/類別二總碳排放量較基準年2021年（1,279,325噸CO2e）減少30%，並訂定2035年總用電量有30%是來自再生能源（RE30）。","針對溫室氣體排放佔比較高的電力使用項目進行減碳路徑規劃，包括使用再生能源、導入低碳生產技術與設備，在直接排放方面，透過不再使用銑鐵、使用廢合成樹脂、生物炭、高熱量廢鋼、低碳原料、生物燃料、低碳燃料等進一步降低碳排，最後一哩路就是使用碳捕捉、利用與封存技術 （CCUS）達淨零目標。並訂定「因應氣候變遷調適及減緩之特別盈餘公積提撥與運用辦法」，用於有關氣候變遷調適與減緩因應專案或計畫支出。","母公司2024年溫室氣體相較於基準年2005年已降低7.9%；全集團2024年溫室氣體相較於基準年2021年已降低13.7%。"
"=""2007""","燁興","26,973.0000","已完成母公司","已完成母公司","有限確信","31,007.0000","已完成母公司","已完成母公司","有限確信","N/A","","N/A","N/A","","8.4000","為響應全球減碳趨勢與企業永續發展，本公司以2018年為減碳基準年，規劃每年減碳1%，2025年目標減碳7%，2035年目標減碳20%，2050年目標達到碳中和。","本公司2024年共完成9項節能管理方案，共節電2,971,494度，總計減碳量為1,408公噸CO2-e/年。主要項目包括「軋鋼廠 Stelmor 鼓風機 1.2 更改變頻控制 」、「酸退廠固溶化廢氣風機改變頻控制」及「屏南廠太陽能發電」等案例，未來將持續推動節電各項措施，以每年節電1%為目標。","鋼鐵業屬於高能源密集產業，為響應政府的淨零碳排放目標，並有效管理未來因碳費徵收可能衍生的營運成本，本公司正積極推動各項改善行動、設備更新與制度導入。我們的核心目標是提升能源使用效率，減少資源消耗，進而將對環境的衝擊降至最低。透過這些努力，我們不僅履行了環境友善的社會責任，也向客戶及消費者展現了我們負責任且永續經營的態度。"
"=""2008""","高興昌","2,717.2881","已完成母公司,已完成合併財務報表之母子公司","已完成母公司,已完成合併財務報表之母子公司","合理保證等級","3,317.0553","已完成母公司,已完成合併財務報表之母子公司","已完成母公司,已完成合併財務報表之母子公司","合理保證等級","2,001.7594","上游運輸及配送,營運中產生之廢棄物,商務旅行,員工通勤,下游運輸及配送","已完成母公司,已完成合併財務報表之母子公司","已完成母公司,已完成合併財務報表之母子公司","有限保證等級","4.1377","溫室氣體減量基準年:2024年及其範疇一+範疇二數據為6,034.3434公噸CO2e 減量目標:每年1%(節電) ","1. 鍍鋅課老舊空壓機三台及製管課老舊空壓機一台更換為變頻式節能空壓機 節能量：37820度 減碳量：18.68公噸CO2e 2.屏南廠辦公室更換冰水主機 節能量：10032度   減碳量：4.96公噸CO2e 3.鍍鋅課更換變頻式節能空壓機  節能量：28365度   減碳量：14.01公噸CO2e ","2024年節電率1.23%，共減37.6511公噸CO2e"
"=""2009""","第一銅","3,026.1593","已完成母公司","已完成母公司","有限確信","15,034.3002","已完成母公司","已完成母公司","有限保證等級","4,094.0808","與燃料及能源相關活動（未納入範疇1或範疇2）,營運中產生之廢棄物,員工通勤","已完成母公司","N/A","","5.7737","基準年：以111年度為基準年，排放量：範疇一+二 = 22,354.0412 公噸CO2e。  減量目標：5年後(116年)溫室氣體排放量減排3%。","減量策略：建置綠電設備，降低外部能源需求。 行動計畫：113年起於臨海廠的屋頂建置太陽能發電系統，預計於114年完成屋頂太陽能面板設置及併入工廠電力系統使用，發電裝置容量約：1,235瓩，為臨海廠電力契約容量的10%。","目前因產量下降，已達溫室氣體排放量減排3%的目標。"
"=""2010""","春源","5,657.1843","已完成合併財務報表之母子公司","已完成母公司","合理保證等級","22,621.5680","已完成合併財務報表之母子公司","已完成母公司","合理保證等級","1,387,416.4555","購買之商品及勞務,上游運輸及配送,營運中產生之廢棄物,下游運輸及配送","已完成母公司","已完成母公司","AUP查驗證方式","1.1776","113年母公司溫室氣體盤查數據將委由BSI進行盤查數據查證，子公司首次溫室氣體自主盤查完成，依循法規設定2024年度為基準年(春源鋼鐵與合併報表子公司溫室氣體排放量：類別一：5,657.18公噸CO2e；類別二：22,621.57公噸CO2e)。","集團設定將於114~116年三年減碳3%為策略目標，並依循此目標推動公司每年執行次一年度減碳1%的執行策略，達成狀況將於次一年度年報進行揭露。透過碳管理平台系統化整合全集團的排放資訊，即時掌握碳管理所需資訊，並可針對多項溫室氣體減量計畫展開全方面監管，包含購買節能機台、建置太陽能發電系統、溫室氣體原物料源頭減量、評估採用低碳燃料/能源等措施，確保減量符合進程，以積極態度降低碳排放衝擊並提升營運競爭優勢。","待下一年度公告前一年度執行成果"
"=""2012""","春雨","16,583.3935","已完成合併財務報表之母子公司","已完成母公司","合理保證等級","31,614.9812","已完成合併財務報表之母子公司","已完成母公司","合理保證等級","230,847.7218","上游運輸及配送,商務旅行,員工通勤,下游運輸及配送","已完成母公司","已完成母公司","有限保證等級","5.2600","母公司 一、溫室氣體減量基準年：2021年  二、溫室氣體減量基準年數據：451,927.442公噸公噸CO₂e  三、減量目標： 1.每年度碳密集度較前一年度 逐年下降至少1%。  2.2025年總碳排放量較基準年（2021年）下降6%，碳密集度較基準年下降16%。  3.2030年總碳排放量較基準年（2021年）下降12%，碳密集度較基準年下降30%。  4.2035年總碳排放量較基準年（2021年）下降18%，碳密集度較基準年下降42%。 合併公司 一、溫室氣體減量基準年：2024年 二、溫室氣體減量基準年數據(類別一+類別二)：48,198.3747公噸CO₂e 三、減量目標： 1.2026年合併總碳排放量較基準年（2024年）下降2%，碳密集度較基準年下降3%。 2.2030年合併總碳排放量較基準年（2024年）下降4%，碳密集度較基準年下降5%。 3.2035年合併總碳排放量較基準年（2024年）下降8%，碳密集度較基準年下降10%。 ","(1)評估廠區當前老舊設備，編列汰舊換新預算，逐步提高廠區設備之能源使用效率。 (2)設置太陽能發電，並持續評估廠區擴大太陽能發電量，透過廠區太陽能自發自用減少外購灰電之間接排放。 (3)生產管理調整避免尖峰用電時段生產。 (4)針對大動力及高耗能設備投入智慧電錶，執行能源控管，計算生產績效。並預計規劃導入ISO 50001能源管理系統，進行有效率能源管控。 (5)積極開發綠色包裝、低碳運輸工具（廠內使用電動推高機等），來減少產品碳排，以因應客戶需求。 (6)提高機台運轉效能，減少外購電力使用，並評估未來使用綠電。 (7)提高廠內廢棄物再利用率（如:廢鹽酸、廢鐵、及廢油等），研擬循環經濟可行性及廢棄物資源化評估，達到低碳效益及生產成本下降之功效。","母公司 本公司從2021年參照ISO 14064-1:2018之標準進行組織型溫室氣體盤查作業，盤查邊界包含春雨總部大樓、岡山廠及嘉興廠，計算出類別一~四的溫室氣體排放量，2024年總溫室氣體排放量盤查結果為260,196.767噸CO2e，其中範疇一(類別一)及範疇二(類別二)排放量為29,349.0455噸CO2e，相較於基準年(2021年) 範疇一及範疇二排放量減少約27%，碳排放密集度較基準年和2023年度分別下降約1.71%  與15%，體現出春雨執行溫室氣體減量策略及具體行動之成效，並提前符合本公司所訂立之短期目標(2025~2026年)，未來將持續進行減量作為，以符合淨零永續目標。 合併公司 目前為首年度基準年。"
"=""2013""","中鋼構","3,085.3424","已完成合併財務報表之母子公司","已完成合併財務報表之母子公司","合理保證等級","7,339.6880","已完成合併財務報表之母子公司","已完成合併財務報表之母子公司","合理保證等級","358,520.8800","與燃料及能源相關活動（未納入範疇1或範疇2）,上游運輸及配送,營運中產生之廢棄物,商務旅行,員工通勤","已完成合併財務報表之母子公司","已完成合併財務報表之母子公司","有限保證等級","0.5293","本公司針對氣候變遷採取行動，並以113年合併財報邊界之溫室氣體排放量10,425.0304公噸CO2e作為基準年(範疇1：3,085.3424公噸CO2e；範疇2：7,339.6880公噸CO2e)。 以114年(短期)及119年(中期)排放量分別較基準年減少1.5%與16.5%，朝139年(長期)達成碳中和為努力目標。","邁向2050年碳中和，本公司滾動式審視推動減碳工作成效，以成本有效及關注未來發展趨勢選擇最適合路徑，在「短期減碳，中、長程先低碳再零碳」之策略規劃下： 1.短期採行製程改善、提升良率、設備效能、能源調度等。 2.中、長期再加大力度提升能源效率、規劃導入低碳(無碳)能源、電力化等，惟中、長程減碳路徑的實踐方案，尚還欠缺實用可行技術，也將其視為挑戰。 3.短(114年)、中期(119年)之具體行動計畫： (1)提升能源效率：  短期：廠房照明汰換為LED燈。 (2)製程改善：  中期：  ★空壓機(100HP)傳統定頻式，逐步規劃汰換為變頻式。  ★乾燥機(100HP)由傳統循環式，逐步規劃汰換為儲能式。  ★生產線SAW門型銲機，逐步規劃汰換為變頻式門型潛弧銲機。 (3)其他：  中期：公務車逐步調整為油電車，朝運具電動化努力。","本公司113年推動更換LED燈(高雄廠區辦公室及維修間、官田廠區塗裝作業區)及高雄廠傳統潛弧銲機改善為變頻銲機(預估節電198,076度)，並規劃114年進行高雄廠及官田廠辦公室及廠房照明更換為LED燈、高雄廠傳統電銲機為變頻式電銲機、公務車汰換為油電車等減碳策略；預估可達減量目標。"
"=""2014""","中鴻","128,052.2297","已完成合併財務報表之母子公司","已完成母公司","合理保證等級","110,891.4608","已完成合併財務報表之母子公司","已完成母公司","合理保證等級","3,437,849.6378","購買之商品及勞務","已完成合併財務報表之母子公司","已完成母公司","合理保證等級","7.9900","(1)溫室氣體減量基準年：2018年 (2)溫室氣體減量基準年數據：379,254 公噸CO2e (3)減量目標： *短期：2025年較107年減碳7% *短期：2030年較107年減碳25% *中期：2040年較107年減碳50% *長期：2050年達成碳中和","溫室氣體減量策略及具體行動方案： A.燃燒設施效能提升：提升燃料使用效率、生產設備改善(例：蓄熱式加熱爐、貫流式鍋爐、導入電熱式鍋爐)、發展氫氣(混燒)燃燒技術、加熱爐全氫燃燒。其中熱軋廠加熱爐改造案(直燃式改為蓄熱式)，預計可減少燃料耗用量約8.9%，有效減少燃料燃燒產生之溫室氣體排放量。 B.電力設施效能提升：持續推動各項能源效率提升方案(例：老舊能耗設備汰舊換新、高耗能設備效率提升)，設置再生能源發電設備(例：廠房屋頂設置太陽能發電設施)。 C.能源管理系統：持續運作ISO 50001能源管理系統，對於重大能耗設備及節能設施進行管控，並透過公司「環境能源管理委員會」及PDCA循環運作，更有效率利用能源，減少溫室氣體排放。 D.配合能源署節能政策：能源署要求用電大戶(契約容量800瓩以上)，2015年至2024年平均節電率需達1%以上目標。公司各廠區2015年至2024年實際平均節電率＞1%以上，符合法令要求。另配合能源署法令要求，自2025年起，2025年至2028年平均節電率需達1.5%以上目標，2025年將持續推動各項節約能源措施。 E.使用再生能源：2050年淨零排放是國家目標，能源轉型、再生能源發展是國家重要的里程碑，能源署2020年12月31日公告『一定契約容量以上之電力用戶應設置再生能源發電設備管理辦法』，再生能源義務用戶自2021年起5年內需完成義務裝置容量設置。公司在2023年完成義務裝置容量設置(以購買再生能源電力及憑證來達成義務)，開始使用再生能源電力，符合法令要求。公司為達成2050年碳中和目標，規劃逐年增加再生能源使用量，預計2043年再生能源使用量將達100%。 F.溫室氣體盤查：藉由溫室氣體盤查履歷資料有效控管未來溫室氣體排放量，公司自2005年起每年進行溫室氣體排放量盤查並通過第三者外部查證。 G.產品碳足跡盤查：為了解公司產品生命週期各階段之溫室氣體排放量與排放熱點。公司在2022年及2023年針對核心產品：熱軋粗鋼捲、熱軋調質鋼捲、冷軋全硬質鋼捲、冷軋調質鋼捲、熱軋酸洗塗油鋼捲、碳鋼鋼管，進行碳足跡盤查與第三者外部查證。透過產品碳足跡盤查，掌握溫室氣體排放熱點，並針對熱點項目擬定減碳對策，推動各項減碳方案，持續降低產品碳排放量，善盡企業社會責任。","溫室氣體減量目標達成情形： A.2024年較2018年減量6%，2024年溫室氣體排放量目標≦356,499 (公噸CO2e) B.2024年實際溫室氣體排放量為238,943.691 (公噸CO2e)，達成目標。"
"=""2015""","豐興","181,292.1063","已完成合併財務報表之母子公司","已完成母公司","合理保證等級","479,450.5360","已完成合併財務報表之母子公司","已完成母公司","合理保證等級","119,844.4790","與燃料及能源相關活動（未納入範疇1或範疇2）,營運中產生之廢棄物","已完成合併財務報表之母子公司","已完成母公司","合理保證等級","19.2192","配合溫室氣體減量目標訂定2030年排放量較基準年(2018年)減少25％和2050年淨零排放，並制定出淨零轉型路徑。 ","1.推動電子化數據、表單，降低紙張用量。 2.推動節水政策，針對用水與排水進行檢討改善，降低生產用水量。 3.使用節能產品，改用高效率馬達、燈具等，改善能源使用效率及太陽能自發自用。 4.提升製程效率，降低煉爐熔煉之電力和物料的碳排放量。 5.配合產業公會積極參與溫室氣體自願減量。 ","本公司溫室氣體減量基準年為2018年，其溫室氣體排放量771,274 t-CO2e。2024年溫室氣體排放量660,742.642 t-CO2e，相較基準年2018年已減量14.3%，並致力於2030年達成減量25%。 "
"=""2017""","官田鋼","3,725.8737","已完成合併財務報表之母子公司","已完成母公司","有限確信","21,426.3272","已完成合併財務報表之母子公司","已完成母公司","有限確信","N/A","","N/A","N/A","","7.4006","本公司設定2023年為基準年，總排放量為15,726.4435公噸 CO2e，預計每年較前年度節省排放量1%。","1.配合政府環保政策執行溫室氣體盤查並進行申報。2.以較乾淨之燃料（天然氣）替代重油使用。3.製程熱源回收利用。4.設置太陽能能源。5.廠房照明設計替代及管理。6.生產程序之調整。7.廠內節能措施進行。8.高效能照明或LED照明等電力照明之替代及管理。9.馬達汱舊換新。","溫室氣體減量目標目前節能已規劃廠內耗能設備零件汰舊換新、節電已陸續將廠內電燈更換為LED燈並配合離峰用電減少電力使用及耗能，且加工廠內廢水零排放，水循環均回收再利用。"
"=""2020""","美亞","3,101.9300","已完成合併財務報表之母子公司","已完成母公司","合理保證等級","6,877.3000","已完成合併財務報表之母子公司","已完成母公司","合理保證等級","185,218.9072","購買之商品及勞務,與燃料及能源相關活動（未納入範疇1或範疇2）,上游運輸及配送,營運中產生之廢棄物,下游運輸及配送","已完成母公司","已完成母公司","有限保證等級","1.9000","本公司溫室氣體排放量減量目標如下:  基準年及數據 : 111年、範疇一及範疇二排放量總計為9,688.39噸CO2e。                                                  減量目標 : 自112年起每年碳排放量較基準年排放量減少1 %， 119（2030）年前總減碳排放量達基準年排放量10 %。 子公司溫室氣體排放量減量目標如下:  基準年及數據 : 113年、範疇一及範疇二排放量總計為1,481.06噸CO2e。 減量目標 : 自114年起每年碳排放量較基準年排放量減少1 %， 119（2030）年前總減碳排放量達基準年排放量6 %。 ","溫室氣體減量策略: (1)關注及遵循能源政策與溫室氣體之相關法規。 (2)建立溫室氣體管理體系，進行監督、量測、分析、對策，持續溫室氣體及能源之管理機制。 (3)定期維護、改善及更換設備、優化製程、整合系統以提升節能效益及能源使用率。 溫室氣體減量具體行動計畫: 全廠水銀燈泡(500W)更換成大功率省電燈泡(105~120W) 。 優先採用取得節能標章的高效率光源、燈具。 定期檢討契約容量、空調分區、照明迴路，強化能源利用效率。 定期維護設備，保持設備運作最佳效率，降低能源耗損。 辦公區域室溫控管於26 °C，降低冰水主機負載，減少電力消耗。 推動節能減碳活動及員工教育訓練，降低電力使用。 不定期更新舊設備，以提升能源使用效率。 ","母公司113年減量1,190.22（噸CO2e），減量比 12.29% 達標。"
"=""2022""","聚亨","22,005.9480","已完成合併財務報表之母子公司","已完成母公司","合理保證等級","36,187.1030","已完成合併財務報表之母子公司","已完成母公司","合理保證等級","256,484.8020","上游運輸及配送","已完成合併財務報表之母子公司","已完成母公司","有限保證等級","7.0870","1.	本公司訂113年為合併財報母子公司之溫室氣體排放量基準年，113年總溫室氣體排放量為58311.535(公噸CO2e/年)。 2.	本公司以每年為區間，設定合併財報母子公司溫室氣體減量目標，階段目標為  114年度減量1%， 115年度減量1%。減碳目標類別一、類別二涵蓋營運據點之生產用電等營運活動，透過落實使用節能設備，且每年透過符合 ISO14064-1溫室氣體盤查標準之第三方查證碳排放量。","本公司持續推動能源管理，節能減碳、溫室氣體及廢棄物管理策略如下： 1. 配合環保政策及法規，定期執行溫室氣體盤查、申報廢棄物相關資訊，藉由調整生產程序、使用節能設備(如改採燃氣鍋爐、更換IE3等級以上之高效能馬達及使用LED省電燈具、全自動排渣分離回收機，快速分離廢渣，減少節省處理成本，增加社會責任及形象提升產品價值等)等措施，以降低溫室氣體排放量。 2. 在盤查過程中找尋可能之減量機會，逐一落實碳中和的推進項目。配合鋼鐵業全面逐年減碳的政策要求。 ","1.母公司112年碳排放量較111年減量 19.99%，113年碳排放量較112年減量9.24%。 2.合併財務報表母子公司以113年為基準年，預計每年較前一年度減少排放量1%。"
"=""2023""","燁輝","199,070.8852","已完成合併財務報表之母子公司","已完成母公司","合理保證等級","320,462.9267","已完成合併財務報表之母子公司","已完成母公司","合理保證等級","N/A","","N/A","N/A","","7.0200","環境部列管廠域於2030達到目標年排放量。 基準年:高雄一廠2018～2022五年平均、屏東2022年 減排目標：高雄一廠4.2% &屏東 2.7%","本公司採製程改善、能源轉換、發展低碳經濟為溫室溫室氣體減量策略，其具體行動計畫詳情請參考2024年年報1-2 溫室氣體減量目標、策略及具體行動計畫。","高雄一廠：128,265.304公噸CO2e、屏東廠：26,536.269公噸CO2e，依據環境部規定採用AR5之GWP值計算溫室氣體排放量，2024年度高雄一廠排放量為122,665.745公噸CO2e已達短期目標目標，屏東廠排放量為27,118.336公噸CO2e，因減碳效益不及生產所造成的碳排量，故未達短期目標，未來也將持續推動相關節能減碳措施，持續努力達成2030年目標。"
"=""2024""","志聯","1,809.0000","志聯公司：桃園市新屋區中興路480號，本公司目前無子公司。","志聯公司：桃園市新屋區中興路480號，本公司目前無子公司。","合理確信","3,042.0000","志聯公司：桃園市新屋區中興路480號，本公司目前無子公司。","志聯公司：桃園市新屋區中興路480號，本公司目前無子公司。","合理確信","69,978.0000","購買之商品及勞務,上游運輸及配送,下游運輸及配送","志聯公司：桃園市新屋區中興路480號，本公司目前無子公司。","志聯公司：桃園市新屋區中興路480號，本公司目前無子公司。","有限確信","4.4231","以113年為基準年，以逐年降低1%溫室氣體排放為目標進行減量。","a).	推動ISO50001能源管理系統，預計節能1.5% b).	推動ISO14001環境管理系統。 c).	建置重大能耗設備智慧電表，共計33座。 d).	規劃建置屋頂型太陽能發電設備預計規劃建置408KW。","主題1、鋼棒場冰水機汰換 改善前狀況： 本公司鋼棒廠原有之180噸冰水主機因老舊且為定頻式設計，112年全年用電201,135kWh。 改善後狀況： 更換鋼棒廠冰水主機改用變頻式設計且使用80噸之主機。 改善前：180頓定頻冰水機年耗電量201,135kWh 改善後：80頓變頻冰水機年耗電量101,482kWh 節省用電量：201,135-101,482=99,653kWh/年 節省費用：99,653kWh/年*4.32元 /10,000 =43.05萬/年 減碳效益：99,653kWh/年*0.49/1,000 = 48.830tom-CO2/年 節能率：(%) (99,653/201,135)kWh*100%=49.55 % 投資成本： 大同冰水機(80RT)一台$2,380,952(未稅) 回收年限：43.05/12=3.59萬/月；238萬/3.59萬/12=6.57年 主題2、行政大樓冰水機淘汰改變頻分離式冷氣。 改善前狀況： 本公司行政大樓原空調設備為老式定頻冰水機，112年5~10月行政大樓用電141,062千瓦。 改善後狀況： 全面汰換行政大樓空調設備為分離式變頻冷氣。 改善前：老舊冰水機機5~10月耗電量141,062kWh 改善後：分離式冷氣5~10月耗電量26,229kWh 節省用電量：141,062-26,229=114,833kWh/年 節省費用：114,833kWh/年*4.94元 /10,000 =56.72萬/年 減碳效益：114,833kWh/年*0.49/1,000 = 56.268tom-CO2/年 節能率：(%) (114,833/141,062)kWh*100%=81.41 % 投資成本： 分離式冷氣46台$2,889,265(未稅) 回收年限：56.72/12=4.73萬/月；289萬/4.73萬/12=5.09年"
"=""2025""","千興","3,757.6051","已完成母公司","已完成母公司","合理保證等級","4,346.2008","已完成母公司","已完成母公司","合理保證等級","7,743.5988","營運中產生之廢棄物,員工通勤","已完成母公司","已完成母公司","合理保證等級","7.6572","溫室氣體減量基準年及減量目標： 為規劃溫室氣體減量策略，公司於民國(下同)112年以財務報告為邊界完成盤查，故基準年為112年，其範疇一及範疇二排放量分別為3,589噸CO2e及4,305噸CO2e，希望透過下列具體行動進一步落實113年度較基準年減量0.5%，並自基準年起每年至少減量0.5%以達成119年(2030年)減量4%之目標。","溫室氣體減量策略及具體行動計畫： 本公司依據上市櫃公司永續發展路徑，已於2023年度開始進行組織溫室氣體盤查，並取得第三方驗證。並規劃導入能源管理系統(ISO 50001)，經由監督、量測、分析、對策，持續改善管理之績效。並規劃全員相關ESG教育訓練，落實重視能源觀念，遵循能源與環保法令與規章。公司也公開揭露能源與環境/溫室氣體管理之政策，向利害相關團體全面推展能源與環保理念。","本公司113年度業績較112年增加約50%,且因本公司於113年度盤查範圍新納入範疇三部分項目，及業務與產量增加,以致就範疇一與範疇二排放量與112年相比分別增加約168.2796公噸CO2e及40.6944公噸CO2e ,但本公司將持續落實較基準年減量0.5%之目標"
"=""2027""","大成鋼","89,530.6715","已完成合併財務報表之母子公司","已完成母公司","合理保證等級","73,097.3148","已完成合併財務報表之母子公司","已完成母公司","合理保證等級","N/A","","N/A","N/A","","1.7990","回應國際趨勢與國家2050淨零目標，大成鋼識別氣候變遷風險與機會，結合現有永續推動目標，逐年推動減量活動。考量產業特性與既有集團盤查規劃，訂定2024為基準年，設立大成鋼合併公司所有營運活動範疇二於2025年起每年減量0.15%，並於2030年減量1%為目標。","考量公司營運特性與碳排放結構，規劃節電作為整體溫室氣體減量策略方向。2024年實施情形如下： 1.將廠區2台定頻式之空壓機汰換為變頻式空壓機：全年節能172,840度 2.降低窗簾廠5台空壓機之出氣壓力，改善平均運轉電流，降低能源耗用：全年節能203,018度","上述所執行之減量措施依能源局公告2023年之電力係數0.494 (CO2e/度)換算後已節省185.6738(公噸CO2e )之排放量，業已達成2024年度所設定之目標(個體範疇二排放量較2023年減量1%)；惟因2024年盤查範圍異動，將重新訂定2024年為減量基準年。 2025年完成大成鋼集團之溫室氣體盤查後，再依各營運據點區域與性質之不同，持續執行風險、機會之識別，持續改善因應方案，再據此設定未來集團整體之氣候相關指標與目標項目，作為展現大成鋼積極減緩與調適氣候影響的績效依據。"
"=""2028""","威致","66,913.9654","個別公司","個別公司","合理保證等級","167,127.0912","個別公司","個別公司","合理保證等級","N/A","","N/A","N/A","","22.9539","以2018~2022年之年平均為基準年： 基準年年平均排放為291,249公噸CO2e，2025年6月底前向環境部提出自主減量計畫申請並通過取得優惠碳費。 1.短期目標：2025年溫室氣體排放271,421 tonCO2e。 2.中期目標：2030年溫室氣體排放267,417 tonCO2e。 3.長期目標：2050年實現碳中和。","氣候變遷可能對營運活動造成直接或間接影響，包括可能引發天災及原物料價格上升、供應中斷等間接影響，因此本公司積極關注各項節能減碳及溫室氣體減量議題。於2014年起積極參與「鋼鐵公會自願減量推動輔導」及「經濟部工業局產業溫室氣體自願減量推動計畫」，落實溫室氣體減量目標。 此外，威致鋼鐵提前因應溫室氣體排放減量政策，制定相關節能措施，期能邁向永續未來。【更多內容請參閱2024年永續報告書3.2能源管理】","2024年單位產品溫室氣體排放強度較2023年減少0.074公噸(減少15.78%)。"
"=""2029""","盛餘","33,211.0559","已完成合併財務報表之母子公司","已完成母公司","合理保證等級","49,393.3217","已完成合併財務報表之母子公司","已完成母公司","合理保證等級","1,134,574.7753","購買之商品及勞務,上游運輸及配送,營運中產生之廢棄物,商務旅行,員工通勤,下游運輸及配送","已完成合併財務報表之母子公司","N/A","","6.3443","112年為減量基準年，溫室氣體排放量為74,663噸CO2-e，減量目標為減少基準年排放量3%","113年節能方案共24項","減碳量為490 噸 CO2-e"
"=""2030""","彰源","5,718.1011","已完成母公司,已完成合併財務報表之母子公司","已完成母公司","合理保證等級","17,168.0288","已完成母公司,已完成合併財務報表之母子公司","已完成母公司","合理保證等級","581,688.7151","購買之商品及勞務,與燃料及能源相關活動（未納入範疇1或範疇2）,上游運輸及配送,營運中產生之廢棄物,下游運輸及配送","已完成母公司,已完成合併財務報表之母子公司","已完成合併財務報表之母子公司","合理保證等級","1.8459","短期目標（2～3年）：2025年溫室氣體排放量較2023年減少5%。 中期目標（7～8年）：2030年溫室氣體排放量較2023年減少20%。 長期目標：2050年達碳中和。","2025年溫室氣體排放量較2023年減少5%。（例如：燈具的汰換/空壓機改為變頻。） 2030年溫室氣體排放量較2023年減少20%。（例如：國家能源效率提升/再生能源規劃。） 2050年達碳中和。（例如：國家能源效率提升/碳權抵換/燃料及原物料替代。）","2025年溫室氣體排放量較2023年減少5%，持續執行減量目標中。"
"=""2031""","新光鋼","2,226.0561","已完成合併財務報表之母子公司","已完成合併財務報表之母子公司","合理保證等級","4,247.9962","已完成合併財務報表之母子公司","已完成合併財務報表之母子公司","合理保證等級","1,035,275.2576","購買之商品及勞務,上游運輸及配送","已完成合併財務報表之母子公司","已完成合併財務報表之母子公司","有限保證等級","0.4437","1.企業對於因應氣候變遷或溫室氣體管理之策略 合併公司為因應氣候變遷，陸續推動各項節能減碳措施，並同時推動溫室氣體盤查，針對耗能設備做持續監控，以降低公司營運對自然環境之衝擊。 2.企業溫室氣體排放量減量目標 合併公司係屬TCFD金屬與礦業行業，溫室氣體排放以範疇二、範疇三為主。自身每年減少1%，並積極管理範疇三排放為目標。 ","合併公司每年依據環保署公告之相關規範，針對各廠區進行內部之溫室氣體盤查，各年度溫室氣體自行盤查結果均符合主管機關規定之標準值，尚無需強制登錄於中央主管機關指定之資訊平台，惟本公司仍彙整歷年盤查結果以為備用。  目前已進行節能方案：更換 LED 照明燈具、調整冰水主機壓縮機開啟數量、更換高效率冰水泵浦、更換採用能源局推廣之空壓機設備、宣導推動採購綠色節能產品、調整空調出水溫度及室內空調溫度…等，持續推動節能政策。 ","1.合併公司溫室氣體基準年為民國113年，排放量 1,041,749.31（噸 CO2e），其溫室氣體排放數據每年依環境部要求皆經第三方單位盤查且於本公司ESG報告書揭露。 2.合併公司溫室氣體減量目標係為內部設定，目標為年度溫室氣體排放降幅達1%。民國113年實際上溫室氣體排放降幅為17%，符合所設定的溫室氣體排放降幅目標。 3.合併公司溫室氣體減量策略及具體行動計畫包含增加替代原料使用、增加替代燃料使用、工藝設備改善、再生能源設備建置，其113年減量與基準年相較已符合降幅1%的目標；本公司亦與友好供應鏈攜手共同減碳。 4.民國113年實際上範疇一溫室氣體排放降幅為53.2%，符合所設定的溫室氣體排放1%的降幅目標。 相關內容，請詳見新光鋼公司113年度年報第75頁。"
"=""2032""","新鋼","334.4672","已完成母公司","已完成母公司","有限確信","553.1112","已完成母公司","已完成母公司","有限確信","62,342.1269","購買之商品及勞務,上游運輸及配送,商務旅行,下游運輸及配送","已完成母公司","N/A","","0.2990","1. 本公司為規劃溫室氣體減量策略並符合上市公司永續發展路徑圖以不晚於民國113 年為基準年之規定，故訂定113 年為基準年並揭露114年度減量目標、策略及具體行動計畫。113 年範疇一及範疇二之排放量分別為334.4672 噸CO2e 及553.1112 噸CO2e。 2. 期望藉由以下具體行動計畫落實自114~116 年三年間每年減量1%之目標，並逐步達成2030 年減量6%目標。","藉由每年度自行盤查掌握公司所有營運據點之碳排來源，並針對多項溫室氣體減量計畫展開並評估可行性。本公司為不銹鋼裁剪業，溫室氣體排放以範疇二用電略高，因此具體行動計畫將聚焦於此。其中包含更換節能設備(例如：省電效率一、二級之變頻空調、冰箱及除濕機)、更換現有燈具為無極燈或LED 燈、評估現有空壓機更新為螺旋式空壓機等。另因應未來範疇三之溫室氣體減量策略，也持續與上游供應商保持密切互動，關注不銹鋼原料生產之源頭減量趨勢與動態、評估採用低碳燃料或能源等運輸方式；另外也持續掌握再生能源或碳權市場之發展情勢以確保減量符合進程以達減碳目標並提升營運效率。","達成情形將於次一年度年報進行揭露。"
"=""2033""","佳大","755.2514","已完成合併財務報表之母子公司","已完成合併財務報表之母子公司","有限確信","2,718.2059","已完成合併財務報表之母子公司","已完成合併財務報表之母子公司","有限確信","759.2480","與燃料及能源相關活動（未納入範疇1或範疇2）","已完成合併財務報表之母子公司","已完成合併財務報表之母子公司","有限確信","7.3275","為規劃溫室氣體減量策略，本公司於113年以務報告為邊界完成盤查，故基準年為113年，其範疇一及範疇二排放量分別755.2514噸CO2e及2,718.2059噸CO2e，希望透過下列具體行動進一步落實114年度較基準年減量2%，並自基準年起每年至少減量2%以達成119年減量10%之目標。","將碳管理融入營運策略之中，包含規劃導入節能減碳相關機制(規劃太陽能發電裝置擴大、高效率設備投資規劃、製程優化改善)，尋求減碳突破點。配合溫室氣體相關法規及國際碳定價趨勢(雖然目前對公司影響甚微)，透過節能減碳相關機制的運作，及早因應我國「氣候變遷因應法」將徵收的碳費、本公司將滾動式調整相關政策與方案，發展製程改善及節能減碳之設備投資規劃。此外，亦透過電腦化平台系統化整合全集團的排放資訊，掌握碳管理所需資訊，並可針對多項溫室氣體減量計畫展開全方面監管，包含提高能源效率、購買節能機台、擴大建置太陽能發電系統，確保減量符合進程，以積極態度降低碳排放衝擊並提升營運競爭優勢。 ","不適用(113年度為基準年)"
"=""2034""","允強","2,372.2057","已完成合併財務報表之母子公司","已完成合併財務報表之母子公司","合理保證等級","20,414.3212","已完成合併財務報表之母子公司","已完成合併財務報表之母子公司","合理保證等級","146,545.8996","購買之商品及勞務,與燃料及能源相關活動（未納入範疇1或範疇2）,上游運輸及配送,營運中產生之廢棄物,員工通勤","已完成合併財務報表之母子公司","已完成合併財務報表之母子公司","合理保證等級","1.5691","母公司 1.基準年：2020年 2.各廠區溫室氣體範疇一總排放量為1,530.73公噸CO2e，範疇二總排放量為21,050.71公噸CO2e，範疇三總排放量為10,179.98公噸CO2e；範疇三盤查類別主要包含：原料之開採、製造及加工過程（外購電力、自來水、藥劑使用及運輸）等其他間接排放。 短期目標(2025年)： 1.每年節電>1% 2.太陽能發電設置容量達台灣所有廠區總契約容量37.5% 3.通過 ISO14067產品碳足跡至少１類產品查證 4.建置智能監控系統掌握全公司75%用電度數資訊 5.符合法規對氣候行動與溫室氣體排放之揭露 中長期目標(2030年)： 1.每年節電>1% 2.太陽能發電設置容量達台灣所有廠區總契約容量75% 3.優化智能監控系統掌握全公司90%用電度數資訊 4.定期進行氣候風險與機會辨識，並擬定因應策略與行動方案  子公司 1.基準年：2024年 2.各廠區溫室氣體範疇一總排放量為551.88公噸CO2e，範疇二總排放量為2,137.24公噸CO2e，範疇三總排放量為138,144.22公噸CO2e；範疇三盤查類別主要包含：原料之開採、製造及加工過程（外購電力、自來水、藥劑使用及運輸）等其他間接排放。 短期目標(2025年)： 1.強化供應鏈管理，要求供應商提供原材料的排放數據，選擇排放量較低的材料使用 2.為減少依賴化石燃料，公司正在逐步淘汰傳統車輛，轉向電動或混合動力車型 3.照明系統節能改善(如更換LED燈具及加裝自動啟閉感應器) 4.導入先進酸洗生產系統，優化酸洗製程及廢酸回收，提升生產效率及減少能耗 中長期目標(2030年)： 1.優化智能監控系統掌握全公司用電度數資訊 2.持續提升生產效率，引入高效節能技術和重新設計流程 3.全面推動焊接技術轉型，由傳統TIG焊接改為光纖雷射焊接，提升生產效率及減少能耗","母公司： 積極推動太陽能發電系統建置如下： 1.第一期已於2022年5月完成太陽能發電裝置容量5,511.72kWp 2.第二期再建置裝置容量約6,127kWp，預估第二期發電量約達820 萬度 3.推動廢棄物資源化方案，持續提高再利用比例，進而降低廢棄物處理的溫室氣體排放 4.提升碳盤查的準確度，並導入 ISO 14067產品碳足跡查證  子公司： 1.購買再生能源憑證(I-REC)：2023年至2024年期間，公司用電量顯著上升，主要原因是產能的擴展。雖然用電量增加，公司仍在積極尋找可持續的解決方案，力求在擴大生產的同時最大限度地減少對氣候變遷的影響，本公司從2023年起持續購買再生能源憑證(I-REC)，幫助我們進一步利用綠色能源減少環境負擔 2.焊接技術的轉型：本公司已成功完成將17台機器的焊接技術由傳統TIG焊接改為光纖雷射焊接，降低近50%耗電量，可明顯減少用電的溫室氣體排放","母公司： 1.全公司節電率達1.97%，2024年全公司總節電度數727,584.7度，年減少359.43公噸CO2e排放 2.太陽能發電設置容量佔台灣所有廠區總契約容量76.51%，2024年度太陽能發電總發電數12,817仟度，約減少6,331公噸CO2e排放 3.2023年及2024年完成四廠區3大類產品碳足跡盤查及第三方查證，提升碳盤查準確度 4.近三年(2022年~2024年)廢塑膠回收量達118.97公噸，推估減少約40.5公噸CO2e排放 5.2024年廢棄物處理總量相較2023年下降7.59%  子公司： 2024年為合併財務報告子公司基準年，各廠區溫室氣體範疇一總排放量為551.88公噸CO2e，範疇二總排放量為2,137.24公噸CO2e，範疇三總排放量為138,144.22公噸CO2e，將持續追蹤各年度減量目標達成情形"
"=""2038""","海光","58,077.1947","已完成合併財務報表之母子公司","已完成母公司","合理保證等級","125,510.6149","已完成合併財務報表之母子公司","已完成母公司","合理保證等級","N/A","","N/A","N/A","","18.8799","配合自主減量規定，基準年訂為民國107年至111年之平均排放量，小港廠為156,475.373 kg/CO2e，減量目標為至2030年需減下5.1%，排放量為148,560.596 kg/CO2e；嘉興廠基準年為 59,521.595 kg/CO2e，減量目標為至2030年需減下3.2%，排放量為 57,617.762kg/CO2e。","根據自主減量計畫減量擬定各項設備、製程減量計畫。","目前已達自主減量目標，2024年排放量(小港+嘉興)為175,703.256kg/CO2e，低於目標量206,178.358 kg/CO2e。"
"=""2049""","上銀","10,899.6222","已完成母公司","已完成母公司","合理保證等級","112,134.6824","已完成母公司","已完成母公司","合理保證等級","163,404.4740","購買之商品及勞務,資本財,與燃料及能源相關活動（未納入範疇1或範疇2）,上游運輸及配送,營運中產生之廢棄物,商務旅行,員工通勤,上游租賃資產,下游運輸及配送,已銷售產品之加工,已銷售產品之使用,已銷售產品生命週期結束之處理,下游租賃資產,投資","已完成母公司","已完成母公司","合理保證等級","15.7073","上銀科技於2023年簽署科學基礎減量目標倡議(SBTi)，範疇一、二以2021年為基準年至2030年絕對減量42%，範疇三以2022年為基準年至2030年絕對減量25%，至2050年絕對減量90%，剩餘10%以碳權抵換。","1. 上銀科技擬定「提高能源效率、創新低碳產品、循環經濟減廢、導入再生能源」四大核心策略,全面展開減碳行動。 2. 推動空壓系統、空調系統、製程改善、防制設備、待機改善及照明設備等各項主題的節能專案，2024 年共計 27 件；2025年預計推行29件節能專案，並規畫外購綠電及建置太陽能發電，提高能源管理效率，逐步減少範疇一、二排放量。 3. 上銀科技範疇三的主要排放類別為 C1 採購商品及服務  及 C11 售出產品使用，未來將持續致力於低碳產品研發、供應鏈議合方向進行減量。","1. 2024年共推行27件節能方案，共減量3,736公噸CO2e。未來持續推動ISO50001能源管理系統及製程碳排放減量措施。 2. 範疇一、二以2021年為基準年減量24.1%，範疇三以2022年為基準年減量11.8%，皆達成年度應減量目標。"
"=""2059""","川湖","1,277.8716","母公司及子公司川益科技(股)公司兩個廠區","母公司及子公司川益科技(股)公司兩個廠區","合理保證等級","10,546.4920","母公司及子公司川益科技(股)公司兩個廠區","母公司及子公司川益科技(股)公司兩個廠區","合理保證等級","64,128.0327","上游運輸及配送,商務旅行,員工通勤,下游運輸及配送"," 母公司及子公司川益科技(股)公司兩個廠區"," 母公司及子公司川益科技(股)公司兩個廠區","有限保證等級","1.1216","","",""
"=""2062""","橋椿","862.2173","已完成母公司","已完成母公司","合理保證等級","13,374.0660","已完成母公司","已完成母公司","合理保證等級","N/A","","N/A","N/A","","2.1209","本公司實收資本額未達新臺幣五十億元，依金融監督管理委員會發布之「上市櫃公司永續發展路徑圖」時程規劃執行。 ","本公司實收資本額未達新臺幣五十億元，依金融監督管理委員會發布之「上市櫃公司永續發展路徑圖」時程規劃執行。 ","本公司實收資本額未達新臺幣五十億元，依金融監督管理委員會發布之「上市櫃公司永續發展路徑圖」時程規劃執行。 "
"=""2069""","運錩","3,822.0217","已完成合併財務報表之母子公司","已完成合併財務報表之母子公司","合理保證等級","26,641.7671","已完成合併財務報表之母子公司","已完成合併財務報表之母子公司","合理保證等級","615,090.9292","購買之商品及勞務,上游運輸及配送,營運中產生之廢棄物","已完成合併財務報表之母子公司","已完成合併財務報表之母子公司","母公司:類別1-2合理保證,類別3-6有限保證; 合併子公司:合理保證","2.8431","1. 本公司已通過「ISO 14001」環境管理系統驗證並定期取得認證。 2. 設定減碳目標以2023年為基準年，在2030年減碳30%，2040年減碳50%，2050年達淨零碳排。 3. 廠內固定式起重機小車馬達陸續加裝變頻器，以達節能與減少煞車來令片更換頻率。 4. 公務用汽車陸續汰換電動汽車。 5. 增加自有綠電使用。 6. 不定期發布節能減碳相關議題向同仁宣導。 7. 加強持續推動節約用水，珍惜水資源。 8. 優先採購節能標章產品，逐年提高綠色採購的占比。","1. 自111年起，每年依據國際標準 ISO 14064-1 進行組織型溫室氣體盤查，並自112年起盤查結果均執行第三方驗證以確保數據品質。 2. 113年將二期大貨車汰舊換新為六期大貨車。 3. 113年大發廠之F棟廠房、停車棚、辦公樓屋頂完成 490.96KW 太陽光電設施，建置成本約新台幣2,020萬元，2024 年起已發電 451,503度（約當減少 223公噸 CO2e碳放）。 本廠太陽能總建置數1,923.16KW，年發電約203萬度，約當減少1,004公噸CO2e碳排放。 4. 114年度預計委託能員管理公司全面性檢視能源現況，並做具策略之節能規劃、持續性的改善能源績效。","未來將持續追蹤檢視以達成上述目標。"
"=""2101""","南港","14,937.6100","已完成合併財務報表之母子公司","已完成合併財務報表之母子公司","合理保證等級","75,402.0200","已完成合併財務報表之母子公司","已完成合併財務報表之母子公司","合理保證等級","N/A","","N/A","N/A","","1.2743","","",""
"=""2102""","泰豐","1,711.7754","已完成母公司","N/A","","1,303.0934","已完成母公司","N/A","","N/A","","N/A","N/A","","N/A","","",""
"=""2103""","台橡","151,362.2649","已完成合併財務報表之母子公司","已完成合併財務報表之母子公司","合理保證等級","360,420.4468","已完成合併財務報表之母子公司","已完成合併財務報表之母子公司","合理保證等級","1,331,675.3752","購買之商品及勞務,與燃料及能源相關活動（未納入範疇1或範疇2）,上游運輸及配送,營運中產生之廢棄物","已完成合併財務報表之母子公司","已完成合併財務報表之母子公司","合理保證等級","13.6469","台橡以110年作為溫室氣體減量基準年，其溫室氣體(範疇一與範疇二)排放總量為560,685.08公噸二氧化碳當量。公司訂定減碳目標，於114年較基準年減少10%，於119年較基準年減少22.5%，並持續繼續減碳。","台橡制定《環境政策》，並以逐年降低溫室氣體排放量為減碳策略，透過提升綠色製程技術、積極增加再生能源使用比例、投資節能減碳設備等。 減量行動計畫分別如下:                                                                                    1.範疇一:自109年起，全面停用燃煤鍋爐，降低燃煤所產生的溫室氣體排放，同時調整各廠區鍋爐燃料結構，以天然氣取代燃油，目前全集團已全面停用燃料油。自111年起，進一步推動蒸汽用量減量計畫，降低鍋爐燃料消耗，未來持續透過蒸汽管理優化，減少範疇一排放。                                                                                 2. 範疇二: 透過節能措施與能源效率提升，減少外購電力，並積極提高再生能源使用比例，降低溫室氣體排放量。                                3.範疇三: 台橡鼓勵供應商伴進行減碳行動，並持續研發具永續特性、能降低環境衝擊的產品，降低產品生命週期碳排量。","113年台橡範疇一與範疇二的溫室氣體排放量較基準年(110年)減少9.44%，超越原訂於113年達成7.5%減量的目標，顯示台橡在推動永續發展與氣候行動上的積極作為與減碳成果。"
"=""2104""","國際中橡","978,666.0000","已完成合併財務報表之母子公司","已完成母公司,高雄林園先進廠、中國馬鞍山廠、印度CCET廠","合理保證等級","56,645.0000","已完成合併財務報表之母子公司","已完成母公司,高雄林園先進廠、中國馬鞍山廠、印度CCET廠","合理保證等級","680,149.0000","購買之商品及勞務,上游運輸及配送,營運中產生之廢棄物,商務旅行,下游運輸及配送","已完成合併財務報表之母子公司","已完成母公司,印度CCET廠、高雄林園先進廠","Agreed-Upon Procedures","57.3000","面對全球氣候變遷，國際中橡持續強化氣候調適韌性，並積極推動溫室氣體減排工作。公司每年進行溫室氣體盤查，根據盤查結果制定管理政策，進而擬定減量目標與對應措施。為此，我們訂定了全集團2030年的長期減碳目標：相較於基準年2018年，總排放量降低21%。此外，溫室氣體排放密集度預計於2025年較2018年下降3%，至2030年則減少16%。","(1) 定期進行製程設備效能提升的評估與設定設備汰舊換新的目標，並透過提升生產效率而減少原油使用量，並規劃使用天然氣替代燃料油。 (2)利用產線上於熱鍋爐回收製程尾氣轉化成蒸氣進行發電，以減少外購電力需求提升操作良率及產率、降低次品廢料產出，提升資源使用率。 (3) 持續規劃尾氣爐的製程改善，期許降低未來對於高碳排燃料的依賴性。 (4) 藉由導入太陽能發電系統，有效提升再生能源發電量，降低溫室氣體排放，並持續規劃增加再生能源發電比重，以實現能源轉型與永續發展目標。 (5) 為有效達成溫室氣體減排目標，公司成立碳排管理小組，成員包含技術部、安環中心與各營運廠區人員，並設立跨廠區的線上e化碳排監控系統可隨時查看碳排情況。 (6) 廢輪胎裂解油及回收碳黑導入原料製程。 (7) 新低碳製程研究開發。","2024年全集團碳排量較2018 年基準年減少19.7%"
"=""2105""","正新","72,988.9590","已完成合併財務報表之母子公司","已完成母公司","合理保證等級","942,031.5810","已完成合併財務報表之母子公司","已完成母公司","合理保證等級","294,140.7776","購買之商品及勞務,上游運輸及配送,營運中產生之廢棄物,員工通勤","已完成母公司","已完成母公司","有限保證等級","10.5460","依照2023年成立節能減碳委員會，設定2019年為溫室氣體減量基準年，減量目標為2030年較基準年降低22%排放量。","減量行動面項將分成三大面向: A設備汰舊換新、B 設備改善(能源洩漏等)、C 製程改善","經由已實施之2024年節能方案直接量測彙整，可減少溫室氣體排放量，台灣與子公司分別可減少4,595.55噸與34,338.66噸CO2e排放，共減少38,934.21噸CO2e排放。"
"=""2106""","建大","17,878.1100","已完成母公司","雲林廠 ","合理保證等級","20,738.5000","已完成母公司","雲林廠 ","合理保證等級","N/A","","N/A","N/A","","1.1291","溫室氣體減量基準年設為2022年密集度，數據為1.321(公噸CO2e/百萬元營業額)，設定減碳目標 「每年減少3%，至2030年減少25%」","詳見2024年永續報告書3.2能源與溫室氣體排放管理章節","溫室氣體減量目標達成率111%，詳見2024年永續報告書3.2能源與溫室氣體排放管理章節 "
"=""2107""","厚生","2,415.5993","已完成母公司","N/A","","2,967.9412","已完成母公司","N/A","","626.6200","上游運輸及配送,營運中產生之廢棄物","已完成母公司","N/A","","4.0530","訂立 2022 年為基準年。未來厚生將依循法規，規劃取得 ISO 14064-1：2018 溫室氣體盤查聲明書。","1.能源替代與設備升級  推動鍋爐燃料由重油改為液化石油氣（LPG）、木質顆粒生質燃料等，降低碳排放。 辦公室與廠房全面汰換為高效率LED照明、變頻空調與感應式燈具。  2.推動電子化與減少紙耗  倉儲作業導入PDA與倉儲管理系統（WMS），實現流程數位化，減少紙張與列印需求。 帳單全面電子化，持續減少辦公資源消耗。  3.發展循環經濟材料  以環保碳黑、生物基橡膠、回收寶特瓶紗線等替代傳統原料，降低產品全生命週期的碳排。 推動回收橡膠顆粒於隔音建材、地墊等產品應用。  4.流程優化與節能管理  持續推動設備點檢與維護，提升能源使用效率。 加強用電監控，落實節能行為及教育訓練。  5.推動碳盤查與溫室氣體盤查  定期盤查公司碳排放來源，訂定年度減量目標，並依據盤查結果調整減碳措施。","本年度密集度較前一年度增加約26%"
"=""2108""","南帝","1,360.2444","已完成母公司","已完成母公司","有限確信","23,821.2766","已完成母公司","已完成母公司","有限確信","151,590.8458","上游運輸及配送,營運中產生之廢棄物,下游運輸及配送","已完成母公司","已完成母公司","有限確信","2.2200","以2021年為基準=39315.1448公噸CO2(範疇一+範疇二)，至2025年減量5%，至2030年減量10%。","減量策略以節電為主，並配合生產管控以減少廠內大用電設備之運作或對老舊耗電設備進行汰換等作為。","至2024年計算已減量36%，已達成。"
"=""2109""","華豐","N/A","N/A","N/A","","N/A","N/A","N/A","","N/A","","N/A","N/A","","N/A","","",""
"=""2114""","鑫永銓","3,108.7000","已完成母公司","N/A","","4,272.1700","已完成母公司","N/A","","N/A","","N/A","N/A","","N/A","企業溫室氣體排放量減量目標 持續推動排放減量，目標為主要溫室氣體排放來源之電力使用每年用電密度減少1%，致力達成低污染、低能耗之環境友善政策。","(一)企業對於因應氣候變遷或溫室氣體管理之策略 本公司持續關注能源與環境議題，在能源與環境政策上持續推動除 ISO 14000及ISO 50001已取得認證外，已於111年啟動ISO 14064組織型溫室氣體盤查。 並擬定能源與環境政策如下:  1.建立能源管理體系，建立監督、量測、分析、對策，持續改善管理之機制。  2.持續關注與掌握國內外能源政策與溫室氣體減排之法規發展趨勢。  3.實施全員環保與能源教育，落實重視能資源觀念。   4.遵循能源與環保法令與規章。   5.設定與執行能源與環境目標與標的，以落實能源與環境政策。   6.持續節約能源並改善環境污染，減少廢棄物的產生。   7.評估使用低碳能源與低污染性原物料、設備與製程，力行節約能源與回收減廢，降低碳密度。   8.向本公司之客戶與供應商發表能源與環境政策，向社會全面推展能源與環保理念。  9.持續關注與掌握國內外能源政策與溫室氣體減排之法規發展趨勢。 在推動本公司永續發展理念及能源環境政策時   ，同時將環境保護及節能減碳的議題，含括整個 供應鏈及團隊對於社會責任的承擔與貢獻，並持續對供應商做教育    訓練的工作。  (二)企業溫室氣體排放量減量之預算與計畫 本公司能源管理團隊未來預計針對下列範疇持續提出溫室氣體排放減量計畫 :  1.照明設備節能燈管。  2.空壓機系統降低壓縮空氣用量。  3.鍋爐廢熱回收。 4.空調系統節能。  5.改用低碳原材料。  6.改用節能設備與電器用品。  7.製程參數的節能管理。  8.培養員工節能減碳的理念並應用於實際作業。  9.裝設太陽能發電系統。  10.鍋爐重油改天然氣。  (三)企業產品或服務帶給客戶或消費者之減碳效果 本公司生產之輸送帶相關產品雖非終端產品，但透過支持溫室氣體排放減量計畫，除善盡自身地球公民責任之外，亦支持客戶低碳產品之發展，形成低碳產業鏈。  ",""
"=""2115""","六暉-KY","2,592.3602","已完成合併財務報表之母子公司","已完成合併財務報表之母子公司","合理保證等級","17,059.8871","已完成合併財務報表之母子公司","已完成合併財務報表之母子公司","合理保證等級","74,893.6231","購買之商品及勞務,上游運輸及配送,營運中產生之廢棄物","已完成合併財務報表之母子公司","已完成合併財務報表之母子公司","有限保證等級","30.2417","113年為基準年，資料邊界為已完成合併財務報表之母子公司，113年溫室氣體總排放量共計為94,545.8704公噸CO2e，節能減碳目標為每年減量3%。","縮短工藝流程、採購綠色產品及原物料回收再利用、設備汰換、太陽能光電系統工程規劃實施等，透過執行前述措施與行動，逐步減少溫室氣體排放。","本公司以113年為基準年，預計自114年度揭露達成情況。"
"=""2201""","裕隆","33,357.0131","已完成合併財務報表之母子公司","已完成母公司","合理保證等級","34,941.9034","已完成合併財務報表之母子公司","已完成母公司","合理保證等級","82,215.7717","購買之商品及勞務,與燃料及能源相關活動（未納入範疇1或範疇2）,上游運輸及配送,營運中產生之廢棄物,商務旅行,員工通勤,下游運輸及配送,下游租賃資產","已完成合併財務報表之母子公司","已完成母公司","有限保證等級","0.7962","每年線性低減溫室氣體減量4.2%/年，推動太陽能裝置佈建、運具電氣化、資源循環零廢棄、製程改善與設備效能提昇、溫室氣體盤查教育訓練。","每年線性低減溫室氣體減量4.2%/年，推動太陽能裝置佈建、運具電氣化、資源循環零廢棄、製程改善與設備效能提昇、溫室氣體盤查教育訓練。","每年線性低減溫室氣體減量4.2%/年，推動太陽能裝置佈建、運具電氣化、資源循環零廢棄、製程改善與設備效能提昇、溫室氣體盤查教育訓練。"
"=""2204""","中華","8,089.2170","已完成母公司","已完成母公司","合理保證等級","11,638.1330","已完成母公司","已完成母公司","合理保證等級","2,150,748.7400","購買之商品及勞務,資本財,與燃料及能源相關活動（未納入範疇1或範疇2）,上游運輸及配送,營運中產生之廢棄物,商務旅行,員工通勤,下游運輸及配送,已銷售產品之使用,已銷售產品生命週期結束之處理,下游租賃資產,投資","已完成母公司","已完成母公司","有限保證等級","55.3086","(一)企業對於因應氣候變遷或溫室氣體管理之策略   中華汽車長期關注氣候變遷議題，及因應極端氣候對於企業營運的衝擊，除導入各項環境管理專案之外，更依據氣候相關財務揭露建議（TCFD）鑑別出潛藏在風險中的機會，並積極進行機制建立與強化作業，以「治理」、「策略」、「風險管理」、「指標和目標」TCFD四大面向，擬定氣候變遷風險與機會管理策略及行動方案，除期盼降低氣候風險的衝擊，也為企業找尋新的面貌與商機。 1治理： (1)由風險管理委員會統籌蒐整各部門鑑別之氣候變遷風險，並透過永續發展(ESG)委員會定期會議追蹤管理調適計畫之實施情況。 (2)董事會為氣候變遷管理監督角色，永續發展(ESG)委員會成員為氣候議題負責人，共同協助中華汽車針對氣候議題提出回應與解決方案，目標建構在氣候風險威脅下的企業韌性。 2.策略： (1)透過TCFD架構，定期鑑別短、中、長期氣候風險與機會，與氣候相關風險與機會對組織的營運、策略和財務規劃之衝擊，並且評估未來市場的發展潛力。 (2)依TCFD建議及內部評估方法學，針對轉型、實體等風險對營運之衝擊依照不同的氣候情境路徑進行財務衝擊情境分析。 3.風險管理： (1)針對鑑別出的風險，請相關部門探討氣候變遷的風險對於公司財務之影響，極力商討各風險因應之對策並且與年度管理方針連結。 (2)以衝擊程度與發生率評估氣候變遷帶來之相關風險嚴重性，並參考情境分析之結果，並設定相關因應方案。 4.指標與目標： (1)針對用水量、能源使用量、溫室氣體排放量、廢棄物產出量等，建立評估管理指標，並積極發展新能源車事業。 (2)中華汽車響應臺灣政府「2050淨零碳排」政策，中華汽車在內部制定「環境永續政策」與「淨零宣言」，承諾依「臺灣2050淨零碳排路徑」之架構，設定短、中、長期減碳目標、2050年達成生產全過程碳中和，更以2050淨零碳排為目標，充份落實在「節能減碳、能源轉型、積極發展及低碳運具」等四大方向上。 (二)企業溫室氣體排放量減量目標   1.中華汽車為台灣汽車業首家通過SBTi承諾企業率先簽署承諾科學基礎減碳目標，規劃路徑全球氣候控制升溫1.5℃內。CMC已於2023年12月簽署通過SBT科學減碳目標，減碳路徑與目標將依據SBT規範規劃與執行，以「控制升溫在1.5°C」的情境設立減量目標(涵蓋5~10 年內)，年需以4.2%線性減少，預計於2025年7月提交SBT目標審查。 2.中華汽車2050年 短、中、長期之淨零目標與路徑，以2018年為基礎設定減碳目標：2030年低減30%、2040年低減50%、2050年達成碳中和之目標。","針對範疇一、二方面： 1.持續推動廠內節能活動，2024年共投入節能相關投資逾2,022萬元，低減生產成本435萬/年。 2.廠區逐步建置太陽能光電，2022年投入2,940萬元，建置536.5 KW，2024年投入7,200萬元，建置1,343.16 KW，共建置1,879.66KW，2024年總發電量819,543度電，2024年總減碳效益為388.463噸CO2e(註：經濟部能源署114年4月14日公布113年度電力排碳係數為0.474公斤CO2e/度，以此更新並計算減碳噸數。)中華汽車將持續檢討可建容量區域，並預計2030年再生能源占25%、2040年再生能源占55%， 2050年達成生產全過程碳中和。 (註)上述數據經第三方查證後資訊請參閱本公司永續報告書或官網。   3.天然氣使用效能提升、替代能源(如氫能)採用、碳捕捉封存技術導入。 4.改善製程減少VOCs排放。 5.冷媒充填精算、採用新環保冷媒。 6.廢棄物持續減量。 7.公務車採用電車、堆高機電動化。 針對範疇三方面： 1.提升電動車及混動車型的比例。 2.推動車輛排放減碳技術策略。 3.燃油及混動車型耗能提升。 4.純電動車型耗能提升。","因應國際日趨嚴格的環保政策，部分國際車廠已將全電動化宣示為未來的產品計畫。我國政府已公佈多項公布法規加速電動車事業發展，新能源車輛已是未來趨勢，掌握新能源車發展商機是中華汽車最重要的事業計畫之一。對應中華汽車未來開發三大策略，訂定新能源車事業發展計劃。  我國能源政策逐步加嚴：國家發展委員會「2050淨零碳排路徑及策略」、未來「氣候變遷因應法」制定，以及臺灣政府力推2050淨零碳排。能源局訂定 2022 年起車輛平均油耗標準(CAFE) 達每公升 20.9 公里之嚴格標準。環境部發布國內第六期汽油汽車廢氣排放標準。  1.三大新能源車事業發展計畫 (1)多元品牌電動車 • 擴展新能源車品牌，導入MG HS-PHEV與MG4純電車款，擴展MG品牌油電車型產品線，提高品牌市占率與影響力。 • 強化本地市場供應鏈，確保車輛與電池管理系統符合台灣市場需求。 • 提升電動車充電與續航能力，提高產品競爭力。 (2)自主研發 • 開發輕型與中型電動商用車(E300/ET35)，並測試快充充電模式，提升使用彈性。 • 針對E300進行動力系統與續航能力優化，並推動3.5噸級新能源貨車ET35開發。 (3)技術及零件開發改良 • 依據CAFE法規標準，提升動力系統效率，降低油耗並優化新能源車型的能耗管理。 • 進行電池管理系統 (BMS) 與快充技術升級，提高電池充放電效率與壽命。 • 透過零件輕量化與智能車聯網技術，提升整車效能與駕駛體驗。技術及零件開發改良 2.新能源汽車-降低油耗出行自如 中華汽車持續推動新能源車發展，透過技術改良提升能源效率，並加速混合動力與純電動車款的開發，以因應全球低碳運輸政策。2025年，公司計畫量產電動中型商用車ET35，進一步擴展新能源產品線。此外，2025 電動輕型商用車E300將升級電池與續航性能，以滿足城市物流需求。  在混合動力車款方面，中華汽車積極開發PHEV （插電式混合動力車），強化動力總成技術，提高燃油經濟性並降低碳排放。繼2023年推出ECLIPSE CROSS PHEV後，2025年將持續優化混動技術，應用於後續新型乘用/商用車，提供更高效的動力輸出與節能表現。此外，我們積極研發3.5噸級新能源貨車ET35，於2024年底完成法規測試，預計於2025年8月上市，為擴展電動貨車市場佈局。 "
"=""2206""","三陽工業","12,207.5571","已完成母公司","已完成母公司","合理保證等級","28,951.7277","已完成母公司","已完成母公司","合理保證等級","8,065.1264","與燃料及能源相關活動（未納入範疇1或範疇2）","已完成母公司","已完成母公司","有限保證等級","0.9900","","",""
"=""2207""","和泰車","235.2429","已完成母公司","N/A","","1,283.1226","已完成母公司","N/A","","20,321.6154","上游運輸及配送","已完成母公司","N/A","","0.0095","依循日本豐田原廠規劃，以2019為基準年，設定持續遞減3%為各年度之目標(2022年減少9%、2023年減少12%，依此類推)。2019基準年範疇一+範疇二總碳排為1,613.7噸CO2e","本公司設定2025年碳排須較2019基準年減量18%，將透過外購綠電、建置太陽能案場及節電等三重施策以推進減量。","2024年度範疇一+二溫室氣體排放總量為1518.366噸CO2e，較2019基準年1,613.7噸CO2e減少5.9%。未達成年度減量15%目標。"
"=""2208""","台船","6,465.7478","已完成合併財務報表之母子公司","已完成母公司","合理保證等級","21,687.7869","已完成合併財務報表之母子公司","已完成母公司","合理保證等級","1,194,777.6544","購買之商品及勞務,與燃料及能源相關活動（未納入範疇1或範疇2）,上游運輸及配送,營運中產生之廢棄物,員工通勤,已銷售產品之使用","已完成合併財務報表之母子公司","N/A","","1.6991","以2023年作為基準年，規劃2030年減排5%、2040年減排15%、2050年減排25%。","1. 提升綠色能源，評估高雄及基隆廠區閒置屋頂建置可行性，並依投資效益擬定具體太陽能設施建置順序，待預算審核後依序進行建置。 2. 增加廠區數位化及監視系統提升用電效率。逐年汰換老舊高耗能設備。","1. 目前已投資7,650萬元於高雄廠建置1,140 kW太陽能模組，113年度發電1,422,744度，減碳702,836公斤CO₂e。 2. 2022年起累計投資約1,000萬元分段建置空壓機監控系統涵蓋高雄廠四座空壓機房，透過分析監控數據，調整廠區供氣時段，並採用分區供氣方式，藉此縮短管線輸送距離，並有效降低氣體耗損和空壓機耗電量。預計每年節電240,000度，減碳120,000公斤CO₂e。"
"=""2211""","長榮鋼","224,526.0266","已完成合併財務報表之母子公司","已完成母公司","合理保證等級","14,433.2985","已完成合併財務報表之母子公司","已完成母公司","合理保證等級","274,335.5660","購買之商品及勞務,與燃料及能源相關活動（未納入範疇1或範疇2）,上游運輸及配送,下游運輸及配送","已完成合併財務報表之母子公司","已完成母公司","合理保證等級","18.4987","本公司以2022年溫室氣體排放量為基準，計畫於2030年將直接電力、間接電力使用之二氧化碳排放當量累積降低32%，並期望2050年以前達到碳中和的目標。","本公司溫室氣體減量策略：  1. 持續汰換老舊、耗能設施，提升能源使用效率與改善製程。 2. 照明設備汰舊換新，更換LED 燈泡。 3. 汰換燃油公務及運輸車輛。 4. 評估銲接製程技術改良。 5. 導入能源管理系統ISO 50001。 6. 設置再生能源並投入製程新技術研究。","2024年溫室氣體排放因產量增加，範疇一+範疇二較2023年增量13.44%。"
"=""2227""","裕日車","372.8035","已完成母公司","已完成母公司","合理保證等級","813.7062","已完成母公司","已完成母公司","合理保證等級","N/A","","N/A","N/A","","0.0513","","",""
"=""2228""","劍麟","84.2855","已完成母公司","已完成母公司","合理保證等級","4,946.8152","已完成母公司","已完成母公司","合理保證等級","18,478.3818","購買之商品及勞務,上游運輸及配送,營運中產生之廢棄物,下游運輸及配送","已完成母公司","已完成母公司","有限保證等級","2.5424","","",""
"=""2231""","為升","36.1056","已完成母公司","N/A","","4,434.2962","已完成母公司","N/A","","N/A","","N/A","N/A","","N/A","","",""
"=""2233""","宇隆","167.7976","已完成母公司","N/A","","4,135.2734","已完成母公司","N/A","","96.3302","商務旅行,員工通勤","已完成母公司","N/A","","2.3825","強化氣候變遷時企業因應韌性與效能，降低營運對氣候造成的影響以及因應相關氣候風險，衡量指標如下:以2024年為基準年 - 2026年至2029年，每年減少1%的碳排放 - 2030年以後，每年減少0.5%碳排放 • 管理指標 - 再生能源使用 (太陽能) - 溫室氣體排放 - 水資源使用與回收 - 能源管理 - 廢棄物減量","1.每年節電1%，透過廠區綠化、設備改善達成節能減碳目標。 2.自備環保餐具減少一次性使用。 3.汰換老舊設備並計畫採購節能效果佳之設備及各項改善專案。 4.每年節水1%，藉由雨水回收利用、製程汙水回收利用、冷卻水塔管理等措施，落實節約水資源。 5.訂立「廢棄物管理程序」，針對事業廢棄物分類、收集、儲存、處理等程序進行規範。 6.提高可回收廢棄物比例並降低不可回收廢棄物焚燒處理量。","1.已取得綠建築證書 2.已完成冰水主機工程，並啟用 3.行政表單e化 4.照明更換為LED燈泡及感應式燈具 5.導入碳管家管理系統，更清楚掌握廠內溫室氣體排放狀況 6.投入太陽能設備並提供廠內用電使用"
"=""2236""","百達-KY","N/A","N/A","N/A","","N/A","N/A","N/A","","N/A","","N/A","N/A","","N/A","N/A","N/A","N/A"
"=""2239""","英利-KY","191.0000","已完成母公司,長春英利汽車工業股份有限公司及英利工業股份有限公司","N/A","","7,897.0000","已完成母公司,長春英利汽車工業股份有限公司及英利工業股份有限公司","N/A","","N/A","","N/A","N/A","","1.2800","","",""
"=""2241""","艾姆勒","190.6710","已完成母公司","N/A","","2,138.1230","已完成母公司","N/A","","20.2030","營運中產生之廢棄物","已完成母公司","N/A","","3.5314","本公司依據政府「上市櫃公司永續發展路徑圖」推動碳管理工作，已於113年完成盤查組織建置，導入ezGreen碳盤查系統，啟動ISO 14064-1溫室氣體盤查標準教育訓練與內部查證規劃，逐步完成範疇一、二排放量盤查，預計設為溫室氣體減量基準年，同時已申請通過2025年經濟部產發署推動的《產業低碳化輔導計畫》，預計於當年度完成並產出 : 低碳化診斷書、智慧化診斷書，此次輔導成果資料將可作為本公司後續減碳規劃與相關專案推動的依據。 ","預計自114年起每年持續執行碳盤查作業，並於117年完成外部查證。未來將依盤查結果規劃減碳目標與策略，推動節能設備改善及減碳管理機制，落實氣候行動並回應淨零趨勢。此外，亦推動各項節能減碳日常行為，如午休熄燈、改用節能燈具、設置太陽能板、供應環保。","本公司目前尚未正式訂定溫室氣體減量目標，故不適用。"
"=""2243""","宏旭-KY","N/A","N/A","N/A","","N/A","N/A","N/A","","N/A","","N/A","N/A","","N/A","","",""
"=""2247""","汎德永業","430.2151","總公司、保時捷全體系及汎德台北濱江據點","N/A","","6,885.3220","已完成合併財務報表之母子公司","N/A","","N/A","","N/A","N/A","","0.1269","本公司目前正積極統計碳排相關數據，待數據確認後，依公司實際情況並備妥資料後於董事會訂定短、中長期之減碳目標。","導入綠能設施及提高能源效率","能源使用密集度下降與再生能源使用率提高"
"=""2248""","華勝-KY","N/A","N/A","N/A","","N/A","N/A","N/A","","N/A","","N/A","N/A","","N/A","","",""
"=""2250""","IKKA-KY","14.0476","已完成母公司","已完成母公司","合理保證等級","12.3633","已完成母公司","已完成母公司","合理保證等級","26.1044","商務旅行,員工通勤","已完成母公司","已完成母公司","有限保證等級","N/A","本公司盤查基準年為2024年，為本公司首年度依溫室氣體盤查議定書進行盤查及第三方驗證，量化數據準確性高，故本公司以此年為溫室氣體盤查之基準年，總溫氣體排放量為52.515公噸CO2e ","本公司承諾支持國際間對於削減溫室氣體排放量的行動，並支持政府減量目標，善盡企業對社會的責任及滿足客戶與政府環境法規要求，並且教育同仁使其瞭解，並能主動採取有效支持行動。",""
"=""2254""","巨鎧精密-創","56.0550","已完成母公司","N/A","","508.7810","已完成母公司","N/A","","207.5840","購買之商品及勞務,營運中產生之廢棄物,員工通勤","已完成母公司","N/A","","1.2210","","",""
"=""2258""","鴻華先進-創","252.3730","已完成合併財務報表之母子公司","已完成母公司","有限確信","1,693.7490","已完成合併財務報表之母子公司","已完成母公司","有限確信","N/A","","N/A","N/A","","0.2283","本公司以2023 年首年盤查為基準年（註），基準年之溫室氣體排放量為1,108.956 公噸 CO2e，本公司以此進行公司排碳熱點分析，並制定逐年減少公司碳排放的計畫。詳情請見鴻華先進113年年報P.46。","具體策略及對應行動計畫說明如下： A. 逐步降低用電量：使用節能設備。 B. 漸次淘汰燃油公務車：透過燃油車汰換為電動車的做法，降低燃油產生之溫室氣體。 C. 推動內部員工減碳宣導：鼓勵員工搭乘大眾交通，午休熄燈方式，由內而外逐步建立員工減碳意識。 D. 參與環境倡議並申請淨零標章：透過自主參與倡議，促進公司減碳里程碑的推進。 E. 低碳產品之創新研發：結合公司本業，持續推出低碳排、高效能之乘用車與商用車電動車款。 F. 規劃光儲合一智慧化綠建築工廠：新建工廠設置再生能源設備，並規劃導入ISO50001能源管理系統。","具體策略，以及對應行動計畫說明如下： A. 逐步降低用電量：新店總部之辦公室使用LED燈。 B. 漸次淘汰燃油公務車：2024年6月起汰換8台燃油公務車，並添購17台電動公務車；2024年公務車全面電動化。 C. 推動內部員工減碳宣導：2024年參加基北北桃「我的減碳存摺」全民運動，榮獲寶高園區第一季、第二季、第三季模範企業第一名，並參與企業媒體專訪與宣傳影片拍攝。 D. 參與環境倡議並申請淨零標章：2024年10月獲得台灣淨零行動聯盟頒發自願遵循淨零標章申請規範證書、淨零綠級標章認證。 E. 低碳產品之創新研發：截至2024年度，已累計推出6款零排碳之純電動車；並且其中乘用車Model C及商用車Model T，皆已量產；其中，Model C預計於2025年外銷至北美市場。 F. 規劃光儲合一智慧化綠建築工廠：建置中的高雄橋頭工廠預計於2025年底完工，已規劃了1.99MW的太陽能發電系統並結合儲能裝置，以供廠區自發自用；後續將陸續規劃導入ISO50001能源管理系統。"
"=""2301""","光寶科","6,981.3092","已完成合併財務報表之母子公司","已完成母公司,母公司及部分子公司","合理保證等級","87,250.4364","已完成母公司,母公司及部分子公司","已完成母公司,母公司及部分子公司","合理保證等級","5,811,305.1620","購買之商品及勞務,與燃料及能源相關活動（未納入範疇1或範疇2）,營運中產生之廢棄物,商務旅行,員工通勤,已銷售產品之使用,下游租賃資產","已完成母公司,母公司及部分子公司","已完成母公司,母公司及部分子公司","有限保證等級","0.8692","光寶於 108 (2019) 年設定減碳科學基礎目標並通過 SBTi 審查，光寶減碳路徑係以 103 (2014) 年為基準年，並於 114 (2025) 年實現每單位收入減少 39.3%作為減碳目標，已於 112 (2023) 年達到減碳目標，據此更於 113 (2024) 年向 SBTi提出減碳路徑更新，以符合巴黎協定之 1.5°C減碳路徑及 2050 淨零路徑通過審查。在 1.5°C 的科學基礎減碳目標上，光寶以 112 (2023) 的範疇 1與 2為基準年，在 122 (2033) 年減碳 58.8%。","光寶透過訂定能源與環境目標持續提升能源效率與執行節能及減碳方案，並在產品研發上透過再生材料使用與降低原料使用，達到降低產品碳足跡及溫室氣體排放。光寶持續以創能、節能、轉能為氣候變遷減緩策略方針，提升再生能源使用率、落實並精進能源管理、優化製程與推動廠房運作改善策略，另以內部碳價策略為輔，強化減碳投資決策，以實現 SBT 承諾。","2024 年溫室氣體排放依據14064-1:2018 標準執行查證，直接溫室氣體排放( 範疇1/ 類別1) 與能源間接溫室氣體排放( 範疇2/ 類別2) 的溫室氣體碳排放量為109,032.7946 公噸CO2e 市場基準(Market-based)，較2023 年減少39,554.7903 公噸CO2e ( 降低26.62%)，較基準年2014 年減少185,425.2054 公噸CO2e ( 下降62.97%)；碳排放強度為0.87 公噸 CO2e / 百萬臺幣，較2023 年降低26.62%，較基準年2014 年降低57.39%，可符合原SBT 減碳路徑推估之2024 年減量32.24% 目標及555 減碳目標之2024 年減量38.51% 目標，在SBT 1.5° C 短期路徑上，2024 年目標為絕對排放量減量5.88%，目前已達標。"
"=""2302""","麗正","25.3729","已完成合併財務報表之母子公司","N/A","","432.7960","已完成合併財務報表之母子公司","N/A","","N/A","","N/A","N/A","","6.7624","","",""
"=""2303""","聯電","463,670.0000","已完成合併財務報表之母子公司","已完成合併財務報表之母子公司","合理保證等級","1,523,855.0000","已完成合併財務報表之母子公司","已完成合併財務報表之母子公司","合理保證等級","1,713,507.0000","購買之商品及勞務,資本財,與燃料及能源相關活動（未納入範疇1或範疇2）,上游運輸及配送,營運中產生之廢棄物,商務旅行,員工通勤,下游運輸及配送,下游租賃資產,投資","已完成合併財務報表之母子公司","已完成合併財務報表之母子公司","合理保證等級","8.5500","""聯電集團於2021年率全球半導體晶圓代工業之先，承諾於2050年達成淨零排放目標，以2020年為基準(288.3萬噸)設定2030溫室氣體減量目標，並通過科學基礎減量目標倡議（SBTi）審核通過。 註:因揭露範疇異動，範疇一及範疇二的基線排放調整為288.3萬噸"" ","""為達成2050年淨零排放，聯電集團已擬定低碳轉型計畫，將分別針對營運活動的直接排放（範疇一）、能源使用的間接排放（範疇二），以及價值鏈產生的間接排放（範疇三）進行減量。內容包含： 一、持續積極自主減碳：研發先進晶圓代工技術、提升能資源生產力及使用效率，將半導體晶圓製造及IC終端產品使用階段之碳排降到最低。 二、全面採用再生能源：訂定2025年25%、2030年50%、2050年100%三階段目標，大幅提升再生能源使用比例，並推廣至價值鏈，以實際行動支持低碳能源轉型。 三、投資淨零碳技術：投資淨零碳排放技術及參與碳抵減相關專案，以抵減不可避免或尚有削減技術限制的碳排放。"" ","2024年聯電集團的碳排放量已較基準年排放量降低31%。 "
"=""2305""","全友","38.2000","已完成合併財務報表之母子公司","N/A","","1,298.0300","已完成合併財務報表之母子公司","N/A","","N/A","","N/A","N/A","","1.8636","","",""
"=""2308""","台達電","27,278.0000","已完成合併財務報表之母子公司","已完成合併財務報表之母子公司","有限保證等級","73,403.0000","已完成合併財務報表之母子公司","已完成合併財務報表之母子公司","有限保證等級","22,454,000.0000","購買之商品及勞務,資本財,與燃料及能源相關活動（未納入範疇1或範疇2）,上游運輸及配送,營運中產生之廢棄物,商務旅行,員工通勤,上游租賃資產,下游運輸及配送,已銷售產品之加工,已銷售產品之使用,已銷售產品生命週期結束之處理,下游租賃資產,投資","已完成合併財務報表之母子公司","已完成合併財務報表之母子公司","有限保證等級","0.2400","本公司於民國111年依據淨零標準訂定符合1.5°C減排路徑的淨零科學減碳目標，以民國110年為基準年，民國119年全球營運據點範疇一及二絕對排放量下降90%及範疇三下降25%，民國139年達成淨零排放。","本公司積極與國際倡議接軌，民國104年起，我們具體實踐 We Mean Business，「企業自主減碳」、「揭露氣候變遷資訊」、「參與氣候政策」、以及「轉型電動車與普及充電設施」，於民國110年正式承諾「使用100%再生電力」，並加入「Business Ambition for 1.5℃」行動，積極呼應聯合國 Race to Zero 倡議。並藉由持續推動節能方案、導入再生電力、推動綠建築、導入內部碳定價、投資低碳創新、投資碳抵減及永久碳移除等策略，致力將全球平均溫度上升限制在比工業化前高1.5℃以內，協助民國139年之前達到淨零排放的長期目標。","民國113年全球營運據點範疇一及二溫室氣體排放量（市場別）為100,681公噸二氧化碳當量，較基準年216,891 公噸二氧化碳當量減量 53.6%；範疇三溫室氣體排放量為22,454 千公噸二氧化碳當量，較基準年17,485千公噸二氧化碳當量增加28.4%。"
"=""2312""","金寶","4,804.4042","已完成合併財務報表之母子公司","已完成合併財務報表之母子公司","合理保證等級","179,762.3075","已完成合併財務報表之母子公司","已完成合併財務報表之母子公司","合理保證等級","3,804,743.6826","購買之商品及勞務,營運中產生之廢棄物,商務旅行,員工通勤,已銷售產品之使用","資料邊界同2024永續報告書","確信範圍同2024永續報告書","合理保證等級","1.2600","金寶以科學基礎減量目標（Science Based Targets, SBT）為依據，設定2030年溫室氣體減量目標。以2022年為基準年，2030年範疇一與範疇二排放量減少40%，範疇三排放強度（每百萬新台幣營業毛利）減少45.12%。","減量策略：透過持續進行溫室氣體盤查與管理，並提升能源效率、優化製程與設備、導入再生能源及強化供應鏈碳管理，以降低營運碳排放。 為達成2030年溫室氣體減量目標，金寶持續推動以下重點行動： 1.提升能源使用效率：持續推動節能專案，優化生產製程與設備效率，並透過能源管理系統分析能源使用情形，以降低能源消耗與溫室氣體排放。 2.優化製程與設備：持續進行設備汰換與製程改善，導入高效率設備，以提升能源使用效率並降低碳排放。 3.導入再生能源：逐步提升再生能源使用比例，透過採購綠電、再生能源憑證等方式，降低營運過程中的碳排放。 4.強化供應鏈碳管理：與供應商共同推動碳管理，掌握供應鏈溫室氣體排放資訊，並推動供應商設定減碳目標及行動計畫。","每年減量目標：範疇1&範疇2減量5%，範疇3減量5.64% 2024年減量績效：相較於基準年，範疇1&範疇2排放量下降23%，範疇3每百萬新台幣營業毛利排放強度下降79% 2024年已達成SBT年度目標"
"=""2313""","華通","19,004.0000","已完成合併財務報表之母子公司","已完成合併財務報表之母子公司","合理保證等級","421,795.0000","已完成合併財務報表之母子公司","已完成合併財務報表之母子公司","合理保證等級","204,699.7000","購買之商品及勞務","已完成合併財務報表之母子公司","已完成合併財務報表之母子公司","合理保證等級","6.6387","參考同行目標及華通現況，完成符合能源大戶再生能源法規要求，設定再生能源中長期目標，並以2024年為基準，設定2030年減碳30%為目標。 華通以逐年降低溫室氣體排放強度 1% 為目標進行管理，2024年(基準年)整體溫室氣體排放量相較2023年減少14,731.1公噸CO2e(3.2%)，排放強度下降 13.4%，代表製造生產效率提升，使溫室氣體排放強度減少，且在內部能源管理推動下，廠務公用系統單位效能提升，也持續大幅提升生產效率。未來持續推動源頭節能降耗，並透過產品結構調整及優化，提升營收成長動能以達能耗強度下降之長期目標。","因應國際碳定價趨勢，華通持續關注國際碳市場價格及溫室氣體相關法規的碳價，依此作為減碳管理與規劃參考，及早因應再生能源發展條例、氣候變遷法(碳費徵收)、用電政策變更(電費調漲)、能源用戶訂定節約能源目標及執行計畫(節電1.5%)、碳權交易規定、能耗總量目標管控(大陸十四五政策)、金管會淨零碳排路徑，以及各國碳排放相關監管機制的要求等內外部帶來的減碳壓力與風險，可藉此評估低碳轉型帶來的機會，滾動式調整相關政策與方案(如各廠區再生能源採購及太陽能自主建置、台灣廠鍋爐燃料柴油汰換為天然氣使用、廢棄物減量及提升資源化等) 新設立的泰國廠，正籌備設置太陽能系統，但在節能部分，因目前屬於試生產階段，設備及廠務節能，隨量產後持續改善(目前已導入全企業新的技術)","2024年(基準年)整體溫室氣體排放量相較2023年減少14,731.1公噸CO2e(3.2%)，排放強度下降 13.4%.，達標。"
"=""2314""","台揚","571.0000","台灣新竹廠+中國無錫廠","N/A","","3,767.0000","台灣新竹廠+中國無錫廠","N/A","","N/A","","N/A","N/A","","2.5977","","",""
"=""2316""","楠梓電","2,197.5813","已完成母公司","已完成母公司","合理保證等級","40,086.9585","已完成母公司","已完成母公司","合理保證等級","N/A","","N/A","N/A","","18.5873","111年溫室氣體排放量：範疇一+二：48118.3672；預計每年能達成減碳排放3%。","a.購置再生能源設備及採購綠電，於廠房閒置之屋頂空間建置太陽能發電裝置，增加再生能源使用量。 b.持續執行節電方案，並定期檢視耗能設備並進行汰換。 c.持續智慧製造改善，透過優化生產製程以提高資源的利用減少能源損耗。 d.本公司113年投資12,200仟元於集塵機、燈管更換、冷卻水泵及空汙系統等設備的汰換更新，總效益節省用電112萬度/年，可減碳約557.5噸/年。","溫室氣體排放量較 111年減量約 17.5%"
"=""2317""","鴻海","341,472.4019","已完成合併財務報表之母子公司","已完成合併財務報表之母子公司","有限確信","2,272,277.1139","已完成合併財務報表之母子公司","已完成合併財務報表之母子公司","有限確信","20,095,239.2559","購買之商品及勞務,資本財,與燃料及能源相關活動（未納入範疇1或範疇2）,上游運輸及配送,營運中產生之廢棄物,商務旅行,員工通勤,上游租賃資產,下游運輸及配送,已銷售產品之加工,已銷售產品之使用,已銷售產品生命週期結束之處理,下游租賃資產,加盟,投資","已完成合併財務報表之母子公司","已完成合併財務報表之母子公司","有限確信","3.3104","鴻海以2020年為基準年（範疇一與範疇二排放5,476,802公噸CO₂e，範疇三為22,613,362.03公噸CO₂e），承諾於2050年實現整個價值鏈的溫室氣體淨零排放，並設定階段性減碳目標：至2025年減少21%、2030年減42%、2035年減少63%。","源電站（≥5%），優先自身運營減碳後再結合其它減碳策略，如導入再生電力（≤82%）和碳匯及負碳技術（≤10%）等，積極落實各種行動方針向淨零目標前進。","待確信後披露"
"=""2321""","東訊","152.1096","已完成合併財務報表之母子公司","已完成合併財務報表之母子公司","合理保證等級","519.3027","已完成合併財務報表之母子公司","已完成合併財務報表之母子公司","合理保證等級","N/A","","N/A","N/A","","0.7206","設定2023年度為基準年,每年之減量目標為基準年溫室氣體總排放當量1%。","(一) 企業對於因應氣候變遷或溫室氣體管理之策略採取有效的減緩策略，包括： 1. 節約能源、提高能源效率、配合政府溫室氣體減量技術等減少溫室氣體排放。 2. 開發低功耗產品，減少使用中之溫室氣體排放。 3. 推動 ESG Ready 數位平台，帶領中小企業一同降低溫室氣體排放。 4. 面對已發生的與進行中的氣候變遷，試著運用適當的調整策略，譬如調整經濟模式等，以降低負面衝擊，或增加正面效應。 ""(二) 企業溫室氣體排放量減量之預算與計畫基於此原則實施下列節能方案： 1. 冷氣空調用電進行總量控管，空調壓縮機啟動自80%~90%降為60%~70% 2. 全廠溫度控制在28度C範圍內以節省用電。 3. 辦公室區域加裝循環扇搭配空調使用增加冷空氣循環，另使用電腦自動控制斷電關閉冷氣系統。 4. 部分空調改裝設變頻器適時依負載量調整能耗。 5. 照明設備由傳統T8改為LEDT8省電燈具。 6. 閒置區域照明、空調關閉，僅維持基本動力需求。 7. 定期請廠商清潔冷卻水塔散熱片提升散熱效能，達到節能效果。 8. 推廣視訊會議，降低人員交通耗能。 9. 宣導員工養成隨手關燈，關閉電源之習慣、午休時間關燈一小時減少能耗。""  ","2024年度與基準年相比，總排放當量下降3.21%，並持續執行減量計畫。"
"=""2323""","中環","224.4338","已完成合併財務報表之母子公司","已完成母公司","有限確信","89,779.8432","已完成合併財務報表之母子公司","已完成母公司","有限確信","80.5269","與燃料及能源相關活動（未納入範疇1或範疇2）,營運中產生之廢棄物","已完成母公司","已完成母公司","有限確信","12.1052","本公司自民國111年起委託專業外部機構進行溫室氣體盤查及確信，以確保數據的準確性與透明度。 本公司及合併財務報告子公司民國113年為因應溫室氣體盤查之邊界變動，故重新訂定基準年，以反映最新的營運範圍和條件。 根據盤查結果，本公司於民國113年的溫室氣體排放當量為80,234.5412公噸CO2e。 相較於民國112年，113年碳排放量減少了1.21%。我們將民國113年視為基準年，持續追蹤減碳成效，以達成長期環境目標。 溫室氣體減量目標：本公司及合併財務報告子公司溫室氣體減量目標為每年1%。 ","本公司溫室氣體產生絕大部份來自於範疇二間接排放的外購電力的碳排放，外購電力造成的溫室排放量占比超過99.5%，所以本公司的策略將以內部節約用電為首，購買綠電為輔，具體的行動如下： 1.	整併生產設備，將生產效率高且用電較少的的生產線整併集中，汰除高耗能的生產線。 2.	生產區域集中化，降低空調系統耗電量。 3.	製程調整，優化高耗能的製程條件，以降低生產製程耗電量。 4.	汰除更換老舊耗電的廠務設備。 5.	鼓勵並宣導員工節電。 ","1.	本公司民國113年總用電量為87.2百萬度，相較於民國112年的90.7百萬度減少了3.8%的用電量。 2.	本公司民國113年度溫室氣體排放量降至80,234.5412公噸CO2e，較民國112年的81,221.3644公噸CO2e減少了1.21%。這成果不僅達到了我們每年減少1%排放量的目標，         更展現了本公司在環境保護及可持續發展方面的堅定承諾與努力。未來，我們將持續推動各項環保措施，確保排放量穩定下降，為全球環境保護貢獻一份力量。"
"=""2324""","仁寶","13,114.8799","已完成合併財務報表之母子公司","已完成合併財務報表之母子公司","合理保證等級","136,917.7135","已完成合併財務報表之母子公司","已完成合併財務報表之母子公司","合理保證等級","109,592.6364","與燃料及能源相關活動（未納入範疇1或範疇2）","已完成合併財務報表之母子公司","已完成合併財務報表之母子公司","合理保證等級","0.1650","仁寶已明確設定短、中、長期的減碳目標，作為氣候轉型藍圖的依據與執行基礎： • 中期目標：2030 年範疇一與二減量 50.68%，範疇三減量 25%  • 長期目標：2050 年整體排放減量 90%，並評估範疇一與二以碳抵換方式中和剩餘排放。 完成涵蓋集團財務合併範疇的科學基礎減碳目標（SBT）設定，承諾將營運排放控制於1.5°C升溫情境之下。 ","三階段推動氣候轉型 仁寶規劃以下三階段推進氣候行動策略： • 基礎建立期（至 2023 年）：完成據點盤查、目標設定與治理架構建置。 • 能力提升期（2024–2027）：推動能源效率提升、仁寶永續雲平台建置、子公司協作與數據治理整合。 • 全面落實期（2028–2050）：分階段轉用再生能源、建置內部碳定價機制、評估碳中和與抵換策略可行性。 三、審慎評估轉型影響 仁寶理解轉型所帶來的潛在財務與營運風險，並視其為強化競爭力之契機。現已啟動氣候財務風險情境模擬，並與第三方顧問合作，建構轉型風險與機會識別架構，持續納入營運決策與投資評估流程中。","範疇1+2較基準年減量59.34%"
"=""2327""","國巨","8,499.8100","已完成母公司","已完成母公司","合理保證等級","120,028.2300","已完成母公司","已完成母公司","合理保證等級","67,296.1340","購買之商品及勞務,與燃料及能源相關活動（未納入範疇1或範疇2）,上游運輸及配送,營運中產生之廢棄物,商務旅行,員工通勤,上游租賃資產,下游運輸及配送,下游租賃資產","已完成母公司","已完成母公司","有限保證等級","3.5320","","",""
"=""2328""","廣宇","2.1148","已完成母公司","已完成母公司","合理保證等級","67.0980","已完成母公司","已完成母公司","合理確信","19.5203","與燃料及能源相關活動（未納入範疇1或範疇2）,營運中產生之廢棄物","已完成母公司","已完成母公司","有限保證等級","0.0085","類別1、類別2基準年設定為2022年該年之溫室氣體排放量69.2165公噸CO₂e，惟本盤查2024年度母公司有遷廠之情形，待後續年度有完整盤查時，再重新設定基準年。減量目標2050淨零排放。","母公司為辦公室減量有限，子公司分別依據廠區情況設有策略及具體行動。相關資訊將揭露於本公司網站、ESG報告書。","盤查2024年度母公司有遷廠之情形，待後續年度有完整盤查時，再重新設定基準年。"
"=""2329""","華泰","465.0945","已完成母公司","已完成母公司","合理保證等級","77,557.6976","已完成母公司","已完成母公司","合理保證等級","61,937.2486","購買之商品及勞務,上游運輸及配送,營運中產生之廢棄物,商務旅行,員工通勤,下游運輸及配送","已完成母公司","已完成母公司","合理保證等級","4.7600","溫室氣體減量基準年設定為2021年，範疇一~範疇二合計溫室氣體排放量為84,105.4560 公噸CO2e，，範疇一~範疇三溫室氣體排放量3,890,679.683 公噸CO2e，2024年減量目標為範疇一+範疇二合計較基準年減少1.8%，2025年為減少18.8%。","提高設備用電效率、購買再生能源、設置太陽能光電系統及設備汰舊換新等。","2024年範疇一+範疇二合計溫室氣體較2021年減少排放6547.758公噸CO2e (7.79%) ，達成目標。"
"=""2330""","台積電","1,819,396.2945","已完成合併財務報表之母子公司","已完成母公司,台積公司母公司、台積電（中國）、台積電（南京）、TSMC Washington, LLC、采鈺公司已完成盤查，日本廠預計八月完成","合理保證等級","10,957,397.0220","已完成合併財務報表之母子公司","已完成母公司,台積公司母公司、台積電（中國）、台積電（南京）、TSMC Washington, LLC、采鈺公司已完成盤查，日本廠預計八月完成","合理保證等級","8,223,172.7611","購買之商品及勞務,與燃料及能源相關活動（未納入範疇1或範疇2）,上游運輸及配送,營運中產生之廢棄物,商務旅行,員工通勤,下游運輸及配送,下游租賃資產","已完成母公司,台積公司母公司、台積電（中國）、台積電（南京）、TSMC Washington, LLC及采鈺公司，不含日本廠","已完成母公司,台積公司母公司、台積電（中國）、台積電（南京）、TSMC Washington, LLC及采鈺公司，不含日本廠","有限保證等級","4.2698","1. (範疇一+二) 以民國109年為基準年，民國119年單位產品溫室氣體排放量（公噸-二氧化碳當量／十二吋晶圓當量-光罩數）減少30%，且總排放量回到民國109年水準，民國139年淨零排放。 2. (範疇二) 民國119年再生能源占比達60%，民國129年再生能源占比達100%。","1. 強化氣候韌性：擬訂氣候變遷應變與預防措施，降低氣候風險影響。 2. 推動低碳製造：持續採用最佳技術減少溫室氣體排放，成為產業低碳製造標竿。 3. 使用再生能源：持續使用再生能源及設置太陽能發電系統，達成100%使用再生能源。 4. 提升能源使用效率：持續導入節能措施，積極落實節能行動，提高能源使用效率。","1. (範疇一+二) 民國113年單位產品溫室氣體排放量（公噸-二氧化碳當量／十二吋晶圓當量-光罩數）較民國109年增加19%。 2. (範疇二) 民國113年再生能源占比達14.1%。"
"=""2331""","精英","6,096.7242","(已完成母公司)精英電腦臺灣總部、精英電腦(美國)股份有限公司、精英電腦(日本)股份有限公司、精英電腦(韓國)股份有限公司、興英數位科技(深圳)有限公司及精強科技股份有限公司","(已完成母公司)精英電腦臺灣總部、精英電腦(美國)股份有限公司、精英電腦(日本)股份有限公司、精英電腦(韓國)股份有限公司、興英數位科技(深圳)有限公司及精強科技股份有限公司","合理保證等級","51,972.2919","(已完成母公司)精英電腦臺灣總部、精英電腦(美國)股份有限公司、精英電腦(日本)股份有限公司、精英電腦(韓國)股份有限公司、興英數位科技(深圳)有限公司及精強科技股份有限公司","(已完成母公司)精英電腦臺灣總部、精英電腦(美國)股份有限公司、精英電腦(日本)股份有限公司、精英電腦(韓國)股份有限公司、興英數位科技(深圳)有限公司及精強科技股份有限公司","合理保證等級","26,115.4361","購買之商品及勞務,資本財,與燃料及能源相關活動（未納入範疇1或範疇2）,上游運輸及配送,營運中產生之廢棄物,商務旅行,員工通勤,下游運輸及配送,已銷售產品之加工,已銷售產品之使用,已銷售產品生命週期結束之處理,下游租賃資產,投資","(已完成母公司)精英電腦臺灣總部、精英電腦(美國)股份有限公司、精英電腦(日本)股份有限公司、精英電腦(韓國)股份有限公司、興英數位科技(深圳)有限公司及精強科技股份有限公司 ","(已完成母公司)精英電腦臺灣總部、精英電腦(美國)股份有限公司、精英電腦(日本)股份有限公司、精英電腦(韓國)股份有限公司、興英數位科技(深圳)有限公司及精強科技股份有限公司","有限保證等級","3.3200","精英電腦重新制定以2022年經外部查證的溫室氣體排放量為基準年，企業溫室氣體排放量減量目標以每年至少減量1%為目標，目標於2050年範疇 1、2溫室氣體排放，實現淨零排放。","精英電腦秉持『Earth care, We care.』的精神，持續以最大的努力保護地球。鑑於全球氣候變遷影響日漸嚴重，精英電腦持續加強收集各國的法令要求，制定環境管制政策，評估產品綠色符合度，於產品開發階段，導入環保設計概念，加入節能、低有害、易回收等概念來正視環保議題，並推行溫室氣體盤查與減量活動。","1. 短期目標：2022-2025年  ●2022年採用 ISO14064-1標準完成內部盤查；2023年送外部查證。  ●2024年採用 ISO14067標準完成內部盤查，2025年送外部查證。  ●2025年範疇 1、 2溫室氣體排放，相較於2022基準年至少减少25%。  ●2025年達成20%使用再生能源目標。 2. 中期目標：2026-2030年  ●2030年範疇 1、2溫室氣體排放，相較於2022基準年至少减少35%。  ●2030年達成30%使用再生能源目標。  ●成為RE100會員。 3. 長期目標：2031-2050年  ●2050年範疇 1、 2溫室氣體排放，實現淨零排放。  ●2050年達成100%使用再生能源目標。  精英電腦目前未採用碳抵換或再生能源憑證(RECs)。113年大陸廠區按當地政府法規進行碳排放權核配取得碳權，並執行購買再生能源憑證(綠證) 1500萬度電，將按目標規劃逐步增加再生能源的使用短期目標。  詳見永續報告書 2.1 氣候變遷治理"
"=""2332""","友訊","126.1600","已完成母公司","已完成母公司","合理保證等級","1,021.5100","已完成母公司","已完成母公司","合理保證等級","224,230.0400","上游運輸及配送,商務旅行,員工通勤,下游運輸及配送,已銷售產品之加工,已銷售產品之使用","已完成母公司","已完成母公司","有限保證等級","15.6600","友訊科技已選定 2021年為溫室氣體減量基準年，並以該年度的範疇一與範疇二排放量合計作為減量基準。 根據盤查結果，2021 年溫室氣體排放總量為1560.16 公噸CO2e （範疇一：206.77噸；範疇二：1353.39 噸）。 以 2050 年達成淨零排放為長期目標，友訊科技設定短期目標為 2025 年前範疇一及範疇二之碳排總量較基準年減少2%，中期為2030年範疇一及範疇二之碳排總量較基準年減少30%。","為達成溫室氣體減量目標，友訊科技訂定以減碳策略與行動計畫，在綠色產品面向包含推動並優化永續產品開發與設計規劃、形塑D-Link永續產品特色，如產品機殼導入回收塑料、包材調整，並持續執行節能專案，如包括換置節能設備、採購綠電，且持續追蹤節電量，以及提升CDP評鑑等級至C級。","友訊科技2024年因應氣候變遷之相關執行績效及目標達成情形 1.淨零排放/溫室氣體管理 ●範疇一及範疇二之排放量年減9.55%，若與基準年相比則大幅減少25.33% ●2024年CDP成績為B等級   2.能源管理 ●完成更換218盞LED燈具，全年度節電度數約19,494度，為基準年之0.7% ●2024年共計轉供80,500度綠電，年增13.4倍，約占基準年用電量之2.91%  3.水資源管理 ●調整空調主機出水溫度，減少空調循環用水  4.廢棄物管理  ●總部用紙量由每月18,058張減少為15,888張，總用量約年減12.0% ●廢棄物總量較基準年減少14.72%"
"=""2337""","旺宏","116,037.7575","已完成合併財務報表之母子公司","已完成母公司","合理保證等級","252,226.2186","已完成合併財務報表之母子公司","已完成母公司","合理保證等級","204,910.0493","購買之商品及勞務,與燃料及能源相關活動（未納入範疇1或範疇2）,上游運輸及配送,營運中產生之廢棄物,員工通勤,下游運輸及配送","已完成母公司","已完成母公司","有限保證等級","22.1000","‧減量基準年：中華民國(以下同)100年 ‧基準年排放量(範疇一及二)：392,366.585公噸CO2e ‧減量目標：2050年達成淨零排放","一、策略：本公司排放來源以外購電力及製程使用氟系氣體為主，子公司排放來源則以外購電力為大宗。因此本公司減碳策略著重於製程改善、能效提升、再生能源使用比例提高，以及碳權取得為主。 二、具體行動計畫：以114年為第一次目標檢視年度，減量重點策略為含氟氣體削減，預計將新增32台尾氣削減設備，另搭配自發自用太陽能設備及外購再生能源，以期達成與114年預估排放量相比減少20%的目標。","減量目標達成情形：擬於115年檢討114年目標達成狀況，並每年透過盤查及查證結果追蹤進度。目前，113年排放量較114年目標排放量，尚有1.2萬公噸CO2e的差距。茲為加速減碳，本公司將於114年裝設氟系氣體削減設備，並提升綠電使用率及其他節能措施，以期達成階段目標。"
"=""2338""","光罩","229.4602","已完成母公司","N/A","","16,926.8429","已完成母公司","N/A","","5,214.7003","與燃料及能源相關活動（未納入範疇1或範疇2）","已完成母公司","N/A","","0.0378","光罩集團以2023年為減量基準年，2025年減量25%","汰換傳統燈具為LED燈：溫室氣體減排量14.42tonCO2e 馬達汰換及新增變頻器：溫室氣體減排量16.15tonCO2e 空調箱安裝變頻器：溫室氣體減排量209.23tonCO2e","2024年集團因新進機台投入生產使溫排密集度相較2023增加了50%，台灣光罩集團將持續為減少能源消耗進行策略擬定與執行。"
"=""2340""","台亞","3,800.0415","已完成母公司","已完成母公司","合理保證等級","36,438.8774","已完成母公司","已完成母公司","合理保證等級","8,066.7417","購買之商品及勞務,營運中產生之廢棄物","已完成母公司","已完成母公司","合理保證等級","11.1560","減量基準年:2023年；排放量42555.8162 公噸CO2e 減量目標：>2024年排放量之1.5%","溫室氣體減量>2023年排放量之1%(426.27 公噸CO2e)","2024年減碳量為989.53公噸CO2e(範疇一+範疇二減碳451.84公噸CO2e、範疇三減碳537.69公噸CO2e)。 2024年減碳量為2023年溫室氣體排放量(42,555.8162公噸CO2e)之2.33％，已達成減碳目標量(1%)。"
"=""2342""","茂矽","70,126.6440","已完成母公司","已完成母公司","合理保證等級","44,915.1877","已完成母公司","已完成母公司","合理保證等級","11,002.4547","購買之商品及勞務","已完成母公司","已完成母公司","合理保證等級","101.2692","依據環境部之「自主減量計畫」內容訂定茂矽相關減量策略 基準年︰2021年(194,418公噸CO2e) 減量目標︰預計2030年減少全廠「溫室氣體排放量」42％。 減量策略︰ 範疇一︰更新製程尾氣處理設備(Local scrubber)，提高處理效率。 範疇二︰購買綠電、更換冰水主機、更換相關變頻設備、更換照明設備(裝設LED燈)。 具體行動計畫︰ 規劃汰換電漿式Local scrubber 購買綠電 更換冰水主機 更換相關變頻設備 更換照明設備(裝設LED燈) 目標達成︰ 截至2024年共完成更換13台電漿式Local scrubber。 每年購買綠電(1,233,000 KWH)。 截至2024年共完成更換冰水主機2台。 預估2030年溫室氣體排放量可減少60％。","依據環境部之「自主減量計畫」內容訂定茂矽相關減量策略 基準年︰2021年(194,418公噸CO2e) 減量目標︰預計2030年減少全廠「溫室氣體排放量」42％。 減量策略︰ 範疇一︰更新製程尾氣處理設備(Local scrubber)，提高處理效率。 範疇二︰購買綠電、更換冰水主機、更換相關變頻設備、更換照明設備(裝設LED燈)。 具體行動計畫︰ 規劃汰換電漿式Local scrubber 購買綠電 更換冰水主機 更換相關變頻設備 更換照明設備(裝設LED燈) 目標達成︰ 截至2024年共完成更換13台電漿式Local scrubber。 每年購買綠電(1,233,000 KWH)。 截至2024年共完成更換冰水主機2台。 預估2030年溫室氣體排放量可減少60％。","以2021年為基準年，2024年實際減量約40％。"
"=""2344""","華邦電","89,823.0000","已完成合併財務報表之母子公司","已完成合併財務報表之母公司及主要子公司","合理保證等級","432,248.0000","已完成合併財務報表之母子公司","已完成合併財務報表之母公司及主要子公司","合理保證等級","977,242.0000","購買之商品及勞務,與燃料及能源相關活動（未納入範疇1或範疇2）,上游運輸及配送,營運中產生之廢棄物,商務旅行,員工通勤","已完成合併財務報表之母子公司","已完成合併財務報表之母公司及主要子公司","有限保證等級","6.3970","基準年：2023 年華邦（臺灣）範疇一、二溫室氣體排放量 400,684 公噸二氧化碳當量，規劃2030年目標在華邦(臺灣)範疇一、二溫溫室氣體排放量減量 42%（以2023 為基準），2050 年華邦所有廠區達成淨零排放。","直接排放 FCs 削減（製程改善及加裝尾氣處理設備）、間接排放用電節能（程序優化、效能提升及智慧節能等）及使用再生能源是華邦重要的溫室氣體減量策略。華邦將推動各項減碳計畫並提高能源使用效率，建置碳排資訊平台整合管理碳排放資訊，達到綠色低碳生產。","2024 年華邦（臺灣）溫室氣體範疇一、二排放已減量 1.1%（基準年2023 年）。2024 年單位溫室氣體排放強度指標 為 12.7 公斤二氧化碳當量，與 2023 年 15.5 公斤二氧化碳當量相比，單位產品碳排放量 YoY 減少約 18.1%。"
"=""2345""","智邦","869.0000","已完成母公司","已完成母公司","合理保證等級","22,199.0000","已完成母公司","已完成母公司","合理保證等級","2,218,185.0000","營運中產生之廢棄物,商務旅行,員工通勤","已完成母公司","已完成母公司","合理保證等級","0.4590","2030 年減碳50%，2050 年淨零碳排。(2021年為基準年)"," 1.為因應未來溫室氣體排放費用開徵及碳價格將持續升高，永續委員會定義智邦科技碳管理策略第一步為設定短中期減量及長期淨零排放目標。減量的方向優先進行組織減量，後透過購買綠電憑證及其他除碳手段進行剩餘排放抵換。 2.為因應產品與服務被低碳技術所取代之風險，提高客戶對智邦科技的信賴與合作關係，智邦科技主動回應客戶採購低碳產品的期待。在不影響產品規格需求及品質前提下，與客戶專案合作於製造階段降低產品burn-in 時間，大幅減少產品製造所需用電。 3.減碳策略以研發設計及製造階段減碳為優先。 •研發設計：經過產品碳足跡盤查，發現網通產品在使用階段碳排占全生命週期碳排約90%。因此將持續與客戶合作從產品研發著手。包含採用高效能晶片，低能耗電源供應器，新型散熱設計，提高回收材比例，並透過產品碳足跡計算系統，了解每個產品的碳排的改善狀況。 •製造階段：(1)廠房建築著手，採用綠建築設計，建物隔熱及自然通風設計。(2)廠務系統：設置新型高效能廠務設施，包含冰水系統、空調系統、壓縮空氣系統，節能照明系統。(3)設置太陽能發電系統，提高再生能源使用比例。(4)設置雨水回收系統，降低原水使用量。(5)製程改善：與客戶合作，在維持產品可靠度的情況下，優化製程參數，降低製程碳排。 4. 輔以使用再生能源 • 除了自主減量外，也會購置再生能源及國際再生能源憑證作為減量策略。 • 2024 年已購買2200MWh I-REC 作為越南智邦之減碳使用。 • 2025年後預計提高越南智邦的I-REC 比例，並於智邦竹北AI園區使用再生能源，以符合智邦集團的減碳路徑。","2024年溫室氣體排放量，其中類別1 和類別2 比2023年高，主要為擴建越南智邦、竹北AI 園區及竹南廠產能增加所造成。2024 年已購買2200MWh I-REC作為越南智邦之減碳使用。2025年後預計提高越南智邦的I-REC 比例，並於智邦竹北AI園區使用再生能源，以符合智邦集團的減碳路徑。"
"=""2347""","聯強","2,341.6819","已完成合併財務報表之母子公司","聯強國際集團母公司及部分同地點涵蓋之子公司","合理保證等級","4,767.8237","已完成合併財務報表之母子公司","聯強國際集團母公司及部分同地點涵蓋之子公司","合理保證等級","424.4317","員工通勤","已完成合併財務報表之母子公司","聯強國際集團母公司及部分同地點涵蓋之子公司","有限保證等級","0.0163","1. 聯強台灣母公司截至2024年範疇一和範疇二碳排放量：1,351.9301 公噸CO₂e，對比2022年基準年累積達成減碳24%。 2. 自2024年起聯強擴大自主盤查合併財務報表子公司碳排放量，故聯強集團盤查基準年設定為2023年。 3. 聯強集團減量目標：目標到2030年，集團範疇一和範疇二碳排放量對比2023年基準年減少25%。","持續邁進營運數位化，節能減碳。開發智能倉儲系統與智能運輸排程，有效提高運作效率，止損耗、降低效。 並將從聯強台灣母公司出發，節能減量專案逐步推進至集團海內外各分公司。","集團自主盤查總碳排放量：7,109.5056  公噸CO2e 2024年較2023年整體下降8 %，總減量共621.0530公噸 CO2e。"
"=""2348""","海悅","N/A","N/A","N/A","","12.2450","已完成母公司","N/A","","N/A","","N/A","N/A","","N/A","","",""
"=""2349""","錸德","244.3314","已完成母公司","已完成母公司","合理保證等級","15,723.5746","已完成母公司","已完成母公司","合理保證等級","3,408.7402","與燃料及能源相關活動（未納入範疇1或範疇2）,上游運輸及配送,營運中產生之廢棄物","已完成母公司","已完成母公司","有限保證等級","0.0000","為規劃溫室氣體減量策略，本公司2024年範疇一及範疇二之溫室氣體排放量分別為50.01噸CO2e及16,394.53噸CO2e，並制訂能資源使用的減量目標(每年1%)。","1.	依循ISO 14001，每年進行法規有效性之確認，滿足環保法規要求，避免當地環保機關處罰，甚至勒令停工、或被客戶禁用，造成公司營運風險。 2.	本公司目前已建置太陽能發電設備，單年發電量約251,836度，本公司於2009年建置太陽能發電設備至2024年底已發電約2,034,299度，部份售予台電。 3.	本公司遵循「能源管理法」規定, 每年降低1%用電量為目標，未來若法規強制使用再生能源，本公司將需增加電費成本支出，但目前對公司之營運及財務衝擊較小。 4.	歐盟相關指令暨其它地區環保議題相關指令之要求，公司因應之管理措施： (1)2003年成立對應窗口協調各部門因應策略及執行運作 (2)建立公司物料之基本有害管制物質限用濃度及證明文件管理制度 (3)通知供應商有關環保綠色生產規範，並要求提供相關證明文件 (4)製程變更需符合歐盟相關法規及客戶綠色生產規範要求 (5)不定期稽核供應商並輔導供應商建立綠色供應鏈，期望降低可能違反規範之風險。 (6)公司製程能力及生產管理已符合歐盟相關法規及客戶綠色生產規範，也順利取得部分國際大廠綠色生產認證。 (7)倉庫包裝單位目前包裝使用之包裝紙箱及其他包材均為再生紙，均有供應商提供檢驗報告，提升公司綠色物料使用比例。 溫室氣體減量目標	制訂能資源使用的減量目標(每年1%) 依循ISO 14001環境管理系統落環保政策，以確保環境管理系統之有效性。","能源以電力為最大宗，本公司爲減低用電量，特別加設一些相關的省電措施；使用省電燈泡、無塵室使用空調設備、都加裝控制設備，以確認為最省電能源系統，並訂定設備保養計畫…等來降低用電量。本公司對於生產用電進行嚴格管理，責由廠務採行各項節能措施，諸如電力負載及尖峰管理、更換高效能及省能設備、降低與台電之契約容量及制定各項能源管理程序。近年節能案件如下： 廠務歷年                 節能案件統計	當年節省費用	電費  單價	當年節省度數(kWh)	當年節省度數(GJ)	溫室氣體減量 (tonCO2e) 2024年案件累計	4,871,602	3.48	1,399,680	5,039	691,442 2023年案件累計	1,720,507	3.23	532,608	1,917	263,641 2022年案件累計	7,880,665	2.66	2,962,656	10,666	1,507,992 "
"=""2351""","順德","2,233.3000","已完成母公司","已完成母公司","有限確信","26,259.1430","已完成母公司","已完成母公司","有限確信","127,604.8780","與燃料及能源相關活動（未納入範疇1或範疇2）","已完成母公司","已完成母公司","有限確信","3.5000","範疇一+範疇二，以2023年為基準，2030年減少30%","1.壓縮空氣系統調控：根據工研院及能源與資源研究所研究資料顯示，空壓機每降低1kg/cm2 出口壓力，可減少6%的電力使用，全廠空壓機系統，在不影響壓縮空氣使用量、壓力及空壓機運轉壽命及製程品質穩定下，逐年測試調降設定0.5 kg/cm2 出口壓力，預計可減少空壓機系統3%的用電，以目前空壓機系統約佔用電量24.79%情形下，約可減少全廠6.4萬度/年電力。 2.製程設備及週邊使用設備：優先採購高效率或符合IE2以上優級效率馬達之設備。如：在氣壓部分購置高性能空壓機且增設變頻使供氣穩定且省能源。自2021年南投廠部分空壓機加掛變頻器，推估一年可省下236,019度電，相當於減少碳排放118.48噸二氧化碳排放，並持續規劃彰化廠區。2023年年底購置兩台空壓機，已於2024年6月及10月安裝完成，一年可省下100,000度的電。 3.廠區使用照明設備：全廠區已全數更換傳統照明設備為省電LED燈具，且新購電燈也皆以省電LED燈具優先。  4.冰水主機系統：全廠區已於不影響製程環境下，提高出水溫度降低冰水主機能耗。根據工研院及能源與資源研究所及各方資料所示，每提高出水溫度1℃可以降低冰水主機3~6%的能源消耗，在不影響無塵室溫適度管控的情況下，將8.5℃冰水提高供應溫度至10℃，預計可降低耗能4.5%，預計可省下全廠6.4萬度/年電力。 5.直接能源與間接能源消耗：能源消耗上透過各單位之努力，為降低環境之衝擊，將製程之改善及提升製程效率，讓有效之管理制度下減少不當能源損耗：  ","直接能源部分：2024年天然氣用量為19,138GJ，較2023年的17,610 GJ，增加8.7％。 間接能源部分: 2024年用電量為191,362 GJ ，較2023年的217,694 GJ，減少12.1％。 "
"=""2352""","佳世達","60,863.9900","已完成合併財務報表之母子公司","已完成母公司","合理保證等級","127,762.2700","已完成合併財務報表之母子公司","已完成母公司","合理保證等級","350,771.7000","與燃料及能源相關活動（未納入範疇1或範疇2）,上游運輸及配送,商務旅行,員工通勤,下游運輸及配送","已完成合併財務報表之母子公司","已完成母公司","有限保證等級","2.6743","以SBTi通過之科學減碳目標，本公司將在2030年實現範疇一及範疇二溫室氣體排放減少42%，以及範疇三溫室氣體排放減少25%。 合併子公司溫室氣體盤查結果 2024年總溫室氣體排放量為539,397.96公噸，2025年之減量目標為1.2% ","公司制定節能行動計畫，以設備汰換輔以用電管理達到能源節約，並運用再生能源，以及回收材料使用、熱回收等循環經濟計畫，以期降低溫室氣體之排放。","以母公司2021年範疇1+2排放量為104,555噸；2024年範疇1+2排放量為48,357噸；已減少54%。因邊界納入合併財報子公司，基準年2024年，2025年減量目標為1.2%"
"=""2353""","宏碁","2,145.0500","已完成合併財務報表之母子公司","已完成合併財務報表之母子公司","合理保證等級","6,174.1000","已完成合併財務報表之母子公司","已完成合併財務報表之母子公司","合理保證等級","4,984,022.0000","購買之商品及勞務","已完成合併財務報表之母子公司","已完成合併財務報表之母子公司","有限確信","0.0000","宏碁承諾於2030年營運碳排放（Scope 1, 2）較2019基準年減量50%；價值鏈碳排放（Scope 3）較2020基準年減量35%，以呼應《巴黎協定》的1.5°C溫控目標，並通過科學基礎減碳目標倡議（SBTi）審查。","宏碁推動淨零排放關鍵策略，在企業營運端落實減少能源消耗與使用再生能源，並進行負碳抵消的研究；在產品服務端持續提升產品能效與再生物料的使用比率，並推出多項智慧與綠能應用產品；在供應鏈透過不斷地倡議與合作尋找創新方法，加速綠色設計與流程的開發，以強化綠色製造與物流，實踐低碳循環經濟。","於2024年，經查證的營運碳排放（Scope 1, 2）為8,319公噸，較前一年減少21.2%，較2019基準年減量39.6%；價值鏈碳排放（Scope3）為4,984,022公噸，較前一年減少14%，較2020基準年減量38.8%，皆符合預期之減量目標。"
"=""2354""","鴻準","7,223.6306","已完成合併財務報表之母子公司","已完成母公司","合理保證等級","72,514.3918","已完成合併財務報表之母子公司","已完成母公司","合理保證等級","N/A","","N/A","N/A","","1.0516","本公司以111年為基準年，119年減少17%；124年減少40%；139年達成碳中和目標。","針對公司主要營運生產廠區的範疇一及範疇二的溫室氣體排放，本公司採用營運節能、提升設備能源效率以減少能耗、建置綠電、購買綠電憑證四大手段來降低溫室氣體排放量。每年訂定節能2%目標，藉以促進節能減碳，各主要生產廠區每年提出改善方案，提升節能技術。 公司推動ISO 50001能源管理系統，以不斷推動節能專案及持續改善優化，持續增加自建太陽能、使用綠電佔比、購買綠電憑證，逐年滾動式精進減碳策略，達成綠色轉型。","本公司主要生產廠區溫室氣體基準年排放量及達成率：(單位：公噸二氧化碳當量) 111年(基準年)：範疇一+二排放量：253,995 112年：範疇一+二排放量：114,475(減量54%) 113年：範疇一+二排放量：79,328(減量68%)"
"=""2355""","敬鵬","8,763.5700","已完成合併財務報表之母子公司","已完成合併財務報表之母子公司","合理保證等級","167,582.0729","已完成合併財務報表之母子公司","已完成合併財務報表之母子公司","合理保證等級","150,664.8711","與燃料及能源相關活動（未納入範疇1或範疇2）,營運中產生之廢棄物,商務旅行,員工通勤,下游運輸及配送","已完成合併財務報表之母子公司","已完成合併財務報表之母子公司","有限保證等級","19.9943","基準年：2021年，2025年減碳25%","推行省水/省電及減廢專案","範疇一及範疇二與2021年相比減少18%"
"=""2356""","英業達","8,292.5608","已完成合併財務報表之母子公司","母公司：英業達股份有限公司(Inventec Corporation)及合併報表子公司：Inventec Japan Corporation (IJC)、英業達(重慶)有限公司(ICC)、英業達科技有限公司(IPT)、上海順詮科技有限公司(SQT)、Inventec (Czech), s.r.o.(ICZ)、IEC Technologies, S. de R.L. de C.V.(IMX&IMP)、英華達股份有限公司(IACT/IATY)、英華達(上海)科技有限公司(IACP)、英華達(南京)科技有限公司(IACJ)、Inventec Appliances (Malaysia) SDN. BHD. (IACM)、Inventec Appliances(Vietnam) Company Limited (IACV)、英業達集團(北京)電子技術有限公司(IBC)、英業達集團(天津)電子技術有限公司(ITC)、Inventec Manufacturing (North America) Corp.(ISV)、Inventec Configuration (North America) Corp.(IHS)、Inventec Distribution (North America) Corp.(IHS)、英華達(上海)電子有限公司(IACS)、英華達(美國)配售公司(IDC)、英華達(美國)公司(IACUSA)、英華達(西安)通信科技有限公司(IACX)、英華達(南昌)科技有限公司(IANC)、上海英憲達有限公司(IXC)、英研智能移動股份有限公司(AIM)、上海英華鼎企業管理諮詢有限公司(IASD)、南昌英華達智能製造有限公司(IANB)、Inventec Electronics (Thailand) Co., Ltd. (ITH&ITE)、Inventec Technology (Singapore) Pte. Ltd. (ITS) ","合理保證等級","125,221.1135","已完成合併財務報表之母子公司","母公司：英業達股份有限公司(Inventec Corporation)及合併報表子公司：Inventec Japan Corporation (IJC)、英業達(重慶)有限公司(ICC)、英業達科技有限公司(IPT)、上海順詮科技有限公司(SQT)、Inventec (Czech), s.r.o.(ICZ)、IEC Technologies, S. de R.L. de C.V.(IMX&IMP)、英華達股份有限公司(IACT/IATY)、英華達(上海)科技有限公司(IACP)、英華達(南京)科技有限公司(IACJ)、Inventec Appliances (Malaysia) SDN. BHD. (IACM)、Inventec Appliances(Vietnam) Company Limited (IACV)、英業達集團(北京)電子技術有限公司(IBC)、英業達集團(天津)電子技術有限公司(ITC)、Inventec Manufacturing (North America) Corp.(ISV)、Inventec Configuration (North America) Corp.(IHS)、Inventec Distribution (North America) Corp.(IHS)、英華達(上海)電子有限公司(IACS)、英華達(美國)配售公司(IDC)、英華達(美國)公司(IACUSA)、英華達(西安)通信科技有限公司(IACX)、英華達(南昌)科技有限公司(IANC)、上海英憲達有限公司(IXC)、英研智能移動股份有限公司(AIM)、上海英華鼎企業管理諮詢有限公司(IASD)、南昌英華達智能製造有限公司(IANB)、Inventec Electronics (Thailand) Co., Ltd. (ITH&ITE)、Inventec Technology (Singapore) Pte. Ltd. (ITS) ","合理保證等級","6,784,092.4207","購買之商品及勞務,上游運輸及配送,營運中產生之廢棄物,商務旅行,員工通勤,下游運輸及配送,已銷售產品之使用,下游租賃資產","已完成合併財務報表之母子公司","母公司：英業達股份有限公司(Inventec Corporation)及合併報表子公司：Inventec Japan Corporation (IJC)、英業達(重慶)有限公司(ICC)、英業達科技有限公司(IPT)、上海順詮科技有限公司(SQT)、Inventec (Czech), s.r.o.(ICZ)、IEC Technologies, S. de R.L. de C.V.(IMX&IMP)、英華達股份有限公司(IACT/IATY)、英華達(上海)科技有限公司(IACP)、英華達(南京)科技有限公司(IACJ)、Inventec Appliances (Malaysia) SDN. BHD. (IACM)、Inventec Appliances(Vietnam) Company Limited (IACV)、英業達集團(北京)電子技術有限公司(IBC)、英業達集團(天津)電子技術有限公司(ITC)、Inventec Manufacturing (North America) Corp.(ISV)、Inventec Configuration (North America) Corp.(IHS)、Inventec Distribution (North America) Corp.(IHS)、英華達(上海)電子有限公司(IACS)、英華達(美國)配售公司(IDC)、英華達(美國)公司(IACUSA)、英華達(西安)通信科技有限公司(IACX)、英華達(南昌)科技有限公司(IANC)、上海英憲達有限公司(IXC)、英研智能移動股份有限公司(AIM)、上海英華鼎企業管理諮詢有限公司(IASD)、南昌英華達智能製造有限公司(IANB)、Inventec Electronics (Thailand) Co., Ltd. (ITH&ITE)、Inventec Technology (Singapore) Pte. Ltd. (ITS) ","合理保證等級","0.2100","2020年基準年132,920tCO2e，2024年範疇一二總碳排放量較2020年基準年減少16.8% ","策略:  1.強化能源管理，減少能源耗損  2.逐年增加再生能源比例，致力降低環境衝擊  3.攜手價值鏈，實踐低碳採購  4.產品綠色設計，開發循環經濟  5.導入碳補償機制，助力減碳達標 具體作為： 1.設立 2030 年減碳目標，並導入碳盤查數位系統，有效管理溫室氣體盤查數據及串接供應商碳數   據，同時佈局再生能源使用、精進節能方案、深化低碳設計能力及增加循環再利用等，以落實減   碳承諾。113 年共推行 31 大節能方案，共節省 590.45 萬餘度電，相當於減少 2,725 公噸二氧化   碳當量。 2.擴展自身技術優勢，跨足 5G 智慧工廠及 AI/數據等領域，以多角化經營模式滿足客戶需求，同時   結盟新領域夥伴，創造新商業機會。","2024年範疇一二總碳排放量(市場基準)95,294.4923公噸CO2e，較2020年基準年減少28.31%，目標達成 "
"=""2357""","華碩","1,999.3400","已完成母公司,華碩電腦與海外營運據點（不包含以投資或財稅目地而成立的子公司）","已完成母公司,華碩電腦與海外營運據點（不包含以投資或財稅目地而成立的子公司）","有限保證等級","8,450.6000","已完成母公司,華碩電腦與海外營運據點（不包含以投資或財稅目地而成立的子公司）","已完成母公司,華碩電腦與海外營運據點（不包含以投資或財稅目地而成立的子公司）","有限保證等級","2,518,262.5200","購買之商品及勞務,資本財,與燃料及能源相關活動（未納入範疇1或範疇2）,上游運輸及配送,營運中產生之廢棄物,商務旅行,員工通勤,下游運輸及配送,已銷售產品之使用,已銷售產品生命週期結束之處理","已完成母公司,華碩電腦與海外營運據點（不包含以投資或財稅目地而成立的子公司）","已完成母公司,華碩電腦與海外營運據點（不包含以投資或財稅目地而成立的子公司）","有限保證等級","0.7000","溫室氣體基準年：2020年 溫室氣體減量目標： •2030 年全球營運據點碳排放量減少50% •2025年前達成供應鏈減碳30%","1.營運總部能升能源效率 華碩全球營運碳排放皆來自於辦公作業電力使用，為提升營運的能源效率，我們於2015 年導入ISO 50001能源管理系統，兩個營運總部皆取得綠建築最高等級的白金級認證，以每年減少1% 的目標降低電力使用。華碩定期鑑別高耗能的熱點區域及設備，並進行性能量測，例如：空調機房的冰水主機、冰水泵、冷卻水泵、區域泵及冷卻水塔。自2023 年，華碩展開三年期節能改善計畫，華碩營運總部（包含立德總部、AI雲創園區、蘆竹廠）汰換運轉效率不佳的冰水主機並採用環保冷媒，以及冷卻水泵、冷卻水塔增加變頻溫差控制，並導入中央智慧能源管理系統，總投資金額2,700 萬，預計每年可降低用電量44 萬度，每年節省4.88% 電力費用，相當於減少約217 公噸- 二氧化碳當量。為提升能源管理相關部門專業能力，2024 年舉行訓練課程，包含ISO 50001 內部稽核員教育訓練、新型冰水主機原理與操作教育，總參與人數14 人，課程完訓率100%。  2. 導入再生能源 華碩依循RE100 組織對於再生能源的認定，採購對提升環境與減碳有益的再生能源技術，如風能、光電能、地熱能與水力能等，並符合再生能源轉供與匹配的制度，達成華碩RE100 的目標。在採購再生能源策略上，華碩亦將綜合考量營運據點布局與再生能源市場現況，規劃階段性再生能源採購目標，積極與再生能源業者開展合作。 華碩透過分析全球營運再生能源最適化方案，繪製短中長期再生能源路徑，逐步增加再生能源的使用比。自2024 年起，華碩台灣據點包含營運總部、AI 雲創園區等，透過再生能源購電契約（Corporate Power Purchase Agreement, CPPA）正式開始使用再生能源，2024 年轉供約950 萬度。2024 年，華碩在台灣據點的企業總部以及蘆竹廠區，擴大屋頂型太陽能光電場域，並建置儲能電池櫃，預計於2025 年啟用，透過自發自用模式與儲能技術整合應用，華碩將有效提升再生能源使用比例，優化用電效率與穩定度，進一步強化企業永續經營韌性，並且規劃2027 年導入風電，預計再生能源轉供達2,000 萬度，加速邁向淨零轉型目標。  3. 華碩關鍵供應商減碳協輔計畫 為帶動關鍵供應商採取積極的減碳行動，並達到「2025 關鍵供應商溫室氣體排放強度減少30%」的永續目標。自2021 年啟動關鍵供應商減碳協輔計畫，建立華碩低碳供應鏈，目標2025 年前達成華碩75% 關鍵供應商設定符合SBTi 減碳目標、使用再生能源RE40-RE65、全數代工廠取得ISO 50001 認證。華碩永續團隊與供應商透過一對一或關鍵議題論壇討論，研擬符合供應商業態與的減碳行動、目標，同時每季調查溫室氣體排放數據，檢核減碳進度。","溫室氣體減量目標： •2024 年全球營運據點碳排放量減少46.9% •2024年前達成供應鏈減碳28%"
"=""2359""","所羅門","297.6160","已完成合併財務報表之母子公司","已完成合併財務報表之母子公司","合理保證等級","4,113.8697","已完成合併財務報表之母子公司","已完成合併財務報表之母子公司","合理保證等級","1,911.3795","上游運輸及配送","已完成合併財務報表之母子公司","已完成合併財務報表之母子公司","有限保證等級","1.8049","1. 基準年2024年 2.短期(2027年)減少2%、中長期(2030年)減少5%","1. 全面使用省水設施以減少水資源的浪費及耗用。 2. 增設冷氣定時設備，加強空調的使用控管。 3.加強照明設備的使用控管。 4.落實垃圾分類及資源回收再利用。","與前一年相比，減少33.43%"
"=""2360""","致茂","492.8420","已完成母公司","已完成母公司","合理保證等級","7,993.1497","已完成母公司","已完成母公司","合理保證等級","119.0584","營運中產生之廢棄物,員工通勤","已完成母公司","已完成母公司","合理保證等級","0.3928","基準年為2021年，2021年類別1+2總計溫室氣體盤放量16,275.4461公噸。訂定「2030辦公室據點淨零排放；2050全廠區淨零排放」之目標。","為加速淨零目標的達成，致茂新總部大樓為綠建築，獲黃金級綠建築標章，以能源有效利用為原則，並於 2024 年底和綠電供應商簽訂綠電供電合約，於 2025 年起每年以 5%的比例增加，期望 2030年前達成 RE30，同時興建中的二期廠房也將建置太陽能板，提高綠電使用比例，以利減碳目標之達成。","2024年溫室氣體排放強度較2023年降低17.02%。"
"=""2362""","藍天","310.4663","已完成母公司,台北總部、昆山工廠","已完成母公司,台北總部、昆山工廠","有限確信","4,510.9600","已完成母公司,台北總部、昆山工廠","已完成母公司,台北總部、昆山工廠","有限確信","N/A","","N/A","N/A","","0.1814","2024年","尚無績效","尚無績效"
"=""2363""","矽統","N/A","N/A","N/A","","N/A","N/A","N/A","","N/A","","N/A","N/A","","N/A","","",""
"=""2364""","倫飛","123.4807","已完成合併財務報表之母子公司","已完成合併財務報表之母子公司","合理保證等級","693.6143","已完成合併財務報表之母子公司","已完成合併財務報表之母子公司","合理保證等級","N/A","","N/A","N/A","","0.6539","2024年度為基準年，範疇1排放量123.4807公噸CO2e，範疇2排放量693.6143公噸CO2e","相較基準年2023年度 ●2030年度溫室氣體排放範疇1+範疇2減排20% ●2040年度溫室氣體排放範疇1+範疇2減排30% ●本公司計畫於2030起購買再生能源憑證，購買額度用於取代範疇二外購電力使用量。 	2050淨零排放 ","將於2025年起揭露達成情形"
"=""2365""","昆盈","40.5004","台北總公司及東莞廠","N/A","","374.1681","台北總公司及東莞廠","N/A","","N/A","","N/A","N/A","","0.4236","2022年為基準年，總排放量759.1289公噸CO₂e，目標年減1%。","策略： 耗能設備優先採購節能設計。 優化生產流程以節省能源消耗。 評估導入再生及潔淨能源使用。 具體行動計畫： 持續規劃節能措施減少用電量，每年提出1-2個節能減碳方案。 2025年在滿足工廠生產需求情況下，減少大空壓機(100P)的使用，儘量使用小空壓機(50P)降低用電量和氣量。 陸續汰換老舊燈具，改為節能LED燈具。 依功能區域不同，評估規劃感應式照明設備。 2024年東莞廠更換一台油電混合的公務車。","2024年度範疇一及範疇二排碳量較前一年度大幅下降38.07%，逹成年減1%目標。"
"=""2367""","燿華","7,081.3768","已完成合併財務報表之母子公司","已完成合併財務報表之母子公司","合理保證等級","157,358.9122","已完成合併財務報表之母子公司","已完成合併財務報表之母子公司","合理保證等級","118,098.0825","購買之商品及勞務","已完成合併財務報表之母子公司","已完成合併財務報表之母子公司","有限保證等級","8.8733","為了有效規劃我們的溫室氣體減量策略，故母公司設定109年作為減量基準年。根據當年的數據，我們的範疇一排放量為5249.3613噸CO2e，而範疇二排放量則達到112236.2001噸CO2e。我們期望在119年（2030年）之前，透過積極的行動，實現範疇一二30%的減量目標，以應對全球氣候變遷帶來的挑戰。","母公司面對「氣候變遷因應法」即將徵收的碳費，以及各國日益嚴格的碳排放監管機制，我們深知這些外部因素不僅帶來了減碳壓力，也同時提供了低碳轉型的契機。因此，我們制定了一系列針對性的溫室氣體減量策略和具體行動計畫，以確保能夠有效應對這些挑戰。 提升能源效率：我們將提高各設備運作中的能源使用效率，並納入管理目標，確保全員參與。 購買節能設備：投資於高效能節能機台，以降低日常運營中的能源消耗。 建置太陽能發電系統：加強可再生能源使用比例，降低依賴傳統化石燃料。 評估低碳燃料/能源選擇：持續探索並採用低碳燃料或替代性能源，以進一步減少溫室氣體排放。 此外，我們每年舉辦節能減碳活動，鼓勵員工提出創新計畫以促進節能。我們會根據其貢獻程度頒發獎勵金，以激勵全員共同朝向公司的淨零排放目標邁進。","母公司112年範疇一、二排放量密集度為6.7981 tCO2e/百萬營收，113年範疇一、二排放量密集度為5.8722 tCO2e/百萬營收。"
"=""2368""","金像電","72,601.0499","已完成合併財務報表之母子公司","已完成合併財務報表之母子公司","合理保證等級","207,118.7051","已完成合併財務報表之母子公司","已完成合併財務報表之母子公司","合理保證等級","276,381.6226","購買之商品及勞務,資本財,與燃料及能源相關活動（未納入範疇1或範疇2）,上游運輸及配送,營運中產生之廢棄物,商務旅行,員工通勤,下游運輸及配送","已完成合併財務報表之母子公司","已完成合併財務報表之母子公司","有限保證等級","14.3399","遵照SBTi減碳路徑，以2019年為基準年，2030年較基準年減碳46.7%(範疇一二)，範疇三是以2023年當基準年，2030年減少25%碳排放","本公司目前積極採購再生能源，逐年汰換高秏能設備及,新增CF4尾氣去除設備","截至2024年，範疇一+二已較基準年2019減少22.49%的碳排放量"
"=""2369""","菱生","1,495.8513","已完成母公司","已完成母公司","合理保證等級","56,197.0795","已完成母公司","已完成母公司","合理保證等級","12,015.4478","購買之商品及勞務,與燃料及能源相關活動（未納入範疇1或範疇2）,上游運輸及配送,營運中產生之廢棄物,商務旅行,下游租賃資產","已完成母公司","已完成母公司","採用確證與協議程序所得的結論","12.5097","基準年 本公司溫室氣體減量基準年為2021年(民國110年)， 基準年之範疇一及範疇二之總排放量為67,572.1711 公噸CO2e。 減量目標 於2030年(民國119年)，將範疇一及範疇二產生之溫室氣體排放量相較於基準年(民國110年)減少10%； 於2040年(民國129年)減少50%； 於2050年(民國139年)，達碳中和。 ","減量策略 (1) 採用再生能源。 (2) 廠內之自主減碳管理。 具體行動計畫 (1) 汰換老舊耗能設備。 (2) 推動各項節能措施。 (3) 設置太陽光電系統。 (4) 推動採購再生能源。 (5) 每年進行溫室氣體盤查，也逐步增加產品碳足跡盤查，以掌握自身溫室氣體排放熱點。 (6) 民國113年啟動子公司溫室氣體盤查與查證。","2024年以市場基準計算範疇一與範疇二溫室氣體排放量為57,692.9308公噸CO₂e，較基準年減少9,879.2403公噸CO₂e (下降14.6%)。"
"=""2371""","大同","22,788.4737","已完成合併財務報表之母子公司","已完成母公司","合理保證等級","87,406.5674","已完成合併財務報表之母子公司","已完成母公司","合理保證等級","6,605,084.5606","購買之商品及勞務,與燃料及能源相關活動（未納入範疇1或範疇2）,上游運輸及配送,營運中產生之廢棄物,下游運輸及配送,已銷售產品之使用","已完成母公司","已完成母公司","有限保證等級","2.3210","本公司訂有集團(合併財報公司)淨零碳排路徑，針對範疇1及範疇2排放，設定以2024年為基準年(排放量為2023及2024年度排放量之平均)，在2030年達到排碳降低30%、2040年降低70%、2050年達到淨零的目標。2025年減量目標為降低5%的排放量。","本公司將以節能、高GWP物質管理、創能及使用綠電為減碳主軸，著力在持續運作ISO 50001能源管理系統、推行節能專案、減少高GWP物質於製程上之逸散等實體減量做法，視情勢發展設置自發自用再生能源設備或購買碳權。","本公司今年起配合金管會永續發展路徑訂定集團(合併財報公司)淨零路徑，2025年之減量目標為降低5%的排放量(基準年為2024年)，將於2026年檢視達成情形。"
"=""2373""","震旦行","898.6300","已完成母公司","N/A","","1,265.5700","已完成母公司","N/A","","N/A","","N/A","N/A","","0.6527","","",""
"=""2374""","佳能","1,468.4970","已完成佳能企業股份有限公司、東莞能率科技有限公司","已完成佳能企業股份有限公司、東莞能率科技有限公司","合理保證等級","5,145.1967","已完成佳能企業股份有限公司、東莞能率科技有限公司","已完成佳能企業股份有限公司、東莞能率科技有限公司","合理保證等級","30,710.9340","購買之商品及勞務,與燃料及能源相關活動（未納入範疇1或範疇2）,上游運輸及配送,商務旅行,員工通勤,下游運輸及配送,已銷售產品之使用","已完成佳能企業股份有限公司、東莞能率科技有限公司","已完成佳能企業股份有限公司、東莞能率科技有限公司","合理保證等級","1.0697","1. 以2023 為基準年， 於2026-2030 年每年減 少能源消耗密集度2% 2. 以2023 為基準年，於2030 年每佰萬營收碳 排量減碳25%（類別一、類別二合併計算）","1. 公司發展製程優化與廠房營運改善，透過推動多樣化節能措施持續降低能源，加裝變 頻器、製程設備調整與管理改善、能源管理系統精進等節能措施之推行，落實廠區與 辦公室節能與營運設備效率改善。 2. 在產品開發和生產上與供應商合作，致力於提供低碳、低耗電的解決方案，產品設計 以易拆解、可回收及綠色設計為原則，提高能源及使用效率。","1. 以2023 為基準年，2024 年台灣據點能源消耗密集度減少21.85%，東莞據點能源消耗密集度減少17.03%。 2. 以2023 為基準年，2024 每佰萬營收碳排量減碳38.67%（類別一、類別二合併計算）。"
"=""2375""","凱美","0.9900","已完成母公司","N/A","","96.3400","已完成母公司","N/A","","N/A","","N/A","N/A","","N/A","研擬中","研擬中","研擬中"
"=""2376""","技嘉","824.7300","已完成母公司,包含母公司、桃園南平廠、中國東莞廠、中國寧波廠，及子公司盈嘉科技、百事益國際、雲城、聲遠精密光學、智力精密工業、孫公司技宸","已完成母公司,包含母公司、南平廠、矽谷辦公室、中國東莞廠、中國寧波廠","合理保證等級","22,687.8500","已完成母公司,包含母公司、桃園南平廠、中國東莞廠、中國寧波廠，及子公司盈嘉科技、百事益國際、雲城、聲遠精密光學、智力精密工業、孫公司技宸","已完成母公司,包含母公司、南平廠、矽谷辦公室、中國東莞廠、中國寧波廠","合理保證等級","6,553,766.4500","上游運輸及配送","已完成母公司,包含母公司、桃園南平廠、中國東莞廠、中國寧波廠，及子公司盈嘉科技、百事益國際、雲城、聲遠精密光學、智力精密工業、孫公司技宸","已完成母公司,包含母公司、南平廠、矽谷辦公室、中國東莞廠、中國寧波廠","有限確信","0.2000","技嘉科技自2010年起，每年依循ISO 14064-1執行組織型溫室氣體盤查，設定「以2009年為基準年，至2025年前減碳 50%」 的長期減量目標；2016年起另外設定短期目標「減量333」計畫，致力每年較前一年度減碳、減水、減廢各3%。 ","技嘉科技自2009年執行「綠動計畫」，致力從產品端導入低碳設計，並推動「永續基金、種樹還地球」等多元綠色專案，減少公司對環境造成的衝擊，並依長期、短期減量目標，每年檢視溫室氣體排放減量成效。 (1)永續基金：以前一年度資源節省費用作為基金來源，分為廠區節能與減量、低碳產品提案、綠色計畫投資三大面向，增進工廠、營運和產品策略的減量動機。至2024年，減量和低碳產品獎勵計畫已辦理11屆，歷年來累積節電效益8,949,755.8度，減碳效益8,085,575公噸。 (2)種樹還地球：2022年底與德國Plant-for-the-Planet基金會展開合作，承諾2023-2027年每年種12,500棵樹，並額外註銷2,500公噸的碳額度，且為聯合國清潔發展機制認證的減碳計畫。2024年共新增種植12,540棵樹，歷年種植114,439棵樹。 更多溫室氣體減量計畫資訊請見《2024年技嘉科技永續報告書》3.1.1溫室氣體與能源管理","2024年範疇一、二的溫室氣體總量相較於2009年下降51.97%，提早一年達成長期減量目標，並且較前一年度減少14.31%溫室氣體排放量。"
"=""2377""","微星","2,009.0000","已完成母公司,微星科技股份有限公司中和廠(微星台北)、微星科技股份有限公司桃園廠(微星桃園)、恩斯邁電子(深圳)有限公司(恩斯邁電子)及微盟電子(昆山)有限公司(微盟電子)","已完成母公司,微星科技股份有限公司中和廠(微星台北)、微星科技股份有限公司桃園廠(微星桃園)、恩斯邁電子(深圳)有限公司(恩斯邁電子)及微盟電子(昆山)有限公司(微盟電子)","合理保證等級","11,602.0000","已完成母公司,微星科技股份有限公司中和廠(微星台北)、微星科技股份有限公司桃園廠(微星桃園)、恩斯邁電子(深圳)有限公司(恩斯邁電子)及微盟電子(昆山)有限公司(微盟電子)","已完成母公司,微星科技股份有限公司中和廠(微星台北)、微星科技股份有限公司桃園廠(微星桃園)、恩斯邁電子(深圳)有限公司(恩斯邁電子)及微盟電子(昆山)有限公司(微盟電子)","合理保證等級","1,528,915.0000","購買之商品及勞務,資本財,與燃料及能源相關活動（未納入範疇1或範疇2）,上游運輸及配送,營運中產生之廢棄物,商務旅行,員工通勤,上游租賃資產,下游運輸及配送,已銷售產品之加工,已銷售產品之使用,已銷售產品生命週期結束之處理,下游租賃資產,加盟,投資","已完成母公司,微星科技股份有限公司中和廠(微星台北)、微星科技股份有限公司桃園廠(微星桃園)、恩斯邁電子(深圳)有限公司(恩斯邁電子)及微盟電子(昆山)有限公司(微盟電子)","已完成母公司,微星科技股份有限公司中和廠(微星台北)、微星科技股份有限公司桃園廠(微星桃園)、恩斯邁電子(深圳)有限公司(恩斯邁電子)及微盟電子(昆山)有限公司(微盟電子)","有限保證等級","0.0700","範疇1+2溫室氣體減量，以2022年排放量46,724公噸CO2e為基準，至2030年排放量減少80% (9,345 公噸CO2e )。 範疇3溫室氣體減量，以2023年排放量為基準，至2030年減少[類別1上游採購商品]及[類別11銷售產品使用] 排放量之30%。","持續投入總部與廠區節能改善設備持續評估再生能源設備裝置，目前集團總部與主要製造廠合併再生能源年度使用量已達超過80%。","範疇1+2溫室氣體減量較2023年減少65.15%，較基準年減少71%。 範疇3溫室氣體減量較2023年增加5.66%。"
"=""2379""","瑞昱","1,362.4606","已完成合併財務報表之母子公司","已完成合併財務報表之母子公司","合理保證等級","30,045.6670","已完成合併財務報表之母子公司","已完成合併財務報表之母子公司","合理保證等級","672,197.7569","購買之商品及勞務,與燃料及能源相關活動（未納入範疇1或範疇2）,上游運輸及配送,營運中產生之廢棄物,商務旅行,員工通勤,下游運輸及配送","已完成合併財務報表之母子公司","已完成合併財務報表之母子公司","合理保證等級","0.2276","2030年(S1+S2)較基準年2021年-50%，2021年排放數據為24,921.217噸CO₂e。","額外購買再生能源。","2024全集團已達成RE10。"
"=""2380""","虹光","89.0008","已完成母公司","N/A","","714.2331","已完成母公司","N/A","","N/A","","N/A","N/A","","1.9400","2021年起連續5年，每年(範疇1與範疇2)之本期與上期二氧化碳排放當量比較減少2%。","虹光減排措施主要通過更換老舊燈管以降低用電量並減少碳排放。此外，我們還加強了冰水主機和空壓機的運行管理，推動無紙化辦公，並採購綠色產品及原材料。通過實施這些措施，逐步減少溫室氣體的排放。","虹光的主要能源使用為外購電力，為減少營運活動對環境的負面影響，我們將生產區集中，以減少不必要的用電消耗。同時，我們推行離開辦公區域和會議室需關燈的措施，並將辦公區域的照明更換為節能燈具等。2024年虹光透過汰換為節能燈具減少使用7,785.64度電，相當於3.69 tonCO2e溫室氣體排放量。"
"=""2382""","廣達","29,161.8899","已完成合併財務報表之母子公司","已完成母公司,已完成母公司、QSMC廣達上海製造城(達豐(上海)電腦有限公司、達功(上海)電腦有限公司、達人(上海)電腦有限公司、達利(上海)電腦有限公司、達群(上海)電腦有限公司 達偉(上海)物流倉儲有限公司)、QCMC廣達重慶製造城(達豐(重慶)電腦有限公司、達功(重慶)電腦有限公司、達偉(重慶)物流有限公司)、QMB Co, Ltd. ","合理保證等級","246,960.4374","已完成母公司","已完成母公司,已完成母公司、QSMC廣達上海製造城(達豐(上海)電腦有限公司、達功(上海)電腦有限公司、達人(上海)電腦有限公司、達利(上海)電腦有限公司、達群(上海)電腦有限公司 達偉(上海)物流倉儲有限公司)、QCMC廣達重慶製造城(達豐(重慶)電腦有限公司、達功(重慶)電腦有限公司、達偉(重慶)物流有限公司)、QMB Co, Ltd.","合理保證等級","N/A","","N/A","N/A","","0.1957","- 於董事會下設立「永續發展指導委員會」，統籌集團永續政策與行動方針，並設置「永續發展中心」作為其下屬執行與整合單位，負責規劃、協調與監督氣候相關業務之推動與落實。 - 永續發展中心定期召集永續環境小組，推動氣候議題相關之跨廠區、跨部門的溝通協作與風險分析，依據氣候相關財務揭露（Task Force on Climate-Related Financial Disclosures, TCFD）框架，以產品類型及不同功能性組織類別分組，並參照TCFD分析之風險識別、策略說明、情境與成本分析等，制訂相關進修課程與分組討論，透過參與碳揭露計畫（CDP）問卷，精進節能減碳的持續發展目標，討論歸納、輔以建模與運算，分析不同情境下對財務的衝擊。並依據各據點特性執行具體節能減碳措施，確保集團各單位朝一致氣候治理方向邁進。 - 為減緩全球氣候變遷衝擊、追求地球永續，廣達致力減少碳排，有效管理使用能源，在產品設計上力求節能、重複使用包材及生產廢棄物減量，亦透過全員參與及承諾，推動環境保護與企業永續發展。在董事會決議支持下，訂定減碳目標，期許在2030年集團使用再生能源達50%，2050年達到淨零碳排。","1. 廣達於2024年通過依據科學減碳目標倡議組織（the Science Based Targets initiative，簡稱SBTi）所發布的淨零標準（Net-Zero Standard）訂定減碳目標，以2022 年為溫室氣體減量基準年，承諾每年減碳4.2%，至2030 年範疇一及範疇二減碳較2022 年減少42%、範疇三減少25%。已於2024/10/17通過。  2. 承諾集團使用再生能源達50%，2050年達到淨零排放。 ","• 著手開始建構碳管理平台，初步先完成以ISO 14064-1:2018之內部碳盤查系統，並為進一步能源管理、產品生命週期管理以及內部碳定價等措施奠定基礎  • 各廠區導入ISO-50001，除QMB將在2023年取得證書外，其餘廠區均已取證  • 2024年廣達集團持續積極減少碳排，並輔以購買再生能源，全球九個主要製造廠區於2024年共使用再生能源量為428763.8550MWH，再生能源使用率達47.51%。 在此努力下，相對於2022年類別1+2，百萬營收排放強度由0.248降為0.196，持續進行節能減碳。  • 持續精進各項內部減碳作為，強化資源使用效率並實現節能減碳目標。全球各廠區積極推動節能改善行動，涵蓋設備升級與汰換、製程重新設計、營運調整及員工行為改變等多元面向。2024年共執行節能方案共計81件，相較於2023年的54件，新增27項節能專案，有效減少溫室氣體排放。  • 2024年，泰國廠區(QMB)屋頂太陽能系統2024年產出4,685.4070MWh的綠色電力，相當於節省 16,867.4650GJ 的能源使用，有效降低營運碳排放。目前太陽能發電已占該廠區總用電量的5.83%，並規劃於中短期內進一步擴充設施，目標於2025年提升至10.00%，進一步強化廠區再生能源使用率。  • 範疇三為廣達溫室氣體主要排放範疇，因此，溫室氣體減量策略，以供應商減碳管理為主，故建置供應商永續管理平台，定期對供應商進行風險評估與稽核，並蒐集供應商碳管理資料。 • 企業產品或服務帶給客戶或消費者之減碳效果 本公司為ODM廠，藉由選料、低碳製程與循環經濟，可降低客戶範疇三之碳排放量，並使客戶產品碳足跡下降。"
"=""2383""","台光電","77,451.5597","已完成母公司,母公司: 台光電子材料股份有限公司 子公司: 台光電子材料(昆山)股份有限公司、中山台光電子材料有限公司、台光電子材料(黃石)有限公司、EMD Specialty Materials, LLC.","已完成母公司,母公司: 台光電子材料股份有限公司 子公司: 台光電子材料(昆山)股份有限公司、中山台光電子材料有限公司、台光電子材料(黃石)有限公司、EMD Specialty Materials, LLC.","合理保證等級","116,595.0304","已完成母公司,母公司: 台光電子材料股份有限公司 子公司: 台光電子材料(昆山)股份有限公司、中山台光電子材料有限公司、台光電子材料(黃石)有限公司、EMD Specialty Materials, LLC.","已完成母公司,母公司: 台光電子材料股份有限公司 子公司: 台光電子材料(昆山)股份有限公司、中山台光電子材料有限公司、台光電子材料(黃石)有限公司、EMD Specialty Materials, LLC.","合理保證等級","514,280.0067","購買之商品及勞務,與燃料及能源相關活動（未納入範疇1或範疇2）,上游運輸及配送,營運中產生之廢棄物,商務旅行,員工通勤,下游運輸及配送","已完成母公司,母公司: 台光電子材料股份有限公司 子公司: 台光電子材料(昆山)股份有限公司、中山台光電子材料有限公司、台光電子材料(黃石)有限公司","已完成母公司,母公司: 台光電子材料股份有限公司 子公司: 台光電子材料(昆山)股份有限公司、中山台光電子材料有限公司、台光電子材料(黃石)有限公司","母公司: 台光電子材料股份有限公司-協議程序(AUP) 子公司: 台光電子材料(昆山)股份有限公司、中山台光電子材料有限公司、台光電子材料(黃石)有限公司-合理保證等級","3.0142","本公司配合持續增長的產能、合理的減碳規劃、PCB業界趨勢，以及地區與國際規範等因子，已設定以2023年為基準年，於2030年達成減碳30%，2050年依政府及國際規範達成淨零碳排。 【2023 基準年 碳排放量 範疇一+二 173282.4709 tCO2e】","針對每年度溫室氣體盤查後結果，對廠區內較耗能的區域進行設備維護改善優化已達降低用電提升效能。公司各廠區持續關注生產和營運活動對氣候變遷的影響，配合公司節能減碳及溫室氣體減量策略與目標，2024年各廠區再針對節能減碳進行專案改善工程效益統計，其中廠內空氣污染防治設備原使用重油燃油改為相對低碳排的天然氣；另廠內空調用水泵亦參考工研院節能團隊建議汰換成節能馬達及進行溫差控制，以降低用電並提高效能，積極努力達成實質減碳。2024年台灣及大陸廠區所推動之減碳專案減碳量共約1,620公噸CO2e。(詳細資訊請見2024年台光電子永續報告書-04 永續環境保護)","台光電子於2025年4月完成設定集團2030綠電使用之減碳目標。 (各年度減碳成效請見各年度永續報告書)"
"=""2385""","群光","8,319.0300","已完成合併財務報表之母子公司","已完成合併財務報表之母子公司","合理保證等級","104,051.0782","已完成合併財務報表之母子公司","已完成合併財務報表之母子公司","合理保證等級","21,006,761.6814","購買之商品及勞務,資本財,與燃料及能源相關活動（未納入範疇1或範疇2）,上游運輸及配送,營運中產生之廢棄物,商務旅行,員工通勤,上游租賃資產,下游運輸及配送,已銷售產品之使用,已銷售產品生命週期結束之處理,下游租賃資產","已完成合併財務報表之母子公司","已完成合併財務報表之母子公司","有限保證等級","1.1073","本公司主要設有三大減量目標： (1)SBTi目標：  (A)範疇1、2：2030年前總碳排放量較2020年降低42%、碳密集度降低56.8%  (B)範疇3-銷售產品之使用：2030年前總碳排放量較2020年降低25%、碳密集度降低44.2% (2)RE100目標：2030年達成再生電力使用率100% (3)淨零目標：2050年達成溫室氣體排放量淨零","1.減量策略 2023年我們提出「群光八綠」專案，透過八條減碳路徑，以2023年為基準年、2033年為目標年，涵蓋群光電子營運各面向。總計8大項目標、36小項目標，於2023年11月、2024年5月之企業永續發展委員會及董事會分別完成呈報核准。 2.具體行動計畫 汰換高耗能設備、製程自動化、購入再生電力、提高自發自用再生電力比例。","群光電子-母公司海內外據點減量目標達成情形(不含上市子公司-群光電能、展達通訊)： 範疇一和範疇二溫室氣體絕對排放量較基準年降低51%。(已達當年度目標) 範疇三溫室氣體絕對排放量較基準年降低6%。(未達當年度目標)"
"=""2387""","精元","80.3156","已完成母公司","N/A","","571.2223","已完成母公司","N/A","","N/A","","N/A","N/A","","0.0494","","",""
"=""2388""","威盛","64.9073","已完成母公司","已完成母公司","合理保證等級","1,107.0441","已完成母公司","已完成母公司","合理保證等級","280.0950","上游運輸及配送","已完成母公司","已完成母公司","有限保證等級","0.0736","基準年2023年，1516.354(公噸CO2e/年)，相較基準年2023年度 2030年度溫室氣體排放範疇1+範疇2減排20% 2040年度溫室氣體排放範疇1+範疇2減排30% 2050淨零排放","1.	透過綠色採購，購買環保標籤之基礎設施設備 2.	冷凍空調系統全面替換為能效1級 3.	太陽能建置自用 4.	購買再生能源憑證","2024年度溫室氣體排放減量4.24%"
"=""2390""","云辰","N/A","N/A","N/A","","214.8370","已完成母公司","N/A","","N/A","","N/A","N/A","","N/A","","",""
"=""2392""","正崴","5,294.0000","已完成合併財務報表之母子公司","包含正崴台灣四廠區(總部、頂埔、藝鑫、民權廠)、竹科廠、中科廠、華南廠區、昆山廠區、徐州廠區、印度廠區、越南胡志明廠區）及子公司（清溪富崴/富彰，鹽城耀崴）共14個廠區","合理保證等級","82,101.0000","已完成合併財務報表之母子公司","已完成母公司,包含正崴台灣四廠區(總部、頂埔、藝鑫、民權廠)、竹科廠、中科廠、華南廠區、昆山廠區、徐州廠區、印度廠區、越南胡志明廠區）及子公司（清溪富崴/富彰，鹽城耀崴）共14個廠區","合理保證等級","560,966.0000","購買之商品及勞務,資本財,與燃料及能源相關活動（未納入範疇1或範疇2）,上游運輸及配送,營運中產生之廢棄物,商務旅行,員工通勤,上游租賃資產,下游運輸及配送,已銷售產品之加工,已銷售產品之使用,已銷售產品生命週期結束之處理,下游租賃資產,加盟,投資","已完成合併財務報表之母子公司","已完成母公司,包含正崴台灣四廠區(總部、頂埔、藝鑫、民權廠)、竹科廠、中科廠、華南廠區、昆山廠區、徐州廠區、印度廠區、越南胡志明廠區）及子公司（清溪富崴/富彰，鹽城耀崴）共14個廠區","合理保證等級","0.7072","","",""
"=""2393""","億光","1,750.1713","樹林總部、苗栗苑裡、苗栗銅鑼、蘇州吳江、廣東中山","N/A","","83,841.4796","樹林總部、苗栗苑裡、苗栗銅鑼、蘇州吳江、廣東中山","N/A","","N/A","","N/A","N/A","","4.9170","億光電子依據永續發展策略，訂定2021年為公司溫室氣體排放管理之減量基準年，並以該年度集團總排放量作為後續減碳績效的比較基準。依據中長期減碳藍圖，公司設定2024年排放量較2021年減少15%、2025年減少20%、中期（2至5年內）減少25%，長期（5年以上）減少30%。本公司將溫室氣體管理目標納入集團永續發展計畫，並與TCFD氣候揭露架構連結，作為氣候風險應對與能源轉型行動之依據。透過階段性減碳目標設定，明確強化碳排風險掌握與目標導向管理機制，以支撐公司邁向淨零碳排的整體路徑。","為落實碳排目標，億光電子規劃五項減碳策略，聚焦於能源效率提升與低碳轉型。具體行動包括：（1）導入再生能源，於蘇州吳江與中山廠建置太陽能系統，並擴大綠電採購；（2）持續進行高耗能設備汰換，導入節能照明、空調與製程設備；（3）導入ISO 50001能源管理系統並建置智慧能源監控平台；（4）推動數位會議與無紙化作業，強化內部行為碳管理；（5）逐步擴大範疇三排放盤查，涵蓋供應鏈、通勤及物流碳足跡。上述策略以部門滾動式推進與KPI績效管理為基礎，建立以數據為核心的排放治理機制，提升集團低碳韌性與營運永續性。","截至2024年，億光電子已完成樹林總部範疇一與範疇二的溫室氣體盤查作業，完成率達100%。集團排放量相較2021年減少超過15%，符合內部年度目標，初步展現減碳成效。透過能源設施改善、設備汰換與再生能源導入，排放強度持續下降。預期2025年將進一步整合華語區子公司盤查資料，完成範疇三溫室氣體評估並強化跨區域碳管理基礎。整體減碳進度略優於線性減量軌跡，顯示現行行動策略已初具成果。後續將持續導入更高效能之綠電方案與ESG績效連動管理制度，穩健推動2050年淨零碳排願景落實。"
"=""2395""","研華","804.3931","已完成母公司，邊界範圍包含研華科技台灣四個地點：瑞光總部（台北市內湖區瑞光路26巷20弄1號 ）、陽光大樓（台北市內湖區陽光街365巷33號 ）、東湖廠區（新北市汐止區康寧街169巷1號B1, 5~7樓）及林口園區（桃園市龜山區文德路27及27-3號）","確信範圍包含研華科技台灣四個地點：瑞光總部（台北市內湖區瑞光路26巷20弄1號 ）、陽光大樓（台北市內湖區陽光街365巷33號 ）、東湖廠區（新北市汐止區康寧街169巷1號B1, 5~7樓）及林口園區（桃園市龜山區文德路27及27-3號）","合理保證等級","9,222.2612","已完成母公司，邊界範圍包含研華科技台灣四個地點：瑞光總部（台北市內湖區瑞光路26巷20弄1號 ）、陽光大樓（台北市內湖區陽光街365巷33號 ）、東湖廠區（新北市汐止區康寧街169巷1號B1, 5~7樓）及林口園區（桃園市龜山區文德路27及27-3號）","確信範圍包含研華科技台灣四個地點：瑞光總部（台北市內湖區瑞光路26巷20弄1號 ）、陽光大樓（台北市內湖區陽光街365巷33號 ）、東湖廠區（新北市汐止區康寧街169巷1號B1, 5~7樓）及林口園區（桃園市龜山區文德路27及27-3號）","合理保證等級","700,170.0483","購買之商品及勞務","已完成母公司，邊界範圍包含研華科技台灣四個地點：瑞光總部（台北市內湖區瑞光路26巷20弄1號 ）、陽光大樓（台北市內湖區陽光街365巷33號 ）、東湖廠區（新北市汐止區康寧街169巷1號B1, 5~7樓）及林口園區（桃園市龜山區文德路27及27-3號）","確信範圍包含研華科技台灣四個地點：瑞光總部（台北市內湖區瑞光路26巷20弄1號 ）、陽光大樓（台北市內湖區陽光街365巷33號 ）、東湖廠區（新北市汐止區康寧街169巷1號B1, 5~7樓）及林口園區（桃園市龜山區文德路27及27-3號）","有限保證等級","0.4398","1.SBT溫室氣體目標：範疇一、二碳密集度下降60%； 範疇三產品使用碳密集度下降49%，基準年均為2019年。 2.2019年範疇一、二碳密集度為0.6108公噸CO2e/百萬元營業額，根據SBT目標，預計於2030年降至0.2610 公噸CO2e/百萬元營業額。 3.2025年，研華為更積極進行減碳計畫，著手進行更具挑戰性的SBT減碳目標（1.5°C 路徑）設定，並預計於2025年下半年提送申請資料至SBT，以展現減碳決心。","1.研華2024年除持續依照能源管理政策、ISO 50001能源管理系統、iEMS智慧能源管理平台持續管控及優化公司的能源使用效率外，亦透過定期召開能源專案會議，促進廠區間的經驗分享，持續提升能源使用效能。此外，未來研華將持續透過員工教育訓練、減碳及節能專案、能源目標設定、再生能源擴大使用、更嚴峻之SBT目標(1.5 ℃)設定及內部碳定價設定等方式，逐步達成RE100及減碳的目標。 2.RE100：研華於2023年加入RE100倡議，宣示於2040年全面使用再生電力。台灣部分，目前已於2021年啟動台灣投資魚電共生型太陽能發電廠；2022年台灣林口園區及昆山園區裝設太陽能光電板；2023加入RE100，並制定各RBUs　2024-2040年度再生能使用目標及實踐路徑；2024研華總部與綜合能源服務商簽訂綠電採購合約，預計未來六年內，微電能源將以長期轉供售電的整合模式，供應約4,000萬度綠電。目前已於ESG報告書中揭露詳細資訊。","2024 年度研華主要營運據點及製造廠區平均每單位營業額的溫室氣體排放量 ( 範疇一及範疇二 ) 為 0.4398噸CO2e/ 百萬元台幣，分別較 2019及2023 年度平均每單位營業額的溫室氣體排放量降低28.0%及4.9%，達成該年度預設目標，持續朝2030年減量60%的SBT目標邁進。"
"=""2397""","友通","140.2321","已完成母公司","已完成母公司","合理保證等級","2,711.3064","已完成母公司","已完成母公司","合理保證等級","2,187.6503","上游運輸及配送,營運中產生之廢棄物,商務旅行,員工通勤","已完成母公司","已完成母公司","有限保證等級","0.8850","積極導入綠色能源與智能管理系統，期望將年度節能目標提升至4%，持續朝向低碳化與高效能的營運模式邁進。","1. 能源效率提升：導入高效能照明設備、智慧能源管理系統及節能空調技術，以降低能源消耗。 2. 再生能源應用：積極評估並推動綠電採購，提高再生能源使用比例，以減少對傳統能源的依賴。 3. 設備與流程優化：更新老舊設備、導入自動化管理系統，減少能源浪費並提升生產效率。 4. 員工參與與教育：推動內部節能宣導與培訓，提高員工環保意識，共同落實低碳行動。","1.推動ISO 50001能源管理之國際認證 2.辦公室環保節能活動 3.提倡同仁通勤選擇以大眾運輸為主"
"=""2399""","映泰","32.3984","已完成母公司","N/A","","224.9932","已完成母公司","N/A","","104.7272","購買之商品及勞務,上游運輸及配送,商務旅行,下游運輸及配送","已完成母公司","N/A","","0.1358","","",""
"=""2401""","凌陽","75.7731","已完成母公司","N/A","","2,834.5191","已完成母公司","N/A","","213.9847","購買之商品及勞務,營運中產生之廢棄物,商務旅行,員工通勤,上游租賃資產,下游運輸及配送","已完成母公司","N/A","","1.7815","因導入ISO14064-1盤查輔導，以2023年重設為盤查基準年，2023年溫室氣體排放量為3164.523噸-CO2e；因間接排放為主，以間接溫室氣體排放量每年下降2%為減量目標。","本公司屬IC設計產業，逾97%的溫室氣體排放量都是間接排放型態，因此，設定間接溫室氣體排放量，每年下降2%為目標；因排放源主要來自空調與辦公照明需求的外購電力，已透過廠務監控系統，使空調設備運轉更有效率，同時向同仁宣導節能觀念及作為，減少不必要的浪費。","2024年因加計範疇三，因而溫室氣體排放量與2023年相較，僅減少1.27%；若僅考量範疇一、二，2024年排放量與則減量達8.24%。"
"=""2402""","毅嘉","28.0634","已完成母公司","已完成母公司","合理保證等級","2,835.4680","已完成母公司","已完成母公司","合理保證等級","802.0340","與燃料及能源相關活動（未納入範疇1或範疇2）,營運中產生之廢棄物,商務旅行,員工通勤","已完成母公司","已完成母公司","有限保證等級","N/A","","",""
"=""2404""","漢唐","7.6100","已完成母公司","N/A","","718.0825","已完成母公司","N/A","","N/A","","N/A","N/A","","0.0218","","",""
"=""2405""","輔信","23.3700","已完成母公司","N/A","","373.9400","已完成母公司","N/A","","N/A","","N/A","N/A","","0.2383","","",""
"=""2406""","國碩","17.5420","已完成母公司","N/A","","3,614.8856","已完成母公司","N/A","","N/A","","N/A","N/A","","3,632.4280","每年單位營業額產生之溫室氣體排放量較前一年減少1%","1.工廠實施節能措施:包含持續全面更換led燈管、改善冰機與空壓效能、午休時間關燈1小時，有效降低辦公室能源消耗，倡導節約能源與健康生活。 2.本廠已簽署 RE10x10，並規劃透過綠電轉供及/或購買再生能源憑證，以逐步提高再生能源使用比例。","1.工程面：冰機降載或效能提升、冷卻水塔清洗、辦公室/梯間/走廊空調節能、照明設備汰換，降低碳排量。  2.管理面：鼓勵員工多走樓梯少坐電梯、辦公區自午休時間關燈1小時。 3.年度預算編製綠電採購費用。"
"=""2408""","南亞科","39,066.0000","已完成合併財務報表之母子公司","已完成母公司","合理保證等級","370,627.0000","已完成合併財務報表之母子公司","已完成母公司","合理保證等級","817,588.0000","購買之商品及勞務,資本財,與燃料及能源相關活動（未納入範疇1或範疇2）,上游運輸及配送,營運中產生之廢棄物,商務旅行,員工通勤,下游運輸及配送,已銷售產品之使用,投資","已完成母公司","已完成母公司,活動類別「購買之商品及勞務、與燃料及能源相關活動（未納入範疇1或範疇2）、上游運輸及配送、營運中產生之廢棄物、商務旅行、員工通勤、已銷售產品之使用」7 項排放量(742,316公噸CO₂e)通過查證","有限保證等級","12.0000","本公司為吻合巴黎協定控制地球世紀末前升溫不超過2℃與追求1.5℃的宗旨，參考國際IPCC AR6、IEAWEO等報告訂定氣候策略與科學基礎減碳目標倡議組織(SBTi)的淨零目標指引，2022年通過SBTi審核減碳目標，以遠低於2℃的情境路徑推動減量(基準年：2020年)。 SBT減量目標：2030年溫室氣體範疇1+2排放量較2020年減少25%，2030年溫室氣體範疇3產品單位排放較2020年減量27%。","合併公司將碳管理納入其營運策略，採用內部碳定價機制、碳管理平台及產品碳足跡計算等方法，尋求減碳突破。為因應國際碳定價趨勢，合併公司已考量國際碳市場價格、溫室氣體相關法規的碳價及公司內部減碳成本，制定內部碳價，並以此作為減碳管理與規劃的參考。透過碳定價機制的運作，合併公司能及早因應我國「氣候變遷因應法」徵收的碳費、全球各國碳排放相關監管機制，以及「再生能源發展條例」提升綠電使用比例的要求等內外部減碳壓力與風險。此外，合併公司亦可藉此機制評估低碳轉型帶來的機會，滾動式調整相關政策與方案，發展如製程改善、提升能源使用效率及再生能源使用率等，以積極態度降低碳排放衝擊並提升營運競爭優勢。","- 目標值：2024年溫室氣體範疇1+2排放量較2020年減少10.0%，2024年溫室氣體範疇3產品單位排放較2020年減量10.8%。 - 實際值：2024年範疇1+2減量12.9%，範疇3減量19.4%。"
"=""2409""","友達","67,379.8600","全球營運據點","全球營運據點","合理保證等級","2,099,177.4500","全球營運據點","全球營運據點","合理保證等級","4,631,035.0700","購買之商品及勞務,資本財,與燃料及能源相關活動（未納入範疇1或範疇2）,上游運輸及配送,營運中產生之廢棄物,商務旅行,員工通勤,上游租賃資產,下游運輸及配送,已銷售產品之加工,已銷售產品之使用,下游租賃資產,投資","全球營運據點","全球營運據點","有限保證等級","8.2690","1. 組織碳排(範疇一及範疇二) (1)基準年: 2021年 (2)基準年總排放量: 2,920,400公噸CO2e (3)減量目標: 2030年SBT絕對減碳42%  2. 間接碳排(範疇三) (1)基準年: 2021年 (2)基準年總排放量: 1,286,100公噸CO2e (3)減量目標: 2030年SBT絕對減碳25%","1. 組織碳排(範疇一及範疇二) (1)提升能源效率: 持續透過推動 ISO 50001 能源效率改善作為，並使高效生產自動、智慧化、汰舊換新工程與輕資產化 (2)使用再生能源：透過友達既設電廠轉供，並持續加入多元類別再生能源的購售電合約與海外綠電憑證  2. 間接碳排(範疇三) (1)原物料減碳：要求供 應 商減 碳，並 制 定關 鍵 供 應 商 2030 年減碳20% 目標 (2)原燃物料減碳：透過減用電力與燃料，減少原燃物料開發階段的碳排放 (3)產品使用能耗：透過產品設計階段的材料、功率能耗改善，使產品符合美國能源之星驗證的未來能效標準之情境","1. 組織碳排(範疇一及範疇二) (1)間接能源減碳達 11.16% (2)絕對減碳較去年減少 10.83% (3)強度減碳較去年減少 16.95% (4)導入再生能源 6.67%  2. 間接碳排(範疇三) (1)採購商品與服務較基準年減量 19.14% (2)燃料與能源相關較基準年減量 13.96% (3)銷售產品使用較基準年減量 22.65% (4)範疇三總排放量較基準年減量 20.92%"
"=""2412""","中華電","28,203.4232","已完成合併財務報表之母子公司","已完成母公司,合併財務報表所有子公司共40家均完成盤查，其中33家取得證書","國富浩華/母公司/有限確信； 國富浩華/22家子公司/有限確信； 格瑞國際/4家子公司/合理保證； SGS/6家子公司/合理保證； 法標國際/1家子公司/合理保證","665,956.5763","已完成合併財務報表之母子公司","已完成母公司,合併財務報表所有子公司共40家均完成盤查，其中33家取得證書","國富浩華/母公司/有限確信； 國富浩華/22家子公司/有限確信； 格瑞國際/4家子公司/合理保證； SGS/6家子公司/合理保證； 法標國際/1家子公司/合理保證","1,845,044.9938","購買之商品及勞務,資本財,與燃料及能源相關活動（未納入範疇1或範疇2）,上游運輸及配送,營運中產生之廢棄物,商務旅行,員工通勤,上游租賃資產,下游運輸及配送,已銷售產品之加工,已銷售產品之使用,已銷售產品生命週期結束之處理,加盟,投資","已完成合併財務報表之母子公司","已完成母公司,合併財務報表所有子公司共40家均完成盤查，其中33家取得證書","國富浩華/母公司/有限確信； 國富浩華/22家子公司/有限確信； 格瑞國際/4家子公司/有限保證； SGS/6家子公司/有限保證； 法標國際/1家子公司/有限保證","2.7190","以「控制升溫1.5°C內」為情境，通過SBTi審查，承諾2045年達成淨零排放 1. 範疇一二: 2024較2020基準年減量10.10%，2030年較2020基準年減量50%，2040年較2020基準年減量95% 2. 範疇三:  2024較2021基準年減量7.86%，2030年較2021基準年減量25%，2045年較2021基準年減量90%","公司以科技減碳及使用再生能源兩大策略，推動淨零轉型。 1. 落實各項節電措施，以提升能源使用效率，包含3G網路汰停、基地臺採用C-RAN架構、推動PSTN公眾電話交換網路IP化、老舊耗能設備逐步汰換、空調優化及降低機房PUE值等 2. 再生能源使用: 再生能源購電協議(PPA)、建置再生能源案場，以自發自用取得再生能源憑證(T-REC) 3. 制定內部碳定價制度，除徵收碳費外，亦成立碳費基金鼓勵創新減碳專案及低碳產品開發等，以達節能減碳目標","溫室氣體減量目標達成情形 1. 範疇一及二: 2024較2020基準年實際減量20.88% 2. 範疇三:  2024較2021基準年實際減量7.75%"
"=""2413""","環科","257.5376","已完成母公司","已完成母公司","合理保證等級","3,227.3276","已完成母公司","已完成母公司","合理保證等級","728.5675","購買之商品及勞務,營運中產生之廢棄物","已完成母公司","已完成母公司","合理保證等級","1.3041","本公司以2022年為溫室氣體盤查之基準年，主要減量目標為每年1.5%，2026~2030每年減碳4%，2050年達國際碳排放要求。","本公司所屬電氣電子產業可能面臨之氣候相關風險與機會議題 →（收斂）依產品服務類型、營運據點氣候改變、營運及銷售市場法規規範發展趨勢、主要客戶氣候變遷策略評估與環隆科技相關之風險機會項目 → （重大性分析）高階管理層從氣候相關風險機會事件發生機率及事件對環隆科技之影響程度決定風險評分 →（策略因應）評估及研擬相關因應策略（含重大投資或支出）。 5.針對重大氣候相關風險與機會，本公司已於今(2025)年成立永續發展委員會，負責制定永續發展目標，擬訂相關管理方針及具體計畫，定期檢視氣候相關法規，連結國際政策與資源，戮力執行減碳績效，藉由董事會的督導強化永續治理的決心及成效。儘管國際局勢及總體經濟的不確定性持續變化莫測，我們仍以國際準則為依據，逐步建立透明、可衡量的永續目標，並承諾持續對外揭露永續資訊，接受利害關係人的監督與建議。  ","溫室氣體排放量盤查為推動溫室氣體管理之首要工作。環隆科技自2022年起展開盤查作業，採自主盤查及自願揭露方式，並依據 ISO 14064-1:2018 標準進行，以建立完整之碳排管理基礎。未來將持續提升盤查精確度與透明度，逐步擴大盤查範疇，並配合國際減碳趨勢與政府政策，導入具體之減量行動與目標管理機制，為實現低碳營運願景奠定紮實基礎。 在政府持續推動企業使用再生能源的政策倡導下，本公司積極響應永續能源轉型，於 2022 年於廠區頂樓設置太陽能發電系統，截至 2024 年，累積發電量達 735,600 kWh   。此外，為提升能源使用效率，本公司於 2024 年實施辦公大樓 1 至 5 樓之定頻排風馬達汰換作業，將原 103 kW 的定頻馬達更換為變頻馬達，運轉頻率平均降至 40 Hz，耗電量降低至 89.5 kW，整體能效提升約 13.1%，年節能量為 102,705 kWh  ，有效降低碳排放，展現公司在節能減碳與營運效能提升方面的具體成果。電力設備汰舊換新及再生能源系統建置經費總投入金額達23,701,200元。 執行項目與內容	具體作為說明	投入資源 (元)  	年節電量 (kWh)	年節能量 (kWh)	年減碳量 (噸CO2e) 傳統燈改為平板燈  	逐步部分汰舊更新	80,000 	8,760 	－	4.15 製程空壓機定頻更換為變頻式 	以變頻式為主控運轉，定頻為副控備機，有效降低其耗電量 效益46%電力。	750,000 	148,074 	－	70.19 太陽能發電設備	於 2022 年起，於頂樓開始設置太陽能發電設備，以提高綠能使用比例	13,000,000 	－	377,276 	178.83 燈具汰換為LED燈管	產線2~4F更換LED燈管為18w，有效提升照明效率並降低用電量	71,200	51,456	－	24.39 空污防治設備(洗滌塔)   	一至六樓之排氣機汰換為變頻控制設備，優化風量調整並降低耗能	9,800,000 	102,705  	－	48.68 "
"=""2414""","精技","N/A","N/A","N/A","","742.0200","僅母公司(不含無獨立電表之台中、台南、高雄分公司)","N/A","","N/A","","N/A","N/A","","0.0350","","",""
"=""2415""","錩新","1,308.5324","已完成母公司,子公司:錩新科技(越南)股份有限公司 ,富川精密(海陽)責任有限公司","已完成母公司,子公司:錩新科技(越南)股份有限公司 ,富川精密(海陽)責任有限公司","母公司:合理保證等級 子公司:有限保證等級","16,011.2187","已完成母公司,子公司:錩新科技(越南)股份有限公司 ,富川精密(海陽)責任有限公司","已完成母公司,子公司:錩新科技(越南)股份有限公司 ,富川精密(海陽)責任有限公司","母公司:合理保證等級 子公司:有限保證等級","42,821.8758","購買之商品及勞務,上游運輸及配送,營運中產生之廢棄物,員工通勤,下游運輸及配送","已完成母公司,子公司:錩新科技(越南)股份有限公司 ,富川精密(海陽)責任有限公司","已完成母公司,子公司:錩新科技(越南)股份有限公司 ,富川精密(海陽)責任有限公司","母公司:合理保證等級 子公司:有限保證等級","N/A","","",""
"=""2417""","圓剛","21.5791","已完成母公司","已完成母公司","合理保證等級","399.1107","已完成母公司","已完成母公司","合理保證等級","4,799.1777","購買之商品及勞務,上游運輸及配送,下游運輸及配送,已銷售產品之使用","已完成母公司","已完成母公司","有限保證等級","1.5954","本公司溫室氣體排放以2021年為基準年。 範疇一與範疇二減量目標如下： 1.短期目標（1~5年）：每年減少3%的溫室氣體排放。 2.中期目標（5~10年）：2030年減少28%的溫室氣體排放。 3.長期目標（10年以上）：2050年各營運據點達到淨零排放。","本公司自2021年起透過導入ISO 14064-1進行全面盤查公司之溫室氣體排放量，針對七大類溫室氣體進行全面性盤查，並依排放源型式區分。 本公司持續推動企業及供應鏈之溫室氣體減量政策，並以實際節能減碳、省水的節能措施，達成逐年減少溫室氣體排放量3%的目標。 具體行動: 能源使用： 提高能源使用效率，轉向可再生能源，並設定具體的能源使用減少目標，每年用電量減少5% 採取節能措施如下： 1.針對高耗能空調設備設定目標，更換高效能空調系統以減少能源消耗。 2.使用能源管理系統來監控能源使用情況，確保目標達成。 3.提高員工的節能意識，鼓勵節約用電。","2024年溫室氣體排放量，其中直接排放量21.58噸CO2e，間接溫室氣體排放量5,198.29噸CO2e，合計總排放量為5219.87噸CO2e。"
"=""2419""","仲琦","67.2941","已完成母公司","已完成母公司","合理保證等級","609.7696","已完成母公司","已完成母公司","合理保證等級","0.5284","營運中產生之廢棄物","已完成母公司","已完成母公司","有限保證等級","0.0745","2021為基準年包含新竹與越南工廠為25,922.749tCO2e (新竹為878.849tCO2e), 因2024/10越南關廠, 故自2024年起只統計新竹數據, 2025年起每年減量目標為-4.2%","1.評估建置太陽能發電 2.評估更換冰水主機 3.評估進行LED燈管汰換 4.每月一天WFH與連假前日提早兩小時下班 5.購買RECs","較2021基準年減少8.9% (範疇一+二)"
"=""2420""","新巨","916.3104","已完成合併財務報表之母子公司","N/A","","4,442.1103","已完成合併財務報表之母子公司","N/A","","N/A","","N/A","N/A","","2.3956","公司於2022年起以合併財務報告為邊界完成盤查，故基準年為2022年碳排6292公噸CO2e，並自基準年起每年至少減量2%以達成2030年減量16%至5286公噸CO2e之目標","今年起集團實行共同節電政策，嚴控冷氣溫度並減少開啟時間，休息時間分區熄燈。台灣區5月份總公司11樓機房保溫破損重包及裝導熱扇葉，五股廠更換新品LED T8燈具100盞可節約省電。中國廠週日不加班，週六下班後全場拉閘關電(生活用電除外)，加上自動化產線機台增加，整體加班時數下降。 盤查小組2員已於今年底取得經濟部iPAS淨零碳規劃管理師(初級)證書，下一年度預計辦理溫室氣體範疇3專題內部教育講座，以及實際盤查(如員工通勤/出差、供應鏈及客戶碳排調查等)，並將範疇1及範疇2歷年數據導入系統，提前為ISO 14064系統認證佈建雲端分析資料庫。","2024年溫室氣體排放較2022基準年累計減量成果： 範疇一累計減量35%、範疇二累計減量9%，範疇一及範疇二合併累計減量15%，進度超前"
"=""2421""","建準","2,231.3560","已完成母公司,已完成合併財務報表之母子公司,建準電機工業股份有限公司(高雄總部及工廠、台北辦事處) 昆山廣興電子有限公司 北海建準電子有限公司 北海立準電子有限公司 Sunon Electronics Philippines Corp. Sunon Inc. Sunon SAS Sunon Electronics India Private Limited","已完成母公司,已完成合併財務報表之母子公司,建準電機工業股份有限公司(高雄總部及工廠、台北辦事處) 昆山廣興電子有限公司 北海建準電子有限公司 北海立準電子有限公司 Sunon Electronics Philippines Corp. Sunon Inc. Sunon SAS Sunon Electronics India Private Limited","合理保證等級","13,161.0320","已完成母公司,已完成合併財務報表之母子公司,建準電機工業股份有限公司(高雄總部及工廠、台北辦事處) 昆山廣興電子有限公司 北海建準電子有限公司 北海立準電子有限公司 Sunon Electronics Philippines Corp. Sunon Inc. Sunon SAS Sunon Electronics India Private Limited","已完成母公司,已完成合併財務報表之母子公司,建準電機工業股份有限公司(高雄總部及工廠、台北辦事處) 昆山廣興電子有限公司 北海建準電子有限公司 北海立準電子有限公司 Sunon Electronics Philippines Corp. Sunon Inc. Sunon SAS Sunon Electronics India Private Limited","合理保證等級","123,048.3960","購買之商品及勞務,與燃料及能源相關活動（未納入範疇1或範疇2）,上游運輸及配送,營運中產生之廢棄物,商務旅行","已完成母公司,已完成合併財務報表之母子公司,建準電機工業股份有限公司(高雄總部及工廠、台北辦事處) 昆山廣興電子有限公司 北海建準電子有限公司 北海立準電子有限公司 Sunon Electronics Philippines Corp. Sunon Inc. Sunon SAS Sunon Electronics India Private Limited","已完成母公司,已完成合併財務報表之母子公司,建準電機工業股份有限公司(高雄總部及工廠、台北辦事處) 昆山廣興電子有限公司 北海建準電子有限公司 北海立準電子有限公司 Sunon Electronics Philippines Corp. Sunon Inc. Sunon SAS Sunon Electronics India Private Limited","有限保證等級","1.0530","本公司自2022 年起，每年執行溫室氣體盤查，定期評估與管控組織溫室氣體排放量，並設立該年度為基準年，基準年範疇一排放量為2,148.659 tCO2e、範疇二排放量為22,281.1582 tCO2e、範疇三排放量為158,673.764 tCO2e。 ","建準已於2023 年向科學減碳目標倡議組織（Science Based Targets initiative，簡稱SBTi）遞交承諾書，以「控制升溫在1.5° C」的情境，設立營運活動的直接排放( 範疇一)、能源使用的間接排放( 範疇二) 每年共減量6.25% 的目標，並承諾於2030 年達成碳排減半、2050 年達成淨零碳排。 為了達成2050 年淨零碳排，建準已擬定低碳轉型計劃，包含有： 一、 積極投入自主減碳，持續開發節能制程設備，提高能資源生產力及使用效率。 二、 逐年提高採用再生能源使用量，並推廣至供應鏈，以實際行動支持低碳能源轉型。 三、 投資零淨碳排技術：投資淨零碳排技術及參與碳抵減相關專案，以抵減不可避免或尚有消減技術限制的碳排放。 四、 再生材料與低碳材料導入，並持續研發具馬達效率與節能優勢的產品技術。","相較於基準年2022 年，今年度建準針對主要耗能設備進行汰換、並提高再生能源使用量的方式，減少範疇1 及範疇2 之排放量共9,037tCO2e，減量比例達37%。"
"=""2423""","固緯","56.5769","已完成母公司","N/A","","1,301.7936","已完成母公司","N/A","","N/A","","N/A","N/A","","0.4900","","",""
"=""2424""","隴華","7.6053","已完成母公司","N/A","","70.8983","已完成母公司","N/A","","N/A","","N/A","N/A","","1.7842","","",""
"=""2425""","承啟","0.2812","已完成母公司","N/A","","113.8010","已完成母公司","N/A","","N/A","","N/A","N/A","","0.0374","","",""
"=""2426""","鼎元","3,271.8020","已完成母公司","已完成母公司","合理保證等級","17,303.6600","已完成母公司","已完成母公司","合理保證等級","4,008.1600","購買之商品及勞務,營運中產生之廢棄物,員工通勤","已完成母公司","已完成母公司","合理保證等級","8.7457","2027 年鼎元光電個體單位百萬營業額溫室氣體排放量（範疇一與範疇二）相較於基準年（2022年）減少 30%","持續執行溫室氣體排放量盤查及取得第三方查證證書。 持續推動節能減碳專案包括：新增冷卻水塔降低空調負載、更換IE3節能馬達、空壓機裝設節能排水器、階段性全廠LED節能燈具更換及照明改善、廠區空調溫度調升。 持續運作HFC、PFCs、SF6 相關氣體之尾氣處理設備。","2024 年範疇一與範疇二排放之溫室氣體為 20,575.4620 公噸，較基準年 2022 年（26,006.910 公噸）減少約 20.8846%。 2024 年溫室氣體排放強度為 8.7457 公噸 CO2e／營收新台幣百萬元，較基準年 2022 年（11.8031 公噸 CO2e／營收新台幣百萬元）減少約 25.9034%。"
"=""2427""","三商電","376.2364","已完成母公司","N/A","","778.7733","已完成母公司","N/A","","1,151.8694","與燃料及能源相關活動（未納入範疇1或範疇2）,營運中產生之廢棄物,商務旅行,員工通勤","已完成母公司","N/A","","0.4762","","",""
"=""2428""","興勤","2,157.2500","已完成母公司,子公司元耀科技股份有限公司、興勤(常州)電子有限公司、東莞為勤電子有限公司、興勤(宜昌)電子有限公司及江西興勤電子有限公司","已完成母公司,子公司興勤(常州)電子有限公司、東莞為勤電子有限公司、興勤(宜昌)電子有限公司及江西興勤電子有限公司","合理保證等級","49,115.8000","已完成母公司,子公司元耀科技股份有限公司、興勤(常州)電子有限公司、東莞為勤電子有限公司、興勤(宜昌)電子有限公司及江西興勤電子有限公司","已完成母公司,子公司興勤(常州)電子有限公司、東莞為勤電子有限公司、興勤(宜昌)電子有限公司及江西興勤電子有限公司","合理保證等級","2,084.0100","與燃料及能源相關活動（未納入範疇1或範疇2）","已完成母公司,子公司元耀科技股份有限公司、興勤(常州)電子有限公司、東莞為勤電子有限公司、興勤(宜昌)電子有限公司及江西興勤電子有限公司","已完成母公司,子公司興勤(常州)電子有限公司、東莞為勤電子有限公司、興勤(宜昌)電子有限公司及江西興勤電子有限公司","合理保證等級","6.8200","2024 年本公司及子公司溫室氣體總排放量合計53,357.06 公噸CO2e，主要來自範疇二的間接使用電力排放，約占總排放量的92%。","114年由台達能源診斷報告書內容，預計實施空調系統冰水主機更新修正能源管理控制系統改善以最佳化控制，預計效益可減少542,336(KWh/年)，減少排碳268(公噸CO2e/年)，持續努力達到節能減碳績效。 2024 年持續減量減排方案措施空調系統冰水主機更新及參數調整、冷卻水塔循環水泵節能改造、車間空調換新管理、LED 燈管改善方案，持續努力達到節能減碳績效。另為因應氣候變遷及促進公司永續經營，未來將持續投入提升再生能源使用效率及節能產品開發，期望達到「辦公據點100% 使用綠電、生產廠房20% 用電量為再生能源」為目標。","2024 年本公司及子公司溫室氣體總排放量合計53,357.06 公噸CO2e，主要來自範疇二的間接使用電力排放，約占總排放量的92%。2024 年之溫室氣體總排放量比2023 年增量3,597.06 公噸CO2e，本次盤查為第三方查證盤查內容與自盤內容有所不同故排放量增加。"
"=""2429""","銘旺科","N/A","N/A","N/A","","N/A","N/A","N/A","","N/A","","N/A","N/A","","N/A","研議中","研議中","研議中"
"=""2430""","燦坤","2,066.1792","已完成合併財務報表之母子公司","N/A","","22,896.8557","已完成合併財務報表之母子公司","N/A","","N/A","","N/A","N/A","","1.3148","","",""
"=""2431""","聯昌","10.2844","已完成母公司","已完成母公司","合理保證等級","71.8282","已完成母公司","已完成母公司","合理保證等級","17.3219","與燃料及能源相關活動（未納入範疇1或範疇2）","已完成母公司","已完成母公司","有限保證等級","0.2467","","",""
"=""2432""","倚天酷碁-創","0.2600","已完成合併財務報表之母子公司","已完成合併財務報表之母子公司","合理保證等級","43.3400","已完成合併財務報表之母子公司","已完成合併財務報表之母子公司","合理保證等級","50.0000","與燃料及能源相關活動（未納入範疇1或範疇2）,營運中產生之廢棄物,員工通勤","已完成合併財務報表之母子公司","已完成合併財務報表之母子公司","有限確信","0.0000","本公司為宏碁集團的一分子，為響應集團政策實現宏碁2050淨零碳排目標，推出3大面向9項策略，致力從企業永續營運、產品與服務及價值鏈3大面向，並透過減少能源消耗、使用再生能源、負碳抵消、低碳產品與服務、使用再生物料、產品投入智慧與綠能應用、減碳目標與承諾、綠色製造與物流及實踐低碳循環經濟等九大方針著手，尋求產品管理與環境績效的平衡點，以全面性地減少碳足跡。","具體行動計畫： 1.轉型能源結構：促進可再生能源（如風能、太陽能）和其他低碳能源的發展，減少對化石燃料的依賴。 2.能源效率提升：通過技術創新和政策支持，提高能源利用效率，降低溫室氣體排放。 3.節能減排政策：制定和實施節能減排政策，鼓勵節能減排技術的應用和推廣。","為有效因應氣候變遷風險，倚天酷碁依據 GRI 305系列指標揭露其溫室氣體排放量，並依SASB硬體製造業相關指引，規劃能源轉型與碳排放管理策略。根據 2024年盤查結果，倚天酷碁的範疇一（Scope 1）碳排放量為0.26 噸 CO₂e，主要來自自有設備與設施的燃料使用；範疇二（Scope 2，市場基礎）碳排放量則為 43.34 噸 CO₂e，主要來自間接購電所產生的排放。 本公司已完成主要據點的能源審計作業，據此建立碳排放基線，並據以訂定階段性減碳目標。"
"=""2433""","互盛電","226.0000","已完成母公司","N/A","","226.0000","已完成母公司","N/A","","N/A","","N/A","N/A","","0.3230","溫室氣體排放基準年為 2022 年，選擇該年度為基準年之理由為首度自主進行溫室氣體盤查及數據搜集統計之年 份，該年度溫室氣體碳排量為 502.521 公噸CO2e。","2024 年，範疇一排放量為 226.2112 公噸CO₂e，範疇二為 225.5989 公噸CO₂e，總碳排放量較2022 年基準年減少 10 %。此減量主要歸功於虛擬會議的普及、差旅減少以及 車輛電動化等措施。此外，2024 年溫室氣體排放強度為 0.323 公噸CO₂e/百萬元，較基準年下降 9 %，顯示 公司在減碳方面的持續努力。","為進一步提升碳管理的準確性與透明 度，互盛計劃取得 ISO 14064-1：2018 溫室氣體查核聲明書，並持續推動每年減碳 3% 的中短期目標，朝向 2050 年實現淨零碳排的長期目標邁進。"
"=""2434""","統懋","N/A","N/A","N/A","","570.1443","已完成母公司","N/A","","N/A","","N/A","N/A","","N/A","目前尚未設定基準年及數據、減量目標、策略及具體行動計畫與減量目標，本公司將依金融 監督管理委員會111年3月發布「上市櫃公司永續發展路徑圖」循序制訂及執行。","目前尚未設定基準年及數據、減量目標、策略及具體行動計畫與減量目標，本公司將依金融 監督管理委員會111年3月發布「上市櫃公司永續發展路徑圖」循序制訂及執行。","目前尚未設定基準年及數據、減量目標、策略及具體行動計畫與減量目標，本公司將依金融 監督管理委員會111年3月發布「上市櫃公司永續發展路徑圖」循序制訂及執行。"
"=""2436""","偉詮電","50.0386","已完成合併財務報表之母子公司","N/A","","1,335.3138","已完成合併財務報表之母子公司","N/A","","287.7885","與燃料及能源相關活動（未納入範疇1或範疇2）","已完成合併財務報表之母子公司","N/A","","0.4477","為配合政府2050淨零碳排目標，公司將依照政府規定上市櫃公司溫室氣體盤查及查證時程，配合政府的減碳計畫，逐步推動公司相關溫室氣體盤查及減碳規劃以達永續發展之目標。每年排放量考慮公司業績成長因素，用電比例之增長後，最近一期係以2022年為基準年，2022年溫室氣體排放量(範疇一+範疇二)為1452.1222t-CO2e/年，溫室氣體排放密集度為0.5029(t-CO2e/百萬元)。減量目標預定在2026年達成溫室氣體密集度每單位(百萬元)營收達到減碳3%為目標加強推動。","--企業對於因應氣候變遷或溫室氣體管理之策略 我們瞭解到公司的運作包含產品開發、客戶服務及商業活動等皆可能影響到整個環境，為了減少對環境的衝擊，我們建立合格供應商體系，以確保材料不含有害物質，以期能與供應商形成綠色供應鏈，我們並致力於各種 能源之節省，並執行主要廢棄物之回收，對於有害物質管理、汙染預防、節能節水及廢棄物管理，我們藉由教育訓練及宣導使員工了解執行綠色產品計畫之重要性，及提升員工對企業永續發展之認知。 2015年起公司照明 逐漸替換為T5 LED燈管，節能效果顯著。  --企業溫室氣體排放量減量之預算與計畫 具體計畫如下: 具體推動措施包含：夏季空調溫度管控、能源效率管控，適時關閉無 人區域照明設備、將廠區燈具汰換為LED T5 燈具、建立電子化系統 減少紙張使用量、於各辦公地點建置視訊設備供員工溝通使用，善用遠端會議，減少出差所產生之碳排放量、各辦公地點更換部分冷氣機為變頻冷氣以達到節能效果、用水設備定期檢查，有損壞情形可及時 修復也鼓勵同仁如發現水設備損壞隨時回報公司以進行修繕、持續宣導節能、節水、車輛共乘及使用大眾運輸系統等措施，提醒同仁養成 節約能源之習慣等，並確實執行對供應商之管理，供應商所提供之製程及製成品 IC等需符合公司所定義的綠色產品。  --企業產品或服務帶給客戶或消費者之減碳效果 隨著國際對於環保及節能議題的持續關注，節能科技已成為產品發展主流之一，本公司開發之產品，節能減碳為主要訴求之一，例如應用電源產品之節能控制IC及馬達驅動控制IC等，可降低客戶產品能源消耗，提升能源利用率，以達到產品環境友善及環境永續發展。 ","溫室氣體年總排放量2024年及2023年各約為1385.3524t-CO2e及1495.7907t-CO2e二氧化碳當量，兩年度相較後，碳排放量減少7.38%。2024年及2023年總用電量分別為2,817,118度及2,916,453度，相較後，用電量減少3.41%。若以溫室氣體排放密集度，依照公司實際營業額換算每單位(百萬元)營收的碳排放數據，2024年與2023年相較每單位(百萬元)之排放二氧化碳當量分別為0.4477公噸二氧化碳當量(公噸CO2e/百萬元)及0.5184公噸二氧化碳當量(公噸CO2e/百萬元)。兩年相較後溫室氣體排放密集度減少13.64%; 另與2022年基準年相較後 溫室氣體排放密集度減少4.62%。"
"=""2438""","翔耀","N/A","N/A","N/A","","N/A","N/A","N/A","","N/A","","N/A","N/A","","N/A","","",""
"=""2439""","美律","774.4561","已完成合併財務報表之母子公司","已完成合併財務報表之母子公司","合理保證等級","16,438.6873","已完成合併財務報表之母子公司","已完成合併財務報表之母子公司","合理保證等級","194,467.4483","購買之商品及勞務,資本財,與燃料及能源相關活動（未納入範疇1或範疇2）,上游運輸及配送,營運中產生之廢棄物,商務旅行,員工通勤,上游租賃資產,下游運輸及配送,已銷售產品之加工,已銷售產品之使用,已銷售產品生命週期結束之處理,下游租賃資產,加盟,投資","已完成合併財務報表之母子公司","已完成合併財務報表之母子公司","合理保證等級","0.3925","以2023年為基準年，在控制升溫1.5°C內之條件下，承諾在2032年前將範疇一和範疇二的溫室氣體排放量減少50.4%；範疇三的溫室氣體排放量減少30%（控制升溫2°C內）","1.碳排減量與減碳路徑（Near-term SBT）設定：落實集團溫室氣體（範疇1～3）盤查，以確實掌握溫室氣體排放狀況、落實科學基礎減量目標（SBT)：以範疇一二控制升溫在1.5°C內與範疇三控制升溫低於2°C作為集團減碳目標之情境 2.提升能源效率：擴展節能措施，盤點能源設備進行效率提升；關注企業成功案例，學習相關節能經驗、能源監測系統與使用分析，以系統收集能耗數據，分析耗能熱點 3.推動再生能源：直接使用再生能源：評估建置太陽能發電系統與再生能源轉供方案、購買再生能源憑證：透過購買再生能源憑證支持當地再生能源發展、評估購電協議（PPA） 4.內部碳定價：訂定影子價格（Shadow Pricing）：透過設定內部碳定價，以評估組織未來可能面臨與氣候變遷相關的法規、轉型風險等 5.水資源與廢棄物管理：美律生產過程不需用水，故以ISO 14001作為工廠水資源管理之基礎，節水部分之措施則以增設節水設備並加強員工意識為主、以ISO14001作為工廠廢棄物管理之基礎，定期追蹤工廠危廢排放狀況，即時針對異常產廢進行分析與改善","1.碳排減量與減碳路徑（Near-term SBT）設定：採用GHG Protocol標準，完成合併報表所有個體之溫室氣體盤查，且通過SGS第三方查證、2024年底送審，並成功在2025年2月取得SBTi官方審核通過，美律遵循Near-term SBT減碳路徑進行目標實踐、溫室氣體範疇一、範疇二排放量相較基準年2023年減少5.74%、透過溫室氣體盤查系統，數位化管理碳排活動數據與憑證文件 2.提升能源效率：2024年能源密集較基準年2023年減量19.34%、可量化的節能方案年度節電量約336,473 kWh，較2023年方案多節電約232,950 kWh 3.推動再生能源：2024年美律RE100承諾範圍共使用13,994MWh再生電力，占總電力耗用量43.11%；其中4,624MWh為直接使用再生電力，其餘9,370MWh則透過購買再生能源憑證、相較2023年，再生能源使用占比增加86.54%、台灣總部、MECL、METC、MEVN皆已完成屋頂型太陽能系統建置，且全數啟用並聯發電 4.內部碳定價：台灣總部導入內部碳定價機制，採用影子碳價制度納入投資效益評估、完成規畫各營運據點導入設定內部碳定價機制之短中長期目標與推廣時程 5.水資源與廢棄物管理：水資源：2024年用水密集度較基準年2023年減少24.29%、MEVN進行純水機廢水利用，並增加自來水進水截流閥、METC定期清潔排水管確保排水順暢、減少污水的水源消耗、MSCS定期巡檢，嚴實監控用水與防止漏水問題;廢棄物：廢棄物處理100%遵守當地法規標準、ASCX力行節約用紙、重複使用，2024年廢紙售賣重量較2023年減少約14.4%"
"=""2440""","太空梭","98.8679","已完成合併財務報表之母子公司","N/A","","6,669.5173","已完成合併財務報表之母子公司","N/A","","59,285.5555","上游運輸及配送,營運中產生之廢棄物,商務旅行,員工通勤,上游租賃資產,下游運輸及配送","已完成合併財務報表之母子公司","N/A","","16.5759","1. 本公司（含集團子公司）為因應氣候變遷並參酌主管機關「上市櫃公司永續發展路徑圖」指引，提早完成2024年度溫室氣體盤查，盤查範圍除規範範疇一直接溫室氣體排放與範疇二能源間接，包括範疇三其他間接溫室氣體排放也已完成。 2. 以2024年為基準年，但此數據為自主盤查，未經外部查證，持續以效能提升為減量主軸。 3. 積極進行節能減碳方案。","1. 全球暖化日趨嚴重，集團已自主完成2024年度溫室氣體盤查與能源消耗統計。 2. 2026年完成2025年度溫室氣體盤查，並將工作執行進度呈報董事會。 3.持續精進製程管理，定期檢視設備，優先採購節能設備。 4. 加強內部教育訓練，園區辦公室或廠區特性及危害分析，對於未來天然災害發生時，提升應變能力，因應及將損失降至最低。 5.辦公室在裝潢、光線設計之初，全面照明即採用節電、LED燈飾，符合環保需求，低熱度、不閃爍，達到節能省電效益。 6.宣導同仁室內空調溫度設定在26°C之最適溫度，並考量日曬裝設窗簾。 7.空調設備定期清潔保養，維持空調設備高效率運轉狀態。 8.總公司辦公室建置全熱交換機，具能源熱回收的強制通風設備，將新鮮空氣引進室內，並將室內汙濁空氣排至室外，適時啟動，改善室內空氣品質，在兩股氣流排出前進行能源交換，維持原有空調狀態盡量不改變室內溫度的效果，降低引進室外空氣造成空調設備的負擔而達到節能節電。","1.經自主盤查以2024年為基準年，尚無整體碳排放量數據比較。 2.以統計近二年期間能源消耗，2023年15.96能源密集度(GJ/百萬營收)，2024年13.01能源密集度(GJ/百萬營收)，顯示在經營領導者帶領全體同仁盡心盡力達成提升各項能源使用效率。 "
"=""2441""","超豐","1,212.6688","已完成母公司","已完成母公司","合理保證等級","107,550.7476","已完成母公司","已完成母公司","合理保證等級","27,296.8955","上游運輸及配送","已完成母公司","已完成母公司","有限保證等級","7.1490","以2022年為基準(Scope1+2)，基準年排放值:108,654CO2e， 減量目標為 2030年減量10% 。","1.導入高效能設備、變頻馬達、節能照明、加裝變頻器等措施。 2.進行設備汰換計畫，優先淘汰高耗能老舊機台。 3.採購綠電T-REC、太陽能憑證）、設置自有再生能源設備（如太陽能板)。 4.鼓勵物流、原物料採購轉為低碳或區域優先原則。 5.idle機台關機&CDA查漏執行。","以2022年為基準，2024年減量已達3%，持續朝2030年10%減量目標邁進。"
"=""2442""","新美齊","N/A","N/A","N/A","","82.0100","已完成母公司","N/A","","N/A","","N/A","N/A","","N/A","企業溫室氣體排放量減量目標 A. 新建工程溫室氣體減量強度績效:113年為0.13公噸/㎡，達成預期目標0.1公噸/㎡。 B. 113年辦公區域溫室氣體排放量，目標為維持在80公噸以下，實際113年總用電量相當排放82.01公噸CO2的碳排量，與預期目標差距甚微。","2.2a企業對於因應氣候變遷或溫室氣體管理之策略 考量建築物生命週期評估(Life Cycle Assessment, LCA)，從建材生產、運輸、營建、使用、維護到建築物拆解、廢棄物處理等過程所造成的環境衝擊評估下， 主張規畫及營造之住宅需具備永續、低碳、智慧及健康等四大性能，並積極推動綠色採購，以達到友善環境、永續地球的管理方針與作為。 2.2b企業溫室氣體排放量減量之預算與計畫 1.營建工地透過各項友善環境措施，強化溫室氣體減量措施、2. 推動綠色採購、3. 推動無紙化辦公環境，以減少環境衝擊。","企業產品或服務帶給客戶或消費者之減碳效果 營建工地透過各項友善環境措施，包括，景觀綠化工程、基地周邊認養區域種植綠化、使用「節能標章」認證的產品、使用照明時序控制系統、使用LOW-E玻璃加強採光及通風、採用輕質隔間牆、規劃廚餘冷藏設備及資源分類回收空間等。"
"=""2444""","兆勁","193.5997","已完成母公司","N/A","","2,500.5292","已完成母公司","N/A","","4,207.2472","購買之商品及勞務,上游運輸及配送,營運中產生之廢棄物,商務旅行,員工通勤,下游運輸及配送","已完成母公司","N/A","","4.9686","","",""
"=""2449""","京元電子","8,637.7363","已完成合併財務報表之母子公司","已完成合併財務報表之母子公司","合理保證等級","445,016.7844","已完成合併財務報表之母子公司","已完成合併財務報表之母子公司","合理保證等級","503,695.2364","購買之商品及勞務,資本財,與燃料及能源相關活動（未納入範疇1或範疇2）,上游運輸及配送,營運中產生之廢棄物,商務旅行,員工通勤,下游運輸及配送,投資","已完成合併財務報表之母子公司","已完成合併財務報表之母子公司","有限保證等級","12.2608","2025年京元電子集團(範疇1+2)較2022年溫室氣體減少10% 2030年京元電子集團(範疇1+2)較2022年溫室氣體減少15% 2040年京元電子集團(範疇1+2)較2022年溫室氣體減少30% 2050年京元電子集團較2022年溫室氣體減少100%","1. 購買再生能源、碳權，2024年透過購買再生能源，共減少7,466噸範疇二排放 2. 執行廠內各項節能專案，並將既有冷媒替代為環保型冷媒 3. 各廠區屋頂增設太陽能發電系統 4. 持續將廢棄物處置由焚化轉成再利用形式，例:廢空桶 5. 持續進行綠色運輸減碳，2024年起與廢棄物清除商合作; 透過廢棄物壓縮減容處理可減少清運車趟，預估未來每年可減少6,000噸範疇三排放 6. 評估低碳包材使用;輔導供應商進行碳足跡盤查","2024年達成情形:(範疇1+2)密集度較2022年削減3.83%"
"=""2450""","神腦","534.1878","已完成合併財務報表之母子公司","已完成合併財務報表之母子公司","合理保證等級","4,661.0177","已完成合併財務報表之母子公司","已完成合併財務報表之母子公司","合理保證等級","2,176.9865","購買之商品及勞務,營運中產生之廢棄物,商務旅行,員工通勤","已完成合併財務報表之母子公司","已完成合併財務報表之母子公司","有限保證等級","0.1608","本公司於2024年完成2023年神腦全據點溫室氣體盤查作業，將以2023年為基準年進行相關目標設定。 2023年溫室氣體排放總量中電力約佔74.76%，故擬定溫室氣體減量未來方向，以每一年減少1%(約50.3095 kg-CO2e)用電總度數為目標。","積極加強宣導隨手關燈避免不必要浪費及控制空調溫度等措施因應","神腦全據點2023年用電度數為10,163,535.97kWh ；2024年用電度數9,263,066.338kWh。 2024年較2023年減少8.86%"
"=""2451""","創見","31.9900","已完成母公司","N/A","","3,898.6500","已完成母公司","N/A","","N/A","","N/A","N/A","","0.3900","","",""
"=""2453""","凌群","45.0894","已完成母公司","已完成母公司","合理保證等級","1,438.3460","已完成母公司","已完成母公司","合理保證等級","513.2357","上游運輸及配送,商務旅行,下游運輸及配送","已完成母公司","已完成母公司","有限保證等級","0.2211","基準年:113年度，排放量 : 1,996.671 TCO2e，減碳目標 : 1%","減碳策略 : 全面檢討並精進現有節電，省水，垃圾減量作為，透過系統監控成效。 具體行動計畫 : (1) 使用自行開發之「智慧型用電監控節能系統(GreenMaker)」，建立具備智慧型管理機制的節電服務平台，提供大樓最佳化電力使用，協助管理大樓用電。 (2) 辦公區照明設備全面使用LED 燈，電費即有顯著之節電效益，公司將持續改善用電並以每年節省1% 之電量為目標。 (3) 公用區域照明設備採感應式定時管理。 (4) 採購設備時以環保節能為優先考量。 (5) 冷氣空調定時管理並採限溫措施( 設定不低於攝氏26 度)，以降低用電量及避免氣體排放。 (6) 推行電子化公文用、舊信封作為公文袋傳遞內部文件、回收廢碳粉匣、廢紙張，落實紙張回收再利用等環保作為。 (7) 辦公區進行不定期環境檢查。 (8)樓層選派環境委員及幹事負責該樓層各項節約能源及安全管制(含門禁、緊急狀況處理、可能致公司營運中斷之危機應變處理) 相關事宜。 (9) 致力研發相關節能產品，以降低對環境之衝擊。 (10) 落實廢棄物管理政策及節水措施。","目標達成情形 : 因基準年為  113年，達成情形需於115年計算114年度的溫室氣體排放量後才能提供"
"=""2454""","聯發科","5,622.0000","已完成合併財務報表之母子公司","已完成母公司","合理保證等級","122,840.0000","已完成合併財務報表之母子公司","已完成母公司","合理保證等級","18,623.7020","與燃料及能源相關活動（未納入範疇1或範疇2）","已完成母公司","N/A","","0.2420","減量目標與基準年：聯發科技已於2025年上半年通過科學基礎減量目標倡議(SBTi)審核通過，減量目標為2030年範疇一及範疇二溫室氣體排放量，相較於2023年基準年減少42%，於2050年達到SBT淨零排放目標。2030年範疇三(購買商品或服務、燃料和能源相關活動、銷售產品使用)之溫室氣體排放量，相較於2023年基準年減少25%，於2050年達到SBT淨零排放目標。 基準年溫室氣體排放數據：基準年本公司及合併財務報告子公司之範疇一及範疇二之總排放量84,545公噸 CO2e。","減量策略：(1) 擴大使用再生能源，(2) 降低能源使用量。 具體行動計畫：(1)採購或建置風電及太陽光電；(2)新辦公棟使用/舊辦公棟更換 LED 節能照明、新建資料中心使用最先進節能浸沒式制冷技術。","將持續追蹤檢視以達成上述 2025 年(含)以後年度之減量績效。"
"=""2455""","全新","602.4688","平鎮廠及平鎮二廠","平鎮廠及平鎮二廠","合理保證等級","14,810.8884","平鎮廠及平鎮二廠","平鎮廠及平鎮二廠","合理保證等級","3,046.4320","與燃料及能源相關活動（未納入範疇1或範疇2）,營運中產生之廢棄物","平鎮廠及平鎮二廠","平鎮廠及平鎮二廠","合理保證等級","4.7600","本公司於101年即進行自願性盤查(當時僅有平鎮廠)，110年盤查完整涵蓋全公司兩個廠區，111年依ISO14064-1：2018新版條文規定進行盤查將溫室氣體排放範疇一~三納入，考量盤查的完整性，故將111年列為基準年。","長期對標政府政策，透過再生能源(RE100)、碳權與供應鏈管理，達成2050淨零排放。 中期對標科學基礎減量目標倡議(SBTi)，透過導入再生能源(RE50)與儲能設施等，目標2040年公司碳排放量(範疇一與二)控制在0.8萬公噸。 短期透過提升能源效率、替換老舊設備與導入再生能源(RE10-30)，目標2030年前持續提升產值但維持碳排放量或排放密度沒有顯著增長(範疇一與二合計不超過1.6萬噸/年，排放密度不超過5.9噸/百萬營收) ","108年~113年目標為平均年能源節約率達1%，113年因推動恆溫槽設備改善、純水系統送水壓力調降、平鎮廠大廳傳統燈具更換成LED燈具、空壓機老舊淘汰為變頻式、VOC系統更新風車馬達暫停使用、洗滌塔-1堵塞清潔保養，、洗滌塔-2調降風車馬達運轉頻率、空調箱運轉時間調整，達節電率1%。"
"=""2457""","飛宏","1,058.9241","飛宏科技(股)公司(PHT)/飛宏(東莞)電子有限公司(PHC)/東莞達宏電子有限公司(PHP)/越南飛宏有限公司(PHV)/馳諾瓦科技(股)公司(ZTM)/馳諾瓦科技(東莞)有限公司(ZCM)","飛宏科技(股)公司(PHT)/飛宏(東莞)電子有限公司(PHC)/東莞達宏電子有限公司(PHP)/越南飛宏有限公司(PHV)/馳諾瓦科技(股)公司(ZTM)/馳諾瓦科技(東莞)有限公司(ZCM)","合理保證等級","20,470.1035","飛宏科技(股)公司(PHT)/飛宏(東莞)電子有限公司(PHC)/東莞達宏電子有限公司(PHP)/越南飛宏有限公司(PHV)/馳諾瓦科技(股)公司(ZTM)/馳諾瓦科技(東莞)有限公司(ZCM)","飛宏科技(股)公司(PHT)/飛宏(東莞)電子有限公司(PHC)/東莞達宏電子有限公司(PHP)/越南飛宏有限公司(PHV)/馳諾瓦科技(股)公司(ZTM)/馳諾瓦科技(東莞)有限公司(ZCM)","合理保證等級","3,213.2510","與燃料及能源相關活動（未納入範疇1或範疇2）","飛宏科技(股)公司(PHT)/飛宏(東莞)電子有限公司(PHC)/東莞達宏電子有限公司(PHP)/越南飛宏有限公司(PHV)/馳諾瓦科技(股)公司(ZTM)/馳諾瓦科技(東莞)有限公司(ZCM)","飛宏科技(股)公司(PHT)/飛宏(東莞)電子有限公司(PHC)/東莞達宏電子有限公司(PHP)/越南飛宏有限公司(PHV)/馳諾瓦科技(股)公司(ZTM)/馳諾瓦科技(東莞)有限公司(ZCM)","有限保證等級","1.9755","減碳目標已通過SBTi審查，目標於2030年將範疇一與二排放量較2021年減少42%，範疇三排放量較2022年減少51.6%，並於2050年實現淨零排放。","節能投資 實踐碳中和  飛宏於2024年積極推動能源管理系統，成立能源管理小組，透過能源監控與盤查挖掘節能機會，並設定具體節能目標，定期追蹤與報告節能績效，以確保目標持續優化並有效落實。在設備升級方面，林口總部於2024年重新設計並更換高效節能的冷卻水塔，以提升冰水機運行效率。東莞廠區則成功運行第一、二、三期廠房的太陽能發電系統，全年發電量達214萬度（770萬MJ），減碳量達942.25噸CO2e。此外，越南海防廠正積極規劃太陽能系統，預計於2025年下半年正式運行，每年可望節電250萬度（900萬MJ），減碳1,375噸CO2e，進一步推動綠色能源轉型，落實永續發展目標。","相較基準年（2021年），2024年集團範疇１與範疇２的總排放量已大幅減少26.59%。與設定的SBT目標（2030年減少42%）相比，已實現63.31%的減排目標。"
"=""2458""","義隆","352.6604","已完成母公司","已完成母公司","合理保證等級","2,244.9829","已完成母公司","已完成母公司","合理保證等級","496.5191","與燃料及能源相關活動（未納入範疇1或範疇2）,營運中產生之廢棄物","已完成母公司","已完成母公司","有限保證等級","0.2100","義隆電子以 2022 年為基準年，逐年下降 1%溫室氣體排放量(範疇一+範疇二)。","1.2024年使用5%再生能源。 2.推行ISO 50001能源管理系統。 3.節電目標短中期目標以2019年為基準年，短期目標2024年累計節電率8.5%，中期目標2025年累計節電 率達到10%。"" ","1.2024 年較基準年(2022年)共減少 13.22%的溫室氣體排放量 2. 2024年已使用5.53%的再生能源。 3.累計至2024年累計節電率為9.09%。 "
"=""2459""","敦吉","81.7973","已完成母公司","N/A","","365.1217","已完成母公司","N/A","","N/A","","N/A","N/A","","0.5218","本公司為導入溫室氣體盤查制度，現階段已啟動自主溫室氣體盤查及排放數據蒐集作業，因仍屬初期階段，尚未訂定基準年，後續將俟排放資料更趨完整後，再行研議減量目標及具體執行方案，並依《上市櫃公司永續發展路徑圖》規定，於法定期限內完成基準年設定及揭露減量目標。","依《上市櫃公司永續發展路徑圖》規定，待完成合併公司溫室氣體盤查資訊作業，將依排放量進一步討論訂定減量目標、策略及具體行動計畫。","目前未設定具體減量目標，尚無減量目標達成。"
"=""2460""","建通","N/A","N/A","N/A","","N/A","N/A","N/A","","N/A","","N/A","N/A","","N/A","","",""
"=""2461""","光群雷","16.8100","已完成母公司","N/A","","1,642.5800","已完成母公司","N/A","","971.4500","與燃料及能源相關活動（未納入範疇1或範疇2）,上游運輸及配送,營運中產生之廢棄物,員工通勤","已完成母公司","N/A","","1.5700","","",""
"=""2462""","良得電","11.0780","已完成母公司","N/A","","77.6412","已完成母公司","N/A","","473.2871","購買之商品及勞務,資本財,與燃料及能源相關活動（未納入範疇1或範疇2）,上游運輸及配送,營運中產生之廢棄物,商務旅行,員工通勤,下游租賃資產","已完成母公司","N/A","","0.1400","研議中","研議中","研議中"
"=""2464""","盟立","203.4540","已完成母公司","N/A","","3,824.5730","已完成母公司","N/A","","N/A","","N/A","N/A","","0.6405","","",""
"=""2465""","麗臺","47.0949","已完成母公司,已完成合併財務報表之母子公司","N/A","","666.3207","已完成合併財務報表之母子公司","N/A","","N/A","","N/A","N/A","","N/A","","",""
"=""2466""","冠西電","63.7689","已完成母公司","N/A","","2,209.0381","已完成母公司","N/A","","N/A","","N/A","N/A","","4.4048","溫室氣體減量基準年：2023年 2025~2027：每年總碳排放量較前一年度排碳密集度減少10% 2028：每年排碳密集度減少5% 2029：每年排碳密集度減少3%","(1)本公司於110年已全面推行電子發票減少碳排放量。 (2)本公司於已導入電子公文系統實施無紙化作業，使得作業便捷、節省時間亦可大量減少紙張耗用。 (3)常態性流程簽核改由電子簽核方式，節省時間亦可減少紙張耗用。 (4)隨手關燈、下班時由專人再次檢查以確保電源關閉。 (5)室內空調溫度設定為26度。 (6)為了達成節能減碳目標，將使用高效能設施，如:導入LED燈管、自動感應燈及採用相關節能標章產品…等。","排碳密集度減少17%→達成 (範疇一及二，與減量基準年2023年作比較)"
"=""2467""","志聖","827.3483","已完成母公司","已完成母公司","合理保證等級","1,471.4924","已完成母公司","已完成母公司","合理保證等級","532.4922","購買之商品及勞務,營運中產生之廢棄物,商務旅行,下游運輸及配送","已完成母公司","已完成母公司","有限保證等級","0.7600","導入ISO50001能源管理制度","1.盤查汰換節能設備、導入智能化設備、能源監控系統 2.與政府功能單位計劃合作(如產發署)，配合相關減碳計劃及方案執行","NA"
"=""2468""","華經","27.7839","已完成母公司","N/A","","311.3712","已完成母公司","N/A","","245.3726","商務旅行,員工通勤","已完成母公司","N/A","","0.1510","2023年為基準年 範疇一：30.7347 公噸CO₂e 範疇二：332.4022 公噸CO₂e 碳排放減量目標： 短期目標（2025年）： 1. 減少外購電力排放（範疇2）1.5%。 2. 完成範疇3碳排放基線盤查，初步掌握供應鏈排放數據。 中期目標（2030年）：營運相關碳排放減少5%。 長期目標（2050年）：全面達成營運碳中和。","一、碳排放減量目標： 短期目標（2025年）： 1. 減少外購電力排放（範疇2）1.5%。 2. 完成範疇3碳排放基線盤查，初步掌握供應鏈排放數據。 中期目標（2030年）：營運相關碳排放減少5%。 長期目標（2050年）：全面達成營運碳中和。  二、行動計畫： 短期計畫（1年內）： 1. 風險：氣候異常導致能源成本增加與營運中斷風險。     行動：導入ISO 50001能源管理系統，並提升資訊機房能源效率，減少電力消耗1.5%。 2. 機會：企業對低碳IT解決方案需求提升。     行動：推出碳足跡追蹤技術及能源管理系統，協助客戶降低碳排放。 中期計畫（2-3年內）： 1. 風險：供應鏈碳排放壓力與合規要求提升。     行動：逐步盤查範疇3碳排放。 2. 機會：ESG市場擴展需求增加。     行動：深耕金融、政府及製造業市場，開發綠色解決方案及管理平台。 長期計畫（3年以上）： 1. 風險：全球碳中和趨勢推動排放成本增加。     行動：設定2050年達成碳中和目標。 2. 機會：綠色科技與永續IT服務市場持續擴大。     行動：專注研發節能技術與低碳產品。","2024年較2023年範疇二碳排減少21.031 公噸CO₂e"
"=""2471""","資通","N/A","N/A","N/A","","204.4700","已完成合併財務報表之母子公司","N/A","","N/A","","N/A","N/A","","N/A","","",""
"=""2472""","立隆電","2,993.3453","已完成合併財務報表之母子公司","N/A","","26,884.8654","已完成合併財務報表之母子公司","N/A","","2,024.5796","下游運輸及配送","已完成合併財務報表之母子公司","N/A","","3.2719","1.溫室氣體減量基準年：2023年 2.基準年集團溫室氣體排放量：34,956 公噸CO₂e 3.集團溫室氣體減量目標：     「2030年減量20%、2040年減量50%、2050年減量100%」","2024年各廠執行溫室氣體行動方案如下： 1.針對原本使用定頻電機之倉庫空調系統，進行全面升級為變頻電機。 2.化學品包裝減量 3.回收使用廢棄材料 4.改善充電選別機爐溫 5.製程、設備改善 6.設置太陽能光伏發電 7.燈具更換成更節能的 LED 燈具、感應式照明 8.中央空調自控系統、遠程控制 9.雨水回收池 10.推行低塑環保行動","1.內部設定每年減量1%-3% 2.2024年排放量31,902公噸CO₂e，較2023年排放減量達13.6%"
"=""2474""","可成","29,981.1100","已完成合併財務報表之母子公司","N/A","","181,105.0500","已完成合併財務報表之母子公司","N/A","","180,993.8600","購買之商品及勞務,資本財,與燃料及能源相關活動（未納入範疇1或範疇2）,上游運輸及配送,營運中產生之廢棄物,商務旅行,員工通勤,上游租賃資產,下游運輸及配送,已銷售產品之加工,已銷售產品之使用,已銷售產品生命週期結束之處理,下游租賃資產,加盟,投資","已完成合併財務報表之母子公司","N/A","","11.6700","其他","為規劃溫室氣體減量策略，本公司於2022年以合併財務報告為邊界完成盤查，故基準年為2022年其範疇一及範疇二溫室氣體排放量（Location-based）為295,862.15噸CO2e，範疇三溫室氣體排放量為273,704.42噸CO2e，並依循科學基礎減量目標（Science Based Targets initiative, SBT）自主設定短中長期減碳目標，承諾於2030年合計減少範疇一及範疇二絕對溫室氣體排放量46.2%、並減少範疇三溫室氣體排放量27.5%。可成亦設定長期目標(Long-term Target)，承諾於2050年減少範疇一、範疇二，以及範疇三絕對溫室氣體排放量分別達90%。 (1).導入節能設備、整併空壓機、使用LED燈等相關措施，估計各廠區每年可降低至少1.5%用電量。宿遷廠區於2024年底獲頒ISO 50001能源管理系統證書，顯示其積極作為獲得肯定。 (2).追求永續製造，持續提升廢棄物與水資源再利用率；採購低碳原料，目前低碳產品製程中使用再生鋁比例已接近100%。 (3).導入綠色採購制度，增加低碳/再生原物料的使用並開發低碳技術、優先選擇環保節能設備進行採購。 (4).提升水資源再利用的效率，包含持續優化廢水回收設備、純水系統廢水回收至冷卻水塔補水使用、導入廢水過濾系統，將研磨廢水進行循環再利用。 (5).積極參與產業鏈低碳計劃，執行各項減碳計劃。","2024 年範疇一及範疇二溫室氣體排放量較 2022 基準年減少 28.65%，範疇三溫室氣體排放量較 2022 基準年減少 33.87%，已達成階段性減量目標。"
"=""2476""","鉅祥","298.1444","已完成母公司","N/A","","4,997.2668","已完成母公司","N/A","","1,336.0463","員工通勤","已完成母公司","N/A","","3.2431","2022年為基準年、總排放當量6709.533公噸CO₂e","調查廠內各個設備已漸進式逐步汰換高效能設備","無"
"=""2477""","美隆電","46.3333","已完成母公司","N/A","","210.3500","已完成母公司","N/A","","N/A","","N/A","N/A","","0.6259","短期目標:2025 年溫室氣體減量≧ 25%（VS 2022 年基準年）","a. 持續節電每年平均節電率≧ 1%。              b. 購買節能設備降低能源消耗。                     c. 減少交通排放，鼓勵員工使用大眾運輸、共乘、減少不必要的出差。 d. 辦公室全面更換為LED 燈具。 e. 調整空調設定，夏季溫度不低於26℃，冬季溫度不超過20℃ f . 減少廢棄物的產出，推動垃圾分類增加回收率。 g. 定期舉辦節能減碳宣導、提高員工節能減碳意識。 ",""
"=""2478""","大毅","502.9320","已完成母公司","已完成母公司","合理保證等級","24,483.2380","已完成母公司","已完成母公司","合理保證等級","34,675.7800","購買之商品及勞務","已完成母公司","已完成母公司","有限保證等級","4.9662","2024年溫室氣體排放範疇一、二相較 2021基準年減量10%；2025年溫室氣體排放範疇一、二相較 2021基準年減量13%；2030年溫室氣體排放範疇一、二相較 2021基準年減量28%","2024年更換冰水主機1台及立式箱型冷氣20台，預估節能效益達1,019,006KWH，減少用電量； - 2025年將投資建置太陽能光電600KW，估算每年可發綠電約55-60萬度，降低外購電力用量； - 2026年將啟用新建築南山二廠，建築能源效益提升，減少輸入能源。","2024年溫室氣體排放範疇一、二相較 2021基準年減量11.67%"
"=""2480""","敦陽科","192.7834","已完成母公司,母公司敦陽科技及子公司敦陽資訊","已完成母公司,母公司敦陽科技及子公司敦陽資訊","有限確信","791.6326","已完成母公司,母公司敦陽科技及子公司敦陽資訊","已完成母公司,母公司敦陽科技及子公司敦陽資訊","有限確信","860.7295","與燃料及能源相關活動（未納入範疇1或範疇2）,營運中產生之廢棄物,商務旅行,員工通勤,下游運輸及配送","已完成母公司,母公司敦陽科技及子公司敦陽資訊","已完成母公司,母公司敦陽科技及子公司敦陽資訊","有限確信","0.1322","本公司為配合金管會永續發展路徑圖政策目標，開始擴大盤查範圍至全台各據點，並以完成第三方數據確信之2024年為基準重新設定減量目標，訂定每年組織類別一加類別二排放量較基準年降低1%為目標值。","本公司因應管理目標之策略如下： 1.室內溫度設定為26度至28度間，降低空調負荷。 2.汰換低效率老舊耗能之空調設備，並定期保養主機及清洗冷卻水塔。 3.使用LED照明燈具汰換舊有燈具。 4.其他制度管理（中午午休關燈1小時、下班前30分鐘關閉冷氣改採送風）。","因本年度為盤查基準年，尚無法驗證目標之達成情形。"
"=""2481""","強茂","509.9962","已完成母公司","已完成母公司","合理保證等級","23,849.1009","已完成母公司","已完成母公司","合理保證等級","21,613.4529","購買之商品及勞務,資本財,與燃料及能源相關活動（未納入範疇1或範疇2）,上游運輸及配送,營運中產生之廢棄物,商務旅行,員工通勤,下游運輸及配送","已完成母公司","已完成母公司","有限保證等級","5.3120","為降低氣候變遷帶來的營運衝擊，本公司針對溫室氣體排放設定管理目標之減量基準年、數據及減量目標如下：  (1)短期目標：         (A)溫室氣體排放量(範疇一及範疇二)減少幅度較基準年(2024年)排放總量之1%以上；         (B)年度碳密集度<9 (噸CO2e/百萬元)；    (2) 中期目標：         (A)2030年前較基準年(2024年)減碳>10%；         (B)年度碳密集度<9 (噸CO2e/百萬元)；    (3)長期目標：         (A)2040年達成碳中和；         (B)年度碳密集度<9 (噸CO2e/百萬元)。","一、本公司參考TCFD氣候變遷相關財務揭露鑑別風險與機會，並據以擬定因應策略：  (1)提升綠能市場產品之研發與應用； (2)強化再生能源運用及永續能源轉型； (3)碳費應對策略與減碳行動方案； (4)攜手供應鏈推動溫室氣體減量目標； (5)提升資源循環回收再利用率。 二、具體行動計畫如下： (1)2023~2024年引進廠區公用設備能源監控系統(含單一系統空壓機總功率達五百馬力以上，安裝總空氣流量計及獨立電表)，2024年結算，空壓機房對應整年度用電量約節省2% ( 實際導入約8個月 )，年度總節省電量約 295,085.93kWh/年，換算溫室氣體減量約145.77公噸CO2e； (2)於廠內設置太陽能板，2024年太陽能裝置總容量達183.89kW，全年總發電量為181,876.55kWh (約654.75 GJ)，其中154.63 kW容量為躉售予台電，共發電155,604 kWh (約560.17 GJ ) ; 29.26 kW容量供廠內自發自用，共發電26,272.55 kWh (約94.58 GJ )，未來公司將持續提升再生能源的使用比例，以實現有效減低碳排放量； (3)2023年通過ISO 50001驗證，定期依循ISO14001、ISO50001管理程序進行PDCA審查，以有效管理能源使用，改善能源績效。","本公司2024年岡山廠減碳量4.81%，已達成2024年訂定以2022年為基準之岡山廠減碳量>1%之目標。"
"=""2482""","連宇","58.7262","已完成母公司","N/A","","513.4368","已完成母公司","N/A","","N/A","","N/A","N/A","","1.5422","相較基準年(預計為2025年) 2030年度溫室氣體排放範疇一+範疇二減排1 % 2040年度溫室氣體排放範疇一+範疇二減排5 %","2024年開始規劃ISO 14064-1輔導認證計畫，逐步盤查廠區溫室氣體排放量，以瞭解溫室氣體排放情形及趨勢並提早因應，預計2026年完成盤查報告書與查證。","本公司以2025年為基準年，預計自2026年度開始揭露達成情形。"
"=""2483""","百容","156.9511","已完成母公司","N/A","","3,771.3610","已完成母公司","N/A","","N/A","","N/A","N/A","","3.2419","2025年預期減量目標公噸126.5652CO2e/年，減量方案主要為汰舊效率不佳設備提升設備產能轉換率，汰換200盞日光燈改為LED燈。","",""
"=""2484""","希華","580.3404","已完成母公司","已完成母公司","合理保證等級","12,639.9554","已完成母公司","已完成母公司","合理保證等級","5,456.8395","購買之商品及勞務,上游運輸及配送,營運中產生之廢棄物,商務旅行,下游運輸及配送","已完成母公司","已完成母公司","有限保證等級","0.0085","","",""
"=""2485""","兆赫","713.7400","已完成母公司","N/A","","4,150.3200","已完成母公司","N/A","","N/A","","N/A","N/A","","1.8633","無","節能減碳",""
"=""2486""","一詮","120.5464","已完成母公司","已完成母公司","合理保證等級","14,779.9551","已完成母公司","已完成母公司","合理保證等級","22,411.8004","購買之商品及勞務,上游運輸及配送,營運中產生之廢棄物,商務旅行,員工通勤","已完成母公司","已完成母公司","有限保證等級","14.3845","1. 溫室氣體減量基準年：2021 年。 2. 基準年數據：請詳上表2021 年總排放量43,760.78 公噸CO2e/ 年數據。 3. 減量目標：依「上市櫃公司永續發展路徑圖之時程」規劃，本公司將於2027 年度完成合併公       司溫室氣體盤查，故溫室氣體減量基準年將設定為2026 年。     其數據、減量目標、策略及具體行動計畫與減量目標達成情形：無( 暫不適用)。","策略及具體行動計畫：請詳本報告書章節4.7 氣候相關財務揭露。","減量目標達成情形：請詳本報告書章節4.7 氣候相關財務揭露。"
"=""2488""","漢平","N/A","N/A","N/A","","N/A","N/A","N/A","","N/A","","N/A","N/A","","1.5100","","",""
"=""2489""","瑞軒","1,209.4500","已完成合併財務報表之母子公司","已完成合併財務報表之母子公司","有限保證等級","24,683.2500","已完成合併財務報表之母子公司","已完成合併財務報表之母子公司","有限保證等級","N/A","","N/A","N/A","","1.1100","2025 - 溫室氣體排放減量：蘇州廠 15%；越南廠 15% 2030 - 溫室氣體排放減量：蘇州廠 30%；越南廠 30% 2050 - 溫室氣體排放減量：蘇州廠 50%；越南廠 50%","為有效落實節能減碳目標，瑞軒科技由廠務部和設備工程部負責統籌各營運廠區的能源與溫室氣體管理，並制定年度節能與減排計劃。能源管理目標及其達成情況將在年度管理評審會議中向最高管理層進行報告。各廠區藉由引入ISO 14064-1溫室氣體盤查系統和ISO 50001能源管理系統，並實施多項節能專案，提升能源使用效率。同時，透過產品碳足跡分析，針對碳排放量較高的製造流程進行優化，以期有效降低能源消耗。此外，我們不斷調整能源結構，並積極建置再生能源設備。蘇州廠於2024年完成首期2兆瓦太陽能發電系統建設，並計劃於2025年完成第二期建設，累計達4兆瓦。越南廠則預計於2025年進行太陽能發電系統的導入評估。透過自發自用的太陽能光電系統，減少外購電力的成本與需求。瑞軒科技持續研究並設定太陽能發電使用的短中長期目標，以規劃和提升公司在綠色電力使用方面的策略，使得公司在節能減碳的道路上不斷前進。","蘇州及越南廠區導入ISO 14064-1溫室氣體盤查管理系統與ISO 50001能源管理系統，並完成第三方查證。 越南廠利用空調、飲水機、玻璃清洗機的排放水與雨水的重新回收，預期每年共可節省約 2,270 立方公尺的用水量。 設備優化，包括冷卻水循環系統改善、加裝時間控制器管制各設備運轉稼動時間，及加裝定時開關控制器進行照明開關控制。 廠區實施汰換傳統燈具，更換為LED燈管，蘇州廠及越南廠累計更換7,500支，節省約330,000  kWh 的能源使用。 冷卻水循環系統改善，包括蘇州廠利用空調排放水部分重新回收降低空壓機溫度，及越南廠利用空調管路改造，累計節省約30,000 kWh 的能源使用。 空壓系統乾燥機替換改造，使用零氣耗鼓風熱再生吸附式乾燥機，通過降低耗氣量達到降耗要求。"
"=""2491""","吉祥全","158.5700","已完成合併財務報表之母子公司","N/A","","160.1300","已完成合併財務報表之母子公司","N/A","","N/A","","N/A","N/A","","1.5900","N/A ","N/A ","N/A "
"=""2492""","華新科","17,270.0033","備註:母公司及主要生產基地之子公司(東莞華科/蘇州華科/廣州匯僑)","母公司及主要生產基地之子公司(東莞華科/蘇州華科/廣州匯僑)","合理保證等級","210,424.5939","母公司及主要生產基地之子公司(東莞華科/蘇州華科/廣州匯僑)","母公司及主要生產基地之子公司(東莞華科/蘇州華科/廣州匯僑)","合理保證等級","33,843.5858","營運中產生之廢棄物","已完成母公司","已完成母公司","有限保證等級","6.5514","基準年為2021年，台灣廠排碳總量為327841.83，減量目標為每年節能1.5%(意即範疇二減量1.5%)","(1) 能源轉型：逐年提高再生能源使用比重，減少對傳統化石能源的依賴；2023年公司即參與投資成立綠能公司，規劃透過自建太陽能發電、外購綠電及購買再生能源憑證等方式，循序漸進提高再生能源用電比例，以全面降低營運碳排放。 (2) 製程創新：投入研發低碳製造技術與設備升級，在生產流程中減少能源耗用和廢熱，提高生產效率。公司已展開製程與廠務設備減碳計畫，透過更高效的機台與優化製程來實現減碳。","有達成每年範疇二1.5%減量目標"
"=""2493""","揚博","186.2733","已完成合併財務報表之母子公司","N/A","","964.4333","已完成合併財務報表之母子公司","N/A","","N/A","","N/A","N/A","","0.3146","氣候變遷儼然為當前全球企業必須面對之議題，因此揚博科技於未來逐步評估SBTi科學基礎減碳目標、RE100等承諾以達2050年成淨零排碳之長期目標，以向利害關係人宣示因應氣候變遷之決心。","年度碳密集度較基準年逐年下降1% 1.	短期(2030)： 較基準年(2023年)減碳10%。 2.	中期(2040)： 較基準年(2023年)減碳20%。 3.	長期(2050)： 較基準年(2023年)減碳30%。 行動計畫如下: 1.	完成各營運據點之供應商據點災害潛勢分析，將新供應商之位址納入氣候風險評估。 2.	針對潛在淹水營運據點添購廠區抽水馬達，應變極端風災造成淹水之災損。 3.	完成各營運據點之碳盤查，並各自建立具體短中長期減碳目標。 4.	汰換廠區老舊設備，更換為高效設備，減少廠區日常營運之基礎用電量。","2024年溫室氣體排放密集度教2023年減少6.92%"
"=""2495""","普安","2.5500","已完成母公司","N/A","","2,120.1200","已完成母公司","N/A","","N/A","","N/A","N/A","","1.6083","本公司現況為自主盤查，未查驗，尚未定義基準年。","1.逐步更換廠內的照明系統，原有的T5 燈具損壞時，汰換成LED T8 燈具。全部完成更換後，預計每年可減少用電量77(千度)，約碳排量38(公噸CO2e)。 113年度共汰換220座，累計已完成度58%(763/1,300)。 2.定期保養空調設備，降低用電損耗。","本公司現況為自主盤查，未查驗，尚未定義基準年。"
"=""2496""","卓越","68.0023","已完成母公司,重要子公司-陳立教育事業股份有限公司","N/A","","1,030.2479","已完成母公司,重要子公司-陳立教育事業股份有限公司","N/A","","444.0269","與燃料及能源相關活動（未納入範疇1或範疇2）,上游運輸及配送,營運中產生之廢棄物,員工通勤","已完成母公司,重要子公司-陳立教育事業股份有限公司","N/A","","1.8452","","",""
"=""2497""","怡利電","195.6039","已完成母公司","已完成母公司","合理保證等級","2,356.4114","已完成母公司","已完成母公司","合理保證等級","875.0411","與燃料及能源相關活動（未納入範疇1或範疇2）,上游運輸及配送,營運中產生之廢棄物,商務旅行,員工通勤,下游運輸及配送","已完成母公司","已完成母公司","有限保證等級","1.5650","2024年設定為減碳基準年，以單位營收溫室氣體排放量作為主要的量化評估關鍵指標。訂定2025年度總碳排量減量3%作為公司短期目標，2030年減碳10%為中期目標，以達成2050年淨零排放。","訂定2025年度總碳排量減量3%作為公司短期目標，2030年減碳10%為中期目標，以達成2050年淨零排放。","2024年完成台灣廠區的溫室氣體盤查，總排放量3427.056公噸CO2e，較2023年增加5.74%。主要來源為範疇二之能源間接溫室氣體排放，占68.76%。排放強度為1.565公噸CO2e/百萬營收，較前一年增加5.96%。"
"=""2498""","宏達電","163.7903","已完成合併財務報表之母子公司","已完成合併財務報表之母子公司","合理保證等級","7,184.4981","已完成合併財務報表之母子公司","已完成合併財務報表之母子公司","合理保證等級","3,078.2176","購買之商品及勞務,與燃料及能源相關活動（未納入範疇1或範疇2）,上游運輸及配送,營運中產生之廢棄物,商務旅行,員工通勤","已完成合併財務報表之母子公司","已完成合併財務報表之母子公司","有限保證等級","2.3900","淨零目標（基準年為2021 年）： (1) 範疇一及二總計減量目標在2030 較基準年減量42%( 每年至少絕對減量4.2%)；並於2050 較基準年減量90%； (2) 範疇三減量目標在2030 較基準年減量25%( 每年至少絕對減量2.5%)；並於2050 較基準年減量90%。","HTC 已於2024 年通過SBTi 短期與淨零目標審查，根據其公布的減碳指引工具及方法學，設定公司的溫室氣體減排量和淨零碳排目標，以實現2050 年達成淨零排放的承諾。透過將自身核心事業與全局具體量化管理相連結，HTC 建構了明確的減碳路徑，包括六大減碳策略：「碳管理與政策」、「低碳營運」、「低碳商品」、「低碳運輸」、「價值鏈議合」，並以「碳抵銷」作為最後手段，以多方整合的方式朝向2050 年的淨零目標邁進。","2024 年度範疇一及二總計較基準年減量18.6%，範疇三較基準年減量45.5%，均已達成年度減碳目標。"
"=""2501""","國建","2,020.2747","已完成合併財務報表之母子公司","已完成母公司","合理保證等級","15,935.2084","已完成合併財務報表之母子公司","已完成母公司","合理保證等級","3,435.4695","與燃料及能源相關活動（未納入範疇1或範疇2）","已完成合併財務報表之母子公司","已完成母公司","有限保證等級","0.8966","1.本公司於114年完成113年度合併財務報告之盤查，故本公司以113年(西元2024年)為溫室氣體盤查之基準年。 2.本公司與合併財務報告子公司113年範疇一、範疇二及範疇三之溫室氣體排放量分別為2,020.2747公噸CO2e、 15,935.2084公噸CO2e及3,435.4695公噸CO2e，總溫室氣體排放量為21,390.9526公噸CO2e。 本公司溫室氣體減量目標規劃，以113年(西元2024年)為減量基準年，各期間減量目標為： 短期(114年)：114年較基準年減1%  中期(117年)：117年較基準年減4%  長期(120年以上)：120年較基準年減7% ","國泰建設以環境、生態為本，從各建築生命週期階段探索綠建築的可能性，透過營造商觀摩會分享綠建築的經驗，並規劃部分建案獲得國內外的綠建築標章。國泰建設於111年起，全力導入綠建築的思維，深化建築生命週期對環境的貢獻力。持續不間斷地推動辦公職場節能行動，不光在內部進行公務車輛、事務機器等節能設備採購或租賃，外部亦與辦公所在大樓之業主達成電梯、空調等設備汰換更新之節能共識，同時亦進行內部強力宣導，以建立同仁減塑、節能的良好工作習慣。","1. 導入節能設計，減少建築能源使用，因應綠建築與環境永續思維。 2. 因地制宜規劃高雄厝、台中宜居建築。 3. 100%採用建築資訊模型、建築模組化等新興科技提升建築營造效率。 4. 將施工中產生之可用廢棄物加以回收再利用。 5. 數位轉型：導入客服網頁／線上建材設備選定系統。 6. 部分建築構件及材料於工廠預製完成，再運至建案工地現場以一體化組裝進行安裝，不僅能減緩工地周圍噪音及粉塵污染、降低建造時的風險，更可以減少施工時可能造成的原物料浪費或損失。 7. 持續進行各項綠色行動(例：老舊能耗設備汰舊換新、新購公務車新購之公務車以環保低耗油之油電混和車款為主) 8. 溫室氣體盤查：藉由溫室氣體盤查控管溫室氣體排放量，公司自年起每年進行溫室氣體排放量盤查，於113年5月完成112年之查核並取得SGS頒發之查證聲明書。預計114年預計完成合併財務報告子公司溫室氣體盤查。 "
"=""2504""","國產","48,608.4800","已完成合併財務報表之母子公司","已完成合併財務報表之母子公司","合理保證等級","33,622.3300","已完成合併財務報表之母子公司","已完成合併財務報表之母子公司","合理保證等級","1,469,019.5900","購買之商品及勞務,上游運輸及配送,營運中產生之廢棄物","已完成合併財務報表之母子公司","已完成合併財務報表之母子公司","有限保證等級","71.4250","本公司於114 年完成113 年度合併財務報告之盤查，故基準年為113 年，其範疇一及範疇二排放量分別為48,608.48公噸CO2e及33,622.33公噸CO2e。","本公司碳管理目標為2030年台灣地區預拌廠及辦公室範疇一與範疇二溫室氣體排放量較2022年下降30％，2050年達到碳中和。集團的碳管理進程，將以「盤查」、「減量」、「抵換」、「碳中和」四步驟來達成，並擬定八大碳競爭優勢策略，設定短中長期逐步達到2050淨零碳排目標。 八大碳競爭優勢策略： 策略1、深化綠色營運，堅定實現碳中和目標。 策略2、啟動綠色設計，開發多元減碳技術。 策略3、取得國際認證，展現綠色創新領先地位。 策略4、打造綠色礦山，引領供應鏈低碳轉型。 策略5、推動國家級TAF認證實驗室，為業界注入新獲利動能。 策略6、引進AI自動化科技，推進廠區低碳化永續優勢。 策略7、推動再生混凝土，啟動循環經濟新局。 策略8、引領全集團綠色轉型，全面展開碳佈局。 ","依ISO 14064-1 查證結果，本公司台灣地區預拌廠、辦公室及台南分公司2024 年範疇一與範疇二排放量較前1年度下降3.93%，較基準年下降9.62%；且產製單位產品排放量亦逐年下降，顯示本公司逐步實踐淨零碳排目標。 註：*以本公司台灣地區營運總部、台南分公司、預拌廠排放量及混凝土銷售量計算。"
"=""2505""","國揚","0.2594","已完成母公司","N/A","","107.5450","已完成母公司","N/A","","38.7833","員工通勤","已完成母公司","N/A","","N/A","本公司設定2025年為基準年，減量基準年為2026年。","1.使用節能設備 2.推動循環經濟 3.推行無紙化辦公 4.鼓勵員工搭乘大眾運輸 5.員工節能教育","本公司尚未至揭露階段"
"=""2506""","太設","N/A","N/A","N/A","","194.4300","已完成合併財務報表之母子公司","N/A","","N/A","","N/A","N/A","","N/A","本公司依照金管會「上市櫃公司永續發展路徑圖」，2025年開始啟動碳盤作業，規劃於2026年揭露2025年度盤查資訊，將於取得排放數據後，擬定有效減碳計劃及目標，並不晚於2026年為基準年，揭露2027年度減量目標、策略及具體行動計畫。","同上","同上"
"=""2509""","全坤建","25.4599","已完成母公司","N/A","","100.9810","已完成母公司","N/A","","30.7176","員工通勤","已完成母公司","N/A","","0.9469","","",""
"=""2511""","太子","2,727.3904","已完成合併財務報表之母子公司","已完成母公司","合理保證等級","18,386.1098","已完成合併財務報表之母子公司","已完成母公司","合理保證等級","2,508.1962","購買之商品及勞務,上游運輸及配送","已完成母公司","已完成母公司","有限保證等級","2.4899","113年合併財報子公司盤查數據，溫室氣體排放量合計為 21,113.5002 公噸 CO2e，範疇一排放量為 2,727.3904 公噸 CO2e，範疇二排放量為18,386.1098 公噸 CO2e。 為規劃溫室氣體減量策略，於民國113年以合併財務報告為邊界完成盤查，故基準年為113年，希望透過具體行動進一步落實114年度較基準年減量1%。","合併公司將全面檢視能源現況，並已實行多項節能措施，未來積極使用低碳建材，降低材料生產碳排放，持續推動綠建築與智慧建築等低碳建築建案。都致力於以消耗最少地球能資源及製造最少廢棄物為目標，同時亦須兼具生態、節能、健康特性的建築物。同時也透過 LED 照明、空調管理及數位化無紙化達到辦公節能成效，亦不定期對員工宣導節能減碳等環保意識，確保減量符合進程，以積極態度降低碳排放衝擊並提升營運競爭優勢。","本公司規劃於114年首次完成113年合併財報子公司盤查數據，並訂定減碳目標、策略及具體行動計畫，將於下一年度檢視目標達成情形。"
"=""2514""","龍邦","N/A","N/A","N/A","","26.2786","已完成母公司","N/A","","N/A","","N/A","N/A","","0.0208","","",""
"=""2515""","中工","1,782.7524","已完成合併財務報表之母子公司","已完成母公司","合理保證等級","8,016.2461","已完成合併財務報表之母子公司","已完成母公司","合理保證等級","N/A","","N/A","N/A","","0.4304","以2023年度全公司（含工務所）溫室氣體總排放量計7,884.827 Ton CO2e/年為公司之基準年，目標於2030年實現溫室氣體範疇一及範疇二之絕對排放量減少42%(年減6%)，範疇三的排放量減少25%(年減3.6%)。","本公司與合併公司已將碳管理策略融入營運規劃中，包含規劃相關盤查事項、減碳目標，並規劃未來將依據盤查結果，訂定短中長期目標，並建立部門減碳追蹤指標： (1) 本公司之溫室氣體盤查及查證時程規劃已於第26屆第17次董事會報告，後續將按季向董事會提報階段性目標執行進度，俾利董事會督導及控管。 (2) 與本公司合併財報之子/孫公司於2025年3月完成盤查清冊、2025年6月完成盤查報告書，2027年起進行外部查證。 (3) 除6家紙上公司、美子BES Construction Corporation及華鼎事業（股）公司併入總公司盤查外，本公司前於2022年11月25日對14家子/孫公司召開溫室起體盤查說明會議，2024年10月起每隔2個月持續召開進度追蹤會議，至2025年6月各子/孫公司完成盤查止。 (4) 為因應金管會規定2028年起需揭露範疇三，公司已於2024年10月開始蒐集範疇三資料，預計2026年起即可揭露完整的範疇一、二、三資訊。","2024年全公司（含工務所）與8家主要子/孫公司溫室氣體總排放量計9,798.999 Ton CO2e/年。因多數工地進入施工高峰期階段且盤查範疇擴大，溫室氣體排放增加24.27%，但溫室氣體排放密集度（二氧化碳排放當量/營業額）與前一年度相比，降低3.19%。"
"=""2516""","新建","655.9100","已完成母公司","N/A","","1,914.3800","已完成母公司","N/A","","N/A","","N/A","N/A","","0.2671","","",""
"=""2520""","冠德","34.7587","已完成合併財務報表之母子公司","已完成合併財務報表之母子公司,ETC商業檢驗中心","合理保證等級","145.6907","已完成合併財務報表之母子公司","已完成合併財務報表之母子公司","合理保證等級","91.0573","購買之商品及勞務,員工通勤","已完成母公司","已完成母公司","有限保證等級","0.0180","2023年為基準年，類別1+2，2030減量42%，年度減碳目標-5%","1. 節能管理措施專案：樓層用電競賽推廣、因應季節調整冰水主機、照明節能人流使用管理 2. 推動低碳職場專案：員工行爲管理(午休關燈、節能使用宣導)","年減碳量(%) -7.22%（已累積減碳量(%) -13.88%）"
"=""2524""","京城","18.0000","已完成合併財務報表之母子公司","N/A","","154.0000","已完成合併財務報表之母子公司","N/A","","214.0000","資本財","已完成合併財務報表之母子公司,本公司餘屋","N/A","","0.0427","","",""
"=""2527""","宏璟","12.3900","已完成母公司,合併財務報表之境內子公司","N/A","","5,107.1600","已完成母公司,合併財務報表之境內子公司","N/A","","N/A","","N/A","N/A","","0.7047","","",""
"=""2528""","皇普","6.1012","本公司","N/A","","17.8380","本公司","N/A","","20.6563","商務旅行,員工通勤","本公司","N/A","","44.5956","","",""
"=""2530""","華建","95.8620","已完成合併財務報表之母子公司","已完成合併財務報表之母子公司","有限確信","1,414.0008","已完成合併財務報表之母子公司","已完成合併財務報表之母子公司","有限確信","4,269.9222","購買之商品及勞務,與燃料及能源相關活動（未納入範疇1或範疇2）,商務旅行","已完成合併財務報表之母子公司","N/A","","0.2477","","",""
"=""2534""","宏盛","27.3123","已完成合併財務報表之母子公司","已完成合併財務報表之母子公司","合理保證等級","849.3702","已完成合併財務報表之母子公司","已完成合併財務報表之母子公司","合理保證等級","N/A","","N/A","N/A","","N/A","","",""
"=""2535""","達欣工","438.7941","已完成合併財務報表之母子公司","N/A","","3,822.7487","已完成合併財務報表之母子公司","N/A","","281.4539","員工通勤","已完成母公司","N/A","","0.2602","範疇二減量：基準年2018，排放量136,896公斤，排放強度159.3公斤/坪。","採用節能燈具、一級能效設備、透過智慧電表分時監控用電情況等。","2024年CO2e排放面積強度較2018年減少34.4%。"
"=""2536""","宏普","12.4510","已完成母公司","N/A","","32.1835","已完成母公司","N/A","","N/A","","N/A","N/A","","0.0051","","",""
"=""2537""","聯上發","N/A","N/A","N/A","","N/A","N/A","N/A","","N/A","","N/A","N/A","","N/A","","",""
"=""2538""","基泰","6.7830","已完成合併財務報表之母子公司","N/A","","48.4810","已完成合併財務報表之母子公司","N/A","","N/A","","N/A","N/A","","N/A","","",""
"=""2539""","櫻花建","88.5047","已完成母公司","N/A","","1,402.4513","已完成母公司","N/A","","85,728.3573","購買之商品及勞務,上游運輸及配送,營運中產生之廢棄物,商務旅行,員工通勤","已完成母公司","N/A","","0.1439","","",""
"=""2540""","愛山林","53.4618","已完成母公司","N/A","","1,220.7965","已完成母公司","N/A","","N/A","","N/A","N/A","","1.4187","","",""
"=""2542""","興富發","3,271.8446","已完成合併財務報表之母子公司","已完成合併財務報表之母子公司","有限確信","16,537.0618","已完成合併財務報表之母子公司","已完成合併財務報表之母子公司","有限確信","3,467.2020","與燃料及能源相關活動（未納入範疇1或範疇2）","已完成合併財務報表之母子公司","N/A","","0.5364","2024年為基準年，2024年總碳排放量為23,276.1085公噸，減量目標每年1%。","辦公室方面： 落實紙張之重複利用，並於搬遷辦公室時保留櫃體、玻璃、窗簾及門扇等建材。 使用節能的LED照明及具省水標章、省電之設備，並透過隨手關燈及空調設定27度等落實辦公室節能生活運動，此外，除持續推動背面紙張使用外，透過表單E化流程，減少紙張的使用。 產品設計方面： 依據內政部頒定的「綠建築解說與評估手冊2023年版」規劃綠建築建案，透過量化的標準來檢測綠建築物，並已有建案成功申請綠建築標章證書(詳細內容參閱本公司ESG報告)。 營建工法，採用最多可重複使用300次的「鋁模」，除減少傳統木製模板的使用外，也大幅減少修整施作的工序。 建物施工廢水，經過初步及再次的沉澱處理後，再排放至政府指定的排水溝，此外，透過控制工期以降低建材耗損，選用合適之再生物料，並將營建廢棄物與一般生活垃圾分開處理，落實廢棄物回收與再生。 於建案中設置雨水回收池，透過屋頂、屋簷集水管與天溝，或結合天然地形收集雨水及地表逕流，並經由沉澱、過濾等淨水程序去除雜質與懸浮物，回收後之雨水用於社區植栽灌溉，有效達成節水目標，提升用水效率。 使用低碳建材。","因2024年為基準年，目前尚未有溫室氣體減量數字可比對。"
"=""2543""","皇昌","N/A","N/A","N/A","","43,266.7200","完成母公司用電量之盤查資訊","N/A","","N/A","","N/A","N/A","","3.4806","","",""
"=""2545""","皇翔","14.9900","已完成合併財務報表之母子公司","N/A","","2,809.6400","已完成合併財務報表之母子公司","N/A","","N/A","","N/A","N/A","","0.2279","以2024年度為基準年，預計設定2025 年度範疇一與範疇二溫室氣體排放量減少1%的目標","透過更換老舊設備的評估及修繕、節能設備與系統的整合、提升營運能效、宣導員工節能意識、提升建築節能性能等措施，達成公司之減量目標","評估規劃中"
"=""2546""","根基","821.7509","已完成母公司","已完成母公司","合理保證等級","2,103.1667","已完成母公司","已完成母公司","合理保證等級","258,238.9599","購買之商品及勞務,與燃料及能源相關活動（未納入範疇1或範疇2）,上游運輸及配送,營運中產生之廢棄物,商務旅行,員工通勤","已完成母公司","已完成母公司","有限保證等級","0.2055","基準年: 2022 範疇一: 618.6056 tCO₂e 範疇二: 2,704.1981 tCO₂e 範疇三: 281,385.9387 tCO₂e 減量目標:2023通過SBTi近程目標審查，2030年排放量相較於基準年排放，範疇一&二減碳42%，範疇三減量25% (註：原2022年範疇一直接排放包含承攬商機具及發電機用油，因應2023年起非屬根基營運控制權的承攬商機具及發電機使用所產生之碳排放改歸屬為間接排放，遂修正2022年範疇一、三排放量，總排放量不變。)","自 2022年起，進行總公司及全國工地盤查，建立溫室氣體盤查與管理機制，並積極推動減碳工作： 1.推動工務所節能減碳，強調辦公設施與工地設施的節能改善與管理，優先使用能效一級設備。 2.推動低碳建材應用，採用環保建材以降低碳足跡，包含石灰石水泥低碳混凝土、低水泥配比混凝土、石膏基自平泥、乾式輕隔間等。 3.推動低碳工法應用，採行節能且減碳的施工方法，包括鋁模版取代傳統模板、採用預鑄工法、預組式工法、使用電動機具等。 4.推動推動循環經濟，強化建築資源回收與再利用，提升材料循環效率。,  ","2024年排放量符合SBTi減碳目標： 範疇一&二排放目標為 2,974 tCO₂e，實際排放為2,925 tCO₂e，符合目標)。 範疇三排放目標為 263,799 tCO₂e，實際排放為為258,239 tCO₂e，符合目標。"
"=""2547""","日勝生","43.4500","已完成母公司","已完成母公司","有限確信","115.4100","已完成母公司","已完成母公司","有限確信","N/A","","N/A","N/A","","0.2050","","",""
"=""2548""","華固","10.5322","已完成母公司","N/A","","54.5701","已完成母公司","N/A","","N/A","","N/A","N/A","","0.0090","華固建設以110年為溫室氣體盤查之基準年，當年度總溫室氣體排放量為69.837公噸CO2e。因華固建設總公司辦公室溫室氣體排放量以間接排放為主，故制定以用電量每年降低0.5%為溫室氣體減量目標。","華固建設於執行營運活動及內部管理時，致力提昇各項資源之利用效率，使地球資源能永續利用，包含：定期清洗並維養設備、照明分區管控、不定期將老舊設備汰換為具節能標章之設備等節能管理措施。同時推動作業流程電子化以節省紙張使用，致力宣導影印紙回收再利用，並力行垃圾分類資源回收。公司個案亦導入綠建築設計，透過提升能源效率之設計、使用可回收之建材等方式，降低溫室氣體之排放。","華固建設總公司辦公室溫室氣體排放量以間接排放為主，故制定以用電量每年降低0.5%為溫室氣體減量目標。113年華固建設用電量(間接能源耗用)較112年降低0.68%。"
"=""2597""","潤弘","592.7601","已完成母公司","N/A","","1,303.3521","已完成母公司","N/A","","51,541.5893","上游運輸及配送","已完成母公司","N/A","","0.0960","潤弘在溫室氣體減量方面的努力與公司的永續發展目標緊密相連，將2023年訂定為排放基準年，依循「ISO14064-1：2018」標準逐年盤查溫室氣體排放狀況，並自主揭露類別三~六，擬定減碳策略與目標，並持續檢討與優化減碳路徑，以實現中長期減碳目標。","節能減碳策略─提升能源效用： 1. 總部辦公空間等區域使用低耗能LED燈照明設備 2. 楊梅預鑄廠設定週日照明限制，減少能源消耗 節能減碳策略─推動再生能源： 1. 楊梅預鑄廠規劃以太陽能光電板替代非再生能源，並供總部。","2024年度因承攬案件較去年多，類別一與類別二之排放量合計為1,896公噸二氧化碳當量，較前一年約增加5%。"
"=""2601""","益航","19.7703","已完成母公司","N/A","","76,344.5100","母公司已完成盤查，併表子公司已部分完成盤查","N/A","","N/A","","N/A","N/A","","15.7452","依據永續發展路徑圖規劃，以2025年為基準年。","預計2025年提出減量目標及減量策略。","預計2026年揭露目標達成率。"
"=""2603""","長榮","11,812,726.5798","已完成合併財務報表之母子公司","已完成合併財務報表之母子公司","合理保證等級","77,628.0646","已完成合併財務報表之母子公司","已完成合併財務報表之母子公司","合理保證等級","4,704,160.4480","資本財,與燃料及能源相關活動（未納入範疇1或範疇2）,上游運輸及配送,營運中產生之廢棄物,商務旅行,員工通勤","已完成合併財務報表之母子公司","已完成合併財務報表之母子公司","AUP","25.6496","1. 海上營運（船隊） 短期：碳排強度逐年降低2%，119年(2030年)二氧化碳排放率較基準年97年(2008年)降低70% 中期：129年(2040年) 溫室氣體排放量較基準年97年(2008年) 至少減少70% 長期：139年(2050年) 達成淨零排放 2. 陸上營運（長榮海運台灣辦公據點及碼頭） (1) 辦公據點 短期：119年(2030年) 公務車碳排放量較基準年113年(2024年) 減少18%，辦公大樓碳排放量較基準年113年(2024年) 減少10% 中期：129 年(2040 年) 公務車碳排放量較基準年113年(2024年) 減少40%，辦公大樓碳排放量較基準年113年(2024年) 減少30% 長期：139 年(2050年) 達成淨零排放 (2) 高雄第七貨櫃中心 短期：119年(2030年) 較基準年113年(2024年) 減少10% 範疇一排放量 長期：139年(2050年) 達成淨零排放","1. 海上營運（船隊） 長榮海運透過以下策略及具體計畫，以期達成短、中、長期的減量目標。 (1) 推動船隊現代化與綠色升級 本公司以高能源效率與環保理念為核心，持續推動船舶設計升級，自112 年起陸續訂造甲醇及LNG 雙燃料新型環保船舶，以汰換舊有船隊、提升船隊整體營運效能與環保表現。 (2) 導入低碳與替代能源技術 逐步增加使用船用混合生質燃油(Biofuel) 作為替代燃料，以減少溫室氣體排放，並降低對傳統化石燃料之依賴。 (3) 應用碳捕捉技術以降低碳足跡 引進碳捕捉與封存技術(CCS)，以減少船舶營運過程中二氧化碳的直接排放，進一步降低碳足跡。 (4) 優化航行效率提升減碳成效 與日本WNI 氣象公司合作，提供船隊即時天氣資訊，協助船隊進行合適航路規劃，提升航行效率與安全，並有效減少燃油消耗與碳排放。 (5) 減少船舶靠港期間能源消耗與溫室氣體排放 船舶配置岸電設備，靠港期間改以岸電供能，降低燃油使用以減少港口空氣污染，減緩對港區環境之影響。 2. 陸上營運（辦公據點及碼頭） (1) 辦公據點 台灣辦公據點推動使用低碳車輛與提升建築能源效率，並逐步導入再生能源，以降低整體碳排放量，朝向營運永續目標邁進。 A. 公務車輛低碳轉型 本公司採分階段推動公務車隊電動化，逐步先將傳統燃油車輛汰換為油電混合車，並以全面導入純電動車為長期目標。目前全台共計 43 部公務車中，已有 8 部完成汰換；預計於 124 年前，另汰換 28 部為油電混合車。後續將視電動車技術發展(如電池續航力與充電基礎設施建置) 情況，持續推動公務車全面轉型為電動車，目標於 139 年前全面達成公務車隊零碳排放。 B. 提升能源效率與再生能源使用比例 為達成短期減量目標，辦公場所將繼續升級照明系統更換約 2,000 盞 LED 節能燈具；同時完成辦公大樓老舊空調主機更新並窗戶隔熱紙施作，以降低空調用電負載。中長期階段規劃將透過外部綠電採購，逐步提升再生能源使用比例目標於139 年達成營運用電 100% 來使用再生能源( 如太陽能、風力等)。 C. 推動減排措施與員工參與 鼓勵員工採用共享出行或高效率大眾交通工具( 如高鐵、捷運等) 以取代公務車使用，降低交通產生的碳排放。另為提升員工參與與減碳意識，將定期公告辦公據點每季人均用水、用電與廢棄物產生量，並加強推廣節能減廢觀念，培養永續行動文化及凝聚氣候行動力。 (2) 高雄第七貨櫃中心 為推動減碳路徑並達成碳排放減量目標，七櫃採設備與能源雙軌減碳方案，相關策略與具體行動計畫如下： A. 場內機具電動化 逐步以電動化設備取代場內柴油機具，自115 年起汰換柴油空櫃堆高機，導入電動自駕解櫃車以取代柴油車輛，逐步降低化石燃料使用，轉型使用電力驅動作業設備；預計於 139年前全面完成場域內各式柴油機具的汰換，實現全電動化作業。 B. 使用再生能源 短期目標階段的具體行動是評估於營運場域內建置約 300 千瓦的自用太陽能發電設施，以提升自有綠電使用比例，長期行動計畫是透過向外部採購綠電或參與再生能源開發合作計畫，進一步提升再生能源使用比例，並於139 年達成營運場域所需電力100% 使用可再生能源( 如太陽能、風能) 之目標。","2024 年長榮營運船隊的二氧化碳排放率為32.6 gCO2e/TEU-km  (經日本海事協會ClassNK及Clean Cargo 組織驗證)，與 2008 年基準相比累計已降低67.5%"
"=""2605""","新興","307,373.4800","已完成合併財務報表之母子公司","N/A","","20.0000","已完成母公司","N/A","","N/A","","N/A","N/A","","0.2800","","",""
"=""2606""","裕民","428,308.0098","已完成合併財務報表之母子公司","已完成合併財務報表之母子公司","合理保證等級","319.4213","已完成合併財務報表之母子公司","已完成合併財務報表之母子公司","合理保證等級","697,428.6505","購買之商品及勞務,資本財,與燃料及能源相關活動（未納入範疇1或範疇2）,上游運輸及配送,營運中產生之廢棄物,商務旅行,員工通勤,下游租賃資產,投資","已完成合併財務報表之母子公司","已完成合併財務報表之母子公司","合理保證等級","26.2278","","",""
"=""2607""","榮運","23,990.5146","已完成合併財務報表之母子公司","已完成母公司","合理確信","90,207.8121","已完成合併財務報表之母子公司","已完成母公司","合理確信","57,656.5929","與燃料及能源相關活動（未納入範疇1或範疇2）,已銷售產品之使用,下游租賃資產","已完成母公司","已完成母公司","有限確信","5.3745","詳2024年度年報「上市上櫃公司氣候相關資訊」專章說明","詳2024年度年報「上市上櫃公司氣候相關資訊」專章說明","詳2024年度年報「上市上櫃公司氣候相關資訊」專章說明"
"=""2608""","嘉里大榮","54,970.0600","已完成母公司","已完成母公司","合理保證等級","23,511.9600","已完成母公司","已完成母公司","合理保證等級","15,415.1500","與燃料及能源相關活動（未納入範疇1或範疇2）,營運中產生之廢棄物,下游運輸及配送","已完成母公司","已完成母公司","合理保證等級","9.4400","1. 基準年：2021 2. 數據：96,544.48 3. 減量目標：5年內減量3% (2023年~2027年) ","1. 使用低碳運具：以電動三輪車/貨車/搬運設備取代柴油運具 2. 減少油耗：老舊車輛汰舊換新、取得排煙合格標章、路順優化、駕駛行為改善 3. 採用省電設備：改裝LED燈具、凍庫採用變頻機組 4. 綠色採購：以綠色商品做為優先採購標的 ","1. 2021~2024年太陽能板再生電力總生產量為25,054,923 kWh。 2. 2024年盤查後溫室氣體排放 93,878公噸CO2e，較基準年(2021年)減少0.03%。 "
"=""2609""","陽明","4,356,300.6872","已完成合併財務報表之母子公司","已完成合併財務報表之母子公司","合理保證等級","17,032.6671","已完成合併財務報表之母子公司","已完成合併財務報表之母子公司","合理保證等級","1,233,465.5912","資本財,與燃料及能源相關活動（未納入範疇1或範疇2）,上游運輸及配送,營運中產生之廢棄物,商務旅行,員工通勤,下游租賃資產","已完成母公司","已完成母公司","有限保證等級","25.1758","本公司設定2024年為基準年，2025年範疇一碳排放強度較 2024年減少1%，範疇二碳排放總量較2024年減少1%；2030年範疇一碳排放強度較 2024年減少 10%，範疇二碳排放總量較 2024年減少 20%。","本公司致力於推動低碳轉型計畫，尋求更潔淨的能源與低碳技術，達成2050年淨零排放的目標。建置生態綠屋頂太陽能光電系統、營運船隊添加生質燃油、船舶於靠泊港口時連接岸電設施、購買使用再生能源、推動LNG貨櫃船採購及新世代船舶布建計畫，新建造之5艘15,500 TEU級LNG雙燃料貨櫃船預計於2026年起陸續加入營運，並購置3艘8,000 TEU級新世代甲醇雙燃料預置全貨櫃船，預計將於2028-2029年竣工交付營運。","2024年本公司船隊共有31艘船舶使用生質燃油，總用量達61,238噸，較傳統燃油具備約18.11%之減排效益。同年，船舶於靠港期間使用岸電總量達13,719,127 kWh，節省超過3,200噸燃油，預估可減少約4,700公噸之溫室氣體排放。此外，總公司透過綠電轉供使用再生能源共計658,000度，對應取得再生能源憑證658張，等同減少約325.052公噸二氧化碳排放。2024年營運船舶二氧化碳強度為37.03 g/TEU-km，相較2008年降低62.74%，提前達成IMO 2030年降低40%目標。"
"=""2610""","華航","6,791,480.8855","已完成合併財務報表之母子公司","已完成合併財務報表之母子公司","合理保證等級","45,702.3243","已完成合併財務報表之母子公司","已完成合併財務報表之母子公司","合理保證等級","1,567,857.0689","購買之商品及勞務,與燃料及能源相關活動（未納入範疇1或範疇2）,上游運輸及配送,營運中產生之廢棄物,商務旅行,員工通勤,下游運輸及配送,下游租賃資產","已完成合併財務報表之母子公司","已完成合併財務報表之母子公司","有限保證等級","35.5500","一、基準年：113年為完成母公司與合併財務報表子公司(簡稱合併公司)合併盤查資訊的年度，故以113年作為合併公司(範疇一、二)基準年。  二、數據： (一)母公司： 1. 類別1~2(範疇一、二)：排放量為6,244,487.43(公噸CO2e/年)。 2. 類別3~6(範疇三)：排放量為1,432,790.05(公噸CO2e/年)。 (二)合併財務報表公司： 1. 類別1~2(範疇一、二)：排放量為592,695.78(公噸CO2e/年)。  2. 類別3~6(範疇三)：排放量為135,067.02(公噸CO2e/年)。 三、減量目標： 為持續達成國際減量趨勢，合併公司透過IATA及國家減碳目標於110年10月引領台灣同業宣示「139年(2050)達成淨零碳排放目標」，及依此規劃飛航作業、地面作業及永續航空燃油使用之短中長期目標，並推動五大減碳核心策略包含：燃油效率提升 (如推動各項節油減碳措施、持續提升裝載率等）、提升TCFD作業與緊急應變體系、推展永續航空燃油、適時參與國際碳管制機制 (如CORSIA、EU ETS、UK ETS等)、適時引進新科技 (如持續引進節能飛機、掌握並評估氫燃料飛機／短程電動飛機發展趨勢及引進成本效益暨時機點等)。","為符合國際減碳管理趨勢，參考科學基礎減量目標(SBT)思維，合併公司為台灣首家運輸業者同時訂定飛航與地面溫室氣體自願減量目標，並於111年簽署科學基礎減量目標倡議(SBTi)承諾，113年通過SBTi審查，亦訂定永續航空燃油(SAF)短中長程使用目標：114年添加0.5％；119年添加5％；129年添加40％；139年添加65％。航空業用油燃燒排放之溫室氣體佔總排放量九成以上，因此，除持續推動機隊更新外，合併公司亦透過專責「航機用油管理小組」持續強化用油效率精進對策，擬定多項具體執行措施，從規劃面、管理面、執行面全面提升整體用油績效。","地面作業持續實施ISO 50001能源管理系統，考量節能減碳效益並納入決策因子，完善監督量測機制、提升能源績效管理細緻度，整合利害相關方關切事項，打造低碳營運及辦公環境。為積極響應政府再生能源政策，合併公司108年建置桃園機場第一座太陽能設施，並宣示在111年提升裝置容量至契約容量10%。113年推動78項地面、空中環保節能措施及11項飛航節油措施，共計減碳47,477噸，達成率為146%；114年進一步規劃推動76項措施，預計減碳38,926噸。"
"=""2611""","志信","4.4038","已完成母公司","N/A","","45.9222","已完成母公司","N/A","","10.2305","購買之商品及勞務,上游運輸及配送","已完成母公司","N/A","","5.2208","","",""
"=""2612""","中航","28,887.1487","已完成合併財務報表之母子公司","N/A","","1,361.6361","已完成合併財務報表之母子公司","N/A","","435,050.5932","與燃料及能源相關活動（未納入範疇1或範疇2）,營運中產生之廢棄物,下游租賃資產","已完成合併財務報表之母子公司","N/A","","6.5219","海運： 本公司船隊之減排目標依國際海事組織(IMO) 要求逐年減量。以108 年(2019) 年排放量為參考基準，制定目標如下： 1. 112 年(2023) 至115 年(2026)：船舶碳強度指標(CII) 相較於2019 年水準每年平均減量2%； 2. 長期目標則依IMO 最新要求制訂。","海運： 本公司持續監測船隊碳排放數據，並透過定期保養以確保船舶機械效能，防止船殼污損(fouling) 導致的能源浪費，本公司除採取現有船隻加裝節能設備並持續進行船舶汰舊換新，新建造環保高效能新船外，亦僱用外部專業氣導公司提供最優化航路方案，同時引進智能船舶監控系統，以精準掌握船舶能耗。 陸運及倉儲： 本公司將持續關注綠能產業及新型作業機具技術發展，在陸運方面，透過採購六期節能曳引車及電動曳引車進行汰舊換新，並積極推廣節能駕駛行為以減少能源消耗，另引導員工執行垃圾分類，落實資源回收再生。在倉儲方面，本公司陸續引進電動堆高機等新型節能機具設備，可減少溫室氣體排放並降低維護成本。","本公司整體碳排放有所增加，主要肇因於散裝船隊規模擴大，惟透過汰舊換新及加裝節能設備等措施，113 年碳排放密集度較112 年明顯減少。 海運部分，自108 年迄113 年，船舶碳強度指標(CII) 已達成減量逾10%，平均每年的CII 降幅達2%； 陸運部分，113年累計採購29 輛六期曳引車，並汰換40 輛老舊曳引車； 倉儲部分，112 年環境部依據施工機具清潔排放自主管理標章規範，實施作業機具之空氣污染排放檢定，受檢22 台檢定結果達99% 為金級標章( 核發年限3 年) 相當於日本4 期，僅一台為銀級標章( 核發年限2 年) 相當日本3期。113 年添購燃油及電動空櫃堆高機各一台並已正式啟用。"
"=""2613""","中櫃","4,250.8615","已完成合併財務報表之母子公司","已完成合併財務報表之母子公司","合理保證等級","8,406.8366","已完成合併財務報表之母子公司","已完成合併財務報表之母子公司","合理保證等級","3,807.7262","購買之商品及勞務,與燃料及能源相關活動（未納入範疇1或範疇2）,上游運輸及配送,營運中產生之廢棄物,員工通勤","已完成合併財務報表之母子公司","已完成合併財務報表之母子公司","有限保證等級","0.0050","基準年為2024年；本集團自2024年起規劃導入ISO14064-1溫室氣體排放量盤查及ISO14067碳足跡之認證，依溫室氣體盤查結果找尋可能之減量機會，並制定溫室氣體管理目標，目標為較前一年度減少3%碳排放量。","本集團將依碳盤查結果確認排放熱點，並採必要之改善措施，如車機汰舊換新，逐年引入電動拖車，設置儲能系統及能源管理系統。","根據2024年溫室氣體盤查結果，全年總排放量達16,465.4244公噸二氧化碳當量（tCO₂e）。其中，類別一（直接溫室氣體排放與移除）占比約25.82%，主要來自移動式燃燒（4,042.7564 tCO₂e），碳排熱點集中於場內車機與解櫃車之燃料使用；類別二（輸入能源的間接溫室氣體排放）為最大排放來源，占比達51.06%，排放量為8,406.8366 tCO₂e，主要由外購電力產生，反映集團營運對電力資源的高度依賴。儘管該項數值較2023年略有下降，仍為未來減碳策略的重要施力方向。"
"=""2614""","東森","113.6208","已完成母公司","已完成母公司","合理保證等級","11,294.4917","已完成母公司","已完成母公司","合理保證等級","2,270.7339","資本財,與燃料及能源相關活動（未納入範疇1或範疇2）,商務旅行,員工通勤","已完成母公司","已完成母公司","有限保證等級","2.3800","1. 本公司重視環境永續經營，於 2022 年 3 月起導入 ISO 14064-1:2018 溫室氣體盤查並取得查驗聲明書，年減溫室氣體碳排量以基準年 (2021)的 1%~3% 為目標。 2. 針對過去四年氣體排放量(每噸排放量)請詳下表；本公司係以每年追蹤並以前一年度為優化標竿進行控管，以達節能減碳之目標。 3. 近四年溫室氣體排放量： (1) 2021 年：範疇一排放量為 108.85 噸，範疇二排放量為 10,895.86 噸，範疇三排放量為 1,930.52 噸，總排放量為 12,935.23 噸，排放密集度（總排放量/營收百萬元）為 2.35。 (2) 2022 年：範疇一排放量為 118.07 噸，範疇二排放量為 11,417.15 噸，範疇三排放量為 2,021.76 噸，總排放量為 13,556.98 噸，排放密集度（總排放量/營收百萬元）為 2.38。 (3) 2023 年：範疇一排放量為 109.81 噸，範疇二排放量為 10,582.49 噸，範疇三排放量為 2,120.60 噸，總排放量為 12,812.90 噸，排放密集度（總排放量/營收百萬元）為 2.19。 (4) 2024 年：範疇一排放量為 113.62 噸，範疇二排放量為 11,294.49 噸，範疇三排放量為 2,270.73 噸，總排放量為 13,678.85 噸，排放密集度（總排放量/營收百萬元）為 2.38。 3. 2024 年範疇一及二之溫室氣體排放量合計 11,408.11 噸 CO2e，主要來自範疇二的電力排放，占總排放的 83%。 4. 驗證情形：本公司自 2022 年起，每年定期執行溫室氣體盤查及第三方查驗。","1. 東森國際之管理策略為從源頭到最終廢棄處理等，所有過程對環境所造成的衝擊均納入考量，營運過程中落實節約用電，達成減少溫室氣體排放量、資源回收減量的目標，以期對環境生態衝擊降到最低。 2. 東森國際致力於降低營運所造成之環境衝擊，善盡企業社會責任，我們承諾做到下列事項： (1)遵守政府環保及能源管理法令與相關規範；配合東森經營策略，展開環境保護承諾。 (2)發展綠色營運管理，提升能源使用效率並減少耗能，精進減廢與回收再利用技術，減少並預防污染排放。 (3)落實溝通協調與環境教育訓練，逐步強化綠色供應鏈管理，履行保護地球生態環境的承諾。 (4)力行節能減碳政策，持續汰換老舊耗能設備以提升作業效率及推動節電措施。 (5)持續改善穀倉作業環境粉塵，包含汰換作業效能較低之老舊集塵系統設備、增加作業廠區粉塵清理及以無人機高空巡檢廠區等措施，維護穀倉作業環境衛生安全。","本年度(2024年)溫室氣體排放量密集度(總排放量/營收百萬元)為2.3793，較基準年(2021年)2.3468略增1.4%。"
"=""2615""","萬海","4,442,901.1100","已完成合併財務報表之母子公司","已完成合併財務報表之母子公司","合理保證等級","21,200.1800","已完成合併財務報表之母子公司","已完成合併財務報表之母子公司","合理保證等級","1,459,820.2200","資本財,與燃料及能源相關活動（未納入範疇1或範疇2）,營運中產生之廢棄物","已完成合併財務報表之母子公司","已完成合併財務報表之母子公司","有限保證等級","27.5900","以 112 年為基準年（溫室氣體排放強度為58.86公克/TEU-公里），至119年為止每年較前一年額外減少排放強度1%（意即113年較基準年減少1%、114 年較基準年減少 2%，以此類推），139 年達到淨零排放為目標。 ","透過引進低碳燃料船舶、使用生質燃油、船舶汰舊換新及改裝、擬定適合的航行計畫、有效率地航行操作、碼頭車機電氣化等措施以達節能減碳的效果。 ","113 年溫室氣體排放強度為 52.57 公克 /TEU 公里，相較基準年減少 10%。 "
"=""2616""","山隆","11,246.4557","已完成母公司","N/A","","2,616.6349","已完成母公司","N/A","","745.6356","營運中產生之廢棄物","已完成母公司","N/A","","1.3475","2024為基準年","2030年減碳30%、2040年減碳50%、2050年排放淨零","尚無"
"=""2617""","台航","325,692.6238","已完成母公司","N/A","","104.7650","已完成母公司","N/A","","N/A","","N/A","N/A","","74.0448","船舶方面，台航以每船EEOI平均數為減指標，並以2012年為基準年；該年EEOI平均數為11.6。台航以每年減量達成率維持30%為目標，審視船隊效能。","台航制定《企業環境節能減碳管理要點》，以落實節能減碳、降低營運碳排放。節能減碳措施涵蓋陸上營運據點與航運系統，包括使用高效率空調、導入節能燈具、設備節電設定、推廣電子郵件以減少紙張使用等具體行動。2024年節能減碳行動方案說明如下：  在陸上營運據點方面，透過機電設備汰換使用一級節能空調，並加強維保管理以達節能；在照明方面，導入節能燈具並宣導關燈習慣；辦公電腦設有低耗能休眠模式，並倡導落實關機，以降低待機耗電；文書部分則推動電子化，減少紙張用量，預計自2025年起逐步停用紙張發票。  在客貨運輸方面，針對冷卻水系統與中央冷卻淡水系統進行改善，藉由設置變頻器等設備提升效能，年可節電約362,444度；另在船舶靠港期間使用岸電取代柴油發電，降低燃油消耗與噪音排放。  在散裝貨運方面，已於船舶推進系統中安裝「螺旋槳節能輔具（PBCF）」等設計，提升能源使用效率，降低航行碳排放；同時亦導入船舶燃油品質納入評估，強化船舶航行油耗監控與設備清潔維護，以確保高效運行與碳排放控制。","2024年，本公司散裝貨輪與基準年相比，指數減少42.2%，未來以每年減量達成率維持30%為目標，審視船隊效能。"
"=""2618""","長榮航","7,099,299.0000","已完成合併財務報表之母子公司","已完成合併財務報表之母子公司(未包含長家國際食品(股)公司)","合理保證等級","52,345.0000","已完成合併財務報表之母子公司","已完成合併財務報表之母子公司(未包含長家國際食品(股)公司)","合理保證等級","1,531,253.0000","與燃料及能源相關活動（未納入範疇1或範疇2）","已完成母公司","已完成母公司","有限保證等級","32.3591","2022年6月簽署加入科學基礎減碳目標倡議(Science Based Targets initiative, SBTi)，依循航空部門方法學設定近期目標(Near-term Target)，並於2024年6月正式審核通過，設定於2031年達成航空燃油範疇一及範疇三碳排放強度相較於2019年時降低40%。","在策略上，我們以「飛機及發動機技術發展」、「航空運營及基礎建設提升」、「永續航空燃油」、「再生能源」及「碳抵換與碳交易」展開各項行動。","2024年飛航節油措施，總計節油效益達11,309噸，相當於35,737噸CO2e排放。 2024年整體排放強度為0.732公斤CO2e/ RTK，較基準年2019年下降約4.2%。"
"=""2630""","亞航","708.0290","已完成母公司","N/A","","3,440.7300","已完成母公司","N/A","","2,245.6310","上游運輸及配送,商務旅行,員工通勤","已完成母公司","N/A","","1.2297","短期以114年溫室氣體密集度較113年減少0.5%為目標；長期以政府政策達到最高節能效率，持續推動各項減量計畫，以113為基準年，至123年節能5%為目標進行努力。","為減緩因公司營運排放之溫室氣體所造成環境衝擊，本公司持續推動節能減碳策略，如汰換高耗能設備選用高效能設備，並訂定改善目標及追蹤，以有效減少溫室氣體之排放，節能減碳措施彙整如下： 1. 張貼隨手關燈標語。 2. 保全隨時巡廠關閉不必要電燈。 3. 各廠區T8燈具更換T5節能燈具。 4. 辦公區燈泡更換LED燈具：投資新台幣390,600元將二號棚飛機維修區照明燈具汰換為LED燈具，113年LED燈具較舊燈具節省18,432度用電量。 5. 減少鍋爐天然氣使用量：自112年11月起，投資新台幣1,327,740元將舊鍋爐汰換為BB-1000APG高效能及省電(變頻器標準裝置)新鍋爐系統，新鍋爐較舊鍋爐用氣量平均降幅達38%，每小時消耗天然氣量節省55%，113年新鍋爐較舊鍋爐節省32.61%天然氣使用量。 6. 冷卻水系統加藥。 7. 冷氣水塔散熱材更換。 8. 廠區路燈依季節變化調整開關時間。 9. 冰水主機依季節變化調整運轉台數。 10. 冰水主機溫度設定調高2°C。 11. 廠區公共區域空調設定節能模式。 12. 定期清洗冷氣水塔積水盤。 13. 辦公區域空調開啟時段為0700-1800時，其餘時段及假日關閉。 14. 逐年汰換舊型冷氣為節能機種：113年投資新台幣2,273,660元報廢31部較高耗能定頻冷氣機、汰舊換新計24部、新增計9部，汰換及新增之冷氣合計33部，均選用符合經濟部頒1級能效之節能冷氣機種，113年節能冷氣共節省11,802度用電量。 15. 設置太陽能綠能發電設備。 16. 衛浴設備汰換時選用經濟部公告具省水標章產品。 17. 管控原物料申請，降低過期品產生，以減低廢棄物量。 18. 執行資源回收再利用，以減低廢棄物產生量。 19. 汰換工業水幫浦，選用較高效能機種，於相同使用條件下可節電67.7%。 20. 汰換消防水幫浦，選用較高效能機種，於相同使用條件下可節電6.4%。 21. 汰換消防緊急發電機，改用較低發電量機種，於相同使用時數下可節省柴油57.4%。","113年度溫室氣體排放密集度較112年減少0.7300公噸二氧化碳當量(CO2e)/百萬營業額(-37.25%)"
"=""2633""","台灣高鐵","8,637.6283","已完成母公司","已完成母公司","合理保證等級","313,256.0974","已完成母公司","已完成母公司","合理保證等級","115,661.6861","購買之商品及勞務,資本財,與燃料及能源相關活動（未納入範疇1或範疇2）,上游運輸及配送,營運中產生之廢棄物,商務旅行,員工通勤,上游租賃資產,下游租賃資產","已完成母公司","已完成母公司","有限保證等級","6.0523","溫室氣體之減量管理政策，以2024年完成2023年度全公司溫室氣體排放量盤查及查證做為基準年，訂定每年平均每延人公里之減碳率>1.50% 為減量目標。","推動列車節能、場站節能、服務節能、採用綠色能源等為減碳策略，採行節能駕駛、換裝LED燈具、無紙化票證等具體行動計畫。","2024年減碳率為3.46%，達成目標。"
"=""2634""","漢翔","4,982.1689","已完成合併財務報表之母子公司","已完成合併財務報表之母子公司","合理保證等級","68,055.8641","已完成合併財務報表之母子公司","已完成合併財務報表之母子公司","合理保證等級","30,076.2749","購買之商品及勞務,與燃料及能源相關活動（未納入範疇1或範疇2）,上游運輸及配送,營運中產生之廢棄物,商務旅行,員工通勤,下游租賃資產","已完成合併財務報表之母子公司","已完成合併財務報表之母子公司","合理保證等級","1.8567","本公司原以母公司設定基準年(2019年)及減碳目標，配合金管會要求改採合併報表為邊界，於2023年完成全集團(合併報表範圍)盤查，故減碳基準年調整為2023年，其範疇一及範疇二排放量共計74,774噸二氧化碳當量(CO2e)。漢翔集團減碳目標：短期(2025年)減碳5%、中期(2030年)減碳18%。","公司減量策略為提升能源效率及使用再生能源，自 2022 年起逐年設置太陽能光電板，提升自用綠電比率、並規劃執行節能減碳專案降低溫室氣體排放。 短期計畫：2022年~2025年設置太陽能光電板(總裝置量3,658kWp)、耗能設備之改善及汰換。 中期計畫：2026年~2030年設置太陽能光電板(總建置量6504kWp)、製程優化節省能源。","依據集團盤查數據，2024年溫室氣體較基準年(2023年)下降2.1%，符合該年度目標(下降1.6%)。惟該數據尚未完成第三方查證，後續將依查證後數據更新目標達成情形。"
"=""2636""","台驊控股","2,308.1502","包括母公司及 5 家核心子公司之 2024 年度溫室氣體盤查，並接受第三方機構依據 ISO 14064- 1:2018 標準進行查證，查證程序已於 2025 年 8 月完成。","已完成母公司,包括母公司及 5 家核心子公司之 2024 年度溫室氣體盤查，並接受第三方機構依據 ISO 14064- 1:2018 標準進行查證。","委由法標國際驗證股份有限公司（AFNOR Certification）依《ISO 14064-1:2018》標準，對控股公司及核心子公司溫室氣體盤查資訊進行查證，類別1及類別2為合理保證，類別3及類別4為有限保證。","716.4318","包括母公司及 5 家核心子公司之 2024 年度溫室氣體盤查，並接受第三方機構依據 ISO 14064- 1:2018 標準進行查證，委由法標國際驗證股份有限公司（AFNOR Certification）依《ISO 14064-1:2018》標準，對控股公司及核心子公司溫室氣體盤查資訊進行查證，類別1及類別2為合理保證，類別3及類別4為有限保證。","已完成母公司,委由法標國際驗證股份有限公司（AFNOR Certification）依《ISO 14064-1:2018》標準，對控股公司及核心子公司溫室氣體盤查資訊進行查證，委由法標國際驗證股份有限公司（AFNOR Certification）依《ISO 14064-1:2018》標準，對控股公司及核心子公司溫室氣體盤查資訊進行查證，類別1及類別2為合理保證，類別3及類別4為有限保證。","委由法標國際驗證股份有限公司（AFNOR Certification）依《ISO 14064-1:2018》標準，對控股公司及核心子公司溫室氣體盤查資訊進行查證，委由法標國際驗證股份有限公司（AFNOR Certification）依《ISO 14064-1:2018》標準，對控股公司及核心子公司溫室氣體盤查資訊進行查證，類別1及類別2為合理保證，類別3及類別4為有限保證。","3,424.0715","與燃料及能源相關活動（未納入範疇1或範疇2）,商務旅行,員工通勤","包括母公司及 5 家核心子公司之 2024 年度溫室氣體盤查，並接受第三方機構依據 ISO 14064- 1:2018 標準進行查證，委由法標國際驗證股份有限公司（AFNOR Certification）依《ISO 14064-1:2018》標準，對控股公司及核心子公司溫室氣體盤查資訊進行查證，類別1及類別2為合理保證，類別3及類別4為有限保證。","已完成母公司,委由法標國際驗證股份有限公司（AFNOR Certification）依《ISO 14064-1:2018》標準，對控股公司及核心子公司溫室氣體盤查資訊進行查證，委由法標國際驗證股份有限公司（AFNOR Certification）依《ISO 14064-1:2018》標準，對控股公司及核心子公司溫室氣體盤查資訊進行查證，類別1及類別2為合理保證，類別3及類別4為有限保證。","委由法標國際驗證股份有限公司（AFNOR Certification）依《ISO 14064-1:2018》標準，對控股公司及核心子公司溫室氣體盤查資訊進行查證，委由法標國際驗證股份有限公司（AFNOR Certification）依《ISO 14064-1:2018》標準，對控股公司及核心子公司溫室氣體盤查資訊進行查證，類別1及類別2為合理保證，類別3及類別4為有限保證。","N/A","","",""
"=""2637""","慧洋-KY","17,393.0000","已完成合併財務報表之母子公司","N/A","","392.0000","已完成合併財務報表之母子公司","N/A","","2,349,902.0000","與燃料及能源相關活動（未納入範疇1或範疇2）,商務旅行,員工通勤,下游租賃資產","已完成合併財務報表之母子公司","N/A","","116.2300","依循IMO減量目標要求，本公司溫室氣體排放主要來自範疇一及範疇三，參考《Fourth IMO GHG Study 2020》，擇定Annual Efficiency Ratio (AER，衡量船舶實際航行每海浬之碳排放量) 作為排放強度衡量標的，並設定以2008為基準年，至2030年減量55%，2040年減量80%。","本公司持續投資高規格環保節能船，積極採用新型設計及節能環保設備，在船舶營運上則依船舶能源效率管理計畫(SEEMP)推行節能行動，優化船速並降低能源使用量，亦積極與夥伴服務商StormGeo合作，以現有的日報軟體為基礎，運用數據蒐集及運算技術來計算碳強度相關指標，並以科技輔佐船舶來盡力降低蒐集過程中可能產生的人為錯誤。","AER反映船舶每海浬的實際碳排放量。根據《Fourth IMO GHG Study 2020》推算，慧洋船隊2008年的AER為19.64；自2019年起，依系統彙整的船隊實際數據顯示，2024年的AER已降至5.87，較2008年下降約70%。"
"=""2642""","宅配通","13,139.4849","已完成合併財務報表之母子公司","已完成合併財務報表之母子公司","有限確信","4,834.2618","已完成合併財務報表之母子公司","已完成合併財務報表之母子公司","有限確信","3,739.2173","購買之商品及勞務","已完成合併財務報表之母子公司","已完成合併財務報表之母子公司","有限確信","4.4367","請參閱113年報第61頁「1-2 溫室氣體減量目標、策略及具體行動計畫」之揭露","請參閱113年報第61頁「1-2 溫室氣體減量目標、策略及具體行動計畫」之揭露","請參閱113年報第61頁「1-2 溫室氣體減量目標、策略及具體行動計畫」之揭露"
"=""2645""","長榮航太","3,151.5559","已完成母公司","已完成母公司","合理保證等級","14,279.9947","已完成母公司","已完成母公司","合理保證等級","N/A","","N/A","N/A","","1.0700","","",""
"=""2646""","星宇航空","973,496.1208","已完成合併財務報表之母子公司","已完成合併財務報表之母子公司","合理保證等級","8,039.7654","已完成合併財務報表之母子公司","已完成合併財務報表之母子公司","合理保證等級","9,888.1918","與燃料及能源相關活動（未納入範疇1或範疇2）,商務旅行,員工通勤","已完成合併財務報表之母子公司","已完成合併財務報表之母子公司","合理保證等級","27.6100","星宇航空依循民航局2023年12月發行之「我國國際航空業碳抵換及減量計畫」作業指引(第二版)，每年定期檢核航空器之碳排放量，持續深化節油策略和追蹤相關議題，為2027年的碳抵換計畫做準備。同時透過定期的節油小組會議，於引進新型機隊時，優先將用油效率、縮小垂直間隔(RVSM)、航機攜帶水量控管及輔助動力系統等納入考量，以落實節油行動。","規劃於未來 3 年內啟動「SBTi科學基礎減量目標倡議」(Science Based Targets initiative, SBTi) 的設定與驗證程序，致力於將溫室氣體排放減量目標與《巴黎協定》所設定之升溫不超過 1.5°C 的全球控溫目標接軌。透過參與SBTi 倡議，將依據國際標準盤查範疇一、二及三之碳排放量，訂定具體、可衡量且具時限性的中長期減碳路徑，涵蓋航機營運、地勤作業、供應鏈合作與旅客服務等多面向，進一步提升企業氣候韌性與透明揭露水準，強化對利害關係人之承諾，並於後續年度報告中持續揭露執行情形與進度。 ","星宇航空主要的能源消耗來自機隊耗能，為達成低碳營運之長期目標，星宇航空於逐步擴建機隊的同時，亦引進空中巴士高效節能的新世代短、中、長程機型(A321neo, A330neo, A350-900)，藉由機體大幅採用減重又耐用的碳纖維及鈦合金複合材料，提升航機效能並減少二氧化碳排放，打造永續飛航機隊。星宇航空亦採取油量控管措施，如調整攜帶飛行應變燃油量、縮小垂直間隔(RVSM)飛行操作，以及定期清洗航機引擎，創造節油與減碳效益，2024年度節油共計7,572,890.00公斤，並減少碳排放23,930,334.00公斤。"
"=""2701""","萬企","N/A","N/A","N/A","","1,117.7100","已完成母公司","N/A","","N/A","","N/A","N/A","","3.8500","","",""
"=""2702""","華園","64.7641","已完成合併財務報表之母子公司","N/A","","504.1294","已完成合併財務報表之母子公司","N/A","","N/A","","N/A","N/A","","N/A","本公司已統計過去一年溫室氣體排放量、用水量及廢棄物總重量，溫室氣體減量、減少用水或其他廢棄物管理之政策研擬中","1.113年1月汰換冰水主機為1級能效冰水主機 2.113年1月啟用智慧化升級AI智能中央監控系統 3.113年1月汰換2台舊型熱泵浦為一級能效型熱泵浦 4.113年6月全面汰換為全遮光窗簾減少太陽熱傳導減輕空調系統負荷 5.113年11月透過汰換傳統燈具，將全館客房燈具改為LED省電燈泡以上措施得可以減少溫室氣體之排放。","不適用"
"=""2704""","國賓","2,381.0000","已完成母公司","N/A","","8,381.0000","已完成母公司","N/A","","N/A","","N/A","N/A","","8.2650","2024年為基準年 範疇一+範疇二數據:10,762公噸CO2e","•推動一次性消耗品減量，並強化能源管理 •推動無紙化，以電子郵件取代非必要公文紙張 •辦公地點及走道採用省電型崁燈 •與地方農民、漁業者合作 •推出在地特色餐飲 •持續設計低碳及蔬食餐飲","已陸續更換省電設備，並追蹤能源使用情形"
"=""2705""","六福","6,405.3040","已完成母公司","N/A","","10,102.4090","已完成母公司","N/A","","N/A","","N/A","N/A","","7.1000","六福開發以2024年為溫室氣體盤查基準年，基準年排放量為16,507.712公噸CO2e，自2025年制定減碳中、長期目標，未來將結合更精準的碳盤查工作，逐步擴大減碳行動涵蓋範圍，實現旅遊服務業邁向低碳轉型與氣候韌性發展。","為系統性落實氣候行動，六福開發建置溫室氣體監測與管理機制，涵蓋碳排放盤查、資源使用控管、節能減碳行動等核心策略。公司將溫室氣體管理成果定期提報董事會，強化高層監督與決策支持。 同時，六福開發於台北及新竹成立「綠色小組」，專責制定碳減排目標與管理政策，並以年度減量1%為基準持續精進，涵蓋能源、水資源、廢棄物與採購等項目，推動各營運據點導入具體減碳行動。 ","六福開發為支持溫室氣體減量目標，除了進行能源管理、導入節電設備、提升能源使用效率，本公司同步推動綠色旅宿與綠色餐飲相關措施，藉由優化食材供應鏈與減塑行動，降低碳排放源。具體成果如下： 1.綠色旅宿：  (1)台北六福萬怡酒店通過環境部環保標章銀級認證，關西六福莊獲綠色旅店標章； (2)全面更換LED燈泡、採用環保清潔劑、環保廁紙與友善環境洗沐用品； (3)實施續住隔日更換床單毛巾政策與房卡回收制度。 2.綠色餐飲： (1)台北與新竹據點提升在地食材採購金額約1.9億元，降低食材運輸碳足跡 (2)多間餐廳通過環境部綠色餐廳認證； (3)廢止塑膠吸管，全面更換為紙吸管與玻璃杯； 三、永續目標與未來展望 六福開發持續朝向下列溫室氣體管理目標邁進： (1)落實能源與資源監控機制 (2)導入ESG數據回報系統，強化透明揭露與持續改善 "
"=""2706""","第一店","113.6235","本公司以下營運據點：第一華僑大飯店股份有限公司","N/A","","672.3955","本公司以下營運據點：第一華僑大飯店股份有限公司","N/A","","N/A","","N/A","N/A","","2.2087","","",""
"=""2707""","晶華","8,938.9040","已完成合併財務報表之母子公司","N/A","","19,153.5980","已完成合併財務報表之母子公司","N/A","","247.7280","營運中產生之廢棄物","已完成母公司","N/A","","5.0400","指標與目標: 	增加低碳、碳足跡產品3%。 	2030年使用再生能源3%~5%。 	2024年紙張減少10%。  	以在地原物料研發新產品，2026年前減少進口原物料採購比例5%。 	依消費模式之改變制定相對應策略，如轉型到府外燴及外送。","	提升設備能源效率：更新設備減少能源浪費，採用高效能的照明和設備，減少電力浪費，同時降低維護成本。 	綠色採購與供應鏈管理：優選環境友好的產品及服務，增加採用環保包裝材料的使用。確保供應鏈符合環保標準，促進產品和服務的永續性。 	節能交通工具：鼓勵員工於營運需求或業務拜訪時使用節能大眾交通工具。 	無紙化辦公：推行電子文檔、電子簽名、電子發票等，減少紙張的使用和浪費。 	社區與環境保護活動：積極參與及主辦環保活動，支援海洋保護及生物多樣性計劃，並參與社區活動，提升公眾對氣候變遷議題的認知和參與。 	營業中斷風險管理：建立災害應變小組和水資源風險控管流程。 	環保綠葉卡推廣：維持「環保綠葉卡」政策，鼓勵住客參與環保行動，減少日常更換布巾和床單，住客參與率達七成。。 	洗宿用品包裝容器，全面改用大容量的按壓瓶，實施率已達逾100%。 	優化製程，減少廢棄物產生，以及優化製程中的資源利用率。 	減少廚餘 :使用AI廚餘機監控及優化產品製程，減少廚餘量的產生。 	慎選供應商維持供貨品質穩定，以在地原物料研發新產品。 	企業聲譽與永續創新：提升企業永續品牌形象與客戶忠誠度。 	採用節水技術和廢棄物減量．物資回收利用計劃，並在建築設計和翻新中應用綠色建築標準、環保標章產品，減少運營過程中的環境影響。 	員工培訓，提高能源節約意識，並鼓勵員工參與節能減碳的活動和倡議。 ","2024年紙張減少14%，相當於減少3.211公噸碳排放量	環保綠葉卡推廣：維持「環保綠葉卡」政策，鼓勵住客參與環保行動，減少日常更換布巾和床單，住客參與率達七成。。 	洗宿用品包裝容器，全面改用大容量的按壓瓶，實施率已達逾100%。"
"=""2712""","遠雄來","1,160.1345","已完成母公司","N/A","","3,389.8987","已完成母公司","N/A","","2,099.4576","購買之商品及勞務,上游運輸及配送,營運中產生之廢棄物,商務旅行,員工通勤,上游租賃資產,下游運輸及配送,下游租賃資產","已完成母公司","N/A","","12.8170","","",""
"=""2722""","夏都","873.6947","已完成合併財務報表之母子公司","N/A","","4,649.5319","已完成合併財務報表之母子公司","N/A","","N/A","","N/A","N/A","","8.7500","1.基準年：113年 2.基準年數據(合併公司)： (1)範疇一：排放量873.6947(公噸 CO2e) ；密集度1.38(公噸 CO2e/營業收入百萬元) (2)範疇二：排放量4,649.5319(公噸 CO2e)：密集度7.36(公噸 CO2e/營業收入百萬元) (3)範疇三：尚未盤查 (4)合計：排放量5,523.2266 公噸 CO2e) ：密集度8.75(公噸 CO2e/營業收入百萬元) 3.減量目標: (1)碳排放與能源管理：每一年為一周期，以113基準年，於114每單位營業額(百萬)碳排減量1% (2)廢棄物管理：每三年為一周期減量目標5%，以113基準年，於114年廢棄物減量5% (3)水資源管理：每三年為一周期減量目標3%，以113為基準年，於114年節水3%；墾丁夏都水資源全數回收 (4)低碳產品與服務銷售：每一年為一周期增量目標5%，以113年為基準年，於114年增量5%","1.減量策略: (1)每單位營業額(百萬元)溫室氣體排放量減少1%。 (2)輔導供應商進行減碳。 (3)提高供應低碳產品與服務。 (4)再生能源使用。 (5)減量目標:  (a)碳排放與能源管理：每一年為一周期，以113基準年，於114每單位營業額(百萬)碳排減量1%  (b)廢棄物管理：每三年為一周期減量目標5%，以113基準年，於114年廢棄物減量5%  (c)水資源管理：每三年為一周期減量目標3%，以113為基準年，於114年節水3%；墾丁夏都水資源全數回收  (d)低碳產品與服務銷售：每一年為一周期增量目標5%，以113年為基準年，於114年增量5%  2.具體行動計畫： (1)自113年起將ESG與經理人KPI績效設定連結，指標說明如下： 本公司經理人酬金係依公司制度之薪給標準給付，此薪資報酬政策及制度由薪酬委員會審議後，經董事會決議辦理；另當年度公司如有獲利，依本公司章程第23條規定提撥不低於1%為員工酬勞。本公司依「績效管理辦法」執行之績效評核結果，作為經理人獎金核發之參考依據。 本公司經理人相關績效考核及薪酬合理性，均經薪資報酬委員會及董事會每年定期評估及審核，除參考個人績效達成率及對公司的貢獻度，並參酌公司整體營運績效、產業未來風險及發展趨勢，以及隨時視實際經營狀況及相關法令適時檢討酬金制度，另亦綜合考量目前公司治理之趨勢後，給予合理報酬，以謀公司永續經營與風險控管之平衡。 【總經理短期績效目標】 (a)財務指標：公司財務績效及相較同業表現水準比較，例如營收表現、預算達成率、ROE、ROE同業排名..等。 (b)策略指標：依據公司訂定未來短、中長期策略發展目標，例如：永續承諾達成情形、數位轉型、重大主題因應及調適作為等。 (c)永續及內控指標：致力實踐三大永續承諾：(a)法令遵循及風險控管、(b)重視誠信經營、(c)實踐ESG各項重點工作  【高階主管短期績效目標】 (a)重大主題因應調適：重大主題相關因應調適作為納入合併公司向下各公司經理人績效指標。 (b)減緩氣候變遷與調適：(a)提升內部氣候意識；(b)溫室氣體盤查與查證執行；(c)優化風險管理機制，導入並持續深化氣候風險管理 (c)推動職業安全衛生：(a)推動職場安全；(b)反歧視騷擾推動；(c)員工健康管理  (2)節能設備投入： 本公司於94年施作墾丁夏都沙灘酒店普羅館空調節能設備工程及96年持續施作改善波西塔諾館與馬貝雅館空調節能設備，投入改善節能設備19,415千元，9年來總節省耗電量7,786千(kwh)，總節省柴油當量1,934(kloe)，總計CO2減少排放量為4,765噸。 <墾丁夏都沙灘酒店>至113年已投入節能設備9,173千元，改善空調冷卻水塔及普羅館熱水節能系統，可減少之碳排量。 說明如下： a.波西塔諾館112年「空調冷卻水塔更新工程」，投入金額為2,700千元，提升空調效能、節省電力，進而減少碳排放，每月節省13.2%用電量；112年度節省90,053kw/h；113年度節省154,377kw/h，累計減少146,681kg碳排放。 b.113年向經濟部申請服務業系統節能專案補助-普羅館熱水設備節能設備計畫，投入6,473千元汰換老舊柴油鍋爐設備，更換為新型熱水系統節能設備，於113年3月已完工正式起用，其減碳成效極佳。普羅館熱水系統113年度較112年度的柴油用量減少42,500公升，計減少110.7(噸/年)碳排放。	  ","本公司減量基準年為113年，依據設立之減量目標持續進行減量計劃，將於115年計算114年減量達成情形。"
"=""2723""","美食-KY","N/A","N/A","N/A","","N/A","N/A","N/A","","N/A","","N/A","N/A","","N/A","","",""
"=""2727""","王品","5,697.0000","合併財務報表之台灣地區公司","合併財務報表之台灣地區公司","有限確信","55,371.0000","合併財務報表之台灣地區公司","合併財務報表之台灣地區公司","有限確信","N/A","","N/A","N/A","","3.3929","","",""
"=""2731""","雄獅","65.5329","已完成母公司","已完成母公司","合理保證等級","1,349.6173","已完成母公司","已完成母公司","合理保證等級","20.5181","營運中產生之廢棄物","已完成母公司","已完成母公司","有限保證等級","0.1990","配合階段執行溫盤作業，公司調整以113年為基準年，已自願性揭露總部等30間子(分)公司盤查數據，計畫於115年完成合併公司溫盤與查證。依照溫室氣體盤查報告書與清冊報告，以此作為碳排管理的依據，掌握碳排放量減少推行參據。計畫導入執行內部碳定價、更換設備減碳、綠色能源投資及營運活動減碳的行動等目標。 參照112/113年盤查範圍，在公司與人員數量增加約7.3%，類別1因通運公司消耗能源納入統計，故公司整體排放量仍成長，然類別2及類別4-3：間接排放源，數據均能有效管理控制，初步規劃每年減量較基準年減量2%為目標，以達成119年(西元2030年)减量10%之目標。","公司管理策略短期方面：加強組織建立、年度教育訓練、友善環境營造及推廣綠能活動等。中期方面：除人才培育組織優化、導入內部碳定價、利用智能化管理碳排放量據以執行減量作為，評估ESG績效連結獎酬機制等。長期方面：汲取國際減碳科技趨勢、耗能設備更新投資及綠色能源債券投資等策略。講求管理支出成本效益，評估低碳模式帶來的機會與挑戰，共同朝淨零碳排的方向努力。","從管理階層、執行團隊、全體員工一同達成溫室氣體減量目標，提升公司資源效率，落實當責管理精神，來驅動企業永續運營文化，深植於團隊同仁齊心協力，逐步實踐達成淨零目標。"
"=""2739""","寒舍","4,936.0600","已完成母公司","N/A","","15,484.9400","已完成母公司","N/A","","N/A","","N/A","N/A","","4.0579","本公司致力降低碳排放強度，參考國內外節能減碳趨勢調整節能作為，設定2018年為基準年，目標每年減少1%碳排放強度，並擬定短、中、長期規劃，持續推動節能減碳措施並購置環保節能設備，預計於2030年減少12%碳排放強度。 ","本公司致力於環境保護、節能減碳，對於因應氣候變遷或溫室氣體管理之策略，將朝下述方向進行： （1）	能源與碳排放管理：「設備汰舊」為節能方案主軸，持續投入於設備汰舊換新專案，除了更換燈具、設備外，另導入空調主機、熱泵主機AI節電控制、偵測二氧化碳排放等措施；本公司各相關部門亦已著手研擬內部碳定價機制。 （2）	水資源管理：從全面落實營運作業節約用水做起，於餐廳、廚房及客房水龍頭及淋浴間蓮蓬頭安裝節水墊片，並在各館餐廳廚房建置污水回收處理系統，每日清洗截油槽，巡檢排放水質設備，確保處理系統符合排放標凖，將可利用之水資源發揮更大效益。 （3）	廢棄物管理：我們自2022年起皆使用大瓶裝填充按壓瓶，並配合「淨零綠生活政策」，自2024年09月01日起將落實「綠色輕旅行」計劃，客房不再主動提供一次性備品，以減少塑膠使用與資源浪費。",""
"=""2748""","雲品","2,228.8600","總管理處、君品酒店、雲品溫泉酒店(營業場域+員工宿舍)、頤品大飯店、淡水豪邸嘉廬","N/A","","7,518.4500","總管理處、君品酒店、雲品溫泉酒店(營業場域+員工宿舍)、頤品大飯店、淡水豪邸嘉廬","N/A","","302.6600","營運中產生之廢棄物,員工通勤","總管理處、君品酒店、雲品溫泉酒店(營業場域+員工宿舍)、頤品大飯店、淡水豪邸嘉廬","N/A","","3.9900","","",""
"=""2753""","八方雲集","8,693.0676","溫室氣體盤查涵蓋據點包含台灣地區的各倉儲、廠區及辦公室。","N/A","","7,421.3462","溫室氣體盤查涵蓋據點包含台灣地區的各倉儲、廠區及辦公室。","N/A","","3,375.5749","與燃料及能源相關活動（未納入範疇1或範疇2）,營運中產生之廢棄物,員工通勤","溫室氣體盤查涵蓋據點包含台灣地區的各倉儲、廠區及辦公室。","N/A","","2.0073","依循「上市櫃公司永續發展行動方案(2023年)」推動時程，本公司為實收資本額 50 億元以下之上市公司，預計於2027年以不晚於2026年為基準年，揭露減量目標、策略及具體行動計畫。","依循「上市櫃公司永續發展行動方案(2023年)」推動時程，本公司為實收資本額 50 億元以下之上市公司，預計於2027年以不晚於2026年為基準年，揭露減量目標、策略及具體行動計畫。","依循「上市櫃公司永續發展行動方案(2023年)」推動時程，本公司為實收資本額 50 億元以下之上市公司，預計於2027年以不晚於2026年為基準年，揭露減量目標、策略及具體行動計畫。"
"=""2762""","世界健身-KY","26.2382","已完成母公司","已完成母公司","合理保證等級","321.4837","已完成母公司","已完成母公司","合理保證等級","N/A","","N/A","N/A","","0.0354","","",""
"=""2801""","彰銀","2,006.4156","已完成合併財務報表之母子公司","已完成合併財務報表之母子公司","合理保證等級","12,045.4072","已完成合併財務報表之母子公司","已完成合併財務報表之母子公司","合理保證等級","14,337.0689","購買之商品及勞務,資本財,與燃料及能源相關活動（未納入範疇1或範疇2）,上游運輸及配送,營運中產生之廢棄物,商務旅行,員工通勤,已銷售產品之加工,已銷售產品之使用,已銷售產品生命週期結束之處理,下游租賃資產","已完成合併財務報表之母子公司","已完成合併財務報表之母子公司","有限保證等級","0.3360","本行溫室氣體減量目標係依據科學基礎減量目標倡議(SBTi)訂定，以2020年為基準年，並以該年溫室氣體總排放量(類別1及類別2之排碳量)18,236.492噸CO2e為基準，設定2030年較2020年減量42%之中期目標。","本行訂定空調及照明之能源效率提升、燃油運具能效轉型油電混合或純電、提高再生能源使用率以補足減碳缺口等三項減碳策略，及全面汰換為LED照明設備、汰換空調(以年齡大於30年者優先)、燃油汽車改採用油電混合汽車、燃油機車汰換為電動機車、分行屋頂建置太陽能發電系統(採自發自用)、購買綠電等六項減碳行動，推動全行落實溫室氣體減量。","2024年本行溫室氣體排放量為14,051.823噸CO2e，較2020年減量22.95%，執行進度為55%。"
"=""2812""","台中銀","762.8243","已完成合併財務報表之母子公司","已完成母公司,台中銀行(全行各單位)；台中銀證券(國內各單位)及台中銀創投(國內各單位)。","台中銀行：確信機構為財團法人台灣商品檢測驗證中心、確信範圍為全行各單位及合理保證等級；台中銀證券及台中銀創投：確信機構為秉承聯合會計師事務所、確信範圍為國內各單位及有限確信。","6,532.7944","已完成合併財務報表之母子公司","已完成母公司,台中銀行(全行各單位)；台中銀證券(國內各單位)及台中銀創投(國內各單位)。","台中銀行：確信機構為財團法人台灣商品檢測驗證中心、確信範圍為全行各單位及合理保證等級；台中銀證券及台中銀創投：確信機構為秉承聯合會計師事務所、確信範圍為國內各單位及有限確信。","1,973,307.8217","投資","已完成母公司","N/A","","0.3057","以2023年為基準年，2023年總排放量5,938.96公噸CO2e，訂定溫室氣體短、中、長期減量目標。 1.短期目標（2025年）：範疇一及範疇二合計年減1%。 2.中期目標（2026年至2028年）：範疇一及範疇二合計每年減3%。 3.長期目標（2029年至2030年）：範疇一及範疇二合計每年減5%。","節能減碳具體作為包括如下： 1.空調節能 : (1)配合「經濟部能源局」節約能源政策，於營業廳張貼「節電營業中」貼紙，門窗加裝窗簾、遮陽板等遮陽設備。 (2)空調設備採用高能源效率（高EER值）之空調設備，裝設可變風量空調系統（室溫控制26℃）、變頻多聯式冷氣系統，並定期維護保養穩定系統效能，提高室內空氣品質並減少能耗，達到節能減碳之目的。 (3)整修並汰換行舍所有老舊空調，2024年空調汰換及修繕費用約354萬元。 2.燈光節能 : (1)配合政府節能政策，針對辦公大樓新設及裝修工程，照明用電全面採用LED燈，2024年共更換211組LED燈具，預估可減少用電量17,724度/年、節省電費新臺幣62,034元/年並降低溫室氣體排放量8,756kgCO2e/年。 (2)戶外夜間照明採用感光自動開關、廣告招牌燈配合季節適時調整，待日落後始開啟，並制定關閉時間。 (3)行舍室內裝修藉由格局規劃及動線安排，增加辦公空間自然採光，減少人工照明用量，達到節能減碳功效。 (4)響應世界自然基金會「Earth Hour關燈一小時」活動，各營業單位更延長關燈時數至7小時，共同呼籲愛護環境、守護地球。 3.公務車汰換 : 2024年已租賃36台、自購12台，其中25台改用油電混合車。 4.視訊會議 : 採視訊會議方式與分行進行溝通及教育訓練，節省人員差旅費用及差旅碳排。 5.太陽能光電工程 : (1)自2021年起陸續於各分行進行太陽能光電工程，2024年神岡、霧峰、埤頭、和美分行當年度合計申請再生能源憑證為114張。(2024-神岡：30張；霧峰：23張；埤頭：27張；和美：34張)  (2)2023年社頭與秀水分行啟動建置，並於2024年底提出再生能源案場申請，並交由憑證中心審查書面資料。 (3)規劃於2024年進行田中及溪湖分行的太陽能光電工程建置。","2023年溫室氣體排放量為5,938.96公噸CO2e 2024年溫室氣體排放量為5,656.96公噸CO2e 減量282公噸CO2e，減少4.4783% 有達成範疇一及範疇二合計年減1%目標。"
"=""2816""","旺旺保","259.6877","已完成母公司","N/A","","619.8512","已完成母公司","N/A","","49.1731","商務旅行","已完成母公司","N/A","","0.0843","1.單位人均碳排量至2025 年減少 16%（2020 年為基期 ）。 2.單位人均碳排量至 2028 年減少 18%（2020 年為基期 ）。 3.單位人均碳排量至 2032 年減少 20%（2020 年為基期 ）。","1.辦公室空調系統汰換為節能變頻型空調。 2.採用LED照明取代傳統燈具。 3.推動員工節能教育及倡議（如關燈、減少印刷）。","單位人均碳排量減少 15.5%（2020 年為基期 ）。"
"=""2820""","華票","51.6264","已完成合併財務報表之母子公司","已完成合併財務報表之母子公司","合理保證等級","275.5096","已完成合併財務報表之母子公司","已完成合併財務報表之母子公司","合理保證等級","1,133,152.3324","商務旅行,員工通勤,投資","已完成合併財務報表之母子公司","已完成合併財務報表之母子公司","範疇三確信意見係採用確證與協議程序(AUP)所得之結論。","0.1461","為因應全球2050淨零排放，本公司於111年自願性盤點溫室氣體排放源以掌握排放情形，故訂定以111年度為基準年，並採用絕對基礎設定法設有溫室氣體（範疇一及範疇二）排放總量短中期減量目標至119年（基準年111年）減碳42%；另為響應政府推動減碳政策，評估引入可再生能源，以減少對傳統能源的依賴，故訂定短中期逐年階梯式使用再生能源至119年達到使用50%。 以上摘要部分內容，餘詳細資訊可詳參本公司113年度年報附表二之二之三 氣候相關資訊。","本公司減量策略先從降低自身營運碳排放做起，汰換老舊及高耗能設備和採購環保節能商品，112年由台北總公司率先開始汰換節電燈具後，113年高雄、台南、台中及桃園分公司在台北總公司的指導下，陸續全面跟進汰換為具節能之LED平板燈具，同時於午休時間12:30起熄燈，以提升節能效益；113年分別於1月及3月將台南分公司及台北總公司現行汽油公務車汰換為油電混合車，以降低碳排；另為響應政府推動減碳政策，評估引入可再生能源，以減少對傳統能源的依賴，故訂定短中期逐年階梯式使用再生能源至119年達到使用50%，本公司於113年導入再生能源(綠電)使用，自8月起開始轉供第一度綠電，113年再生能源(綠電)使用量總計85,000度。另要求供應商產品符合相關環保規範，執行綠色採購降低對環境負荷之衝擊。 除日常營運減碳措施，本公司自112年起依循ISO 14001建立環境管理系統，113年仍持續符合通過第三方驗證，證書效期至114年12月12日，並依據ISO 14064每年進行溫室氣體盤查，追蹤減排成效。","113年再生能源(綠電)使用量總計85,000度，佔全台營運據點總用電量15%，亦經經濟部標檢局的國家再生能源憑證中心(T-REC)核發合計85張再生能源憑證，達成113年使用再生能源之目標。 在ISO 14001建立環境管理系統下，本公司113年設定人均用水量減少2%、人均廢棄物產出量減少2%（基準年為111年），經113年10月召開環境管理審查會議檢視各項施行結果除人均廢棄物產出量因辦公室型態與日常行為的變化未達設定目標外，餘均達成目標設定。"
"=""2832""","台產","68.6570","已完成合併財務報表之母子公司","已完成合併財務報表之母子公司","合理保證等級","744.2025","已完成合併財務報表之母子公司","已完成合併財務報表之母子公司","合理保證等級","228.2213","購買之商品及勞務,營運中產生之廢棄物","已完成合併財務報表之母子公司","已完成合併財務報表之母子公司","AUP協議程序","0.1107","較基準(2024)年設立短、中、長期逐步減少碳排目標，分別減少3%、5-7%及12-15%。","近年來因應電子數位化流程作業的升級，逐年進行 IT 系統伺服器的更新擴容與配合主管機關要求增設設備等因素，總體排放量較往年有逐漸增加的趨勢，未來將從「提升空調效率」與「降低空調用電」兩大方向進行機房能源管理，持續優化系統運作管理與內部營運減碳，並透過 ISO 14064-1 外部溫室氣體盤查結果，擬定節能減碳的策略與行動計畫，逐步達到降低溫室氣體排放量的目標。","113年總分公司用電度數(1,561,359)較前一年度(1,590,972)減少29,613度。"
"=""2834""","臺企銀","1,200.6386","已完成合併財務報表之母子公司","已完成合併財務報表之母子公司","合理保證等級","8,672.1101","已完成合併財務報表之母子公司","已完成合併財務報表之母子公司","合理保證等級","4,391.4696","購買之商品及勞務,與燃料及能源相關活動（未納入範疇1或範疇2）,上游運輸及配送,營運中產生之廢棄物,商務旅行,員工通勤,下游租賃資產","已完成合併財務報表之母子公司","已完成合併財務報表之母子公司","有限保證等級","0.2890","配合國家2050年淨零碳排目標，本行於2024年3月通過SBTi減碳目標審核，以2020年為基準年，溫室氣體盤查類別一及類別二採絕對減量方法，2020年排放量為14,203.58公噸CO2e，目標年2030年減碳42%。","一、營運面減碳 (一)逐年計畫性汰換老舊冰水主機及空調設備。 (二)設置分區控制開關。 (三)辦理分行節電競賽。 (四)員工行為面宣導。 二、擴大再生能源使用 (一)建置自發自用太陽光電發電系統。 (二)採購及轉供再生能源。 (三)購買再生能源憑證。","2024年溫室氣體排放量類別一及類別二為9,872.7487公噸CO2e，較2020年基準年共減少30.49%，達該年度減碳目標。"
"=""2836""","高雄銀","234.2711","已完成合併財務報表之母子公司","已完成合併財務報表之母子公司","合理保證等級","2,211.7712","已完成合併財務報表之母子公司","已完成合併財務報表之母子公司","合理保證等級","480.3521","購買之商品及勞務,商務旅行,員工通勤","已完成合併財務報表之母子公司","N/A","","0.5578","以2022年為減量基準年，基準年溫室氣體總排放量為3036.1358tCO2e，並設定減碳目標為每年較前一年度排放量減少1%。","一、溫室氣體減量策略 本行秉持永續發展願景，堅定承諾以實際行動邁向2050年淨零碳排目標。我們積極響應國家低碳政策，設定每年減碳1%的目標。未來，本行將導入SBTi科學基礎減碳目標倡議，精準制定減排路徑，預估導入後可提升本行範疇一、二每年減碳目標達4.2%，並建置內部碳定價機制，強化碳管理效能。共創低碳未來。 二、具體行動計畫 為追求環境永續經營目標，本行導入ISO 14001環境管理系統、ISO 50001能源管理系統，以降低環境碳排放量並增進能源使用效率。 本行為有效減少溫室氣體排放量，制定相關節能措施如下： 1.建置自發自用太陽能板(草衙、橋科分行) 2.持續汰換照明設備，規劃全面採用節能LED燈具。 3.汰換老舊空調，並設定室內冷氣溫度平均值不低於攝氏26度。 4.持續汰換全行公務車為油電混合公務車。 5.宣導節約用水觀念、並張貼節水標語。 6.減少使用塑膠製或拋棄式餐具、水杯，確實施行垃圾分類及資源回收。 7.規劃採購綠電使用，並於未來三年分別導入使用40萬電、80萬、100萬度綠電，逐步提升再生能源使用比例，並陸續達成總行大樓、草衙分行、橋科分行100%使用綠電。","本行於2024年溫室氣體總排放量為2926.3944tCO2e，相較於2023年溫室氣體總排放量為2998.7404tCO2e，減少2.4%，順利達成本行設定減碳目標。"
"=""2838""","聯邦銀","458.1667","已完成合併財務報表之母子公司","已完成母公司","合理保證等級","8,036.9318","已完成合併財務報表之母子公司","已完成母公司","合理保證等級","2,450.9593","上游運輸及配送,商務旅行","已完成合併財務報表之母子公司","已完成母公司","有限保證等級","0.4936","本行及子公司遵循國內溫室氣體減量相關法規，並參照國際科學減量方法(SBTi)，就範疇一及二訂定自身逐年減碳目標，以2023年為基礎年，至2030年以減碳42%及達成RE60(使用綠電達60%)為目標，長期以2050年達成淨零排碳及達成RE100為目標。","一、降低自身營運碳排放： 1. 用電減量：全面使用具節能標章之LED燈具、變頻空調、冰箱、飲水機等用電設備。 2. 用水減量：全面汰換老舊馬桶為節水馬桶，水龍頭汰換為感應式龍頭，並檢修管線避免滲漏水。 3. 用油減量：公務汽、機車逐年汰舊換新為油電混合車、電動車或新能源車。 4. 電子公文：全面採用電子公文，並持續推動電子帳單。 5. 綠色採購、綠色辦公：參與環保署推動之綠色採購及綠色辦公活動。 6. 低碳建築：興建自有大樓採用綠建築及智慧建築標章設計，室內裝修使用低碳、低甲醛之綠建材。 7. 內部碳定價：訂定內部碳定價，將碳排納入內部費用成本評估，以促進減碳管理措施。 二、擴大使用再生能源： 1. 設置電動車充電系統：自2024年起自建之大樓停車場均設置電動車充電系統。 2. 設置太陽能發電場：自有行舍大樓設置屋頂型太陽能發電場。 3. 使用再生能源：本行(含子公司)將逐年增加再生能源使用量，以達成RE100國際再生能源倡議標準為目標 (2030年RE60，2050年RE100)。 三、落實能源暨環境管理並擴大影響力： 1. 持續執行ISO50001能源管理系統及ISO14001環境管理系統，持續推動減少能源耗損，並建置綠色潔淨環境。 2. 依冬、夏季訂定招牌燈具開啓時間管理規則以減少耗電。 3. 實施教育訓練強化行員節能減碳觀念，持續推動隨手關燈，以及關閉不需用之空調等，以避免浪費用電。 4. 管控行舍空調溫度之設定以不低於26°C為原則。 5. 持續參與「地球一小時」、「世界地球日」、「世界環境日」等國際倡議活動，並邀請客戶及周邊商家共同響應。","2024年較2023年約減少3%碳排放量。"
"=""2845""","遠東銀","296.4920","已完成合併財務報表之母子公司","已完成合併財務報表之母子公司","合理保證等級","4,999.7426","已完成合併財務報表之母子公司","已完成合併財務報表之母子公司","合理保證等級","2,470,324.0000","購買之商品及勞務,資本財,與燃料及能源相關活動（未納入範疇1或範疇2）,上游運輸及配送,營運中產生之廢棄物,商務旅行,員工通勤,上游租賃資產,下游運輸及配送,已銷售產品之加工,已銷售產品之使用,已銷售產品生命週期結束之處理,下游租賃資產,加盟,投資","已完成合併財務報表之母子公司","N/A","","0.4119","本行於2024年9月簽署承諾加入「科學基礎減量目標倡議」（SBTi），並於2025年3月經SBTi審核通過，設定以2023年度為基準年，於2030年範疇⼀、二排放量較基準年減少42%，以呼應《巴黎協定》控制全球升溫於1.5℃內之減碳目標。","依SBT減碳路徑，規劃每年減少6%碳排放量並逐年遞增為減碳策略，並採取加速汰換老舊耗能設備、導入標準化、數位化管理系統，擴大再生能源使用，以逐步達成減碳目標。","本行及合併報表子公司2024 年範疇一及範疇二溫室氣體排放量(市場基準)為 5,017.99公噸CO2e，較基準年2023年減量 8.07%，達成年度減碳目標。"
"=""2849""","安泰銀","148.2346","已完成母公司","已完成母公司","合理確信","3,254.3375","已完成母公司","已完成母公司","合理確信","720.3268","購買之商品及勞務,與燃料及能源相關活動（未納入範疇1或範疇2）,營運中產生之廢棄物","已完成母公司","已完成母公司","有限確信","0.6139","基準年： 2022年溫室氣體減量基準年 數據： 總排放量4,500.553公噸CO2e 減量目標： 短程(2024年)：減少2%。 中程(2030年)：減少6.5%。 長程(2050年)：減少100%。","策略及具體行動計畫： 短程： 1.室內冷氣溫度平均值設定攝氏26度，並設置窗簾減少戶外輻射熱源進入。 2.燈具汰換為LED燈，或置換為自動感應式照明設備。 3.辦公場所分區使用照明，並規定午休時間應關閉照明。 4.分行依季節及日照時間，適時調整招牌燈啟閉時間。 5.需報廢之資訊設備交由專業廠商辦理回收，提高資源回收率。 6.老舊或耗能之空調設備及事務設備逐年汰換。 7.置換感應式水龍頭，以減少水資源浪費。 中程： 1.公務車租約到期後改採油電混合車。 2.導入ISO14001環境管理及ISO50001能源管理系統，並取得第三方確信。 3.購置綠電，以達成再生能源使用量目標。 長程： 1.購置綠電，以達成再生能源使用量目標。","達成情形： 1.2023年碳總排放量4,436.6160公噸CO2e：較2022年(基準年)減少1.42% 2.2024年碳總排放量4,122.8989公噸CO2e：較2023年減少7.07%"
"=""2850""","新產","83.1919","總公司+新竹分公司","總公司+新竹分公司","合理保證等級","658.7809","總公司+新竹分公司","總公司+新竹分公司","合理保證等級","158.1104","與燃料及能源相關活動（未納入範疇1或範疇2）","總公司+新竹分公司","總公司+新竹分公司","合理保證等級","0.1164","基準年 115年目標 :  1.完成全公司所有營運據點溫室氣體盤查並通過 ISO14064-1 查證。 2.類別一、二溫室氣體排放量每年較基準年減少 1%","策略: 1.對於冷氣空調系統，汰舊換新，採購綠色標章產品。 2.工作流程推行電子化、無紙化。  3.持續監用水、用電量。 4.進行能源管理，檢視能源現況，持續性的改善能源績效。  具體行動: 1.全部據點燈具已114年全數更新為節能燈具。 2.新竹、台中、彰化據點112年已進行 ISO 50001 能源管理系統年度驗證。","113年 19%分公司電費減少5%，43%分公司電費減少2%，事務列印費降低0.2%，待115年溫室氣體盤查完成，未來將透過管理與控制，降低溫室氣體的排放。"
"=""2851""","中再保","5.6931","已完成母公司","已完成母公司","合理保證等級","244.4880","已完成母公司","已完成母公司","合理保證等級","142.1023","員工通勤","已完成母公司","已完成母公司","合理保證等級","0.0109","本公司針對溫室氣體減量目標，依時程區分為三個階段：短期目標（2025年前）、中期目標（2030年前）及長期目標（2050年前），以達成淨零碳排為目標逐步落實減碳行動，詳細目標內容與相關推動措施，請參閱本公司網站《資訊公開／企業永續／本公司永續發展策略及減碳目標》、永續報告書《環境/節省能源使用管理》章節及年報。","企業對於因應氣候變遷或溫室氣體管理之策略分為E(環境)、S(社會)、G(公司治理)三大面向，E(環境)主要對維護環境永續、致力邁向低碳營運；S(社會)善盡企業社會責任並推動普惠金融；G(公司治理落實強化公司治理並引領永續經營。除以上策略主軸，本公司推行各項節能減碳措施，供全體同仁知悉執行。請參閱本公司網站《資訊公開/企業永續/本公司永續發展策略及減碳目標》、永續報告書之《環境》章節及年報。","本公司業訂有「中央再保險公司節能減碳措施推動要點」主要推行相關措施及達成情形如下： 1.持續宣導節約用水用電。 2.冷氣空調設定26-28度之間，定期清洗及維護，提升能源使用效率。 3.全面更換節能燈具取代傳統照明燈具，午休時段關燈一小時。 4.採購具有節能標章之電器商品。 5.採購省水標章之設備。 6.茶水間及洗手間設備更換省水設備。 7.本公司持續推動廢棄物減量，實施「取消個人垃圾桶」措施，並定期向同仁及清潔公司宣導並落實廢棄物分類與減量。 8. 95年導入政府電子公文交換機制，使得收發文作業更為便捷，節省公文傳遞時間、紙本作業，大量減少紙張等資源耗用。業務執行傳真改採圖檔顯示不予列印，減少紙張及碳粉使用。 9.鼓勵員工使用大眾運輸工具及騎乘自行車上班。 詳細內容請參閱本公司網站《資訊公開/企業永續/本公司永續發展策略及減碳目標》、永續報告書之《環境》章節及年報。"
"=""2852""","第一保","86.1477","已完成母公司","N/A","","872.8803","已完成母公司","N/A","","256.0683","與燃料及能源相關活動（未納入範疇1或範疇2）,商務旅行","已完成母公司","N/A","","0.1230","","",""
"=""2855""","統一證","203.1000","已完成合併財務報表之母子公司","已完成合併財務報表之母子公司","合理保證等級","3,200.6800","已完成合併財務報表之母子公司","已完成合併財務報表之母子公司","合理保證等級","1,445.6500","與燃料及能源相關活動（未納入範疇1或範疇2）,營運中產生之廢棄物,商務旅行","已完成合併財務報表之母子公司","已完成合併財務報表之母子公司","有限保證等級","0.2612","將2022年作為目標基準年，部署規劃減量行動，目標2025年範疇一、二的溫室氣體排放量較基準年2022年(3168.57公噸CO2e)減量5%、2030年減量15%。","為戰勝如大雨、地震、高溫等氣候風險因子，維持公司營運的安全性與穩健性，本公司以低碳轉型的政策因應。於客戶面：包含全力發展數位金融，自客戶開立帳戶、免出門即可線上簽署各類同意書及主管機關要求的風險預告書、直接於行動裝置進行各類交易、線上查詢成交回報，讓本公司的服務不受氣候變遷的影響；於公司營運面：全面檢視業務流程行政表單e化、裝潢選用具有綠建材標章認證之建材、採購環保標章產品、逐年汰舊耗能設備及節能燈具藉此減少能源耗損，精簡能源費用支出，提升營運效能，且聘請外部認證機構，正式導入ISO14001環境管理系統、ISO14064-1溫室氣體盤查、ISO 50001能源管理系統，環環相扣的低碳經營，減少碳足跡的生成。","統一證券將2022年作為目標基準年，部署規劃減量行動，目標2025年範疇一、二的溫室氣體排放量較基準年減量5%、2027年減量10%、2030年減量15%。 ● 2024年統一證券範疇一、二的碳排放總量為2,885.86公噸CO2e，較2022年範疇一、二的碳排放總量3,168.57公噸CO2e下降8.92%。 ● 2024年統一證券範疇一、二的碳排放密集度為0.2215公噸CO2e/百萬元，較2022年0.6008公噸CO2e/百萬元下降63.13%。 "
"=""2867""","三商壽","551.3102","已完成母公司","已完成母公司","有限確信","6,886.0653","已完成母公司","已完成母公司","有限確信","2,611,129.0900","投資","已完成母公司","已完成母公司","有限確信","0.0542","降低自身營運之溫室氣體排放量，以112 年為基準年，短期目標為113-114 年排碳量累計減少 3%、119 年排碳量累計減少20%。","具體減碳措施行動計劃大致分為降低自身營運碳排放、擴大使用再生能源及落實環境管理及擴大影響力。相關資訊可參考本公司2024股東會年報P109。","112 年範疇1+範疇2 碳排放為7,922.1730 公噸CO2e，113 年範疇1+範疇2 碳排放為7,437.3755 公噸CO2e"
"=""2880""","華南金","2,552.0685","已完成合併財務報表之母子公司","已完成合併財務報表之母子公司","合理保證等級","22,188.4584","已完成合併財務報表之母子公司","已完成合併財務報表之母子公司","合理保證等級","13,512.1391","購買之商品及勞務,與燃料及能源相關活動（未納入範疇1或範疇2）,營運中產生之廢棄物,商務旅行,員工通勤,已銷售產品之使用,已銷售產品生命週期結束之處理","已完成合併財務報表之母子公司","已完成合併財務報表之母子公司","有限保證等級","0.3705","基準年為2024年 減量目標為範疇一、二排碳量相較前一年度下降2%","1. 定期辦理 ISO 14064-1 溫室氣體盤查，掌握自身碳排情形並管理 2. 定期辦理 ISO 50001 能源管理系統認證 3.定期辦理 ISO 46001 水資源效率管理系統續證 4. 定期辦理 ISO 14001 環境管理系統認證 5. 規劃營運據點之空調設備、燈具汰換為節能裝置 6. 積極取得營運據點之綠建築標章 7. 階段性汰換燃油公務車為油電車或純電車 8. 自建太陽能發電裝置 9. 購買再生能源及取得其憑證","已達成本集團設定範疇一、二排碳量相較前一年度下降2% 之管理目標"
"=""2881""","富邦金","4,026.0731","已完成合併財務報表之母子公司","富邦金控、富邦人壽、台北富邦銀行、富邦產險、富邦證券、富邦銀行（香港）、富邦證券投資信託、富邦華一銀行、富邦期貨、富邦育樂、富邦運動場館、北富銀創投、富邦證券投資顧問、富邦私募股權、富邦財產保險（廈門）、富邦綜合保險代理人、富邦金控創業投資、富邦資產管理、富邦現代生命保險、富邦基金管理（香港）。","除富邦基金管理（香港）為有限保證等級外，其餘公司皆為合理保證等級。","41,567.5499","已完成合併財務報表之母子公司","富邦金控、富邦人壽、台北富邦銀行、富邦產險、富邦證券、富邦銀行（香港）、富邦證券投資信託、富邦華一銀行、富邦期貨、富邦育樂、富邦運動場館、北富銀創投、富邦證券投資顧問、富邦私募股權、富邦財產保險（廈門）、富邦綜合保險代理人、富邦金控創業投資、富邦資產管理、富邦現代生命保險、富邦基金管理（香港）。","除富邦基金管理（香港）為有限保證等級外，其餘公司皆為合理保證等級。","33,029.8082","購買之商品及勞務,資本財,與燃料及能源相關活動（未納入範疇1或範疇2）,營運中產生之廢棄物,商務旅行,員工通勤,已銷售產品之使用","富邦金控、富邦人壽、台北富邦銀行、富邦產險、富邦證券、富邦銀行（香港）、富邦證券投資信託、富邦華一銀行、富邦期貨、富邦育樂、富邦運動場館、北富銀創投、富邦證券投資顧問、富邦私募股權、富邦財產保險（廈門）、富邦綜合保險代理人、富邦金控創業投資、富邦資產管理、富邦現代生命保險、富邦基金管理（香港）。","富邦金控、富邦人壽、台北富邦銀行、富邦產險、富邦證券、富邦銀行（香港）、富邦證券投資信託、富邦華一銀行、富邦期貨、富邦育樂、富邦運動場館、北富銀創投、富邦證券投資顧問、富邦私募股權、富邦財產保險（廈門）、富邦綜合保險代理人、富邦金控創業投資、富邦資產管理、富邦現代生命保險、富邦基金管理（香港）。","富邦銀行（香港）、富邦華一銀行、及富邦財產保險（廈門）取得合理保證等級，富邦現代生命保險取得有限保證等級，其餘公司則為協議程序（AUP）所得結論。","0.0464","以2020年範疇一、二合計碳排量為基準，至2030年減42% （範疇一減5%，範疇二減45.5%）達成SBT目標後，續依科學方法路徑進行減碳，至2040年減92.3% （範疇一維持減5%，範疇二減100%），剩餘排放量（約7.7%）預計最晚2050年前依國際標準認可之方式或工具進行移除，實現營運淨零排放。","持續增加採購綠電，汰換燈具及節電設備，並落實節電管理及宣導。","113年營運排放45,593.6230噸CO2e，較2020年基準年排放量64,747.0624噸CO2e減29.6%，達成率175.4%。"
"=""2882""","國泰金","6,640.8828","已完成合併財務報表之母子公司","已完成合併財務報表之母子公司","合理保證等級","47,102.3919","已完成合併財務報表之母子公司","已完成合併財務報表之母子公司","合理保證等級","12,019,253.6877","購買之商品及勞務,資本財,與燃料及能源相關活動（未納入範疇1或範疇2）,上游運輸及配送,營運中產生之廢棄物,商務旅行,員工通勤,上游租賃資產,下游運輸及配送,已銷售產品生命週期結束之處理,投資","已完成合併財務報表之母子公司,【營運端排放】已完成合併財務報表之母子公司。 【金融資產排放】投資組合財務碳排放編制範疇：國泰集團對2024年12月31日所持有之自有投資資產內的上市櫃股票及公司債進行盤查，範疇包括國泰人壽、國泰證券、國泰產險及國泰世華銀行「透過損益按公允價值衡量之金融資產(FVTPL)」、「透過其他綜合損益按公允價值衡量之金融資產(FVTOCI)」、「按攤銷後成本衡量之金融資產(AC)」三個會計科目之自操及委外投資部位。授信組合財務碳排放編制範疇：國泰世華銀行及國泰人壽2024年12月31日之發電專案融資、商業不動產抵押貸款，以及企業貸款部位(不包含短期貸款及中小企業貸款)","【營運端排放】類別三(運輸產生的間接溫室氣體排放)、類別四(組織使用的產品之間接溫室氣體排放) 【金融資產端排放】同資料邊界","【營運端排放】Agreed-upon procedures (AUP) 【金融資產端排放】有限確信","0.1502","為實現淨零排放，國泰金控訂定於2030年，將範疇一與範疇二的絕對溫室氣體排放量減少至2020年排放水準（60,243.66 tCO2e）的25%。此減碳目標涵蓋100%營運據點之排放量，並已於2022年通過科學基礎減量目標（SBTi）審查認可。為更進一步加速低碳轉型，2024年國泰自主強化此項減量目標，設定2030年國內之減量幅度提升至42%。","-策略一、綠色能源：2030 年台灣營運據點 100%使用再生能源，2050 年全球營運據點 100%使用再生能源。 -策略二、綠色營運：實施三化「作業行動化、服務數位化、職場共用化」，將共享、循環之概念引入職場規劃，型塑低碳職場。 -策略三、綠色不動產：建構低碳建築不動產生態系，驅動產業參與能源轉型。","-目標：2024年排放量較2020年(基礎年)累積減少11.7%。 -達成情形：較2020年(基礎年)累積減少22.49%"
"=""2883""","凱基金","1,525.4100","已完成合併財務報表之母子公司","已完成合併財務報表之母子公司","合理保證等級","17,870.0500","已完成合併財務報表之母子公司","已完成合併財務報表之母子公司","合理保證等級","7,324,556.5300","購買之商品及勞務,與燃料及能源相關活動（未納入範疇1或範疇2）,上游運輸及配送,營運中產生之廢棄物,商務旅行,員工通勤,上游租賃資產,下游運輸及配送,已銷售產品之加工,已銷售產品之使用,已銷售產品生命週期結束之處理,下游租賃資產,投資","已完成合併財務報表之母子公司","已完成合併財務報表之母子公司","有限確信","0.2600","較2022年25,080.15 tCO2e減少10.5%排放量","1.藉由自身營運節能、導入綠電及據點整併等方式進行減碳 2.自建太陽能板發電並採購綠電","2024年累積減少22.7%排放量"
"=""2884""","玉山金","2,402.8730","已完成合併財務報表之母子公司","已完成合併財務報表之母子公司","合理保證等級","10,291.2492","已完成合併財務報表之母子公司","已完成合併財務報表之母子公司","合理保證等級","38.4945","購買之商品及勞務","已完成合併財務報表之母子公司","已完成合併財務報表之母子公司","有限保證等級","0.1667","依循SBT減碳目標，以2020年為基準年範疇1+2總碳排為24,698噸，2030年範疇1+2減碳42%。","玉山長期投入環境永續作為，持續努力梳理對於自身營運環境的低碳轉型方式，主要分成執行面與管理面兩個範疇，執行面包含設備節能改善、導入綠建築、使用再生能源、透過碳權進行碳抵換以及其他推廣措施等；管理面包含通過SBT科學減碳目標、導入各項管理系統與盤查驗證、建立碳排資料庫以及推行內部碳定價等。玉山認為唯有結合這兩個範疇，並且有紀律的持續落實與精進，才能循序漸進的達成短中長期目標，進而邁向永續未來。","2024年範疇1+2碳排放量相較於基準年降低48.6%。"
"=""2885""","元大金","1,917.0537","已完成合併財務報表之母子公司","元大金控暨子公司(國內營運邊界)","合理確信","20,549.3780","已完成合併財務報表之母子公司","元大金控暨子公司(國內營運邊界)","合理確信","13,107,661.3647","與燃料及能源相關活動（未納入範疇1或範疇2）,營運中產生之廢棄物,商務旅行,下游租賃資產,投資","已完成合併財務報表之母子公司","元大金控暨子公司(國內營運邊界)","有限確信","0.1861","以2020年為基準年(排放量22,128.53公噸CO2e)，目標2030年絕對排放量較2020年減少42%。","元大金控以低碳營運、永續金融、低碳供應鏈、永續倡議四大面向開展減排相關策略，導入內部碳定價外部減碳成本內部化，新建之自有大樓取得綠建築標章，採購再生能源並於2024年度總綠電使用量達528 萬度，汰換高耗能設備，換裝LED 節能燈具、能耗智慧監測、空調系統升級等。元大金控於營運過程中使用能源以外購電力為大宗，透過系統化的管理架構與流程落實節能計畫，有效減少能源使用、降低環境衝擊，依循元大金控「環境與能源及氣候變遷管理政策」，持續改善建築能源使用與降低溫室氣體排放，全國9棟自有大樓全數通過ISO 50001 能源管理系統驗證。","2024年碳排放較前年度下降5.20%、較基準年2020年減量26.11%。"
"=""2886""","兆豐金","2,638.8600","已完成合併財務報表之母子公司","已完成合併財務報表之母子公司","合理保證等級","14,928.7200","已完成合併財務報表之母子公司","已完成合併財務報表之母子公司","合理保證等級","9,052,464.5100","與燃料及能源相關活動（未納入範疇1或範疇2）,營運中產生之廢棄物,商務旅行,投資","已完成合併財務報表之母子公司","已完成合併財務報表之母子公司","合理保證等級","0.2104","短期目標：2024年範疇1+2溫室氣體排放較2022年基準年減少10.5% 中期目標：2030年範疇1+2溫室氣體排放較2022年基準年減少42% 長期目標：2050年範疇1+2溫室氣體淨零排放","本集團訂有「永續發展政策」，推動節能減碳政策，並透過採購油電混合車及使用綠電，落實溫室氣體減量。  油料消耗主要來自使用公務車，以下為範疇一減量減量措施： -  透過啟動視訊系統代替出差，必要的差旅活動則鼓勵搭乘大眾運輸工具，避免開車以減少汽油的使用。 -  公務車租賃採用取得環保標章車輛、油電車及電動機車，提高燃油效率值。 -  2024年購置油電混合車之數量達當年度採購公務車總數80%，並規劃至2026年達當年度採購公務車總數100%。   電力消耗主要來自辦公設備，透過主要耗用電力設備之管理，控管空調、電梯、照明設備及辦公室電腦與事務機之使用，有效降低用電量，以下為範疇二減量減量措施： -  汰換空調主機設備，兆金大樓、兆衡大樓、銀行及證券分支機構汰換空調主機設備及冰水主機。 -  樓梯間引入自然採光並減少照明燈具，於出入較少處安裝紅外線感應裝置自動起閉照明。 -  配合台電用電戶供電節能計畫，控制電能使用。 -  透過減碳宣導及教育，張貼節能標語推廣空調、電梯、電腦、飲水機節電。 -  銀行子公司辦理內部節能競賽，以引導各單位落實節能減碳。 ","2024年國內據點範疇1+2排放量較基準年(2022年)減少約23.1%，全球據點較基準年減少約19.9%，達成較基準年減少10.5%之短期目標。"
"=""2887""","台新金","1,932.0675","已完成合併財務報表之母子公司","已完成合併財務報表之母子公司","合理保證等級","16,449.9781","已完成合併財務報表之母子公司","已完成合併財務報表之母子公司","合理保證等級","4,798,012.8087","購買之商品及勞務,與燃料及能源相關活動（未納入範疇1或範疇2）,上游租賃資產,已銷售產品之使用,已銷售產品生命週期結束之處理,下游租賃資產,投資","已完成合併財務報表之母子公司","已完成合併財務報表之母子公司","協議程序(Agreed upon procedures)","0.2122","台新2022 年依科學基礎減量目標（Science-based Target, SBT）路徑訂定目標並獲科學基礎目標倡議組織（SBTi）審核目標通過，針對自身營運範疇一、範疇二及範疇三投融資的重要資產展開碳排減降行動。範疇一及範疇二設定2019 年為基準年，短期目標訂在2030 年依溫度升幅限定在1.5° C，以約當每年減少4.2％的排放量路徑達成減少46％目標；範疇三也同樣以2019 年為基準年，分別針對融資、投資部位設定優於2° C 的減量目標。未來將待金融業淨零標準(SBT Net Zero Standard) 公告後再向SBTi 提出淨零目標審查。 -更多內容請參考2024台新金控永續報告書3.1.1 台新金控淨零排放目標","採節能、創能及購能等措施逐步降低溫室氣體排放量，包含綠建築認證、碳中和驗證、 建置太陽能板、導入能源管理系統、更換省電設備、購買電動車/ 油電混合車、設置充電樁及持續增購再生能源電力和憑證等方式，並加以導入內部碳定價評估最具減碳效益的決策。 -更多內容請參考2024台新金控永續報告書4.2.1節能減碳方針","2024年範疇一及二目標減碳21%，實際減碳21%，達原訂目標"
"=""2889""","國票金","284.4857","已完成合併財務報表之母子公司","已完成合併財務報表之母子公司","合理保證等級","2,750.5698","已完成合併財務報表之母子公司","已完成合併財務報表之母子公司","合理保證等級","720.8141","購買之商品及勞務,與燃料及能源相關活動（未納入範疇1或範疇2）,營運中產生之廢棄物,投資","已完成合併財務報表之母子公司","已完成合併財務報表之母子公司","2024年度查證作業原則遵循ISO 14064-3:2019，其查證保證等級類別三、類別四為協議程序；類別五為確證。類別五之投資尚不包含投融資部位。","0.3698","本公司原設定內部溫室氣體減量目標，係以 2022 年為基準年，每年較基準年平均遞減 2%。為使集團減碳目標更具科學基礎，本公司改以 2024 年 11 月向科學基礎減量目標倡議 (SBTi) 提交並獲審核通過之目標，取代原減碳目標。 本公司依照 SBTi 金融業近期減碳目標標準(Financial Institutions Near-term Critera, FINT) Version 1.1，即以「控制升溫在1.5°C」為情境要件，設定本集團減碳目標如下： 範疇一及範疇二  2023 年為基準年，以 2030 年達到減碳 42 % 為目標。 範疇三  係採用投資組合覆蓋率法(Portfolio Coverage Targets, PC)，以投資組合中已完成設定 SBTi 目標之公司，按投資金額比例計算覆蓋率。本公司設定以 2023 年為基準年，目標為 2029 年投資組合（包含上市櫃股票、公司債、ETF 及基金）覆蓋率達到 59.2 %。","減碳行動及策略 範疇一及範疇二 1. 日常節能措施：積極汰換老舊設備、電腦控管空調系統維持室內 26℃、中午關燈1小時等以減少耗能。 2. 採購再生能源：持續提升再生能源使用比例。 範疇三 1. 資產投資組合管理：每年檢視投資組合並進行評估，逐步增加投資組合中已設定SBTi的比例，並利用PCAF方法學來追蹤投融資排放。 2. 資產選擇：在投資的選擇及配置時，偏好選擇已設定或達成SBTi的發行個體。 3. 溝通與議合：預計持續與投資公司進行互動及溝通，鼓勵其採取與氣候相關的行動，設定SBTi目標，以利實現本公司範疇三投融資減碳目標。","2024年目標達成情形   範疇一及範疇二： 2024年實際溫室氣體排放量（範疇一及範疇二）相較基準年下降10.93 % 。  範疇三：投資組合覆蓋率達到35.87%。"
"=""2890""","永豐金","1,439.1400","已完成合併財務報表之母子公司","已完成合併財務報表之母子公司","合理保證等級","14,178.5900","已完成合併財務報表之母子公司","已完成合併財務報表之母子公司","合理保證等級","3,872,447.0000","購買之商品及勞務,資本財,與燃料及能源相關活動（未納入範疇1或範疇2）,上游運輸及配送,營運中產生之廢棄物,商務旅行,員工通勤,上游租賃資產,已銷售產品之使用,已銷售產品生命週期結束之處理,投資","1.上游運輸與配送、採購的產品與服務、資本貨物、員工通勤及營運過程產生的廢棄物等5項邊界包括金控及旗下5家主要子公司（永豐銀行、永豐金證券、永豐投信、永豐金租賃、永豐創業投資）之國內所有營運據點，其餘項目包括國內外所有營運據點(包含合併財務報表之母子公司)。 2.範疇三上游運輸與配送、資本貨物、商務旅行、採購的產品與服務、燃燒與能源相關活動、營運過程產生的廢棄物、上游資產租賃、銷售產品與服務的使用及銷售產品與服務的生命終期處理、員工通勤等10項，經BSI 依ISO14064-3驗證標準確信通過，排放量為12,281公噸CO2e；範疇三投融資部位之碳排放量經BSI 依ISO14064-3驗證標準確信通過，排放量為3,860,166 公噸CO2e，依循「碳會計金融聯盟（PCAF）」2022年12月30日所發布之《投融資組合財務碳排放：全球溫室氣體盤查和報告準則》（Financed Emissions: The Global GHG Accounting and Reporting Standard Part A）、銀行公會2023年10月發布之《本國銀行投融資組合財務碳排放(範疇三)實務手冊》以及PCAF 2023年12月1日發布《資本市場促進碳排放：全球溫室氣體盤查和報告準則》（Facilitated Emissions: The Global GHG Accounting and Reporting Standard Part Ｂ），以2024年12月31日之自有資金投融資、投信資產管理業務以及2024年度資本市場促進金額進行碳盤查，並於通過ISO 14064溫室氣體排放查證。盤查範疇涵蓋房屋貸款、商業貸款、公司債投資、主權債務、專案投融資、商業不動產投融資、上市櫃/未上市櫃股權投資、機動車貸款等資產類別。","上游運輸與配送、採購的產品與服務、資本貨物、員工通勤及營運過程產生的廢棄物等5項邊界包括金控及旗下5家主要子公司（永豐銀行、永豐金證券、永豐投信、永豐金租賃、永豐創業投資）之國內所有營運據點，其餘項目包括國內外所有營運據點(包含合併財務報表之母子公司)","協議程序AUP（agreed-upon procedures AUP）","0.2420","本公司已通過SBTi目標驗證，訂定以2021年為基準年(排放量19,439.76公噸CO2e)，每年減量4.2%，至2027年範疇一及二減量29.4%之科學基礎減量目標(SBT)。","a.減碳策略 訂定短中長期目標，將透過自身節能減碳與使用再生能源和憑證以及自建屋頂太陽能板發電等方式，達成目標。 b.具體行動計畫 (a)汰換老舊空調、照明及電梯等設備，提升能源使用效率。 (b)持續宣導節能減碳觀念，減少不必要之電力使用。 (c)實施內部碳定價，獎勵提升再生能源使用比率，鼓勵提升能源使用效率，及改變員工行為。 (d)推廣使用油電車或電動車。 (e)自建屋頂太陽能板發電。","2024年較2021基準年(排放量19,439.76公噸CO2e)，減量達3,822公噸計19.7%，超越SBT 16.8%年度目標。"
"=""2891""","中信金","4,959.0000","已完成合併財務報表之母子公司","已完成合併財務報表之母子公司","合理保證等級","42,296.0000","已完成合併財務報表之母子公司","已完成合併財務報表之母子公司","合理保證等級","19,270,381.0000","與燃料及能源相關活動（未納入範疇1或範疇2）,營運中產生之廢棄物,商務旅行,員工通勤,投資","1.商務旅行：中信金控及中信銀行，涵蓋飛機、私車公用、高鐵、計程車。 2.員工通勤：中信金控、中信銀行、台灣人壽(含中信產險)、中信證券(含中信證投顧及中信證創投)、中信資產、中信創投(含和順興管顧)、中信投信、台灣彩券、中信資融的臺灣地區正式員工。 3.營運產生之廢棄物、與燃料和能源相關之活動：中信金控、中信銀行及金控轄下各子公司總部。 4.投融資： (1)商業貸款：中信銀行國內外分子行、台灣人壽。 (2)股權及公司債投資：中信銀行國內外分子行、中信證券及其子公司、台灣人壽及其子公司、中信資融。 (3)電廠專案融資：中信銀行國內外分子行、台灣人壽。 (4)房屋貸款：中信銀行國內外分子行。 (5)商業不動產融資：中信銀行國內外分子行、台灣人壽。 (6)主權國家債務(含授信及非交易目的債券投資)：投資–中信銀行國內外分子行、中信證券及其子公司、台灣人壽及其子公司、中信資融；授信–中信銀行國內外分子行。","1.商務旅行：中信金控及中信銀行，涵蓋飛機、私車公用、高鐵、計程車。 2.員工通勤：中信金控、中信銀行、台灣人壽(含中信產險)、中信證券(含中信證投顧及中信證創投)、中信資產、中信創投(含和順興管顧)、中信投信、台灣彩券、中信資融的臺灣地區正式員工。 3.營運產生之廢棄物、與燃料和能源相關之活動：中信金控、中信銀行及金控轄下各子公司總部。 4.投融資：涵蓋高碳排產業暴險、PCAF財務碳排放(投融資)、暴雨淹水風險與坡地災害風險暴險、SBT減碳成果。","有限確信","0.2500","中信金控依據科學基礎減量目標，以2021年為基準年，設定每年遞減 4.5%的自身營運減碳目標。 基準年(2021年)範疇一碳排放量為3,377公噸二氧化碳當量，範疇二碳排放量為38,817公噸二氧化碳當量。","中信金控2022年正式將2050淨零排放納入集團長期永續發展目標，以節能減碳、 環保永續為理念，落實「Green Policy, Green Future」承諾， 並制定「環境永續政策」，導入 ISO 14064-1 溫室氣體盤查、 ISO 14001 環境管理系統、 ISO 50001 能源管理系統、 ISO 46001水資源效率管理系統與綠建築認證；同時依據科學基礎減量目標，設定每年遞減 4.5%的自身營運減碳目標，及溫室氣體、節能減碳、再生能源、水資源及廢棄物減量目標，透過提升設備效能、建置節能設施、節能減碳宣導、布局再生能源，善盡環境永續責任，更多資訊請參考《中信金控2024年永續報告書》4.2綠色營運章節。","2024年溫室氣體(範疇一、二)較基準年(2021年)減少8.35%，因自主減碳有限及綠電採購不易，未達成減量目標。"
"=""2892""","第一金","2,829.0000","已完成合併財務報表之母子公司","已完成合併財務報表之母子公司","合理保證等級","15,580.0000","已完成合併財務報表之母子公司","已完成合併財務報表之母子公司","合理保證等級","14,333,285.0000","投資","已完成合併財務報表之母子公司","已完成合併財務報表之母子公司","有限確信","0.2550","本集團於2024年6月通過Science Based Targets initiative (SBTi)驗證相關減碳目標如下： 一、範疇一、二：自基準年2022年起，至2035年自身營運之溫室氣體排放量至少需減少63%；至2030年需減少38.77%；2024年須較基準年2022年減少9.69%，即減少2,084.75公噸。 二、範疇三投融資活動：截至2022年，投融資組合目標涵蓋總資產之投融資總額之17%。必需活動佔18%，可選活動佔49%，範圍外活動佔33%。1.發電專案融資：承諾到124年將發電專案融資組合的碳排放量較111年基準年減少84.0%/MWh；2.商業貸款(商業不動產)：承諾到124年以111年為基準年，將商業不動產投融資組合的GHG排放量每平方公尺減少68.0%；3.商業貸款(發電業)：承諾到124年將發電業融資組合的碳排放量較111年基準年減少84.3%/MWh；4.商業貸款(其他長期債務及中小企業貸款)：(1)商業貸款:其他長期債務及SME投融資組合的範疇1+2溫度評級從111年的3.17°C調整到117年的2.70°C、(2)商業貸款:其他長期債務及SME投融資組合的範疇1+2+3溫度評級從111年的3.18°C調整到117年的2.78°C；5.上市股票與債券、共同基金、ETF、REITs：(1)上市股票與債券投資組合的範疇1+2溫度評級從111年的2.27°C調整到117年的2.10°C、(2)上市股票與債券投資組合的範疇1+2+3溫度評級從111年的2.60°C調整到117年的2.40°C。  ","1.自2010年即組成「綠建築標章取得計畫」團隊，至2024年底已改造35處舊行舍取得內政部綠建築標章(含29處鑽石級、1處黃金級、1處銀級、1處銅級及3處合格級)，以及2處新建大樓取得黃金級綠建築標章，2021年倫敦分行大樓取得英國建築研究機構(BRE) PASS級綠建築標章，2024年總計所有綠建築大樓之年減碳量達2,963公噸CO2e。 2.第一金控陸續建置25處太陽能分行，合計年減碳量為148.76公噸CO2e；自2015年至2024年購買綠電、碳權及再生能源憑證，合計1,486.7萬度，並訂定2025年度生產且使用再生能源達250MWh之目標，持續增加使用再生能源之比重，落實環境永續發展政策，另於萬華、華山及長安等三分行大樓設置「太陽能發電暨雨水回收生態水培綠屋頂」，打造結合太陽能發電、雨水回收及魚菜共生系統之零碳農場，具體實踐生產、生活及生態之三生概念。 3.配合金管會先行者聯盟承諾事項與本集團承諾之SBT近程減碳目標(已通過SBTi驗證公布於其官網)；於本集團永續發展委員會-責任金融小組2025年短中長期目標與執行方案中訂定各單位針對範疇三(類別15)投融資業務之減碳策略及行動計劃，並按季追踨執行情形，請詳氣候相關財務揭露報告書相關章節。(網址: https://csr.firstholding.com.tw/tc/tcfd_report.html)","2024年範疇一及範疇二總碳排放量共18,409.01公噸CO2e，較基準年(2022年)21,514.46公噸CO2e減少3,105.45公噸CO2e，減量14.43%。"
"=""2897""","王道銀行","617.0400","已完成合併財務報表之母子公司","已完成合併財務報表之母子公司","合理保證等級","2,589.8600","已完成合併財務報表之母子公司","已完成合併財務報表之母子公司","合理保證等級","1,922.0400","購買之商品及勞務,與燃料及能源相關活動（未納入範疇1或範疇2）,營運中產生之廢棄物,商務旅行,員工通勤","已完成合併財務報表之母子公司,王道銀行子公司中華票券之範疇三盤查類別包括「商務旅行」和「員工通勤」，預計於2025年增加盤查「購買之商品及勞務」、「與燃料及能源相關活動（未納入範疇1或範疇2）」及「營運中產生之廢棄物」。","已完成合併財務報表之母子公司,王道銀行子公司中華票券之範疇三確信類別包括「商務旅行」和「員工通勤」，預計於2025年增加確信「購買之商品及勞務」、「與燃料及能源相關活動（未納入範疇1或範疇2）」及「營運中產生之廢棄物」。","有限確信","0.3660","王道銀行以全球營運據點2022年之市場基礎溫室氣體排放總量3,106.36公噸為基準，訂定溫室氣體排放總量逐年減量目標：2024年減少15%、2025年減少21%、2026年減少28%、2027年減少35%、2028年減少40%、2029年減少45%、2030年減少50%、2031年減少54.2%、2032年減少58.4%。  此外，本行亦設定範疇一~範疇三各自的減量目標，本行2024年範疇一需比基準年2022年減少1.6%、2024年範疇二需比基準年2022年減少16.2%、2024年範疇三需比基準年2022年減少1.1%","為了減少溫室氣體排放量，王道銀行積極推動各項低碳轉型計畫，除了持續降低日常營運的耗能量以及提升能源使用效率，我們也承諾本行全球營運據點再生能源使用量於2030年達50%、2050年達100%之目標，以達成全球營運據點2050年淨零碳排。同時，本行亦訂有許多環境管理具體行動計畫，如汰換耗能燈具、依晝夜長短及天候狀況調控外牆及招牌照明、每日22:00警衛巡視各樓層照明設備確實關閉、空調設備採變頻式空調，依季節設定合宜溫度、運用各類遮陽設備，增加室內冷房效能、定期清洗空氣過濾網與主機熱交換器、定期檢測冷媒或風扇以節省主機運轉耗能、每日18:00中控自動關閉各樓層空調電源開關、使用崁頂式節能風扇以增加冷空氣循環對流、將燃油公務車汰換為油電複合車等。","未達成2024年之溫室氣體減量目標。"
"=""2901""","欣欣","17.1137","已完成母公司","N/A","","667.1460","已完成母公司","N/A","","193.3017","購買之商品及勞務,資本財,上游運輸及配送,下游運輸及配送,下游租賃資產","已完成母公司","N/A","","0.9310","","",""
"=""2903""","遠百","27,093.3293","已完成合併財務報表之母子公司","已完成母公司","合理保證等級","164,100.0855","已完成合併財務報表之母子公司","已完成母公司","合理保證等級","144,647.8992","購買之商品及勞務","已完成合併財務報表之母子公司","已完成母公司","合理保證等級","1.4159","為規劃溫室氣體減量策略，母公司個體自民國112年開始盤查/執行確信，合併財務報告子公司自114年開始盤查/執行確信。母公司基準年為111年度，至113年範疇一及範疇二排放量已累計減碳8.9%。自114年起揭露合併財務報告子公司之溫室氣體排放量，故母子公司基準年同步調整為113年度，並與母公司一併執行減量目標計畫，期望119年減量30%。","(1)積極推動各項能源管理及節能改善項目:冰水主機及空調設備開關機時程管控、後場照明減量及推動公區/專櫃LED燈具汰換、昇降設備非尖峰時段減量管制、電扶梯增設變頻自動減速裝置等相關節能措施，並持續評估汰換老舊冰水主機及導入iAuto智慧圖控平台以控管空調系統。  (2)召開每月能源管理專案會議，訂定各分公司年度減碳計畫及目標，檢討當月及年度用電用水量撙節達成率，並定期追蹤、分析數據，協助表現不佳的分公司找出原因並研擬改善方案，針對能源議題進行教育訓練，對於表現優異的分公司於月會上進行實績分享，透過相互交流、討論與學習，激發更多優化能源使用及減碳效益方案，建立減量最佳化且持續改善，持續以淨零排放為目標。 (3)推動節能專案，遠東百貨於113年執行 28 件節能專案，投入總金額 8,730 仟元，節能總效益為3,001,708 度，皆為當年度可完執行完畢的計畫，在專案內容方面，與照明相關的節能改善計畫有 18 件，節電效益可達 1,755,751 度，與空調設備相關的節能改善計畫有 7 件，節電效益可達 947,660 度，透過空調與照明設備的改善，兩者產生節能效益占節能總效益 90%。","截止至113年度與基準年碳排減量差異為減少8.9%。"
"=""2904""","匯僑","32.6133","已完成合併財務報表之母子公司","N/A","","1,069.0938","已完成合併財務報表之母子公司","N/A","","N/A","","N/A","N/A","","2.2391","","",""
"=""2905""","三商","14,852.5815","已完成合併財務報表之母子公司","已完成母公司","合理保證等級","119,640.1409","已完成合併財務報表之母子公司","已完成母公司","合理保證等級","19.7508","營運中產生之廢棄物,商務旅行","已完成母公司","N/A","","0.5908","三商投控個體公司溫室氣體減量目標（設定2023年為基準年）： （一）2024年達成情形： 2024年總碳排放量為98.3788公噸CO2e、總用電量為196,939度、總用水量為2,086.5度，再生能源使用比率0％。 （二）短期目標（2024年－2027年）： 以2023為基準年，設定未來3年達成目標：累積減少3%的總碳排放量、累積降低用電量3%、累積降低用水量3%，並評估及規劃總部大樓使用再生能源之可行性。 （三）中期目標（2028年－2034年） 以2023為基準年，設定未來10年達成目標：累積減少10%總碳排放量、累積減少用電量10%、累績減少用水量10%，提升再生能源使用比率達30%。 （四）長期目標（2034年－2045年以後）： 以2023為基準年，設定未來20年達成目標：累積減少20%總碳排放量、累積減少用電量20%、累積減少用水量20%。並配合國家淨零政策，預計於2050年使用再生能源比率達100%。","帶領旗下子公司積極推動溫室氣體排放量減量目標與相關計畫，各子公司依據產業特性分別規劃具體之節能減碳措施。2025 年預計完成全體子公司溫室氣體盤查，2027 年完成查證作業，逐步提升碳管理能力。 未來預計投入項目： 1. 設備汰換與節能改善：全面推動老舊設備（空調、冰箱、照明）汰換為高效能設備（LED 燈具、變頻空調）、飲水機加裝節能裝置，提升能源效率，降低用電碳排放。 2. 空調與照明管理優化：調整辦公場域、公共區域空調定時與溫度設定，強化燈具開關管理，依時段與人流調整運作，減少非必要能源使用。 3. 交通用車節能：公務用車及機車逐步汰換為油電混合車或電動車，並於總部及子公司場域評估設置電動車充電樁，鼓勵員工出差採用低碳交通工具（大眾運輸）。 4. 導入再生能源：積極評估並推動綠電轉供方案，擴大使用再生能源比例，降低碳足跡。 5. 循環經濟措施：部分子公司導入黑水虻廚餘處理、資源循環與包材減量作法，兼顧減碳與營運效率提升。 6. 能源管理制度建置：評估導入 ISO 50001 能源管理系統，強化能源監控與績效提升。","本公司依據既定之溫室氣體減量目標，持續推動各項減碳措施，包含辦公室節能、設備汰換、綠色採購等。由於旗下子公司產業性質各異，現正整合規劃相關培訓課程，協助子公司能自主執行溫室氣體盤查，並建立每月回報機制，以提升數據管理效益。另外，也持續精進針對範疇三之員工差旅及營運廢棄物部分，已完成首次盤點，後續將依主要排放來源擬定具體減量計畫，以持續提升減碳成效。"
"=""2906""","高林","26.9071","本公司依ISO 14064-1:2018組織邊界採營運控制權方法，針對公司2024年度溫室氣體排放或移除量進行彙總。G2000門市佈局全台，其用途為銷售產品之零售門市，溫室氣體盤查推行小組決議22家具代表性之路邊店門市、汐止總辦及樹林物流中心，以利推動公司減碳業務。","本公司依ISO 14064-1:2018組織邊界採營運控制權方法，針對公司2024年度溫室氣體排放或移除量進行彙總。G2000門市佈局全台，其用途為銷售產品之零售門市，溫室氣體盤查推行小組決議22家具代表性之路邊店門市、汐止總辦及樹林物流中心，以利推動公司減碳業務。","合理保證等級","604.5467","本公司依ISO 14064-1:2018組織邊界採營運控制權方法，針對公司2024年度溫室氣體排放或移除量進行彙總。G2000門市佈局全台，其用途為銷售產品之零售門市，溫室氣體盤查推行小組決議22家具代表性之路邊店門市、汐止總辦及樹林物流中心，以利推動公司減碳業務。","本公司依ISO 14064-1:2018組織邊界採營運控制權方法，針對公司2024年度溫室氣體排放或移除量進行彙總。G2000門市佈局全台，其用途為銷售產品之零售門市，溫室氣體盤查推行小組決議22家具代表性之路邊店門市、汐止總辦及樹林物流中心，以利推動公司減碳業務。","合理保證等級","126.7564","購買之商品及勞務","本公司依ISO 14064-1:2018組織邊界採營運控制權方法，針對公司2024年度溫室氣體排放或移除量進行彙總。G2000門市佈局全台，其用途為銷售產品之零售門市，溫室氣體盤查推行小組決議22家具代表性之路邊店門市、汐止總辦及樹林物流中心，以利推動公司減碳業務。","本公司依ISO 14064-1:2018組織邊界採營運控制權方法，針對公司2024年度溫室氣體排放或移除量進行彙總。G2000門市佈局全台，其用途為銷售產品之零售門市，溫室氣體盤查推行小組決議22家具代表性之路邊店門市、汐止總辦及樹林物流中心，以利推動公司減碳業務。","有限保證等級","0.0712","一、 溫室氣體減量基準年：基準年2024年。  二、 溫室氣體減量目標： 短期目標(近2年)在現有基礎上減量5% 1. 減少汐止辦公室和門市的能源消耗及減碳，推動智能照明設備及午休時間定時關燈。裝設插座型控制器，監測設備的用電量，公司於飲水機、販賣機、咖啡機加裝節電器，每月約省125度電。落實馬桶漏水等例行性檢查，安裝簡單節水裝置。 2. 擴大產品使用再生能源，循環經濟與資源再利用，在產品設計上推動更多的產品（特別是消費品）使用再生材料，可繼續擴大PCR塑料的使用。 3. 加強員工和消費者對回收和循環利用的意識，定期舉辦相關培訓和宣傳活動。 中期目標(3-5年)在現有基礎上減量10% 1. 委託德叡科技逐步安裝雲端能源管理平台系統，即時電力能耗監視，以因應未來逐年電力減量政策，並根據數據進行優化。初步以汐止總公司及G2000忠孝門市安裝雲端能源管理平台系統，將其安裝於220V配電盤，監測照明設備和空調主機的電力能耗。 2. 新開幕的門市和樹林廠，可逐步裝設LED燈、選購有省水標章和節能標章的電器。並在公司內外部推行更多減碳政策，於公司各品牌門市及網購減少產品過度包裝，成為有環保意識的品牌。 3. 為了邁向淨零目標，公司已在綠能領域進行了大量投資，在繼續投資羽光能源和高明能源的發展基礎上，擬考慮擴大綠能投資組合，特別是在再生能源領域太陽能案場及風力發電，因此擬每年增加一定比例的綠能投資。 4. 加強供應鏈管理，選擇符合可持續發展標準的供應商，並要求他們提供碳足跡數據，逐步將環保要求納入供應商評選標準。 長期階段性目標(2030年)達成減量15% 1. 期望本公司投資事業能強化與國際或國內綠能合作夥伴的聯繫，共同開發更大規模的再生能源項目，從而提高公司在能源轉型中的影響力，達成2030年減量15%。 2. 推動更多的產品實現全生命周期管理（從設計到回收），並在產品包裝和設計上實現無塑化或低碳足跡的材料使用。整體循環經濟的目標是在2030年，實現至少50%的產品使用再生材料，並且所有產品包裝符合可回收或生物降解的標準。","本公司業務為百貨貿易類，能源消耗主要來自於門市與辦公室之照明和空調設備，近年公司積極推動溫室氣體管理政策： 1. 本公司總辦公室原位於台北市松山區，自2024年1月搬遷至新北市汐止區。汐止總辦公室於裝潢時全面採用LED燈具和一級能效電器。 2. 2023年度響應政府綠能政策，本公司開始積極投入新能源產業，已投資1.5億元於綠能投資，佈局2050淨零目標。 3. 公司在G2000過季商品導入PCR（Post-Consumer Recycled Plastic，消費後回收塑料）材質製作產品，循環利用除了減少開採新的自然資源生產新品，亦減少垃圾掩埋和焚燒，降低對環境的負擔、減少能源的消耗和溫室氣體的排放。","1. 本公司總辦公室原位於台北市松山區，自2024年1月搬遷至新北市汐止區。汐止總辦公室於裝潢時全面採用LED燈具和一級能效電器；因此，2023年度台北辦公室1,145.67坪，總用電度數327,00度，2023年度平均用電量為285度/坪；2024年度汐止辦公室911坪，總用電度數124,043.55度，2024年度平均用電量為136度/坪，故公司2024年因更換 LED 相關照明設備及一級能效電器，節約149度/坪，成功實現了52%的能源節省。 2. 2023年度響應政府綠能政策，本公司開始積極投入新能源產業，已投資1.5億元於綠能投資，佈局2050淨零目標。本公司相關轉投資公司為羽光能源(股)及高明能源(股)，其中高明能源專注於再生能源電廠開發，核心發展領域涵蓋太陽光電、陸域風電、生質能、氫能、小水力及儲能等項目，以綠能產業實踐溫室氣體減量，實踐永續未來。 3. 公司在G2000過季商品導入PCR（Post-Consumer Recycled Plastic，消費後回收塑料）材質製作產品，循環利用除了減少開採新的自然資源生產新品，亦減少垃圾掩埋和焚燒，降低對環境的負擔、減少能源的消耗和溫室氣體的排放。"
"=""2908""","特力","152.9535","已完成母公司","N/A","","1,453.3669","已完成母公司","N/A","","N/A","","N/A","N/A","","0.0923","","",""
"=""2910""","統領","N/A","N/A","N/A","","8,005.0000","已完成母公司","N/A","","N/A","","N/A","N/A","","N/A","","",""
"=""2911""","麗嬰房","445.0050","已完成母公司","N/A","","N/A","N/A","N/A","","N/A","","N/A","N/A","","N/A","2024VS2023年減少25238KG碳排量","使用節能電器及控管冷氣溫度不要過低","減量排碳持續中"
"=""2912""","統一超","25,562.6499","已完成母公司,已完成合併財務報表之母子公司","已完成母公司","合理保證等級","564,564.6360","已完成母公司,已完成合併財務報表之母子公司","已完成母公司","合理保證等級","5,781,597.2693","購買之商品及勞務,與燃料及能源相關活動（未納入範疇1或範疇2）,上游運輸及配送,營運中產生之廢棄物,商務旅行,員工通勤,已銷售產品生命週期結束之處理","已完成母公司","已完成母公司","有限保證等級","2.8007","1. 為規劃溫室氣體減量策略，統一超商個體公司以2020 年範疇一與範疇二溫室氣體排放強度2.99 公噸CO2e/ 百萬營業額( 個體) 為基準，設定2030 年較基準年減少25%、2035 年較基準年減少60% 之減碳目標。 2. 合併公司於2025 年以合併財務報告為邊界完成盤查，故基準年為2024 年，其範疇一及範疇二排放量分別為484,123噸CO2e 及785,610 噸CO2e。配合統一企業母公司之溫室氣體減量目標設定模式，以2025 年溫氣體排放強度(CO2e/營業額) 較基準年減少1.5% 為減量目標。","1.為有效達成個體及合併公司減碳目標，本公司針對門市能源管理、再生能源採購及內部管理制度，擬定各式行動方案。 (1) 門市能源管理，透過以下做法完善門市能源管理： • 每年執行屆齡店改造，減少單店平均用電量。 • 門市設備與空間規劃優化：持續導入如採用環保冷媒( 低潛勢值的冷媒)、電動設備變頻化、照明改用LED、善用隔熱建材及設計、設置風除室、減少開窗面積、設備熱源外移等措施。 • 強化門市同仁節能教育。 (2) 再生能源採購：本公司於2024 年租借廠房屋頂設置太陽光電320kwp，預計年發電量40 萬度，供給總部大樓及部分門市使用，未來將逐步擴大再生能源的使用比例。 (3) 內部管理制度面則以減碳目標鏈結高階主管薪酬以及內部碳定價制度導入，作為強化內部減碳意識，提升未來投資減碳成效。 2. 合併公司於2024 年完成首次溫室氣體盤查，短期將以完善溫室氣體盤查教育訓練、整合各子公司資訊流以及排放熱點分析為主，後續將參酌統一超商個體公司之減碳經驗，進行各子公司經驗交流，提升合併公司之能源管理成效。","1. 統一超商個體公司2024 年溫室氣體排放強度為 2.80 公噸 CO2e/ 百萬營業額，較基準年下降 6.4%，距離2035 年溫室氣體排放強度減量60% 之目標達成情形為9.5%。 2. 合併公司由於為首年度擬定溫室氣體排放目標，故2024 年無溫室氣體減量目標達成情形。"
"=""2913""","農林","1,012.9290","已完成母公司,已完成合併財務報表之母子公司","N/A","","2,155.7660","已完成母公司,已完成合併財務報表之母子公司","N/A","","247.7500","員工通勤","已完成母公司,已完成合併財務報表之母子公司","N/A","","N/A","","",""
"=""2915""","潤泰全","358.9600","已完成合併財務報表之母子公司","已完成母公司","有限保證等級","2,959.9900","已完成合併財務報表之母子公司","已完成母公司","有限保證等級","607.8200","與燃料及能源相關活動（未納入範疇1或範疇2）","已完成母公司","N/A","","1.3600","擬訂以2024年為基準年 中期目標：2030年預計溫室氣體減量15%。 長期目標：2040年預計溫室氣體減量30%。2050年預計溫室氣體減量50%，且達成碳中和。","潤泰全球持續關注氣候變遷議題，致力於透過各項措施及宣導，如:照明設備汰換為LED燈、紙張重複再利用、減少包裝材與購物袋的使用等方式，以減少能資源使用及溫室氣體排放。同時憑藉著多年紡織產業的豐富專業，研發涼感及保暖材質之紡織品，讓消費者可以減少能源的實用。","潤泰全球溫室氣體排放量2024年較2023年度範疇一+範疇二合計數減少2%。 潤泰全球2024年用電度數較2023年度減少75994度"
"=""2923""","鼎固-KY","6,257.0000","已完成合併財務報表之母子公司","已完成合併財務報表之母子公司","有限確信","15,370.0000","已完成合併財務報表之母子公司","已完成合併財務報表之母子公司","有限確信","N/A","","N/A","N/A","","2.5300","以2024年為基準年，設定2025 年範疇一與範疇二溫室氣體排放量減少1%的目標","透過推動老舊設備設施的評估及修繕、及時耗能管理、提升營運能效、建築環保設計、推廣綠色運輸模式、綠色供應鏈等措施，達成公司減量目標","評估規劃中"
"=""2929""","淘帝-KY","N/A","N/A","N/A","","N/A","N/A","N/A","","N/A","","N/A","N/A","","N/A","","",""
"=""2939""","永邑-KY","N/A","N/A","N/A","","56.8900","已完成合併財務報表之母子公司","N/A","","N/A","","N/A","N/A","","N/A","為規劃溫室氣體減量策略，公司於2024年以合併財務報告為邊界完成盤查，故基準年為2024年，希望透過下列具體行動進一步落實2030年較基準年減量30%之目標。 為積極回應全球氣候變遷與低碳經濟轉型趨勢，本公司致力於將減碳行動深度融入企業營運流程，確保符合GRI 302（能源管理）、TCFD（氣候風險管理）、SDGs 9（工業創新與基礎建設）及相關永續揭露標準的要求。透過系統性的碳管理策略，有效降低營運活動中的溫室氣體排放，進而提升產業競爭力與環境韌性。 公司每年於永續發展委員會中檢視低碳策略與行動方案的執行成效與持續精進空間。在碳排放管理方面，將建置完善的監控系統，以精準掌握排放來源並設定具體的減碳目標。透過定期審查碳排放進度，強化減碳績效。此外，公司參與碳排放交易及根據國際準則來制定實現公司碳中和之策略，抵消無法避免的排放量，以持續達成減碳目標。 ","1. 節能減碳（減少電力與能源消耗） ✅ 制定減碳目標 • 參考國際標準（如 SBTi, ISO 14064），設定短期（3-5年）與長期（10-20年） 的碳減排目標。 • 目標可包括： o 營運碳排放減少50%。 o 逐步轉換為 100% 再生能源。 o 降低供應鏈碳排放 50%（範疇 3）。 ✅ 制定減碳政策與策略 • 推動綠色供應鏈，要求供應商採用低碳材料與永續製程。 • 內部政策優先採購節能產品，如 LED 燈、變頻空調、電動設備等。 • 設立員工低碳行動指南（如減少紙張、低碳通勤）。 2. 量測與監控碳排放數據 ✅ 碳足跡盤查（Carbon Footprint Assessment） • 依據 ISO 14064 或 GHG Protocol，計算公司內部與供應鏈的碳排放量。 • 分析範疇 1（直接排放）、範疇 2（電力排放）、範疇 3（供應鏈排放），找出主要排放來源。 • 使用碳排放計算工具（如企業碳足跡平台、國際碳盤查工具）。 ✅ 年度碳排放報告 • 發布 CSR/ESG 環境報告書，向利害關係人（消費者、投資人、政府）透明化減碳成果。 • 依據 TCFD（氣候相關財務揭露建議），揭露氣候風險與減碳對策。 3. 持續優化節能減碳措施 ✅ 能源效率改善 • 更換高耗能設備，如改用 變頻冷氣、智慧照明、電動堆高機等。 • 透過能源管理系統（EMS），分析能耗並調整使用習慣。 • 設立能源績效指標（KPI），如每單位商品的碳排放。 ✅ 推動再生能源 • 安裝太陽能板或購買綠電（如風能、地熱、水電）。 • 評估企業內部碳補償計畫（如種樹、購買碳權）。 ✅ 低碳物流與供應鏈管理 • 優先採購當地供應商，減少運輸碳排放。 • 推動綠色物流，如使用電動配送車、智慧配送調度系統。 • 採用可回收、可再利用的包裝材料，減少產品包裝浪費。 ✅ 減少廢棄物與循環經濟 • 減少一次性塑膠，增加可回收材料的使用比例。 • 建立資源回收計畫，如回收紙箱、電子廢棄物。 • 透過「以舊換新」活動，延長產品壽命並減少浪費。 4. 員工與顧客參與 ✅ 員工減碳培訓與行動 • 辦理環保教育訓練，提升員工減碳意識。 • 推動綠色通勤補助（如電動車補助、共享交通）。 ✅ 顧客低碳消費 • 提供低碳產品資訊，如標示碳足跡、環保標章。 • 推動「帶自己的購物袋」折扣優惠，鼓勵消費者減塑。 • 舉辦「舊物回收」計畫，如回收舊衣、廢電池等。","尚無資料"
"=""2945""","三商家購","2,016.4107","已完成合併財務報表之母子公司","N/A","","45,070.9889","已完成合併財務報表之母子公司","N/A","","23,969.5238","購買之商品及勞務,與燃料及能源相關活動（未納入範疇1或範疇2）,營運中產生之廢棄物","購買的產品及勞務包含總部、物流、美廉社、心樸市集、特美事及寵物好事；與燃料和能源有關的活動包含總部、物流、美廉社、心樸市集、特美事及寵物好事；營運中產生的廢棄物包含物流中心、寵物好事。","N/A","","3.2900","2025年的減碳目標為較2024年基準年減少1%","本公司減碳策略著重於設備升級及能效提升，具體行動包含：汰換老舊設備，導入高效節能新設備、持續推動電動設備之變頻化、汰換傳統照明設備，全面導入節能照明、導入電子價卡，減少紙本資源使用、降低單店平均用電量、進行門市同仁節能教育訓練","2024年相較於2023年度碳排放量減少1,598 tCO2e，碳排量降低3.4%，達成預設目標每年減少1%排碳量。"
"=""3002""","歐格","N/A","N/A","N/A","","38.0485","已完成母公司","N/A","","N/A","","N/A","N/A","","0.1068","本公司現況為自主盤查，未查驗，尚未定義基準年。","本公司積極推動各項節能方案包括：節能減碳宣導（隨手關閉電腦、及關閉會議室的電燈、空調及投影設備等）；從空調系統、電力照明及其他用電三方面推動節電方案，定期檢視耗能設備並進行汰換；電力設備定期查檢，以確保用電安全，並減少因設備效率不佳造成耗能現象；設定辦公室冷氣系統使用度數，並配合電風扇輔助冷氣使用；改善照明效率，辦公室與廠區換用LED節能燈具等；減少紙張的使用，盡量以數位形式儲存和共享文件，列印文件會選擇雙面列印或使用環保影印紙，減少紙張消耗。","本公司現況為自主盤查，未查驗，尚未定義基準年。"
"=""3003""","健和興","337.7207","彰濱線西總廠、南二廠、彰濱三廠、金屬表面處理廠","N/A","","6,192.3929","彰濱線西總廠、南二廠、彰濱三廠、金屬表面處理廠","N/A","","17,315.1407","購買之商品及勞務,與燃料及能源相關活動（未納入範疇1或範疇2）,上游運輸及配送,營運中產生之廢棄物,商務旅行","彰濱線西總廠","N/A","","2.1845","每年減少碳排放量38噸CO2e","持續推動多項節能行動涵蓋設備更新、系統優化、作業流程改善與人員行為引導等層面，並持續推動綠色能源建置。","2024 年減碳效益達 39.1989 噸 CO₂e。"
"=""3004""","豐達科","419.7866","已完成合併財務報表之母子公司","已完成合併財務報表之母子公司","合理保證等級","13,127.0277","已完成合併財務報表之母子公司","已完成合併財務報表之母子公司","合理保證等級","3,766.6538","購買之商品及勞務,上游運輸及配送,營運中產生之廢棄物,商務旅行,員工通勤,下游運輸及配送","已完成合併財務報表之母子公司","已完成合併財務報表之母子公司","合理確信","3.8633","以2024年為基準年: 範疇一+二密集度為3.8633公噸CO₂e/百萬元營業額； 以2024為基準年，每年的(範疇一+二)密集度逐年降低3% 相較基準年2024年度: 2030年度溫室氣體排放範疇1+範疇2減排20% 2040年度溫室氣體排放範疇1+範疇2減排30% 2050淨零排放","**自2025年起編列專案將老舊設備及冷凍空調系統、空壓機逐年汰換為能源效率1級，以提高生產效率及降低能耗。  ▪能源管理與優化： 建置智慧電表監控平台，提升能源使用效率，強化電力控管。 定期揭露溫室氣體盤查結果，確保資訊透明。 *啟動綠色能源計劃：擴充綠色能源應用，降低產品生產過程對環境的影響。 *檢視減碳成效：每年檢討節能減碳成果，強化能源密度管理，提升營運效率。 *自建增加太陽能發電系統並取得再生能源憑證，同步評估外購契約綠色電力。 *優化製程，提高生產效率及能源效率。","2024年度之範疇一+二密集度相較2023年度達成減量28%，優於目標。"
"=""3005""","神基","14,753.1789","已完成母公司,包括神基控股暨合併財報之八家重要子公司","已完成母公司,包括神基控股暨合併財報之八家重要子公司","合理保證等級","92,418.6070","已完成母公司,包括神基控股暨合併財報之八家重要子公司","已完成母公司,包括神基控股暨合併財報之八家重要子公司","合理保證等級","405,700.6609","購買之商品及勞務,與燃料及能源相關活動（未納入範疇1或範疇2）,上游運輸及配送,營運中產生之廢棄物,商務旅行,員工通勤,上游租賃資產,下游運輸及配送,已銷售產品之使用,已銷售產品生命週期結束之處理","已完成母公司,包括神基控股暨合併財報之八家重要子公司","已完成母公司,包括神基控股暨合併財報之八家重要子公司","合理保證等級","3.0047","本公司以「降低溫室氣體絕對值與排放強度」為核心管理指標，並以2021年完成所有重要子公司溫室氣體盤查與查證作為基準年(基準年類別一+二碳排放量為368,687.343公噸CO2e；排放密集度為126.647公噸CO2e/百萬美元)，設定具體減碳目標： (1)短期目標（至2025年）：溫室氣體排放密集度 (範疇一+二) 較基準年下降24.4% (2)中期目標（至2030年）：總排放量 (範疇一+二) 較基準年下降25%","公司以逐年降低能源強度為目標，將氣候議題整合於日常維運管理、業務流程中，制定節能減碳方案，包括提升製程工藝、設備更新改善、導入智慧控制系統、設備運行優化，減少物料使用、能量回收再利用、開發低碳產品以及使用再生能源，定期檢視減量目標設定與績效追蹤。 2024年導入31個節能專案，包含15個自2023年延續至2024年的專案以及16個新增的節能專案，合計節省27,766千兆焦耳的能耗，相當於6,519.5仟度外購電力，約當減少3,220.64公噸二氧化碳當量，節省新台幣約1,368萬元的能源費用。","截至2024 年，本公司溫室氣體排放(範疇1+2)密集度為96.460 CO2e 公噸/百萬美元，較112 年上升0.51%，相較基準年下降23.84%。總排放量為107,171.786 公噸，較前一年下降0.01%，相較基準年下降21.22%"
"=""3006""","晶豪科","198.1539","已完成母公司","已完成母公司","合理保證等級","4,205.5581","已完成母公司","已完成母公司","合理保證等級","1,282.0746","與燃料及能源相關活動（未納入範疇1或範疇2）,營運中產生之廢棄物,商務旅行,員工通勤","已完成母公司","已完成母公司","有限保證等級","0.3265","自2019年起，晶豪科技持續盤查溫室氣體排放量，並於於2025年完成2024年度查證。 響應政府2050淨零目標，評估2050淨零排放設定為本公司長期目標。透過淨零路徑圖規劃、檢討，以自我節能(建築/設備提高能效)、創能(建置綠能)，搭配綠電(憑證)購買等方式溫室氣體排放減量。 另外，供應商合作以及滿足客戶是我們重視的關鍵項目，依利害關係人的監督、要求做最適當、最快速的反饋。因應氣候變遷之課題/機會，調整公司體質及策略，降低極端氣候影響對公司運營之衝擊。","策略1-節能 統計溫室氣體排放量、掌握能源使用狀況。針對重大耗能設備排定更新計畫。 策略2-創能 實施太陽能等綠能設備之建置可行性評估。了解綠能、綠能憑證已及RE30%電力等商品，配合溫室氣體減量。 1.自2022年起，逐步規劃並汰換辦公室冰水主機及LED燈具。 2.新辦公室設立優先採用高效節能空調設備","晶豪科技自2019年起開始進行溫室氣體排放盤查作業。並且訂定出2025年人均排放量較2019年減少4%。 於2022、2023以及2024年提前達成減量目標。"
"=""3008""","大立光","1,629.2606","依環境部氣候變遷署規範，進行指定廠區溫室氣體盤查並取得第三方機構認證機構查驗結果","大立光電股份有限公司精密機械園區廠、七廠及七之一廠","合理保證等級","171,085.6780","依環境部氣候變遷署規範，進行指定廠區溫室氣體盤查並取得第三方機構認證機構查驗結果","大立光電股份有限公司精密機械園區廠、七廠及七之一廠","合理保證等級","N/A","","N/A","N/A","","2.9000","","大立光已規劃節能減碳永續發展之目標規畫，依循ISO 14064-1:2018標準，已於2020年度執行溫室氣體初次盤查，往後逐年皆執行盤查查證，以掌握整體排放情形，做為日後精進目標。為落實此項目標與相關改善計畫，成立《溫室氣體盤查推動小組》組織",""
"=""3010""","華立","3,198.0056","已完成母公司","已完成母公司","合理保證等級","1,420.6560","已完成母公司","已完成母公司","合理保證等級","1,064.7792","與燃料及能源相關活動（未納入範疇1或範疇2）,員工通勤","已完成母公司","已完成母公司","有限保證等級","11.9000","公司並非碳排大戶，但每年仍以減少0.2%的電耗用，為年度溫室氣體排放減量的目標，2023年為溫室氣體排放基準年，逐年推展各子公司並建立各公司基準年資訊。","本公司因應客戶要求，協調供應商配合執行ISO14064-1組織型溫室氣體盤查活動等，以降低對環境負荷衝擊。同時為符合公司 ISO 14001 環境管理系統的運作及要求，外購水、電能資源的溫室氣體排放減量以0.2%為環境目標，積極宣導、追蹤執行績效。茲因公司集團組織龐大，將逐年推展，預期在2027年執行集團第三方外部查證，同時確定基準年，作為後續減碳作業的依據。","1.因應政府機關要求及內部ESG的期許，自2023年起導入ISO 14064-1溫室氣體盤查機制，建立各公司的溫室氣體排放的基準年及作業標準。 2.目前已在執行溫室氣體排放盤查，並建置溫室氣體排放登錄資訊平台供各公司、各地登錄，並於2024年第一季正式上線，用以追蹤各公司盤查作業的完成狀況。 3.2024年已設置電站，減碳排量約 3.35 萬公噸(相較節省 1.69 萬公秉燃油、 2.51 萬公噸燃煤、 1.12 萬公噸燃氣)。 4.2024年第三季委託勞盛(LRQA)執行華立台灣溫室氣體盤查確信並取得2023年盤查聲明書，計排放739.3593公噸CO2e。 5.2025第三季續委託勞盛(LRQA)執行溫室氣體盤查確信。"
"=""3011""","今皓","175.8944","本公司以下營運據點：今晧實業股份有限公司、今皓光電(崑山)有限公司、泰國廠  J.B.T Industrial Co., Ltd. (J.B.T)","N/A","","1,449.8992","本公司以下營運據點：今晧實業股份有限公司、今皓光電(崑山)有限公司、泰國廠  J.B.T Industrial Co., Ltd. (J.B.T)","N/A","","804.5661","與燃料及能源相關活動（未納入範疇1或範疇2）,上游運輸及配送,營運中產生之廢棄物,商務旅行,員工通勤,下游運輸及配送","本公司以下營運據點：今晧實業股份有限公司、今皓光電(崑山)有限公司","N/A","","2.1094","已進行溫室氣體排放盤查，未來將評估建立減量策略。","已進行溫室氣體排放盤查，未來將評估建立減量策略。","已進行溫室氣體排放盤查，未來將評估建立減量策略。"
"=""3013""","晟銘電","2,093.0000","已完成合併財務報表之母子公司","已完成合併財務報表之母子公司,母公司-揭露溫室氣體總排放量中，61公噸CO2e確信機構採ISO14064-1準則確信，確信尚在進行中。 子公司(東莞成銘電子有限公司)-揭露溫室氣體總排放量中，1,570公噸CO2e經確信機構採ISO14064-1準則確信，確信意見為合理保證等級確信。 子公司(晟銘電子(寧波)有限公司)-揭露溫室氣體總排放量中，462公噸CO2e經確信機構採ISO14064-1準則確信，確信意見為合理保證等級確信。","母公司-確信尚在進行中;子公司-確信意見為合理保證等級確信。","4,886.0000","已完成合併財務報表之母子公司","已完成合併財務報表之母子公司,母公司-揭露溫室氣體總排放量中，354公噸CO2e確信機構採ISO14064-1準則確信，確信尚在進行中。 子公司(東莞成銘電子有限公司)-揭露溫室氣體總排放量中，2,385公噸CO2e經確信機構採ISO14064-1準則確信，確信意見為合理保證等級確信。 子公司(晟銘電子(寧波)有限公司)-揭露溫室氣體總排放量中，2,146公噸CO2e經確信機構採ISO14064-1準則確信，確信意見為合理保證等級確信。","母公司-確信尚在進行中;子公司-確信意見為合理保證等級確信。","1,611.0000","與燃料及能源相關活動（未納入範疇1或範疇2）,上游運輸及配送,營運中產生之廢棄物,商務旅行,員工通勤,下游運輸及配送","已完成合併財務報表之母子公司","已完成合併財務報表之母子公司","母公司-揭露溫室氣體總排放量中，249公噸CO2e確信機構採ISO14064-1準則確信，確信尚在進行中。 子公司(東莞成銘電子有限公司)-揭露溫室氣體總排放量中，556公噸CO2e經確信機構採ISO14064-1準則確信，確信意見為合理保證等級確信。 子公司(晟銘電子(寧波)有限公司)-揭露溫室氣體總排放量中，806公噸CO2e經確信機構採ISO14064-1準則確信，確信意見為合理保證等級確信。","8,590.0000","","",""
"=""3014""","聯陽","38.6426","已完成合併財務報表之母子公司","已完成合併財務報表之母子公司","合理保證等級","1,675.7401","已完成合併財務報表之母子公司","已完成合併財務報表之母子公司","合理保證等級","706.3741","與燃料及能源相關活動（未納入範疇1或範疇2）,上游運輸及配送,營運中產生之廢棄物,商務旅行,員工通勤","已完成合併財務報表之母子公司","已完成合併財務報表之母子公司","有限保證等級","0.2585","2024年為基準年，減量目標為，至2030年的溫室氣體總排放量較2024年基準年降低5 %","持續逐步汰換傳統照明設備、導入具節能之空調箱及送風機","尚未有執行成效"
"=""3015""","全漢","1,171.9553","已完成合併財務報表之母子公司","已完成合併財務報表之母子公司","有限保證等級","15,432.4620","已完成合併財務報表之母子公司","已完成合併財務報表之母子公司","有限保證等級","1,516.1378","上游運輸及配送,營運中產生之廢棄物,商務旅行","已完成合併財務報表之母子公司","已完成合併財務報表之母子公司","有限保證等級","1.4313","減碳目標： 1.以2021年為基準年，2021年疇疇一及範疇二總排放量為18,110.67公噸 2.2030年範疇一及範疇二排放減量30% 3.範疇三以2024年為基準年，於2030年減少20%、於2035年減少40% 4.2050年達成淨零&RE100","1.完善能源監控系統及儲能系統，數位化管理強化能源效率及節能計畫因應 2.強化綠色供應鏈管理，落實低碳產品 3.冷凍空調系統汰舊換新","減碳目標達成狀況: a.2024年溫室氣體相較於基準年2021年排放總量平均減少8.32% b.截至至2024年底RE為 6%。"
"=""3016""","嘉晶","665.5692","已完成合併財務報表之母子公司","已完成合併財務報表之母子公司","合理保證等級","42,222.4710","已完成合併財務報表之母子公司","已完成合併財務報表之母子公司","合理保證等級","9,189.5804","與燃料及能源相關活動（未納入範疇1或範疇2）,員工通勤","已完成合併財務報表之母子公司","已完成合併財務報表之母子公司","有限保證等級","10.4406","溫室氣體排放量基準年為2022年，由於電力使用是嘉晶溫室氣體排放的主要來源，因此減碳目標等同於節能目標。 短期目標(2023～2024年):  ・符合政府政策，達到年節電率1%。 ・每年進行溫室氣體盤查，並第三方機構驗證通過。 ・篩選低能效的用電設施，擬訂節能計畫，汰換效能低之機具。 中期目標(2025~2026年) ・每年節電率於2025年起由原目標>1.2%調升為>1.5%。 ・持續篩選低能效的用電設備，擬訂及執行節能計畫，進行持續汰換。 ・評估綠能措施、儲能櫃與電力系統搭配的相容性。 長期目標(2027~2029年) ・每年節電率於2025年起由原目標>1.2%調升為>1.5%。 ・持續篩選低能效的用電設備，執行節能計畫，進行持續汰換。 ・評估及執行綠能措施。","大部分用於製程機台與空調設備。因此，提高機器效率、降低空調設備能耗將成為減少營運碳排放的關鍵。嘉晶成立節能專案組，對廠內高耗能設備進行能效測試，篩選出低效設備並替換為高能效電氣設備，優化調整運轉參數，達到節能的效益。例如調整冰水壓力、提高冰機出水溫度，並設置空調開關的低溫限制，以避免空調溫度設定過低而造成能源浪費。同時，我們也審查各廠照明需求，調整照明配置，逐步提升LED比例，以降低照明用電。2024年嘉晶展開17項設備節能方案，包含四大類：(1)汰換低效能舊機組、(2)設備零件更新、(3)調整節能措施，以及(4)更換燈具。","2024年節電率2.0%，相當於節電185.7萬度，已達成2023～2024年目標（1%），相當於減碳 880.4 ton CO2e。"
"=""3017""","奇鋐","6,117.0000","包含合併報表所有公司，除富世達為上市公司單獨出具相關報告。","BV (深圳奇宏/興奇宏、東莞明鑫/興奇宏、成都奇宏、武漢奇宏、嘉善萬順達)、TUV-NORD(越南)","合理保證等級","135,342.0000","包含合併報表所有公司，除富世達為上市公司單獨出具相關報告。","BV (深圳奇宏/興奇宏、東莞明鑫/興奇宏、成都奇宏、武漢奇宏、嘉善萬順達)、TUV-NORD(越南)","合理保證等級","468,107.0000","購買之商品及勞務,資本財,與燃料及能源相關活動（未納入範疇1或範疇2）,上游運輸及配送,營運中產生之廢棄物,商務旅行,員工通勤,上游租賃資產,下游運輸及配送,已銷售產品之加工,已銷售產品之使用,已銷售產品生命週期結束之處理,下游租賃資產,加盟,投資","包含合併報表所有公司，除富世達為上市公司單獨出具相關報告。","BV (深圳奇宏/興奇宏、東莞明鑫/興奇宏、成都奇宏、武漢奇宏、嘉善萬順達)、TUV-NORD(越南)","合理保證等級","8.4900","113為基準年，總排放數據為354,011公噸。 減量目標：114年溫室氣體減排目標為單位排放密集度較113年降低3%。","推動措施： 1.深圳廠SMT車間完成中央空調整體汰換，新裝製冷冰水機，預計每年可減少98噸碳排放 2.深圳廠CNC車間針對設備廢氣排放進行升級改造，預計實現每年減排35噸二氧化碳的目標。  3.東莞廠進行辦公樓照明升級，全面更換為LED燈，預計每年可節電23,409KWH。 4.東莞廠區積極推進設備優化，將變壓器由S8型更新為最新型的S22型，有效提升了使用效能，降低了耗電量與安全風險，預計每年共節省33,840KWH電量。 5.成都廠通過空壓機油溫餘熱回收系統，將空壓機產生的餘熱轉化為宿舍生活熱水，預計每年共計節約電能183,000度，實現能源的高效迴圈利用。 6.武漢廠一期光伏項目於113年8月成功並網並投入使用。113年，該項目光伏發電量達277萬度，實現二氧化碳減排1,578.9噸。 7.越南廠自建光伏項目憑藉先進的光伏技術與高效的能源轉化機制，預計每年可達到二氧化碳減排 1,583.6噸。","達成情形：本公司及各廠區113年度因為產能持續進行擴建中，致使範疇二外購電力數據較112年度增加。範疇三則是因為將113年度將部分下游數據增加納入範疇三盤查範圍所致。"
"=""3018""","隆銘綠能","44.7165","已完成母公司","已完成母公司","合理保證等級","118.8995","已完成母公司","已完成母公司","合理保證等級","N/A","","N/A","N/A","","0.1939","","",""
"=""3019""","亞光","180.4894","已完成母公司","已完成母公司","合理保證等級","9,407.3397","已完成母公司","已完成母公司","合理保證等級","1,931.0847","與燃料及能源相關活動（未納入範疇1或範疇2）","已完成母公司","已完成母公司","有限保證等級","0.4160","","",""
"=""3021""","鴻名","90.1658","母公司及部分國內子公司","N/A","","176.3623","母公司及部分國內子公司","N/A","","243.3586","購買之商品及勞務,與燃料及能源相關活動（未納入範疇1或範疇2）,營運中產生之廢棄物,下游租賃資產","母公司及部分國內子公司","N/A","","N/A","","",""
"=""3022""","威強電","151.9123","已完成母公司","已完成母公司","合理保證等級","1,381.5664","已完成母公司","已完成母公司","合理保證等級","3,928.3630","購買之商品及勞務,與燃料及能源相關活動（未納入範疇1或範疇2）,上游運輸及配送,商務旅行,員工通勤,下游運輸及配送","已完成母公司","已完成母公司","有限保證等級","0.3463","原以初次導入2022年為基準年度，因納入美國子公司盤查，故重新計算基準年為2024年，目標5年降低4%温室氣體排放。","持續推動節能減碳措施，包括： 1.空調系統運作效能持續優化，加強智能化管理以降低能耗。 2.老舊耗能設備汰換，優先採購節能設備。 3.更換照明設備與改良，減少無人時的電力浪費。 4.用電資訊系統化與即時監控管理。 5.規劃導入ISO50001能源管理系統，以掌握耗能狀況，邁向碳中和及淨零排放目標。","母公司2024年盤查結果總排放量約為5,461.8417公噸CO2e，較前一年度增加46%，主要係範疇三供應鏈原物料與零組件導致上游生產階段的碳排放提升，而範疇一、二在節能改善措施下，較前一年度減少19%排放量。"
"=""3023""","信邦","1,759.4300","已完成母公司,100%持股子公司","已完成母公司,100%持股子公司","合理保證等級","15,074.5100","已完成母公司,100%持股子公司","已完成母公司,100%持股子公司","合理保證等級","123,951.4600","購買之商品及勞務,資本財,與燃料及能源相關活動（未納入範疇1或範疇2）,上游運輸及配送,營運中產生之廢棄物,商務旅行,員工通勤,上游租賃資產","已完成母公司,100%持股子公司","已完成母公司,100%持股子公司","合理保證等級","4.2500","溫室氣體減量目標（基準年為2021年）： -2024年範疇1及範疇2溫室氣體排放較2021年減少14%  -2027年配合法令，溫室氣盤查及揭露擴大至合併報表之子公司  -2030年範疇1及範疇2溫室氣體排放較2021年減少40%，並攜手價值鏈碳排減量 ","因應管理氣候風險之轉型計畫行動策略與管理目標   1.依ISO 14064-1:2018執行組織型溫室氣體盤查與第三方查證  - 2027年配合法令盤查與揭露範圍擴大至合併報表子公司   2.設定溫室氣體減量目標及路徑  - 2030年溫室氣體排放量 (範疇1+2) 較基準年2021年減排40%   3.強化能源管理，優化能源使用效率  - 2024年集團總用電量下降1% -2024年新增1個據點取得ISO50001 -2025年集團總用電量下降2%  4.導入低碳運具  - 2027年新購入公務車100%為低碳運具  - 2030年新購入及既有公務車100%為低碳運具   5. 100%持股據點提升再生能源使用占比  - 2025年綠電使用率達30% (RE 30)  - 2030年綠電使用率達60% (RE 60)   6.導入內部碳定價 (2023年新增行動策略)  - 2026年前規劃並導入內部碳定價 ","2024年溫室氣體排放量（範疇1+2）較基準年減排28.80%。"
"=""3024""","憶聲","N/A","N/A","N/A","","N/A","N/A","N/A","","N/A","","N/A","N/A","","N/A","","",""
"=""3025""","星通","57.2497","已完成合併財務報表之母子公司","N/A","","753.9317","已完成合併財務報表之母子公司","N/A","","N/A","","N/A","N/A","","N/A","","",""
"=""3026""","禾伸堂","920.4331","已完成母公司","已完成母公司","合理保證等級","28,731.4240","已完成母公司","已完成母公司","合理保證等級","6,797.5063","購買之商品及勞務,上游運輸及配送","已完成母公司","已完成母公司","有限保證等級","3.0596","2024年百萬顆產品年排放強度較基準年(2019年)減少10%","本公司對於因應氣候變遷或溫室氣體管理之策略，簡述如下： (1)	由台電供應電力之二氧化碳排放為本公司主要溫室氣體排放來源，因此相關節能減碳計畫將以節電為主軸。提高生產效能、更換節能之燈具、降低原物料之耗用、每日有專人進行全區節能巡查等，全員參與。 (2)	持續取得ISO14064-1:2018溫室氣體量化及查證報告意見書。 (3)	依據ISO14001作業管理辦法制訂相關空、水管理辦法以有效管理，進而降低環境負荷。","本公司先前擬訂之溫室氣體排放量減量目標為「2024年百萬顆產品年排放強度較基準年(2019年)減少10%」，2024年排放強度為2.24公噸CO2e/百萬顆產品，因2024年盤查場址納入台北、利澤，總排放當量增加，影響排放強度同步上升。"
"=""3027""","盛達","153.6878","已完成母公司,盛齊、盛威、盛智達、晉好","已完成母公司,盛齊、盛威、盛智達、晉好","合理保證等級","336.6403","已完成母公司,盛齊、盛威、盛智達、晉好","已完成母公司,盛齊、盛威、盛智達、晉好","合理保證等級","288.5953","與燃料及能源相關活動（未納入範疇1或範疇2）,營運中產生之廢棄物,商務旅行,員工通勤,下游運輸及配送","已完成母公司,盛齊、盛威、盛智達、晉好","已完成母公司,盛齊、盛威、盛智達、晉好","有限保證等級","2.3600","","",""
"=""3028""","增你強","100.1600","已完成母公司","N/A","","530.1800","已完成母公司","N/A","","N/A","","N/A","N/A","","0.0455","1. 本公司溫室氣體盤查基準年訂為2022年。 2. 以 2022 年為基準年，循序進行全集團內部溫室氣體盤查，統計溫室氣體實際排放數量，並訂定改善計畫，於日常營運中具體落實「節能、環保、愛地球」之環境保護及減排措施。 3. 減量目標：增你強個體114年範疇一+範疇二排放較113年減少1-2%。","依循 TCFD 之建議進行完整的氣候變遷相關風險與機會之鑑別，透過研析產業概況以及國際永續趨勢，將氣候議題區分為實體風險、轉型風險與氣候機會3大類別，並針對各項風險機會的影響期程、發生可能性與衝擊程度進行評估，依此擬定相關目標與因應策略，未來每年將定期監督實施情形與目標達成度，以達管理之目的。","1. 已於112年將台北總公司水銀耗電燈管全面汰換成LED節能燈具。 2.已規劃逐年更換氣燃油交通工具為油電或純電動車之車輛。 3.已規劃總部大樓隔熱紙裝設作業，降低空調設備負載，節省能源消耗。 4.簽訂DHL GoGreenPlus服務永續航空解決方案減少6.59頓運輸溫室氣體排放量。 5. 113年增你強個體範疇一+範疇二排放量較去年下降6.32%。"
"=""3029""","零壹","153.3196","已完成母公司,組織邊界含合併財務報表之台灣地區子公司","N/A","","1,029.9751","已完成母公司,組織邊界含合併財務報表之台灣地區子公司","N/A","","N/A","","N/A","N/A","","N/A","","",""
"=""3030""","德律","13.9344","已完成母公司,已完成合併財務報表之母子公司","N/A","","2,122.7780","已完成母公司,已完成合併財務報表之母子公司","N/A","","1,049.2156","上游運輸及配送,營運中產生之廢棄物,員工通勤,下游運輸及配送","已完成母公司,已完成合併財務報表之母子公司","N/A","","0.5022","本公司本次盤查仍依ISO 14064-1:2018標準進行類別1至類別6盤查，其組織邊界範擴大至海外子公司，故基準年變更設定為2024年，該年之溫室氣體總量為3191.9311  (tCO2e/年)，減量量化目標則是期望每增加百萬營收(新台幣)減少碳排放量0.5%為目標進行宣導及推動。","本公司對於溫室氣體減量之策略與具體行動計畫: (1)積極參與溫室氣體管理相關倡議活動:透過溫室氣體減量之倡議活動，與各企業互相交流與分享減量資訊與方法學，提升公司內部自身減碳技術與能力。 (2)因應溫室氣體管理之策略:積極培訓各項溫室氣體管理的人才，蒐集國內外溫室氣體管理資訊與盤查及減量技術，每年進行組織內溫室氣體盤查活動，找出企業內部減碳機會與提倡企業內部節能減碳之文化。 具體行動計畫: 1.中央監控系統電腦管控空調及電燈使用需求。 2.裝設節能風扇，加速冷房效率，作業區設置空氣門，避免冷氣流失。(自101年5月起工作場所新增節能風扇、空氣門，投資金額逾新臺幣約24萬元) 3.季節性調整空調外氣量及冰機噸數運作，並提高設定溫度，降低空調用電。 4.停車場、梯廳、廁所、茶水間等部份場所減少燈管數使用，節約用電。 5.依產線作業變化，無使用區域進行照明管制，並管制限用部份電梯。 6.飲水機夜間設定為節能模式及季節性調整夜燈運作時間。 7.宣導節約能源，並張貼隨手關燈、關空調標語。 8.宣導節約用水，全員節水，改變用水行為。 9.持續新增玻璃惟幕捲簾，降低冰機負載及空調耗損。 10.新設空調設備採用變頻機組及恆溫恆濕系統。 11.111年度林口一期廠區更換608盞LED節能燈具，年降低17.68 公噸 CO2e碳排放量。 12.持續建立電子化系統，減少紙張使用量。 13.空調冰水主機每年定期保養，以達到節約能源之效果。 14.廠區全面更換噴墨免加熱技術(無碳粉排放) 之極低耗電環保型事務機減少溫室氣體排放。 15.製程清潔劑一次容器變更為重複使用之容器。 16.汰換林口廠區類比式電力量測儀錶為數位式量測儀錶，強化能源管理能力。 17.112年度完成林口廠一期廠區輕鋼架燈具、餐廳及停車場傳統燈具更換為LED節能燈具之工程，年降低151.71公噸 CO2e碳排放量。 18.林口廠二期新建廠房建置全面採用LED節能燈具照明設計，提升能源使用效率。 19.林口廠二期新建廠房設計建置雨水回收澆灌系統，減少自來水資源使用。 20.林口廠二期新建廠房建置照明燈具控制系統，建立排程開關減少能源浪費。 21.林口廠二期新建廠房建置工廠整體換氣控制系統，有效的以排程控制各機房、停車場、廁所的啟閉，減少能源浪費。 22.林口廠二期新建廠房，所有中央系統設備之馬達皆採用變頻規格，以減少持續電力輸出造成的能源損耗。 23.2024年度進行林口廠區智慧照明控制系統節能專案，減碳量0.39(噸CO2e) 24.2024年度進行林口廠區餘裕照度之照明燈具減量專案，減碳量0.14(噸CO2e) 25.2024年度進行林口廠區停車場智慧照明控制系統節能專案，減碳量0.43(噸CO2e) 26.林口二期廠區空調智慧風量製冷控制系統節能專案，減碳量18.15(噸CO2e) 27.台北辦公室傳統燈具更換LED燈具節能專案，減碳量7.31(噸CO2e)","因本公司原為低污染、低能源消耗的製程，本年度雖營收提升，但仍有基礎營運產生的溫室氣體排放量，故無法達成每增加百萬營收(新台幣)減少碳排放量0.5%的減量目標。"
"=""3031""","佰鴻","108.1945","已完成合併財務報表之母子公司","已完成合併財務報表之母子公司","合理保證等級","8,869.4745","已完成合併財務報表之母子公司","已完成合併財務報表之母子公司","合理保證等級","24,742.5813","購買之商品及勞務,與燃料及能源相關活動（未納入範疇1或範疇2）,上游運輸及配送,營運中產生之廢棄物,員工通勤,下游運輸及配送,下游租賃資產","已完成合併財務報表之母子公司","已完成合併財務報表之母子公司","有限保證等級","7.6276","短期目標: 在2027年將範疇1與範疇2排放量減少10% (基準排放年: 2023)。 中期目標: 在2035年實現範疇1與範疇2排放量減少50%。 長期目標: 在2050年前實現範疇1與範疇2淨零排放。","能源效率：在所有設施中安裝節能照明和設備-2025年，將在工廠廠 房安裝太陽能板以實現節能作為主要項目。 再生能源：目標是至 2030 年營運中使用 10% 的可再生能源。 供應鏈參與：與能夠提供比同性質供應商更低碳足跡產品的供應商為第一合作優先。激勵合作夥伴採用溫室氣體測量及其產品碳足跡。","2024 第二年進行碳盤查活動數據認證，同時第一次進行與基準年2023之活動數據差異分析，相關作業流程及規範尚處熟悉中，因此尚未有達成情形。"
"=""3032""","偉訓","27.4024","已完成母公司","N/A","","459.7231","已完成母公司","N/A","","221.3051","上游運輸及配送,營運中產生之廢棄物,員工通勤,下游運輸及配送","已完成母公司","N/A","","N/A","【能源減量目標】 偉訓科技、偉昌豐： 	短期目標(1-3年)：減少電力使用量3%，實施節能措施並汰換LED燈具。 	中期目標(3-7年)：減少電力使用量10%，汰換300噸空調系統，使用VRF多聯式變頻空調主機。 	長期目標：推動智慧電網及除能系統，加裝太陽能板以購買再生能源，實現電力系統碳中和。 【排放減量目標】 偉訓科技以2024年為基準年： 	短期目標：5年內減少3%的溫室氣體排放。 	中期目標：2030年前減少15%的溫室氣體排放。 	長期目標：2050年前各營運據點溫室氣體排放為零。 偉昌豐以2021年為基準年： 	持續導入節能減碳技術，升級生產設備，減少碳排放量30%，每年單位產值溫室氣體排放減少1%。 	2027年完成全企業ISO 14064-1盤查驗證。 	依政府淨零政策，持續追蹤國際碳交易市場價格及減碳趨勢，動態展開碳中和計畫，定期進行成果追蹤與修正。 【能源、排放減量目標】 東驊以2019年為基準年： 	短期目標(2020-2025年)：單產值碳排放能耗減少13%。 	中期目標(2030年)：碳排放能耗減少25%。 	長期目標(2060年)：達到碳中和 ","溫室氣體減量策略及具體行動計畫 偉訓集團之臺灣據點節能減碳方案 地區/類型	節能行動方案	節能量	節能行動方案減少的溫室氣體排放量 偉訓科技	辦公室輕鋼架燈具逐步汰換LED燈具	1.	公司共計1,087組T8傳統燈具，已完成汰換LED燈管，規劃繼續汰換LED燈座，每座可節省6W用電量，全年可節省250天*10hr*1087座*6W=16,305KW 2.	空調用電約佔整體用電48.5% (2024年全年電量969,800KW，空調用電量471,104 KW/年)，汰換VRF多聯式變頻空調主機可減少50%空調用電約235,552 KW /年耗電量。 3.	上述兩項措施降低251,857 KW/年耗電量。 4.	依照台電每度電碳排0.495公斤計算，251,857度*0.495 KG= 124.669公噸CO2e。	2025年更換LED燈座，2027年預計汰換空調主機，預估降低164,669KW/年耗電量，依照台電每度電碳排0.495公斤計算。 可減少碳排124.669公噸CO2e 	預計於2026年汰換300T VRF多聯式變頻空調主機		 富驊企業	辦公室輕鋼架燈具燈管減少	75座燈具*18W*8H*259.83天=2,806,164 W=2,806.146度。	1.	預計2024年將辦公室每一座燈具有4支燈管，減少一隻燈管，全辦公共有75座燈具，共減少1.39公噸CO2e。 2.	宣導同仁隨手關燈及冷氣風扇。 3.	中午休息時間辦公室熄燈40分鐘。 	中午午休熄燈40分鐘		  偉訓集團之中國製造廠節能減碳方案 地區/類型	節能行動方案	節能量	節能行動方案減少的溫室氣體排放量 東驊	採用永磁變頻雙級壓縮空壓機汰換老舊150匹空壓機*1臺，實測節電16.78 %。年節電11.5萬度	節能改造方案共計節電16.378萬度。	節能改造方案共計節省93.4公噸CO2e。 	淘汰老舊空調為新1級能效空調，共28台，年節電3.81萬度電		 	沖床更換永磁馬達節能改造160頓15kw*1臺，測試節電61%，年節電1.0684萬度		 峰德	加強節能管理，提升生產效率，減少能源消耗	每月減少4天開機時間，每次減少電量1,500度，年節電量72萬度。	共計節省72,000度*0.495 KG/度=35.64公噸CO2e。 	烤漆集中生產，避免空掛，減少烤漆設備開機時間節約用電量，每月減少4天開機時間，每次減少電量1,500度		 偉昌豐	公司有使用節能老化櫃來取代非節能老化櫃	2024年相對2023年減少用電98萬度電。	2024年新增節能節電度數9,800仟度=716公噸CO2e。 	公司有使用空壓機餘熱回收燒水提供給員工，取代熱泵		 ","偉訓科技、偉昌豐： 	定期監測電力使用量，於用電量大的設備加裝專用電表，進行紀錄以作為節能措施成效依據。 	藉由溫室氣體盤查，找出重大排放源進行減量措施，以每年溫盤結果作為成效依據。 東驊： 	2024年單位產值能耗較去年增加18.8%，2020-2025同比2019年累計減排量57%。 "
"=""3033""","威健","51.2254","已完成母公司","已完成母公司","合理保證等級","465.8470","已完成母公司","已完成母公司","合理保證等級","1,456.6733","購買之商品及勞務,上游運輸及配送,商務旅行,員工通勤,下游運輸及配送","已完成母公司","已完成母公司","BSI採用確證與協議程序所得的結論","0.0116","威健（母公司）以113年為基準年，訂定短期目標（1-2年）母公司全營運據點範疇二排放量減少1-2%。","我們將會持續以1.5℃減排路徑作為集團內部去碳的管理依據，驅動內部低碳轉型、探索嶄新綠能運送服務，與價值鏈上下游夥伴持續互相扶持並促進低碳經濟之成長。 1. 溫室氣體減量目標：威健（母公司）以 113 年為基準年，訂定短期目標（1-2 年）母公司全營運據點範疇二排放量減少 1-2%。 2. 溫室氣體減量策略及行動計劃：我們將會持續以 1.5℃ 減排路徑作為集團內部去碳的管理依據，驅動內部低碳轉型、探索嶄新綠能運送服務，與價值鏈上下游夥伴持續互相扶持並促進低碳經濟之成長。 （1）短期：全面推動能源管理優化，透過更換傳統照明為省電燈管／高效節能的 LED 燈，達成節電及減碳目標。同時，積極導入節能技術與措施，以提升能源使用效率，進一步減少碳排放。 （2）中長期：重視供應鏈減碳合作，與供應商攜手推動綠色生產，共同建立低碳供應鏈體系。為降低物流運輸對環境的衝擊，我們將接洽低碳綠色運輸模式，例如使用電動車及其他替代能源交通工具，以實現運輸環節的碳排放減少。","因113年為基準年，尚無溫室氣體減量目標達成情形"
"=""3034""","聯詠","376.8942","已完成合併財務報表之母子公司","已完成合併財務報表之母子公司","合理保證等級","17,710.6197","已完成合併財務報表之母子公司","已完成合併財務報表之母子公司","合理保證等級","1,648,694.9337","購買之商品及勞務,與燃料及能源相關活動（未納入範疇1或範疇2）,上游運輸及配送,營運中產生之廢棄物,商務旅行,員工通勤,下游運輸及配送,已銷售產品之加工,已銷售產品之使用","已完成合併財務報表之母子公司","已完成合併財務報表之母子公司","有限保證等級","16.0295","溫室氣體排放減量目標 2030年：相較2022年溫室氣體排放量降低20% (範疇一及範疇二) 2050年：100% 達成淨零目標","溫室氣體減量策略 A.相較前一年節電>1% B.持續採購再生能源，使用比率目標達12% C.產品或服務帶給客戶減碳效果:主力產品能耗平均降低2%~5% ","溫室氣體減量策略   A.相較前一年節電>1%:113年節電率較前一年成長1.41%   B.持續採購再生能源，使用比率目標達12%:113 年採購綠電585 萬度與自行發電24 萬度，全年累計共609 萬度，再生能源比率達14.89%。114年再生能源使用比率目標達成20%   C.產品或服務帶給客戶減碳效果:主力產品能耗平均降低2%~5%，113年主力產品能耗平均降低4.26%，貢獻在終端產品使用上，一年可降低電力使用達8.02 仟萬度，約減少39,658 公噸CO2e 排放，相當於102 座大安森林公園碳吸附量，可供應約21,703 家庭一年的用電量"
"=""3035""","智原","219.2420","已完成母公司","已完成母公司","合理保證等級","3,090.1600","已完成母公司","已完成母公司","合理保證等級","36,547.7240","購買之商品及勞務,與燃料及能源相關活動（未納入範疇1或範疇2）,營運中產生之廢棄物,商務旅行,員工通勤","已完成母公司","已完成母公司","有限保證等級","0.2990","目標：2030年碳排放量較2023年基準年減量 50%，並於2050年達成淨零 (範疇一與範疇二排放量) 範疇一與範疇二基準年數據：3,466.428 公噸CO2e","1.溫室氣體盤查：每年推動溫室氣體盤查，並通過第三方查證 2.內部減碳：每年推動節能減碳專案、布建太陽能板自發自用 3.綠電採購：展開綠電轉供計畫，逐年提升綠電使用比例 4.綠色供應鏈：要求供應商制定積極減碳目標及路徑 5.綠色創新：提供高效能/低功耗的技術解決方案","2024年範疇一與範疇二排放量較基準年(2023年)絕對減量4.5%，達成2024年碳排零成長目標"
"=""3036""","文曄","2,127.4831","已完成合併財務報表之母子公司","個體公司及合併報表台灣子公司","合理保證等級","5,318.5396","已完成合併財務報表之母子公司","個體公司及合併報表台灣子公司","合理保證等級","20,487.7073","與燃料及能源相關活動（未納入範疇1或範疇2）","已完成合併財務報表之母子公司","個體公司及合併報表台灣子公司","協議程序agreed-upon procedures，AUP (報告查證活動之結果，但不提供意見的約定)","0.0078","本公司基準年設定為2022年，2022年之範疇一與二之溫室氣體排放量為1597.7470t- CO2e，2024年起設定目標為每年範疇一與二的溫室氣體排放較前一年度減少3~5%","2024年起設定目標為每年範疇一與二的溫室氣體排放較前一年度減少3~5%，行動計畫如下: (1)提高營運設施的能源效率。 (2)投資可再生能源和儲能。 (3)調查評估和購買綠色能源或其他替代性可再生能源憑證。 (4)鼓勵外包運輸車隊採用電動卡車。 (5)與供應商合作，以降低其溫室氣體排放。 (6)與客戶和其他利益相關者合作，開發創新的解決方案來減少溫室氣體範疇 3 排放。","2024年查證溫室氣體排放量較2023年減少3.35%，已達預期查證地區範疇1與範疇2之減量目標"
"=""3037""","欣興","58,469.0000","已完成合併財務報表之母子公司","已完成母公司,母公司之投資控股公司及中國大陸子公司","合理保證等級","1,044,427.0000","已完成合併財務報表之母子公司","已完成母公司,母公司之投資控股公司及中國大陸子公司","合理保證等級","263,853.0000","購買之商品及勞務,與燃料及能源相關活動（未納入範疇1或範疇2）,上游運輸及配送,下游租賃資產","已完成合併財務報表之母子公司","已完成母公司,母公司之投資控股公司及中國大陸子公司","台灣地區：有限保證等級、中國大陸地區：合理保證等級","9.1900","單位營收溫室氣體排放強度2024年維持在10以下","-能資源節用與減碳創能及使用低碳能源。 -依據國際趨勢與法令規範，訂定溫室氣體減碳目標，並進行衝擊影響與因應評估，每年進行追蹤。 -推動及實行減碳方案，包含汰換高耗能設施、使用節能設備、導入智慧控制及能源管理系統。 -每年進行ISO 14064-1溫室氣體盤查，以掌握溫室氣體排放熱點及減量潛勢量潛勢。 -每年透過永續報告書對外揭露因應對策及目標進程，向利害關係人說明。","2024年實際單位營收溫室氣體排放強度9.19，達標"
"=""3038""","全台","302.4400","母公司及東莞廠","N/A","","8,687.7000","母公司及東莞廠","N/A","","38,265.0700","營運中產生之廢棄物","母公司","N/A","","13.1100","","",""
"=""3040""","遠見","90.6482","已完成合併財務報表之母子公司","N/A","","29.9286","已完成合併財務報表之母子公司","N/A","","1,213.6703","購買之商品及勞務,下游運輸及配送","已完成合併財務報表之母子公司","N/A","","9.6684","","",""
"=""3041""","揚智","0.0000","已完成合併財務報表之母子公司","N/A","","1,413.8300","已完成合併財務報表之母子公司","N/A","","N/A","","N/A","N/A","","0.8684","1.企業對於因應氣候變遷或溫室氣體管理之策略 產品發展高效率低功耗省電架構，引進綠色能源期望2027年能達到10%的綠色能源使用率，降低氣候變遷對公司營運的風險，善盡企業社會責任。 2. 企業溫室氣體排放量減量目標 本公司二氧化碳排放量 99%來自外購電力及自來水，因此電力與水的節約為節能減碳之優先目標，公司透過公司活動宣導及資源統整(員工人力及辦公區域規劃). 預計113年節省用電及水量與112 年比較以節省2%為目標，持續減少溫室氣體總排放量。 ","企業溫室氣體排放量減量之預算與計畫 1.購買綠色能源，目標2027年達成RE10。 2.推動文件表單及流程電子化，降低紙張使用。 3.宣導節能節水政策，設定空調溫度及時間管控，提倡隨手關閉電源。 4.改善設備、選用高效率空調及設備，降低能源消耗。 ","企業產品或服務帶給客戶或消費者之減碳效果 節能減碳已成為全球共同課題，本公司積極解決降低能源功耗方案，望能在節能減碳產品投入盡一己之力，以期提供技術使相關產品在能源消耗上能更節約、更有效率並能降低成本。"
"=""3042""","晶技","1,191.7585","已完成母公司","已完成母公司","合理保證等級","20,474.2950","已完成母公司","已完成母公司","合理保證等級","4,310.8240","與燃料及能源相關活動（未納入範疇1或範疇2）","已完成母公司","已完成母公司","有限保證等級","2.2061","本公司推動碳管理相關作業已歷有時日，定期進行「溫室氣體查證」(ISO 14064-1)，期透過盤查徹底瞭解本公司於「溫室氣體」的實際產生量，進而訂定改善措施，以求達成碳排放減量之目標(基準年2022年，每年至少減少1%)，以展現本公司對於環境保護之決心。","持續進行ISO 14064-1溫室氣體盤查，並依循ISO 50001 能源管理系統之P-D-C-A循環管理方法論擬訂有效減少能耗之行動方案。  ‧自主節能減排：透過全體同仁自主節能，改變能源使用 習慣，提高能源使用效率，直接減少碳排放量。  ‧使用再生能源：廠區自建太陽能發電；與綠電業者簽訂長期供電合約，逐步提高再生能源使用率。 ","溫室氣體排放強度較前一年度降低16.98%。"
"=""3043""","科風","N/A","N/A","N/A","","N/A","N/A","N/A","","N/A","","N/A","N/A","","N/A","","",""
"=""3044""","健鼎","71,349.3700","已完成母公司,已完成合併財務報表之母子公司","無錫、湖北及越南廠區已完成確信。","無錫廠區:合理保證等級；越南廠區:合理等級；湖北廠區:符合確信準則要求；平鎮廠區尚未導入確信。","731,251.4800","已完成母公司,已完成合併財務報表之母子公司","無錫、湖北及越南廠區已完成確信；平鎮廠區尚未導入確信。","無錫廠區:合理保證等級；越南廠區:合理等級；湖北廠區:符合確信準則要求；平鎮廠區尚未導入確信。","18,813.4100","上游運輸及配送,營運中產生之廢棄物,商務旅行,員工通勤,下游運輸及配送","範疇三計算範疇包括無錫廠區(上下游運輸及配送、營運中產生廢棄物、商務旅行)及越南邊和廠(運輸、員工通勤)。","僅越南廠區完成確信。","僅越南廠區完成確信。","12.2000","","",""
"=""3045""","台灣大","5,591.6667","含合併財務報表之母子公司共29家","含合併財務報表之母子公司共29家","合理保證等級","341,228.6655","含合併財務報表之母子公司共29家","含合併財務報表之母子公司共29家","合理保證等級","356,189.4946","購買之商品及勞務,資本財,與燃料及能源相關活動（未納入範疇1或範疇2）,上游運輸及配送,營運中產生之廢棄物,商務旅行,員工通勤,上游租賃資產,下游運輸及配送,已銷售產品之加工,已銷售產品之使用,已銷售產品生命週期結束之處理,下游租賃資產,加盟,投資","含合併財務報表之母子公司共29家","含合併財務報表之母子公司共29家","有限保證等級","3.9952","-基準年設定： 範疇一與二：以2022年為基準年。 範疇三：以2020年為基準年。 -近程目標(2030 年前)： 範疇一與二減量 42%(較2022年)。 範疇三減量 25%(較2020年)。 -中期與長期目標： 2040年：範疇一與二減量達90%。 -2050年：全範疇(1+2+3)達淨零排放 (Net Zero)，若有剩餘碳排將以碳權、碳捕捉封存(CCS)等碳中和。","-組織治理機制： 2016年成立環境管理委員會(2022 年更名為環境管理小組)，由技術長擔任主任委員推動ISO 14001、14064、50001 等管理系統，並定期召開會議評估成效與改善。 -能源與再生能源行動： RE100 承諾：2040年 100% 使用再生能源。 自發自用綠電建置：建置 316.8 kW(基地台與機房)。 綠電轉供：轉供 98.7 MW 綠電予基地台與機房使用。 再生能源憑證採購：共採購 107 張憑證。 種福電計畫：2017–2024年持續推動，結合公益與利害關係人綠能倡議。 雲端機房綠能轉型：2030年全面使用再生能源。 -低碳交通與設備汰換： EV100 承諾：2030年前全面電動化公司交通載具，逐步淘汰燃油車、提升能源效率。 -國際倡議與合作： SBTi科學減量目標：控制升溫 1.5°C 以內，通過淨零路徑審查。 GeSI理事會參與：領導氣候變遷委員會，舉辦 DwP 國際高峰會。 ECCT與LCI合作：強化與政府及國際企業在綠能、循環經濟等領域的策略聯盟。","-2024年: 範疇一與二：較預估排放量減少 10.5%。 範疇三：較2020年排放量減少 16.3%(優於預期 10%)。 -2025年預期目標: 範疇一與二：較預估排放量減少 15.75%。 範疇三：較2020年排放量減少 12.5%。 -2030年目標: 範疇一與二：較2022年排放量減少42%。 範疇三：較2020年排放量減少25%。"
"=""3046""","建碁","0.0000","已完成合併財務報表之母子公司","已完成合併財務報表之母子公司","合理保證等級","6.2600","已完成合併財務報表之母子公司","已完成合併財務報表之母子公司","合理保證等級","48.0000","與燃料及能源相關活動（未納入範疇1或範疇2）,營運中產生之廢棄物,員工通勤","已完成合併財務報表之母子公司","已完成合併財務報表之母子公司","有限確信","0.0000","詳年報說明","詳年報說明","詳年報說明"
"=""3047""","訊舟","18.6093","已完成母公司","N/A","","797.0026","已完成母公司","N/A","","258.3696","與燃料及能源相關活動（未納入範疇1或範疇2）,營運中產生之廢棄物,商務旅行,員工通勤,下游運輸及配送","已完成母公司","N/A","","0.3119","","",""
"=""3048""","益登","92.1254","已完成母公司","N/A","","449.4653","已完成母公司","N/A","","N/A","","N/A","N/A","","0.0052","","",""
"=""3049""","精金","5,746.0097","已完成母公司","已完成母公司","合理確信","42,583.4338","已完成母公司","已完成母公司","合理確信","13,349.5278","與燃料及能源相關活動（未納入範疇1或範疇2）","已完成母公司","已完成母公司","合理確信","1,229.6600","2024年，精金的溫室氣體排放情形為：範疇一排放為 5,746.0097公噸CO2e；範疇二排放42,583.4338公噸CO2e，共計48,329.444公噸CO2e。與基準年 2017年（80,606.640 tCO2e）相比，減少40.04%(範疇一+範疇二)。","˙我們致力於有效的減碳管理，透過定期碳盤查，進而採取各項溫室氣體排放減量替代措施，達成各階段減碳的目標。 ˙運用盡職調查與預警溝通方法，透過定期碳盤查，降低溫室氣體排放量。 1.投入資源:   ˙發展綠色能源如太陽能光電系統   ˙導入ISO 14001管理系統   ˙導入ISO 14064溫室氣體盤查","2.具體產出   ˙取得ISO 14001管理系統。   ˙完成2024年ISO 14064溫室氣體盤查並取得第三方驗證。   2024年溫室氣體排放量與基準年 2017年相比，減少40.01%(範疇一+範疇二)"
"=""3050""","鈺德","56.7990","已完成母公司","N/A","","6,077.8520","已完成母公司","N/A","","121.8663","營運中產生之廢棄物","已完成母公司","N/A","","13.6326","較基準年減少1%","召開內部稽核及政府溫室氣體盤查","較基準年減少1%以上"
"=""3051""","力特","4,151.8930","已完成母公司","N/A","","8,562.7984","已完成母公司","N/A","","N/A","","N/A","N/A","","6.7367","以2024年為基準年，每年降低範疇一和範疇二溫室氣體排放總量的 1 %。","淘汰老舊空壓機設備及空氣乾燥機，並為風車增設變頻運轉功能。","以2024年為基準年，每年降低範疇一和範疇二溫室氣體排放總量的 1 %。"
"=""3052""","夆典","107.3775","完成總部(新北市新民街)溫室氣體盤查。","確信範圍涵蓋總部(新北市新民街)辦公處所之類別1到類別4（ISO 14064)。","合理保證等級","146.9036","說明同範疇一。","同範疇一說明。","合理保證等級","128.8032","與燃料及能源相關活動（未納入範疇1或範疇2）,上游運輸及配送,營運中產生之廢棄物,商務旅行,員工通勤,下游運輸及配送","完成總部(新北市新民街)溫室氣體盤查。","同範疇一說明。","有限保證等級","0.0960","依據本公司推動永續發展之路徑圖，在策略上以2027年為區隔，在該年度之前以「建構永續治理體系」、「提升組織碳盤查與碳管理能力」、「提升組織風險管理能力」為主軸，預計於2026年完成合併財務報表子公司之溫室氣體盤查後，訂定集團溫室氣體盤查基準年，並於2027年擬定及推動減量計畫。","2027年(含)以後，以「提升減碳能力」、「推動碳管理計畫」、「建立以智慧韌性組織為核心的知識與學習機制」為策略主軸，相關行動計畫，於永續報告書中夆典科技開發推動永續發展路徑圖揭露。","1.在溫室氣體盤查及確信方面，自2022年起由盤查夆典科技開發總部辦公室開始進行，並逐漸擴大盤查邊界，預計於2026年涵蓋所有財務報表子公司。在確信/查證上，2023年夆典科技開發總部辦公室溫室氣體盤查由第三方查證公司分別依據確信準則ISAE 3410以及ISO14064-3標準進行確信，取得資誠會計師事務所以及旭威認證(TAF LOGO)之查證聲明書。  2.2024年溫室氣體盤查委由法標國際(AFNOR)進行確信，已於2025年４月28日完成S2階段查證，預計於6月底取得其核發之溫室氣體盤查聲明書。"
"=""3054""","立萬利","N/A","N/A","N/A","","N/A","N/A","N/A","","N/A","","N/A","N/A","","N/A","","",""
"=""3055""","蔚華科","N/A","N/A","N/A","","2,147.0000","已完成母公司","N/A","","N/A","","N/A","N/A","","3.1889","","",""
"=""3056""","富華新","36.0000","已完成母公司,資料涵蓋母公司及子公司總太營造","N/A","","905.0000","已完成母公司,資料涵蓋母公司及子公司總太營造","N/A","","N/A","","N/A","N/A","","0.0738","","",""
"=""3057""","喬鼎","309.9800","已完成母公司","N/A","","723.4800","已完成母公司","N/A","","N/A","","N/A","N/A","","1.8036","2024年範疇一及範疇二合計碳排量為1033.46公噸CO2e。本公司依科學基礎減量目標倡議(SBTi)訂定減量目標，目標為逐年降低溫室氣體排放量，至2030年減排至456公噸CO2e，減量比率約為55.9%。","(1)推動電子簽核流程，降低紙張使用。 (2)管制照明及空調設備，依廠內實際使用情形及配合生產，彈性調整設備使用規定。 (3)更新老舊高能耗系統與設備，提升能源效率，降低損耗。 (4)逐步將燈具汰換為節能燈具，設定年照明設備節電率目標0.5%。 (5)規劃於2026年取得綠建築黃金級及LEED認證。 (6)優先採購節能標章產品，逐年提高綠色採購的占比。 (7)持續綠色生產，在生產過程中致力於節能減碳，符合對客戶、環境之綠色承諾，提升客戶對本公司在環境政策上的認同。","2024年溫室氣體排放量與2023年相較，小幅增加5.49%，主要因素為11月新設置冰水主機(內含冷媒)而造成溫室氣體排放量增加。"
"=""3058""","立德","561.8500","本集團主要營運據點","N/A","","6,419.3800","本集團主要營運據點","N/A","","131,066.0000","上游租賃資產","本集團主要營運據點","N/A","","44.0800","為響應國際永續趨勢，立德參考科學基礎減碳目標倡議（Science Based Targets Initiative，SBTi）產出立德淨零轉型路徑圖，承諾以2024年為基準年，設定2030年達成範疇一和範疇二溫室氣體排放減量30%，並於2050年實現淨零排放。為符合減碳需求，我們將逐步對溫室氣體排放的範疇三進行了全面盤查，同時透過提升能源使用效率，以及強化價值鏈碳管理等方式來實現淨零排放的目標，期望透過落實PDCA的管理循環，逐步邁向低碳營運轉型，並實現淨零(Net-Zero)與環境永續的願景。","依據歷年來溫室氣體盤查結果，立德範疇一及二溫室氣體主要排放來自於範疇二，因此立德溫室氣體減量策略，以能源管理為主，並輔以再生電力導入。 依循ISO 14064-1:2018 標準要求，鑑別重大排放項目並計算溫室氣體排放量， 2024年範疇三所有類別的排放量合計為131,066公噸CO2e當量，主要排放來自類別四購入商品與服務之排放及固體&液體廢棄物處理排放，未來將持續致力於低碳產品研發、供應鏈議合及低碳運輸三大方向減量，與價值鏈夥伴共同對抗氣候變遷與全球暖化。","中國大陸塘廈廠自2009年起完成範疇一與範疇二的盤查，並於2010年首次通過第三方查證，此後每年皆持續達成自訂減碳目標並通過查驗。為因應《ISO 14064-1:2018》新版標準，2020年起進一步擴大至範疇三之盤查，並採用IPCC等國際權威機構所公布的排放係數，目前範疇三盤查已涵蓋約70%之主要原物料。  其他主要營運據點與生產廠區亦於2024年完成範疇一及範疇二的溫室氣體盤查，菲律賓廠預計於2025年第四季完成第三方查證作業。  本公司溫室氣體盤查組織邊界依《ISO 14064-1:2018》之營運控制權原則設定，並已建立完善之溫室氣體盤查管理程序書、盤查報告書及排放源清冊。2024年，立德制定優於台灣金管會上市櫃公司永續發展路徑圖之目標，積極加速溫室氣體盤查進程，預計2027年完成母公司與合併報表子公司的溫室氣體盤查查證工作。"
"=""3059""","華晶科","21.9706","已完成母公司","N/A","","1,242.8720","已完成母公司","N/A","","N/A","","N/A","N/A","","0.1760","NA","NA","NA"
"=""3060""","銘異","69.0520","已完成母公司","N/A","","2,992.8030","已完成母公司","N/A","","N/A","","N/A","N/A","","8.6820","1.銘異科技溫室氣體盤查基準年為2011年，每年定期盤查溫室氣體排放量。  盤查的範疇與界限為台灣所在廠區直接及間接溫室氣體排放量。 2.2014通過外部驗證(AFNOR；艾法諾國際)，取得合理保證等級證書。 3.2019年銘異科技溫室氣體排放量：  (1)直接溫室氣體排放量(範疇一)   69.60公噸CO2-e/年  (2)間接溫室氣體排放量(範疇二) 5,593.56公噸CO2-e/年  (3)總溫室氣體排放量：5,663.16公噸CO2-e/年 4.2020年銘異科技溫室氣體排放量：  (1)直接溫室氣體排放量(範疇一)   73.79公噸CO2-e/年  (2)間接溫室氣體排放量(範疇二) 5,085.65公噸CO2-e/年  (3)總溫室氣體排放量：5,159.44公噸CO2-e/年 5.2021年銘異科技溫室氣體排放量： (1)直接溫室氣體排放量(範疇一)   81.43公噸CO2-e/年  (2)間接溫室氣體排放量(範疇二) 5,408.52公噸CO2-e/年  (3)總溫室氣體排放量：5,489.94公噸CO2-e/年 6.2022年銘異科技溫室氣體排放量：(1)直接溫室氣體排放量(範疇一)   91.83公噸CO2-e/年  (2)間接溫室氣體排放量(範疇二) 4,198.56公噸CO2-e/年  (3)總溫室氣體排放量：4,290.39公噸CO2-e/年 7.2023年銘異科技溫室氣體排放量：(1)直接溫室氣體排放量(範疇一)   50.12公噸CO2-e/年  (2)間接溫室氣體排放量(範疇二) 3,836.40公噸CO2-e/年  (3)總溫室氣體排放量：3,886.52公噸CO2-e/年 8.2024年銘異科技溫室氣體排放量：(1)直接溫室氣體排放量(範疇一)   69.052公噸CO2-e/年  (2)間接溫室氣體排放量(範疇二) 2,992.803公噸CO2-e/年  (3)總溫室氣體排放量：3,061.855公噸CO2-e/年","銘異科技在溫室氣體盤查活動結果中，以範疇二間接排放源(外購電力)為主要排放源，依此分析結果推動各項節能減碳活動，如成型機加裝高效率電源管理系統裝置、辦公室電源管理(隨手關燈、下班關電腦)、空調設備管理(定溫設定、汰舊換新採購節能空調設備)、空壓機老舊更換等節能措施等，2015年空調與空壓設備的維修保養與更新費用約500萬元，並於2016年編列空調與空壓設備的維修保養與更新費用約新台幣850萬元，因應產能優化故2017編列空調與空壓設備的維修保養與更新費用約新台幣450萬元，2018年編列T5燈具汰換成LED及冰水主機水渦輪改造之維護保養與更新費用約新台幣350萬元，2019年編列空調與空壓設備的維修保養與更新費用約新台幣340萬元，2020空調與空壓設備的維修保養與更新費用約300萬元，2021年編列空調與空壓設備的維修保養與更新費用約新台幣320萬元，2022年編列空調與空壓設備的維修保養與更新費用約新台幣300萬元，2023年編列空調與空壓設備的維修保養與更新費用約新台幣200萬元。2024年編列空調與空壓設備的維修保養與更新費用約新台幣300萬元。","銘異科技積極推動各項節能措施，冀能降低溫室氣體排放，例如推動隨手關燈做環保、全公司已完成T5燈管設置、成型機加裝高效率電源省電管理裝置減少機台空轉之耗電量等 統計2019年總排放量為5,663.16公噸CO2e，比起2018總排放量為6,935公噸CO2e，下降了18%，主因採用環保冷媒及分段調整區間產能。 統計2020年總排放量為5,159.44公噸CO2e，比起2019總排放量為5,663.16公噸CO2e，下降了9 %，主因採用節能空壓機設備及分段調整區間產能。 統計2021年總排放量為5,489.94公噸CO2e，比起2020總排放量為5,159.44公噸CO2e，上升了6%，主因產能提升影響造成。 統計2022年總排放量為4,290.39公噸CO2e，比起2021總排放量為5,489.94公噸CO2e，下降了21.8%，主因產能及分段區間調整造成。 統計2023年總排放量為3,886.52公噸CO2e，比起2022總排放量為4,290.39公噸CO2e，下降了9.4%，主因產能下降及調整排程影響造成。 統計2024年總排放量為3,061.855公噸CO2e，比起2023總排放量為3,886.52公噸CO2e，下降了21.2%，主因產能下降及調整排程影響造成。"
"=""3062""","建漢","141.4087","已完成母公司","已完成母公司","合理保證等級","432.2880","已完成母公司","已完成母公司","合理保證等級","3,300.8516","商務旅行,員工通勤,下游租賃資產","已完成母公司","已完成母公司","有限保證等級","0.1622","","",""
"=""3090""","日電貿","73.9200","已完成母公司","N/A","","134.1000","已完成母公司","N/A","","192.9000","購買之商品及勞務,與燃料及能源相關活動（未納入範疇1或範疇2）,上游運輸及配送,下游運輸及配送","已完成母公司","N/A","","0.1200","本公司目前溫室氣體盤查尚在初階，未來公司於蒐集到更多的排放資料數據後再研議減量目標及具體行動計畫等。","本公司目前溫室氣體盤查尚在初階，未來公司於蒐集到更多的排放資料數據後再研議減量目標及具體行動計畫等。","本公司目前溫室氣體盤查尚在初階，未來公司於蒐集到更多的排放資料數據後再研議減量目標及具體行動計畫等。"
"=""3092""","鴻碩","16.3100","合併財務報表-鴻碩精密電工(湖北)有限公司","合併財務報表-鴻碩精密電工(湖北)有限公司","合理確信","9,505.4500","合併財務報表-鴻碩精密電工(湖北)有限公司","合併財務報表-鴻碩精密電工(湖北)有限公司","合理確信","352.9200","上游運輸及配送,營運中產生之廢棄物,下游運輸及配送","合併財務報表-鴻碩精密電工(湖北)有限公司","合併財務報表-鴻碩精密電工(湖北)有限公司","合理確信","5.1085","溫室氣體減量基準年(2023年)及2024年數據： 1.鴻碩(湖北)廠區2023年溫室氣體排放量為6,271噸CO2e，2024年溫室氣體排放量為9,874.68噸CO2e。 2.鴻碩(湖北)溫室氣體排放量2024年較2023年增加，主要係鴻碩集團於2024年蘇州工廠產能已全數移轉至湖北工廠，致湖北廠排放量增加，其溫室氣體排放和清除的量化和報告符合ISO 14064-1:2018的相關要求。","對於因應氣候變遷及溫室氣體管理之策略： 1.氣候變遷之策略： (1)供應鏈多元化：與多個供應商合作，避免依賴單一地區的原物料供應。 (2)分散倉儲與備貨策略：在不同區域設置倉儲，降低單一地點受影響的風險。 (3)即時數據監控：建立氣象預警系統，提前調整物流與生產計畫。 (4)購買氣候風險保險，降低財務損失。 2.溫室氣體管理之策略： (1)牢固樹立綠色發展理念。主動應對碳達峰、碳中和帶來的深刻變革，化挑戰為機遇，深入開展全廠碳達峰、碳中和發展戰略及路徑研究，科學制定發展規劃，加快構建清潔、低碳、高效的產業體系、能源體系，引領全廠高品質發展。 (2)推進能源結構清潔低碳化，大力發展低碳能源，實現從傳統外購電力能源向潔淨綜合能源的融合發展。 (3)大力提高能效，加強全過程節能管理，淘汰落後產能，大幅降低資源能源消耗強度，全面提高綜合利用效率，有效控制能源消耗總量。 (4)透過產品多元化創造更高單價的產品和服務，增加營收；每年自營收中提撥研發預算，持續投入研發高效能、低碳足跡的環境友善產品。 (5)未來逐步透過評估環保材料、提升能源效率、導入循環經濟、研發低碳技術，並優化供應鏈減少碳足跡。或提供碳標籤產品、 推動綠色認證，結合數位化服務，加速低碳轉型與市場競爭力。 (6)公司可透過使用低碳能源（如太陽能、風能）減少碳排放，採用獎勵性政策鼓勵員工與供應商減碳，使用新技術提升能源效率，並參與碳交易市場，購買或出售碳權，以降低營運風險並確保合規。","具體行動計畫與減量目標達成情形： 1.為響應全球環保政策，本公司已導入EASY FLOW企業管理電子簽核系統，達到節能省碳及無紙數位化，並在工廠端的倉儲系統使用智慧型手機掃描QR Code來進行庫存系統管理，及資訊系統的出勤管理、車輛管理、供應商管理等進行e化的投資與導入，可隨時使用優質的e化服務，整合產線智能化生產，科技與環保並進，實現世界地球村及環境保護責任者的願景。 2.員工職業健康安全：2024年度完成職業病健康體檢2次（含員工崗前/崗中），體檢人數達262人，佔比達98%，體檢合格率達99%；職業病禁忌症1.5%，均安排調崗 3.維護員工權益：2024年度職業危害因素檢測，檢測48處測點，檢測工種35處，檢測結果中3處工段存在噪音超標（製粒車間），已嚴格要求作業人員佩戴防護耳賽措施，其餘均符合職業暴露限值要求。 4.廠區環保設施改造：增加廢氣處理設施等方式減少碳排放；2024年完成鋁箔車間複合機器安裝環保隔間以及鍍錫車間拆除頂板，增加並更新錫爐廢氣VOCS抽排環保設施，新增安全衛生環保設施設備確保員工作業安全。 5.進行垃圾分類，增加可回收利用資源使用。 6.計劃通過減少廢棄物產生量，使用可循環利用的包裝容器，減少固廢產生。 7.環保專案：2024年度處理危險廢物共計20.1799噸（含廢活性碳0.6075噸、廢油墨0.3055噸、廢包裝物15.427噸、廢礦物油1.0999噸、廢乳化液2.74噸），均由危險廢物處置廠商合法合規進行處置，符合法律程序。 8.環境管理：ISO14001體系審查，於2024年7月進行監督審核完成，零缺失。 9.能源管理：取得ISO50001-2018能源管理體系證書。 10.溫室氣體排放管控：鴻碩湖北廠2024年已通過ISO 14064-1第三方公證單位查證。 11.精簡包材及原物料的使用：為踐行保護環境和可持續發展的理念，在滿足客戶要求及相關法律法規的情況下，公司大力提倡精簡包裝材料的使用，提升包裝材料的可降解性，及塑膠製品使用回收料的比例要求，階段性體現在以下幾個方面：(1)單條PE袋包裝改為PE綁帶包裝；(2)由單條線材裝PE袋再裝箱改為，單條不包PE袋，直接裝箱；(3)PE綁帶包裝改為易降解的紙質紙卡包裝；(4)要求包裝塑膠材料中含回收材料比例。"
"=""3094""","聯傑","93.7000","已完成母公司","N/A","","390.4479","已完成母公司","N/A","","1,571.1060","營運中產生之廢棄物,商務旅行,員工通勤,下游運輸及配送,下游租賃資產","已完成母公司","N/A","","3.3190","設定2021年為基準年並擬定溫室氣體減量目標：2022~2025溫室氣體範疇一維持排放量、範疇二每年目標減量2%","節能減碳之具體措施 1.空調系統採用變頻控制方式，有助於提升能源效率與設備運轉效能。。 2.減少走道照明燈數量，降低能源使用量。 3.室內空調溫度調升一度，提高節能效益。 4.中午午休時間/離開辦公室時熄燈，節省電力。 5.辦公空間採行遮陽隔熱改善作法（如隔熱紙、隔熱窗簾），以降低日照熱輻射、提升空調效率，進而增進能源使用效益。 7.鼓勵員工少搭電梯，多走樓梯，有益健康，降低能源使用量。 8.在勞資會議、慶生會…等場合，宣導車輛共乘/使用環保交通工具(例如自行車)。 9.溫室氣體減量規劃：聯傑國際已進行小量設置太陽能板發電之可行性評估，除避免停電時電梯無法使用造成員工不便外，希望也能躋身自行少量供電的企業之一。","2024年範疇二溫室氣體排放量較2023年降低2%"
"=""3130""","一零四","115.7635","已完成合併財務報表之母子公司","N/A","","879.5937","已完成合併財務報表之母子公司","N/A","","763.0609","員工通勤","已完成合併財務報表之母子公司","N/A","","0.3983","本公司設定以 2022 為基準年，目標 2030 年（短期目標）較基準年減少 22%、2040 年（中期目標）減少 42%及 2050 年（長期目標）減少 57%之溫室氣體排放量，最後透過再生能源使用達到淨零。 ","本公司之溫室氣體盤查作業，由永續發展委員會轄下之環境發展小組負責進行資料收集盤查及計算，並定期於 ESG 委員會報告盤查執行成果，供委員會掌握公司每年溫室氣體排放量及減碳推動成效，並持續據此追蹤、評估和管理溫室氣體排放路徑，以積極減少溫室氣體排量。 透過溫室氣體盤查作業結果顯示，外購電力是公司溫室氣體最主要的排放源，因此環境發展小組於 2024 年持續投入經費 22,520,808 元進行「LED 省電燈具更新」、「自有機房空調更新」及「機房設備優化及架構調整」作業，透過選購具節能環保標章的設備，汰換改善舊有高耗電設備，每年共可減少電力 300,381 度，約減省148.19 公噸 CO2e。除了提高設備能源使用效率之外，我們亦持續向同仁宣導節能措施，及評估再生能源相關計畫，以達成淨零為目標。","2024 年盤查結果，溫室氣體排放量（範疇一＋二）為 995.3572 公噸CO2e，較前一年度減少 14.75%之排放量，若與基準年相比則減少 17.95%之溫室氣體排放量，與2030年須減少22%的目標相距不遠。"
"=""3138""","耀登","10.4183","已完成母公司","已完成母公司","合理保證等級","108.4634","已完成母公司","已完成母公司","合理保證等級","66.6179","購買之商品及勞務,員工通勤","已完成母公司","已完成母公司","合理保證等級","0.1600","1.	2024年溫室氣體減碳6公噸。 2.	參與RE10X10承諾2025年達10%綠電。 3.	2026年取得LEED及綠建築標章。  本公司整體以2035年達成RE100、2040年達成碳中和為目標，因範疇二占耀登約60%，故減碳解法以綠電為大宗，以成本考量粗估分配20%自發自用、外購憑證20%，綠電採購20%，範疇一和三的解法則是逐年導入循環設計、包材、節能設備逐步減碳，至2040年考慮使用替代能源及碳權。 2024 年達成減碳 6 公噸目標，導入減碳解法：太陽能自發自用 19,445 度、採購小額綠電 10,000 度 , 綠電減碳 14.55 公噸，另綠電憑證採購 82 張 , 總減碳量 55.06 公噸 , 詳細 請參考 3.4 綠色績效。 短期 (1~3 年 )： 2025 年之前，達成 10% 綠電目標。  •2026 年取得 LEED 及綠建築標章 中期(3~5年)： 2030 年減碳 42% 長期 (5年以上 )： 2050 年達成 100% 綠電目標，並期望提前於 2035 年之前達成。 ","1.	積極推行節能減碳與減廢措施 2.	擬定再生能源建置計劃 3.	擬定永續的健康綠建築專案","2024 年達成減碳 6 公噸目標，導入減碳解法：太陽能自發自用 19,445 度、採購小額綠電 10,000 度 , 綠電減碳 14.55 公噸，另綠電憑證採購 82 張 , 總減碳量 55.06 公噸。"
"=""3149""","正達","311.4000","母子公司(台灣地區)","N/A","","14,400.1000","母子公司(台灣地區)","N/A","","4,157.0800","購買之商品及勞務,上游運輸及配送,營運中產生之廢棄物,商務旅行,員工通勤,下游運輸及配送","母子公司(台灣地區)","N/A","","19.6800","113年度溫室氣體排放量(範疇一+範疇二)相較於基準年111年度的減少幅度達30%","短期(114年)：減少用電，減量目標為較基準年(111年)減少10% 中期(119年)：優化製程，減量目標規劃研擬中 長期(139年)：政府目標，減量目標規劃研擬中","短期(114年)：減量目標已達標，中長期目標研擬中"
"=""3150""","鈺寶-創","0.0000","已完成母公司","N/A","","119.0000","已完成母公司","N/A","","N/A","","N/A","N/A","","0.3400","鈺寶尚未依GHG protocol完整盤查，故尚未設置基準年，依照「永續發展路徑圖」、「永續發展行動方案」，不晚於2026年為基準年，且揭露2027年度減量目標","依據《永續發展路徑圖》與《永續發展行動方案》，預計於2026年完成2025年度母公司個體之溫室氣體盤查，並以2026年作為基準年，據此揭露2027年度之減量目標，並於2028年完成個體溫室氣體盤查之確信程序。","目前鈺寶主要的能源消耗來自於辦公室活動之外購電力，為達成低碳營運之目標。2024年，我們新增了空調與照明定時自動關閉設定，減少辦公室無人使用情況下之空調與照明用電浪費，預計該項措施一年可節省10,000度電。"
"=""3164""","景岳","218.9400","製程用:113年鍋爐天然氣使用量","N/A","","1,761.2400","113年全廠用電","N/A","","N/A","","N/A","N/A","","5.1433","目前尚無","目前尚無","目前尚無"
"=""3167""","大量","81.7176","已完成母公司","N/A","","525.2336","已完成母公司","N/A","","184.0942","與燃料及能源相關活動（未納入範疇1或範疇2）,上游運輸及配送,員工通勤","已完成母公司","N/A","","0.6422","設定每年溫室氣體排放量較上一年度減少 2% 的目標。","減量策略：持續開發節能、減廢及高效率設備，結合永續經營策略，全面降低碳足跡。 具體行動計畫： 1. 交通工具：逐步汰換舊公務車，採購電動或油電混合車輛。 2. 節能政策： 2-1 推行節能節水政策，採用帶有綠能標章的電氣設備。 2-2 規範空調溫度及使用時段，降低能源浪費。 3. 照明設備升級：持續將耗電率高的日光燈改換為 T5 燈具 或 LED 燈具。 4. 綠能材料研發：積極尋找並引進新型綠能材料或能源使用機會。 5. 供應鏈優化：包裝材料循環再利用：供應商包裝盒、木箱等退回重複使用。",""
"=""3168""","眾福科","110.9284","眾福科技股份有限公司（含桃園工廠）及眾福科技（蘇州）股份有限公司為揭露範疇。","N/A","","4,798.3430","眾福科技股份有限公司（含桃園工廠）及眾福科技（蘇州）股份有限公司為揭露範疇。","N/A","","N/A","","N/A","N/A","","1.4361","溫室氣體減量基準年訂於2022年，當年度範疇一+二排放量為5,549.4691(公噸 CO2e)，減量目標為2030年範疇一+二減碳 20%。","為了有效減少溫室效應的環境影響並降低能源消耗，眾福科制定了節能減碳的發展目標與計劃，整合各部門的節能減碳策略與方案，並定期召開會議檢討和追蹤執行情況。公司持續引進各種節能技術，推動設施的節能改進計劃。除了落實節電措施、提高能源效率、安裝再生能源等能源管理策略外，公司也推廣辦公室及公共區域的節能管理方案，並透過宣導活動和教育訓練，增強員工的節能減碳意識與習慣。","截至2024年溫室氣體排放量，較基準年 2022 年已減少 11.54%，主要得益於更換用電設備（環境照明、冰水主機、生產製造機具等）使得用電量減少。"
"=""3189""","景碩","23,492.9887","已完成母公司","已完成母公司","合理保證等級","240,295.8168","已完成母公司","已完成母公司","合理保證等級","134,382.3282","購買之商品及勞務,與燃料及能源相關活動（未納入範疇1或範疇2）,上游運輸及配送,營運中產生之廢棄物,下游運輸及配送","已完成母公司","已完成母公司","有限保證等級","8.6390","溫室氣體減量目標 景碩科技（股）公司於111年7月1日設置永續經營室，並由各部門專責代表組成ESG推行委員會制定之淨零行動與目標： （一）溫室氣體減量減碳目標為119年較111年（基準年）每百萬營收溫室氣體排放密集度減少20%。 （二）139年達成淨零排放。 註：溫室氣體排放密集度= 範疇一+範疇二溫室氣體總排碳量(公噸 CO2e)／百萬營收 ","減碳策略及行動 （一）提高能源效率： 1. 導入節能設備、透過汰換老舊設備並計畫採購節能效果佳之設備。 2. 規劃自動化系統、自動化開發、智慧製造相關業務、導入智慧製造工廠EAP平台等。 （二）低碳/綠能轉型： 1. 發展再生能源設置太陽能。 2. 採購再生能源綠電占比至10%以上。 （三）綠色供應鏈： 1. 提高在地採購金額比例，導入低碳材料，減少能源消耗。 2. 進行供應商品質評鑑與RBA社會責任稽核，落實環境保護。 3. 水資源回收利用、水質分流及污染預防將水資源效率最大化。 4. 推動將產品廢棄物由焚化轉為製成輔助燃料棒，將廢棄物持續轉換成再生能源，共同為地球盡一份心力。 ","1、2024年完成11項重點節能方案，共節電473萬度電，減碳約2,337噸/年。 2、2024年提高採購再生能源量達460萬度/每年"
"=""3209""","全科","0.0000","本公司台灣總部、台灣的各點辦公室、台灣據點的物流倉儲。","N/A","","245.9210","本公司台灣總部、台灣的各點辦公室、台灣據點的物流倉儲。","N/A","","417.6130","購買之商品及勞務,商務旅行,員工通勤","本公司台灣總部、台灣的各點辦公室、台灣據點的物流倉儲。","N/A","","0.0054","本公司以2024年為基準年，規劃每年與基準年相比，碳排量減少1%為減碳目標。","本公司的節能計畫從全面落實日常生活節約用電做起。 1.全面落實午休時段辦公室關燈節能1小時。 2.辦公事務機器設定為省電模式。 3.針對長時間不使用之用電器具或電腦資訊設備，於休假前夕宣導公司同仁於下班時隨手關閉主機及周邊設備電源，以減少待機電力之浪費。","2024年為基準年，持續依照減碳策略達成減量目標。"
"=""3229""","晟鈦","125.8375","已完成合併財務報表之母子公司","N/A","","4,262.9535","已完成合併財務報表之母子公司","N/A","","7,850.7683","購買之商品及勞務,與燃料及能源相關活動（未納入範疇1或範疇2）,上游運輸及配送,營運中產生之廢棄物,員工通勤,下游運輸及配送","已完成合併財務報表之母子公司","N/A","","4.7808","-","-","-"
"=""3231""","緯創","13,915.4200","已完成合併財務報表之母子公司","已完成合併財務報表之母子公司","""本年度，本公司就不同類型場域與查證方式之不同，取得不同保證等級：就高度與部分低度活動場區執行現場與遠距查證作業的，取得合理保證等級。就部分低度活動場區以文書審查形式進行查證的，取得有限保證等級；就紙上公司或無營運活動之場區，執行訪談或文書審查形式查證，取得有限保證等級。","236,657.1100","已完成合併財務報表之母子公司","已完成合併財務報表之母子公司","本年度，本公司就不同類型場域與查證方式之不同，取得不同保證等級：就高度與部分低度活動場區執行現場與遠距查證作業的，取得合理保證等級。就部分低度活動場區以文書審查形式進行查證的，取得有限保證等級；就紙上公司或無營運活動之場區，執行訪談或文書審查形式查證，取得有限保證等級。","16,722,873.2300","購買之商品及勞務","已完成合併財務報表之母子公司","已完成合併財務報表之母子公司","有限保證等級","0.3600","1.	溫室氣體減量基準年：111年 2.	減量目標：較基準年(111)溫室氣體絕對減量減少22.5%","1.	減量策略：(1)改善能源使用效率；(2)提高再生能源使用 2.	具體行動：(1)改善能源使用效率：以低碳製程、智慧節能技術，提升能源使用效率，達到節能之目的。  為實踐低碳製造，各廠區積極開展節能專案，專案分為空調、空壓、生產、管理、綠色照明與其他六大面向，執行節能專案，達到提升能源使用效率。(2)提高再生能源使用：積極提高全球各廠區再生能源使用比率，透過最大化建置太陽能設備、佈局再生電力購電協議與再生能源憑證購買，三大策略，達到提升再生能源使用之目標。","2024年緯創資通集團全球據點的直接排放與能源間接（市場別）溫室氣體排放總量為 68,194.78公噸二氧化碳當量，較2023年減少22.4%，相較基準年則降低58.7%。"
"=""3257""","虹冠電","12.5292","已完成母公司","N/A","","498.3804","已完成母公司","N/A","","N/A","","N/A","N/A","","0.6179","","",""
"=""3266""","昇陽","N/A","N/A","N/A","","93.9800","已完成母公司","N/A","","N/A","","N/A","N/A","","N/A","依政府規範昇陽將於2025年導入組織型溫室氣體盤查，並以此首次的盤室氣體盤查作為基準年，盤查範疇一及範疇二，依準年碳盤查數據結果，逐年設定減碳目標。","一、溫室氣體減量策略：將溫室氣體管理納入企業永續策略，與氣候相關財務揭露TCFD接軌，制定環境永續政策，在營運過程落實日常生活節能、環保措施，以「綠色辦公」做好節約能源 ，營造友善環境，並帶動員工於日常生活中實踐綠生活。 二、具體行動計畫:  1.制訂「環境政策及節能減碳管理辦法」，作為全體人員共同遵循之依據。 2.持續宣導節能減碳措施，並於官網宣告昇陽建設環境管理政策。 3.持續推動綠色辦公節能減碳計畫與行動措施。 4.定期抄錄用水用電用紙數量，檢討改善使用情況。","1.2024年節電率-2.27%高於2023年， 因辦公室裝修於假日施工影響所致。 2.綠色採購，更換節能影印事務機及分批汰換舊燈具為LED燈。 3.持續節能宣導，推動綠色辦公節能減碳措施。 4.執行員工淨山活動1場。"
"=""3296""","勝德","247.0245","採營運控制權法定義 包含勝德國際研發股份有限公司、東莞詮盛電器有限公司、勝興(越南-海陽)科技責任有限公司","N/A","","2,303.2929","採營運控制權法定義 包含勝德國際研發股份有限公司、東莞詮盛電器有限公司、勝興(越南-海陽)科技責任有限公司","N/A","","N/A","","N/A","N/A","","N/A","","",""
"=""3305""","昇貿","163.5816","本公司以下營運據點：昇貿科技股份有限公司","N/A","","843.3946","本公司以下營運據點：昇貿科技股份有限公司","N/A","","22,071.2364","上游運輸及配送","本公司以下營運據點：昇貿科技股份有限公司","N/A","","2.8108","目前無相關資料，相關目標研議中","目前無相關資料，相關目標研議中","目前無相關資料，相關目標研議中"
"=""3308""","聯德","N/A","N/A","N/A","","N/A","N/A","N/A","","N/A","","N/A","N/A","","N/A","","",""
"=""3311""","閎暉","153.8260","已完成母公司","已完成母公司","合理保證等級","1,757.3076","已完成母公司","已完成母公司","合理保證等級","411.3190","購買之商品及勞務,上游運輸及配送,商務旅行","已完成母公司","已完成母公司","有限保證等級","1.6772","","",""
"=""3312""","弘憶股","N/A","N/A","N/A","","125.1170","已完成母公司","N/A","","N/A","","N/A","N/A","","0.0071","","",""
"=""3321""","同泰","16.0180","已完成母公司","N/A","","8,337.8387","已完成母公司","N/A","","N/A","","N/A","N/A","","6.4700","","",""
"=""3338""","泰碩","453.6969","已完成合併財務報表之母子公司","已完成合併財務報表之母子公司","合理保證等級","4,718.3834","已完成合併財務報表之母子公司","已完成合併財務報表之母子公司","合理保證等級","37,116.1894","購買之商品及勞務,與燃料及能源相關活動（未納入範疇1或範疇2）,上游運輸及配送,營運中產生之廢棄物,商務旅行,員工通勤,下游運輸及配送","已完成合併財務報表之母子公司","已完成合併財務報表之母子公司","有限保證等級","N/A","泰碩於2024年首度進行組織型溫室氣體排放情形盤查作業，其盤查年度為2023年故以2023年之範疇一+範疇二+範疇三之排放總量48,171.866公噸二氧化碳當量為基準年及基準排放數據﹑目前尚未設定減量目標。","泰碩2024年業已接受外部顧問輔導規劃減量措施，現行以設備汰換時優先評估具節能效果之設備，廠區輔以空間整併以減少不必要之能源耗費。","對比經外部查驗之溫室氣體排放統計數據，泰碩全集團113年之溫室氣體排放絕對值較112年之溫室氣體排放量絕對值減少約12%。"
"=""3346""","麗清","60.9200","已完成母公司","N/A","","2,474.7400","已完成母公司","N/A","","N/A","","N/A","N/A","","0.9100","","",""
"=""3356""","奇偶","39.0422","已完成母公司","N/A","","550.2121","已完成母公司","N/A","","457.2225","購買之商品及勞務,上游運輸及配送,營運中產生之廢棄物,商務旅行,員工通勤","已完成母公司","N/A","","1.6300","以2023年為基準年，排放量為範疇一: 37.9539 公噸CO2e、範疇二:599.6345 公噸CO2e、範疇三:211.4157 公噸CO2e，2024年排放量為範疇一:39.0422 公噸CO2e、範疇二:550.2121 公噸CO2e、範疇三:457.2225 公噸CO2e。電力使用為本公司主要溫室氣體排放源，推動節能措施應為最有效之減量⽅案，範疇二較2023年減少8%。未來將針對廠區及辦公室用電進行減量規劃，達到溫室氣體減量之目的。待其他子公司完成温盤後，擬重新設定集團合併之基準年與減量目標。","未來將持續針對廠區及辦公室用電進行減量規劃如下: 1、空調溫度調節：設定夏季及冬季溫度限制：保證舒適的同時降低耗能並在空調操作區域張貼節能提醒，或使用智慧型溫控設備自動調節。 2、電器機房清理灰塵：定期安排清理（每季一次），可避免設備過熱、延長設備壽命，並提升運行效率。 3、室內送風機安裝定時器：安裝定時器或智慧控制裝置，依實際需求設定啟閉時間，避免送風機長時間運行致能源浪費。 4、室內照明安裝總開關及定時器：安裝總開關及定時器或感應式開關，有效管理整體照明用電，減少不必要的耗能。 5、更換LED照明設備：與房屋所有權人討論，分階段更換耗電量低、壽命長之照明設備，亦能降低電費。 6、空調主機更換：評估舊型主機更換的成本效益，並與房屋所有權人討論是否更換新型高效能空調主機。 ","根據2024年度盤查結果，溫室氣體範疇2（能源間接排放-外購電力）總排放量為550.21公噸CO₂e，較2023年減少49公噸CO₂e，降幅8%。主要歸功於持續推動節能宣導措施，如「每日關燈1.5小時」、「下班後責任區落實關燈」、「飲水機於晚間10點至早上6點定時關閉」等，已逐步發揮節能效益。 然而，範疇3（其他間接排放－運輸）總排放量為335.51公噸CO₂e，較2023年上升252公噸CO₂e，年增率為300%。主因為2023年因庫存充足，進貨量及運輸頻率較低；而2024年進貨需求逐漸回升，導致運輸重量及里程數增加，共計增加9,147延噸公里。 "
"=""3376""","新日興","502.5377","已完成合併財務報表之母子公司","已完成合併財務報表之母子公司","合理保證等級","28,397.1078","已完成合併財務報表之母子公司","已完成合併財務報表之母子公司","合理保證等級","67,627.0751","購買之商品及勞務,資本財,與燃料及能源相關活動（未納入範疇1或範疇2）,上游運輸及配送,營運中產生之廢棄物,商務旅行,員工通勤,上游租賃資產,下游運輸及配送,下游租賃資產","已完成合併財務報表之母子公司","已完成合併財務報表之母子公司","有限保證等級","2.1700","溫室氣體減量基準年為2022年，範疇一與範疇二排放量合計29,840.0701 公噸 CO 2 e，範疇三為41,799.8961 公噸 CO 2 e。新日興於2025年1月通過科學基礎減量目標倡議(SBTi)減量目標，目標內容為範疇1、2的1.5°C、範疇3 WB2C(遠低於2°C)。 ■近期目標：新日興股份有限公司承諾減少範疇1和2溫室氣體排放，以2022年為基準年，到2030年排放量將減少42%。新日興股份有限公司也承諾在同一時間範圍內將範疇 3 的絕對溫室氣體排放量減少 25%。 ■長期目標：新日興股份有限公司承諾減少絕對範疇1和2溫室氣體排放，以2022年為基準年，到2050年排放量將減少 95%。新日興股份有限公司也承諾在同一時間範圍內減少範疇3溫室氣體絕對排放量 90%。","台灣廠區碳排放以範疇二為大宗，故節能為降低碳排放的首要之務，新日興集團積極評估再生能源的建置及蒐集在地綠電市場的資訊，以期透過提升能源使用效率及使用再生能源降低範疇二碳排放；而海外子公司以範疇三碳排放量較高，因此海外廠皆致力於供應鏈管理，透過強化供應商原物料碳係數的掌握，各廠之採購與設計部門亦從源頭採購與商品設計著手，以綠色材料替換現行材料，對環境負荷達到最小。在運輸商方面也將碳排係數納入重點考量，實現低碳運輸及差旅，未來將持續帶領供應商一同打造低碳價值鏈。","截至2024年12月31日，範疇一應減排量158 公噸 CO 2 e，實際減排量1,588 CO 2 e；範疇二應減排量2,986公噸 CO 2 e，實際減排量1,607CO 2 e。"
"=""3380""","明泰","269.0932","已完成母公司(明泰科技(新竹市科學園區力行七路8號)、明泰電子科技(常熟)有限公司(江蘇省常熟市國家高新技術產業開發區銀通路6號","已完成母公司(明泰科技(新竹市科學園區力行七路8號)、明泰電子科技(常熟)有限公司(江蘇省常熟市國家高新技術產業開發區銀通路6號","合理保證等級","8,065.2292","已完成母公司(明泰科技(新竹市科學園區力行七路8號)、明泰電子科技(常熟)有限公司(江蘇省常熟市國家高新技術產業開發區銀通路6號","已完成母公司(明泰科技(新竹市科學園區力行七路8號)、明泰電子科技(常熟)有限公司(江蘇省常熟市國家高新技術產業開發區銀通路6號","合理保證等級","5,183.4720","上游運輸及配送,下游運輸及配送,已銷售產品之使用","已完成母公司(明泰科技(新竹市科學園區力行七路8號)、明泰電子科技(常熟)有限公司(江蘇省常熟市國家高新技術產業開發區銀通路6號","已完成母公司(明泰科技(新竹市科學園區力行七路8號)、明泰電子科技(常熟)有限公司(江蘇省常熟市國家高新技術產業開發區銀通路6號","合理保證等級","0.0083","明泰科技已於2024年加入SBTi，承諾2050年達到淨零(Net Zero)目標，並根據 SBTi 標準指引，制訂具體的科學基礎的減碳目標、減碳路徑及相關減碳計畫。明泰科技將以2024年基準年，於2030年達成減碳目標：範疇一、範疇二減量42%，並範疇三減量25%。","明泰科技宣示於2030年達到RE60及供應鏈減碳30%、2040年RE100、2050年達成Net Zero的環境願景，意即在2030年達到用電量的60%使用再生能源，可減少(type 2)排碳的60%;供應商減碳30%(即type 4碳排); 2040年達到100%使用再生能源;最終在2050年達成淨零排放。明泰依'30/'40/'50目標，規劃並展開「綠色能源」、「綠色供應鏈」、「綠色倡議」、「組織碳盤查」與「產品碳足跡」等減碳策略及行動。 •綠色能源－為達成2030年RE60、2040年RE100目標，首先(Reduce)投入節電措施、降低用電量，再逐步以使用再生能源的方式替代傳統電力(Replace)，規劃方向包括：自發電及採購綠能憑證(Renewable Energy Certificates, RECs)，明泰已就2030年RE60目標規畫路徑，預估至2030年的營運情況及用電需求，設定節電目標，並規劃節電方案、自發電採建置太陽能發電系統，並預估需採購之綠能憑證數量。 •綠色供應鏈－為達成2030年供應鏈減碳30%目標，明泰科技於2023年11月17日假新竹總部舉辦「供應商節能減碳大會」，宣告與供應商攜手承諾永續倡議，共同打造永續低碳供應鏈。並持續分享供應商減碳實務、提供輔導及辦理減碳碳課程，並建置建立供應商永續資訊平台(雲端版)，鼓勵供應商上傳碳排放資訊，未來將持續推動供應商完成碳盤查、登錄平台並提交碳排放資料，以具體作為鼓勵及幫助供應商投入減碳行動，並共同制定未來減碳路徑及行動。 •綠色倡議－加入SBTi國際倡議，承諾2050年達到淨零(Net Zero)目標，根據 SBTi 標準指引，制訂具體的科學基礎的減碳目標及減碳路徑，並展開相關減碳行動。 •組織碳盤查－依金管會永續發展路徑之要求，陸續展開各海內外子公司及據點(含生產據點、業務據點、RMA及研發中心等)之組織碳盤查及第三方查證，有效且完整掌握明泰所有據點之碳排放來源及熱點，俾利明泰減碳計畫之規劃及落實，為達成2050年淨零排放目標之重要基礎。 •產品碳足跡－規畫導入產品碳足跡計算工作，俾利未來低碳產品之開發、降低產品碳足跡，後續並著手規劃導入碳足跡管理平台，以利未來可以快速針對不同產品進行碳足跡之計算，提高顧客滿意度，同時俾利低碳產品之開發、增加產品競爭力。  ✽相關減碳策略及及行動之說明，亦可參考本公司2024年版永續報告書【焦點追蹤】減碳行動一節。",""
"=""3406""","玉晶光","302.6588","已完成母公司","N/A","","18,777.5280","已完成母公司","N/A","","N/A","","N/A","N/A","","N/A","","",""
"=""3413""","京鼎","459.2641","已完成母公司","已完成母公司","合理保證等級","6,423.3807","已完成母公司","已完成母公司","合理保證等級","9,950.0706","購買之商品及勞務,上游運輸及配送,營運中產生之廢棄物,商務旅行,下游運輸及配送,下游租賃資產","已完成母公司","已完成母公司","有限確信","0.4421","根據京鼎設置之減碳路徑(台灣廠區+海外廠區)，目前設置基準年為2022年 (23,226.6763 tonCO₂e)，以每年4.2%的趨勢進行減碳。","不管是能源的減碳及節能部分，都有設定專案 1.冰水主機汰換，節能效率為26.59 tonCO₂e/年 2.照明機具汰換，節能效率為5.89 tonCO₂e/年","目前已有節能專案，但因為營收及業務需求增加，所以溫室氣體排放是有稍微增加的趨勢，但已嚴格控管，根據減碳路徑顯示，比2024年比起2022年上升14%碳排放量。"
"=""3416""","融程電","45.0282","已完成母公司","N/A","","822.6401","已完成母公司","N/A","","7,451.2762","與燃料及能源相關活動（未納入範疇1或範疇2）,上游運輸及配送,營運中產生之廢棄物,下游運輸及配送","已完成母公司","N/A","","2.9555","由於2024年本公司營運總部搬遷並擴大營運，導致組織營運邊界發生重大變動，因此選擇2024年作為溫室氣體盤查的基準年。由於該年為新的基準年，因此尚未有溫室氣體減量達成情形。","(1)溫室氣體減量策略及具體行動計畫。 融程為展現保護環境及維護同仁安全與健康的決心，制定「環安衛管理政策」，以全方位結合環境管理、綠色產品、職業安全衛生管理的實施，達成企業永續發展的目標。同時，為實現淨零排放的願景，公司針對營運活動的直接排放（範疇1）、能源使用的間接排放（範疇2），以及價值鏈產生的間接排放（範疇3）進行系統化的減量行動。兩大計畫相輔相成，涵蓋以下承諾與執行內容： a.遵守法令與規範： 公司積極辨識、取得並遵循所有與環境管理相關的法規與其他要求，確保合規性，並將相關資訊傳達給員工，以確保全員共同參與。 b.降低環境衝擊與碳排放： 提供適當防護設施與制定標準作業流程，管控危害物質與廢棄物管理，減少營運過程中對環境的衝擊；同時，透過研發先進技術與提升能源使用效率，將製造和產品使用階段的碳排放降至最低。 c.落實教育與參與： 提高員工的環境保護意識與專業技術，增強其對低碳轉型的理解與責任感，確保所有從業人員在執行環境管理系統中積極參與並發揮作用。 d.諮詢與溝通： 建立與員工、民眾、供應商及其他利害關係人的溝通管道，積極傳達環境政策與低碳轉型計畫的進展，並提供適切回應，促進內外部協同合作。 (2)執行措施:  a.廠辦的照明燈具已全面更換為LED燈。 b.建立製程管制的手法，降低因製程等待所產生的耗能。相關SOP已文件化管制。 c.已陸續導入文件電子化，減少紙張使用量，公文往返時盡量以e-Mail往返書信文件，減少事務機、紙張、碎紙機使用之機會，以降低能源的耗量。 d.嚴謹管理動力需求，閒置區域之照明、空調關閉。 e.以商用冷氣搭配全熱交換器做為空調設備，並定期濾網清理、定時裝置設定，降低電能消耗。依季節性變化，適時調節辦公室區域空氣。 f.推行辦公室內溫度設定為攝氏26度，避免過度能源耗損。 g.優先採購環境績效較佳的設備為原則，例如：環保標章、能源標章、省水標章…等。","由於2024年為新的基準年，因此尚未有溫室氣體減量達成情形。"
"=""3419""","譁裕","109.0488","已完成母公司","N/A","","700.8100","已完成母公司","N/A","","445.4100","購買之商品及勞務","已完成母公司","N/A","","0.6468","譁裕以首次完成溫室氣體盤查並通過第三方查驗單位查證之年度2022年，為盤查基準年。當年度溫室氣體（範疇一、範疇二）排放量為：931.61（tCO2e）。我們以2050年達成淨零排放為減量目標。","譁裕持續評估各項可行的節能減碳行動方案，目前以汰換節能設備為主要減量行動。","2024年相較於基準年排放量已成功減量13.07%。"
"=""3432""","台端","N/A","N/A","N/A","","N/A","N/A","N/A","","N/A","","N/A","N/A","","N/A","","",""
"=""3437""","榮創","477.4790","已完成母公司","已完成母公司","合理保證等級","6,687.5042","已完成母公司","已完成母公司","合理保證等級","1,679.8791","購買之商品及勞務,上游運輸及配送,營運中產生之廢棄物,員工通勤,下游運輸及配送","已完成母公司","已完成母公司","有限保證等級","3.8894","溫室氣體減量目標：範疇一及範疇二每單位產出溫室氣體排放密集度逐年減少2%，以112年為基準年，於119年排放密集度達成13%減量目標","1.汰換並更新老舊生產設備，減少能源損耗。 2.購置節能設備，汰換能效不佳冰水主機。 3.推動低碳自動化生產，提高生產效率，降低溫室氣體排放。 4.執行隨手關燈及控制冷氣溫度，及控制冷氣溫度，對設備運作時間管理調整以優化能源使用效率。 5.關注碳稅法規變化，於碳排量達碳稅門檻時，評估規劃購買綠色能源憑證。 6.關注再生能源法規變化，於用電契約容量達到再生能源門檻時，評估規劃於廠房屋頂增設太陽能板等再生能源裝置。","113年每百萬單位產出碳排密集度3.2470公噸CO2e/年，較112年減少17.77%，達成減少2%之設定目標。"
"=""3443""","創意","172.5808","已完成合併財務報表之母子公司","已完成合併財務報表之母子公司","有限保證等級","8,926.3159","已完成合併財務報表之母子公司","已完成合併財務報表之母子公司","有限保證等級","107,508.1447","購買之商品及勞務,資本財,與燃料及能源相關活動（未納入範疇1或範疇2）,上游運輸及配送,營運中產生之廢棄物,商務旅行,員工通勤","已完成合併財務報表之母子公司","已完成合併財務報表之母子公司","有限保證等級","4.6561","","",""
"=""3447""","展達","119.4978","已完成合併財務報表之母子公司","已完成合併財務報表之母子公司","合理保證等級","2,825.6716","已完成合併財務報表之母子公司","已完成合併財務報表之母子公司","合理保證等級","348,335.4747","上游運輸及配送","已完成合併財務報表之母子公司","已完成合併財務報表之母子公司","合理保證等級","1.1512","2024年為減量基準年，2030年達成溫室氣體排放密度下降30%，2050年達成Net Zero。","合併財務報表之母子公司導入ISO 14064，並於廠區購買綠電憑證。","2024年為減量基準年。"
"=""3450""","聯鈞","120.4808","已完成母公司","已完成母公司","合理保證等級","7,573.3803","已完成母公司","已完成母公司","合理保證等級","1,031.3833","上游運輸及配送,下游運輸及配送","已完成母公司","已完成母公司","有限保證等級","117.4533","尚待訂定","尚待訂定","尚待訂定"
"=""3481""","群創","76,986.6500","已完成合併財務報表之母子公司","已完成合併財務報表之母子公司","合理保證等級","2,161,455.7800","已完成合併財務報表之母子公司","已完成合併財務報表之母子公司","合理保證等級","2,880,381.3100","上游運輸及配送","已完成合併財務報表之母子公司","已完成合併財務報表之母子公司","其他","10.3372","本公司規劃短中期減碳目標為至民國119 年溫室氣體範疇一與範疇二排放量相較基準年民國109 年減量25%。","減量策略包含製程低碳轉型、能源效率提升、再生能源裝置設置。採取行動包含設置高效率尾氣削減設備、FCs 氣體減量使用、降低石化燃料使用、汰換老舊設備提升能源使用效率、設置太陽能發電裝置、設置沼氣生質發電裝置與評估低碳能源發電裝置設置等。","本公司經第三方查驗，民國112 年度溫室氣體排放260 萬公噸CO2e 較基準年減量達19.3%。推估民國113 年度溫室氣體排放約239 萬公噸CO2e 較基準年減量幅度約29.3%"
"=""3494""","誠研","N/A","N/A","N/A","","N/A","N/A","N/A","","N/A","","N/A","N/A","","N/A","不適用","不適用","不適用"
"=""3501""","維熹","1,122.9335","合併財務報表之母子公司(不含美日子公司)","N/A","","15,459.1097","合併財務報表之母子公司(不含美日子公司)","N/A","","1,536.9740","商務旅行,員工通勤","合併財務報表之母子公司(不含美日子公司)","N/A","","N/A","本公司針對溫室氣體減量目標設定，以前一年度為基準，相較前一年度之溫室氣體排放密集度(每百萬營收)每年減少2%，作為其減排目標。","目前本公司為因應減碳趨勢，進行自主減碳行動，宣導及推行各項節能減碳措施，如機器設備汰舊換新、改善相關製程、照明設備使用LED燈管，推行無紙化表單，室內空調溫控時控，另一方面也研擬導入太陽能發電，提升再生能源比率，以達碳排減量。","本公司113年溫室氣體排放密集度為3.06，相較112年排放密集度3.17，已減少3.47%，達成減排目標。"
"=""3504""","揚明光","820.8545","已完成母公司","已完成母公司","合理保證等級","10,631.8865","已完成母公司","已完成母公司","合理保證等級","4,540.7202","購買之商品及勞務,與燃料及能源相關活動（未納入範疇1或範疇2）,上游運輸及配送,營運中產生之廢棄物,商務旅行,員工通勤,下游運輸及配送","已完成母公司","已完成母公司","有限保證等級","5.3445","台灣廠區2023年度取得ISO 14064-1 : 2018查證聲明書，故以2023年為基準年，並設定年減3%之減量目標。基準年類別一排放量 : 804.9287公噸CO₂e，類別二排放量 : 11,314.7798公噸CO₂e，類別三~六排放量 : 4642.2007公噸CO₂e。","2024年台灣廠區連續兩年取得ISO 14064-1 : 2018查證聲明書，透過溫室氣體盤查結果找尋可能之減量機會，並設立溫室氣體排放量年減3%為減量目標 ; 本公司積極推動各項能源減量措施，選用高能源效率及節能設計之設備，降低企業及產品能源消耗，使能源使用效率最佳化，同時尋求技術或生產過程改善、設立廢棄物減量目標。","2024年度類別一及類別二排放量較前一年減少5.50%，達成減量目標。"
"=""3515""","華擎","30.2900","已完成母公司","N/A","","580.5100","已完成母公司","N/A","","N/A","","N/A","N/A","","0.0430","本公司之減碳目標為119年溫室氣體排放強度(噸CO2e/每百萬元營業額)較108年減少25%，涵蓋範疇為台灣總公司。","為達成減碳目標，已從空調設備、照明設備管控及其他用電三大面向執行節電方案。","113年度範疇二之溫室氣體排放強度為0.041公噸/百萬元營業額，較108年減少68.5%。 113年度範疇一及範疇二之溫室氣體排放強度為0.043公噸/百萬元營業額，較108年減少66.9%，達成溫室氣體排放減量階段性目標。 "
"=""3518""","柏騰","N/A","N/A","N/A","","N/A","N/A","N/A","","N/A","","N/A","N/A","","N/A","","",""
"=""3528""","安馳","N/A","N/A","N/A","","N/A","N/A","N/A","","N/A","","N/A","N/A","","N/A","","",""
"=""3530""","晶相光","0.0000","已完成母公司","已完成母公司","合理確信","119.5336","已完成母公司","已完成母公司","合理確信","0.2188","營運中產生之廢棄物","已完成母公司","已完成母公司","合理確信","119.7520","","",""
"=""3532""","台勝科","8,735.0653","已完成母公司","已完成母公司","合理保證等級","281,014.1709","已完成母公司","已完成母公司","合理保證等級","3,599,374.2858","購買之商品及勞務,資本財,與燃料及能源相關活動（未納入範疇1或範疇2）,上游運輸及配送,營運中產生之廢棄物,商務旅行,員工通勤,下游運輸及配送,已銷售產品之加工,已銷售產品生命週期結束之處理","已完成母公司","N/A","","23.3274","","",""
"=""3533""","嘉澤","2,991.2000","已完成母公司,已完成合併財務報表之母子公司","已完成母公司,已完成合併財務報表之母子公司","合理保證等級","51,754.7000","已完成母公司,已完成合併財務報表之母子公司","已完成母公司,已完成合併財務報表之母子公司","合理保證等級","169,914.4000","購買之商品及勞務,資本財,與燃料及能源相關活動（未納入範疇1或範疇2）,上游運輸及配送,營運中產生之廢棄物,商務旅行,員工通勤,下游運輸及配送,下游租賃資產","已完成母公司,已完成合併財務報表之母子公司","已完成母公司,已完成合併財務報表之母子公司","合理保證等級","7.4641","","",""
"=""3535""","晶彩科","68.8606","已完成母公司","已完成母公司","合理保證等級","1,306.2167","已完成母公司","已完成母公司","合理保證等級","671.6835","購買之商品及勞務","已完成母公司","已完成母公司","有限保證等級","0.0021","","",""
"=""3543""","州巧","1,026.7091",".",".","合理保證等級","9,211.5935",".","盤查相關資訊為2024年1月1日至2024年12月31日期間之溫室氣體排放;對象以100 %營運控制權設定組織邊界。組織邊界為本公司總部暨工廠包括新竹廠,台南廠,蘇州廠,廈門廠","合理保證等級","133,811.2748","購買之商品及勞務,上游運輸及配送,員工通勤,已銷售產品之使用",".",".",".","46.3662","2030年碳排放量較2023年(基準年)減少20%(範疇一+範疇二)。","州巧科技面對氣候變遷所帶來的機會與風險，以及低碳轉型趨勢，制定愛地球、重創新之環境類方針，並擬定六大策略以推動氣候行動，落實產品、營運及價值鏈管理上的目標管理，著手推動各項降低溫室氣體排放的節能方案，逐步實踐公司短、中、長期減碳目標，致力能為減緩全球暖化趨勢做出貢獻。於此，自2023年起納入溫室氣體之管理方案包括進行溫室氣體盤查、設定減量目標與減碳進度，追蹤再生能源使用量與節能目標執行進度，並且遵守政府相關法規。  公司在溫室氣體減量依據六大策略方向進行 1.	資源減量與效率提升 2.	能源轉型與利用 3.	創新產品與服務 4.	系統建置與轉型 5.	政策與法規遵守 6.	負碳技術","2024年本公司溫室氣體減量目標(範疇一&二)設定較2023年度減少5%.實際執行成果共減少10.05%"
"=""3545""","敦泰","96.5127","已完成合併財務報表之母子公司","已完成合併財務報表之母子公司","合理保證等級","1,230.8958","已完成合併財務報表之母子公司","已完成合併財務報表之母子公司","合理保證等級","2,183.0570","營運中產生之廢棄物,員工通勤,下游運輸及配送","已完成合併財務報表之母子公司","已完成合併財務報表之母子公司","合理保證等級","0.1502","本公司原以2023年度作為溫室氣體排放之基準年，惟因2024年度邊界範疇較前一年度有所變動，依據內部《溫室氣體盤查管理作業程序》之規範，基準年調整為2024年。為確保盤查數據之完整性與可信度，除委由外部專業顧問進行盤查工作外，亦同步建立系統化的內部管理制度，提升盤查品質與數據透明度。","面對氣候變遷所帶來的環境與營運風險，敦泰電子積極推動溫室氣體管理，透過設定明確政策與減量目標，逐年審視運作成效，期能兼顧環境責任與企業營運效益，降低環境負擔並達成永續發展目標。  公司秉持「綠色環境、守護健康」之理念，於產品生產與營運過程中充分考量對環境與員工健康之影響，並持續落實預防性管理與改善作為。  一、溫室氣體管理政策 1.持續關注氣候變遷相關風險與機會，評估對營運之潛在衝擊。 2.掌握國際趨勢與法令規範變化，滾動式調整應對策略。 3.定期檢視溫室氣體管理績效，以降低營運風險與環境衝擊。 3.依據TCFD氣候風險與機會所制定的指標項目，進一步設定目標： (1)確立以2050淨零排放為目標。 (2)已於2024年啟動14064-1: 2018 溫室氣體盤查，並完成取得ISO 14064-1第三方驗證。 (3)持續每年降低溫室氣體排放量。","2024年度執行成效： 1.IT機房增建冷熱通道及調整出風口，將冷氣聚集於機櫃處，進而達到節能效果。 2.IT機房出風口改成隔柵型式，提升出風效率及設置抽除熱器設備，達到循環省能。 3.室外機油共用改為獨立出風口,提升散熱效率。 4.室內冷氣搭配PLC可程式控制，5秒自動調回設定溫度，配合上下班自動啟停補入外氣循環。 5.飲水機配合上下班自動開啟及停止運轉。 6.印表機、影印機耗材、電器等用品往低碳設備方向採購。"
"=""3550""","聯穎","64.1877","已完成母公司","N/A","","95.4083","已完成母公司","N/A","","N/A","","N/A","N/A","","0.7250","請參閱本公司113年度股東會年報第41頁","請參閱本公司113年度股東會年報第41頁","請參閱本公司113年度股東會年報第41頁"
"=""3557""","嘉威","397.6100","母公司及大陸子公司","已完成母公司","合理保證等級","20,227.9700","母公司及大陸子公司","已完成母公司","合理保證等級","178.2100","上游運輸及配送,營運中產生之廢棄物,商務旅行,員工通勤,下游運輸及配送","已完成母公司","已完成母公司","有限保證等級","3.6029","","",""
"=""3563""","牧德","20.9594","已完成母公司","N/A","","539.8272","已完成母公司","N/A","","N/A","","N/A","N/A","","0.3660","本公司實收資本額未達新臺幣五十億元，故暫不適用。","本公司實收資本額未達新臺幣五十億元，故暫不適用。","本公司實收資本額未達新臺幣五十億元，故暫不適用。"
"=""3576""","聯合再生","825.1742","已完成合併財務報表之母子公司,（包含：母公司為台北總部、竹科廠、竹南廠、台南廠及高雄辦公室；子公司為鼎日能源科技(股)公司、昱成光能(股)公司、旺能光電(吳江)有限公司、Gintech (Thailand) Limited、General Energy Solutions USA. Inc.)","已完成母公司,(包含：台北總部、竹科廠、竹南廠、台南廠及高雄辦公室）","合理保證等級、有限保證等級","40,225.2441","已完成合併財務報表之母子公司,（包含：母公司為台北總部、竹科廠、竹南廠、台南廠及高雄辦公室；子公司為鼎日能源科技(股)公司、昱成光能(股)公司、旺能光電(吳江)有限公司、Gintech (Thailand) Limited、General Energy Solutions USA. Inc.)","已完成母公司,（包含：台北總部、竹科廠、竹南廠、台南廠及高雄辦公室）","合理保證等級、有限保證等級","8,947.9032","與燃料及能源相關活動（未納入範疇1或範疇2）,營運中產生之廢棄物,商務旅行,員工通勤","已完成合併財務報表之母子公司,（包含：母公司為台北總部、竹科廠、竹南廠、台南廠及高雄辦公室；子公司為鼎日能源科技(股)公司、昱成光能(股)公司、旺能光電(吳江)有限公司、Gintech (Thailand) Limited、General Energy Solutions USA. Inc.)","已完成母公司,（包含：台北總部、竹科廠、竹南廠、台南廠及高雄辦公室）","合理保證等級、有限保證等級","11.5600","中長期目標：2030年較基準年2022年減少總碳排放量至少24±1%以上，並於2050年達成碳中和。在全球嚴肅面對極端氣候威脅下，使用高效率的潔淨能源以減緩地球暖速度為共通努力目標。聯合再生持續專注太陽能電池、模組的研發及生產，並投入更多資源發展儲能系統，透過不斷創能與儲能發展，提供各能源用戶更優質的乾淨能源。","1.以工程方式推動高能耗設施改善工程，提高能源使用效率。 2. 降低非必要之能源浪費及無塵室製程環境改善，以減少能源損耗。 3.進行產能轉型，降低碳排放量。 4.依訂單現況進行節能型生產用電調配。","2024年總碳排放量(噸CO2e)較2023年減少4.7%。"
"=""3583""","辛耘","681.9462","僅湖口工廠","湖口廠","合理保證等級","10,270.0624","湖口廠","湖口廠","合理保證等級","N/A","","N/A","N/A","","N/A","","",""
"=""3588""","通嘉","49.6500","已完成母公司","N/A","","723.9500","已完成母公司","N/A","","N/A","","N/A","N/A","","0.5954","本公司於 2024 年 12 月首次取得 ISO-14064-1證書。 以 2024 年為基準年，設定 2025 年溫室氣體減量目標為 0.35%。","1.推動節約能源活動，降低電力使用（如進行節能改造或新技術的運用） 2.加強設備維修保養，減少設備不正常運行，提升設備運作效率，降低能源損耗（如設備定期保養，設備及時更新等） 3.使用節能設備，降低能源使用（如使用節能燈具、變頻設備等） 4. 辦公室加強綠色植栽，巧用植物捕捉二氧化碳特性 5.全面採用人體工學椅，透氣網布椅背減少悶熱感 6.廠區空調溫度控制以及中午熄燈半小時等減少耗能與碳排","不適用。"
"=""3591""","艾笛森","443.1198","母公司及全球生產廠區","N/A","","5,699.5239","母公司及全球生產廠區","N/A","","2,727.9300","與燃料及能源相關活動（未納入範疇1或範疇2）,上游運輸及配送,營運中產生之廢棄物,商務旅行,下游運輸及配送","母公司及全球生產廠區","N/A","","2.4006","因母公司及合併子公司""艾特光電""自112年度開始依ISO 14064-1進行温盤，規劃至114年度，上述盤點邊界之範籌一及範籌二合計之二氧化碳總排放密集度(公噸CO2e/每百萬產值)較112年(基準年)下降2%。 (註：待其他子公司完成温盤後，擬重新設定集團合併之基準年與減量目標)","從空調系統、電力照明及其他用電三大面向執行節電方案，並定期檢視耗能設備並進行汰換","因母公司及合併子公司""艾特光電""自112年度開始依ISO 14064-1進行温盤，上述盤點邊界，以112年為基準年，113年二氧化碳排放密集度減少14.97% (註：待其他子公司完成温盤後，擬重新設定集團合併之基準年與減量目標)"
"=""3592""","瑞鼎","121.8364","已完成母公司","已完成母公司","合理保證等級","1,332.4603","已完成母公司","已完成母公司","合理保證等級","44,552.3219","購買之商品及勞務,與燃料及能源相關活動（未納入範疇1或範疇2）,上游運輸及配送,商務旅行,員工通勤,下游運輸及配送","已完成母公司","已完成母公司","有限保證等級","0.0650","本公司2021年為溫室氣體減量基準年，基準年範疇一、二溫室氣體總排放量為1700.0409公噸CO2e。 2025年再生能源目標達5%，2030年達成RE30。 ","採購再生能源，並逐年提升採購量 ","2024年採購綠電72(MWH)，占當年度灰電用電量2.6%。 2024年範疇一、二溫室氣體排放量較基準年減少排放245.7442公噸CO2e，減幅為14.46%。 "
"=""3593""","力銘","1.6873","報告邊界:母公司+子公司(蘇州隆登.蘇州瑞登)","N/A","","7,981.9477","報告邊界:母公司+子公司(蘇州隆登.蘇州瑞登)","N/A","","N/A","","N/A","N/A","","0.0091","","",""
"=""3596""","智易","316.2661","1.智易科技股份有限公司 2.智同科技股份有限公司 3.仁寶網路資訊(昆山)有限公司 4.Arcadyan Technology (Vietnam) Co., Ltd. 5.上海廣智技術發展有限公司","1.智易科技股份有限公司 2.智同科技股份有限公司 3.仁寶網路資訊(昆山)有限公司 4.Arcadyan Technology (Vietnam) Co., Ltd. 5.上海廣智技術發展有限公司","合理保證等級","15,052.4530","1.智易科技股份有限公司 2.智同科技股份有限公司 3.仁寶網路資訊(昆山)有限公司 4.Arcadyan Technology (Vietnam) Co., Ltd. 5.上海廣智技術發展有限公司","1.智易科技股份有限公司 2.智同科技股份有限公司 3.仁寶網路資訊(昆山)有限公司 4.Arcadyan Technology (Vietnam) Co., Ltd. 5.上海廣智技術發展有限公司","合理保證等級","3,036,318.0489","購買之商品及勞務,與燃料及能源相關活動（未納入範疇1或範疇2）,已銷售產品之使用","1.智易科技股份有限公司 2.智同科技股份有限公司 3.仁寶網路資訊(昆山)有限公司 4.Arcadyan Technology (Vietnam) Co., Ltd. 5.上海廣智技術發展有限公司","1.智易科技股份有限公司 2.智同科技股份有限公司 3.仁寶網路資訊(昆山)有限公司 4.Arcadyan Technology (Vietnam) Co., Ltd. 5.上海廣智技術發展有限公司","合理保證等級","0.3139","","",""
"=""3605""","宏致","948.1613","已完成母公司,【母公司】宏致電子股份有限公司 【子公司】昆山宏致電子有限公司、東莞宏致電子有限公司、菲律賓龍翰股份有限公司","已完成母公司,【母公司】宏致電子股份有限公司：由AFNOR完成查證並取得查證聲明書 【子公司】昆山宏致電子有限公司、東莞宏致電子有限公司：由TUV-NORD完成查證，查證聲明書核發中 【子公司】菲律賓龍翰股份有限公司：由bsi完成查證，查證聲明書核發中","合理保證等級","20,748.5617","已完成母公司,【母公司】宏致電子股份有限公司 【子公司】昆山宏致電子有限公司、東莞宏致電子有限公司、菲律賓龍翰股份有限公司","已完成母公司,【母公司】宏致電子股份有限公司：由AFNOR完成查證並取得查證聲明書 【子公司】昆山宏致電子有限公司、東莞宏致電子有限公司：由TUV-NORD完成查證，查證聲明書核發中 【子公司】菲律賓龍翰股份有限公司：由bsi完成查證，查證聲明書核發中","合理保證等級","1,803.4014","與燃料及能源相關活動（未納入範疇1或範疇2）,上游運輸及配送,營運中產生之廢棄物,商務旅行,員工通勤,下游租賃資產","已完成母公司","已完成母公司","有限保證等級","2.4000","基準年：2021年，範疇一 （類別1）	129.7515 tCO2e、範疇二 （類別2）	4214.9518 tCO2e 減量目標2025年較基準年減 3%","2025年將規劃導入ISO 50001能源管理系統，針對高耗能熱點進行改善。",""
"=""3607""","谷崧","16.9800","已完成母公司","N/A","","1,106.0000","已完成母公司","N/A","","N/A","","N/A","N/A","","N/A","","",""
"=""3617""","碩天","472.5543","已完成母公司,中國及菲律賓部份子公司：東莞市碩擎能源科技有限公司、碩擎能源科技（深圳）有限公司、碩天電源（深圳）有限公司、碩達電子（深圳）有限公司、廣升電子（深圳）有限公司、寧遠縣碩寧電子有限公司、Cyber Power Systems Manufacturing, Inc.與 Phisonic Technology Corporation","已完成母公司,中國及菲律賓部份子公司：東莞市碩擎能源科技有限公司、碩擎能源科技（深圳）有限公司、碩天電源（深圳）有限公司、碩達電子（深圳）有限公司、廣升電子（深圳）有限公司、寧遠縣碩寧電子有限公司、Cyber Power Systems Manufacturing, Inc.與 Phisonic Technology Corporation","母公司：為合理保證；中國及菲律賓部份子公司：為有限保證","5,349.5150","已完成母公司,中國及菲律賓部份子公司：東莞市碩擎能源科技有限公司、碩擎能源科技（深圳）有限公司、碩天電源（深圳）有限公司、碩達電子（深圳）有限公司、廣升電子（深圳）有限公司、寧遠縣碩寧電子有限公司、Cyber Power Systems Manufacturing, Inc.與 Phisonic Technology Corporation","已完成母公司,中國及菲律賓部份子公司：東莞市碩擎能源科技有限公司、碩擎能源科技（深圳）有限公司、碩天電源（深圳）有限公司、碩達電子（深圳）有限公司、廣升電子（深圳）有限公司、寧遠縣碩寧電子有限公司、Cyber Power Systems Manufacturing, Inc.與 Phisonic Technology Corporation","母公司：為合理保證；中國及菲律賓部份子公司：為有限保證 ","2,797.2532","與燃料及能源相關活動（未納入範疇1或範疇2）","已完成母公司,中國及菲律賓部份子公司：東莞市碩擎能源科技有限公司、碩擎能源科技（深圳）有限公司、碩天電源（深圳）有限公司、碩達電子（深圳）有限公司、廣升電子（深圳）有限公司、寧遠縣碩寧電子有限公司、Cyber Power Systems Manufacturing, Inc.與 Phisonic Technology Corporation","已完成母公司,中國及菲律賓部份子公司：東莞市碩擎能源科技有限公司、碩擎能源科技（深圳）有限公司、碩天電源（深圳）有限公司、碩達電子（深圳）有限公司、廣升電子（深圳）有限公司、寧遠縣碩寧電子有限公司、Cyber Power Systems Manufacturing, Inc.與 Phisonic Technology Corporation","有限保證等級","0.1288","碩天科技原先基準年為 112 年，由於 113 年擴大溫室氣體盤查邊界，涵蓋中國與菲律賓部份子公司，因此將 113 年調整為新的盤查基準年，減量目標設定為 119 年前碳排密集度下降 7–10% 幅度。為追蹤減量成果，依據台灣總部範疇一、範疇二及範疇三（4.1 及 4.3）之溫室氣體排放量計算結果，113 年較 112 年碳排密集度下降約 6.7% 。 ","碩天科技逐步將氣候變遷與溫室氣體管理納入經營策略，透過氣候情境分析辨識風險與機會，調整營運布局與資源配置，進而提升氣候韌性與永續競爭力。在管理制度上，依據 ISO 14064 執行溫室氣體盤查並逐步擴大邊界，主要生產據點導入 ISO 14001 建立環境管理架構，從源頭控管碳排與污染風險，並定期接受第三方查證以確保資料透明與合規，其他具體行動包括：擴大再生能源使用與自主發電，提升綠電占比；優化製程與設施效率，推動節能、能源回收及高效設備導入；實施智慧化與數位化管理系統，推動無紙化作業與提升資源使用效率；建立溫室氣體、廢氣、廢水與廢棄物排放控制機制，強化污染防制與合規管理；逐步完善環境管理制度並取得國際認證，提升永續形象與利害關係人信任。 ","母公司碳排密集度自 112 年 0.1381 公噸 CO₂e/百萬營業額降至 113 年 0.1288 公噸 CO₂e/百萬營業額，碳排密集度下降約 6.7% 。 "
"=""3622""","洋華","4,270.0867","已完成母公司,台灣適而優股份有限公司及洋華越南責任有限公司","已完成母公司,台灣適而優股份有限公司及洋華越南責任有限公司","合理保證等級","8,854.7690","已完成母公司,台灣適而優股份有限公司及洋華越南責任有限公司","已完成母公司,台灣適而優股份有限公司及洋華越南責任有限公司","合理保證等級","7,785.4544","與燃料及能源相關活動（未納入範疇1或範疇2）,營運中產生之廢棄物,商務旅行,員工通勤,下游租賃資產","已完成母公司,台灣適而優股份有限公司及洋華越南責任有限公司","已完成母公司,台灣適而優股份有限公司及洋華越南責任有限公司","有限保證等級","3.4118","本公司溫室氣體減量基準年為2023 年，其範疇一及範疇二之排放量分別為6,835.7381 噸CO2e及1,499.2831 噸CO2e 減量目標如下： (1)以2023年為基準年，至2030年減少範疇一及範疇二共20%的碳排放量; (2)範疇三以2024年為基準年，至2030年減少範疇三10-20%的碳排放量  ","(1)節能及提高能源效率: 目標：至2030年將範疇二外購能源碳排放量減少10-15% 計劃：定期維護及更新各項冷卻系統（含冰水系統及機房空調）；持續推動辦公環境節能措施，汰換或更新節能照明、空調及電器等設備。 (2)SF6減量及回收 目標：至2030年SF6回收或破壞量目標為減少碳排放量5-10% 計劃：安裝SF6回收設備或燃燒式破壞去除設備 (3)優化交通和運輸 目標：至2030年減少範疇一之公務車燃油消耗3-5%；範疇三之碳排放量5-10% 計劃： A.公務車到期後，將選擇更環保，油耗更低的車輛，包括油電混合車或電車等 B.鼓勵員工使用公共運輸工具、或自行車或步行或電動汽機車等節能方式。 C.適時適當推動遠程辦公措施，減少員工通勤或出差等所產生之碳排放量。(4)採購綠色能源 目標：至2030年，確保至少1~3%公司電力來自綠色能源 計劃： A.適時將觀音三廠屋頂太陽能發電轉為自發自用餘額躉售方式。 B.越南廠興建太陽能屋頂。   ","範疇一及範疇二:2024年母公司排放量5,380.4830 (ton CO2e/年) 較2023年溫室氣體排放量8,335.0212 (ton CO2e/年)，減少2,954.5382 (ton CO2e/年)，減少35.45%。"
"=""3645""","達邁","16,251.8200","已完成母公司","已完成母公司","合理保證等級","30,310.5600","已完成母公司","已完成母公司","合理保證等級","52,952.3200","已銷售產品之加工,已銷售產品生命週期結束之處理","已完成母公司","已完成母公司","有限保證等級","21.0500","本公司由永續發展委員會之環境永續小組管理溫室氣體排放相關議題，依循ISO 14064-1溫室氣體盤查規範，推動溫室氣體排放基線盤查工作，針對達邁科技所有廠區範疇一與範疇二溫室氣體排放進行盤查，並通過第三方驗證單位查證。以2021年作為盤查基準年，永續小組未來將根據盤查結果制訂相關減碳目標並逐年實施。","為因應全球淨零轉型趨勢與氣候變遷挑戰，本公司訂定以2023年為基準年的減碳路徑，明確規劃短、中、長期減碳目標，並以2050年實現淨零碳排為最終目標。短期目標（2025年）為範疇一與範疇二碳排放總量較基準年減少10%，並透過導入節能技術、提升設備效率、健全碳盤查制度與改善空調系統等措施降低排放。 中期目標方面，2026至2029年將推進碳排減量至20%，再生能源使用占比提高至2%以上，並執行碳中和計畫與產品碳足跡盤查。至2030年，預計碳排降幅達35%，同時建構供應鏈碳管理機制，並逐步推動電力綠電化。 長期目標為2050年達成範疇一至三全面淨零碳排、全廠使用綠電並完成供應鏈碳中和，規劃透過自然碳匯等方式進行抵換，實踐企業永續轉型與氣候韌性。","2024年範疇一排放量為16,251.82 公噸CO2e，範疇二排放量為30,310.56公噸CO2e，總排放量為46,562.38 噸CO2e。由於消費性電子需求逐步回溫，本公司產品接單量穩定成長，2024年總產量較2023年上升83.6%，導致總溫室氣體排放量較前一年增加，然而溫室氣體排放強度相較前一年度下降 39.39%。 為提升能源數據可視化，進一步規劃能源減量計畫，達邁科技即時監測設備能耗、流量、溫度、壓力等數據，分析設備節能效率，掌握節能減碳措施執行成果。2024年總計投入新台幣22,435仟元執行節能措施，預計兩廠一年可降低74,995.69 GJ，相當於約5,024.76噸溫室氣體排放量。"
"=""3652""","精聯","251.7714","已完成母公司","已完成母公司","合理保證等級","461.5024","已完成母公司","已完成母公司","合理保證等級","405.7181","與燃料及能源相關活動（未納入範疇1或範疇2）,商務旅行,員工通勤","已完成母公司","已完成母公司","有限保證等級","0.5378","由2024年度溫室氣體排放清冊中，可知電力使用為本公司主要溫室氣體排放源，推動節能措施應為最有效之減量方案。未來將針對廠區及辦公室用電進行減量規劃，秉持提升能源效率、降低能源使用作為主要節能減碳的行動方案，希望未來五年內溫室氣體總排放量能達成減少3%的目標，以達到溫室氣體減量之目的。","本公司溫室氣體排放都是間接排放型態，排放源主要來自空調、產品驗證設備與辦公照明需求的電力。本公司近年來推動的減量管理策略： 1. 每月監控用電量，並加以檢討。 2. 從空調系統、電力照明及其他用電三方面推動節電方案，定期檢視耗能設備並進行汰換。 3. 空調系統裝設有節能設備並訂定相關使用規範。 4. 對廠區/辦公區換用LED節能燈具，確認照度符合標準，在適當處所採用自動感應之燈具等。 5. 資訊主機(server)陸續整併、汰換新型節能主機。  溫室氣體減量行動計畫： 1. 目前公司採用夜間關閉照明及空調之策略，來減少用水及用電量。 2. 加強宣導並隨手關閉電源。 3. 加強設備保養，降低故障率，提高設備運行效率。 4. 平常善用以電子郵件方式溝通，資料備存時多使用掃瞄，減少紙張印製。 5. 本公司持續進行簽核表單電子化，以降低紙張使用，朝向無紙化的目標前進。",""
"=""3653""","健策","594.7141","已完成母公司","已完成母公司","合理保證等級","29,440.0680","已完成母公司","已完成母公司","合理保證等級","8,648.8165","與燃料及能源相關活動（未納入範疇1或範疇2）","已完成母公司","已完成母公司","有限保證等級","2.2538","基準年定為2023年，基準年溫室氣體排放量範疇一:433.367T，範疇二:2,7289.77T，範疇三:891.3619T。                                                           短期目標(2024): • 溫室氣體碳排密集度較2023 年減少3% • 溫室氣體查證涵蓋所有台灣子公司 中期目標(2027): • 溫室氣體碳排密集度較2023 年減少14% • 溫室氣體範疇1+2 較2023 年減少5% • 再生能源使用比率達2% • 溫室氣體查證涵蓋50% 海外子公司 長期目標(2030): • 溫室氣體碳排密集度較2023 年減少28% • 溫室氣體範疇1+2 較2023 年減少15% • 再生能源使用比率達15% • 溫室氣體查證涵蓋100% 海外子公司","負面衝擊管理 1.預防：未來規劃導入ISO 50001能源管理系統，藉由建置標準化管理制度以提高能源使用效率，及執行節能減碳專案(照明系統/空調系統等)。 2.實際：因應金管會上市櫃永續發展路徑及客戶要求，組織除啟動母公司各廠區的溫室氣體盤查作業外，自2023年起分階段陸續針對子公司啟動廠區溫室氣體盤查作業。 正面衝擊管理 1.推動低碳製造，生產製造採用最佳技術以使範疇一&二的溫室氣體排放密度降低 ","2024年溫室氣體排放密集度2.25，較2023 年減少11.7% "
"=""3661""","世芯-KY","3.8211","已完成母公司","已完成母公司","合理保證等級","230.7351","已完成母公司","已完成母公司","合理保證等級","60.6282","上游運輸及配送,營運中產生之廢棄物,員工通勤","已完成母公司","已完成母公司","2024年外部查證保證等級訂為類別1、2合理保證等級；類別3、4間接溫室氣體排放依本公司與BSI公司的確證(Validation)與協議程序(agreed-upon procedure, AUP)進行查驗","0.0045","1.企業對於因應氣候變遷或溫室氣體管理之策略 ​​為因應氣候變遷之議題，世芯電子辨識各項氣候相關風險機會，並訂定出各項因應措施以防止營運中斷、增加綠色營運效能並降低潛在之財務影響風險，例如相關辦公室緊急應變設備之設置、節能減碳措施、節約水能源訓練，並為持續減碳訂定各項低碳策略。                                                                              ​ 2. 企業溫室氣體排放量減量目標 世芯電子依2022年用電之碳排放量為基準，目標每年減少碳排放量1%。 3. 企業溫室氣體排放量減量之預算與計畫 公司著重環保節能之宣導，例如控制空調溫度、隨手關燈、雙面用紙及電子化減少紙本影印量、自備可重複使用餐具以減少使用一次性塑膠製品、實施垃圾分類等，並持續投入節能設施之使用，以達成節能減碳之目的。 4. 企業產品或服務帶給客戶或消費者之減碳效果 世芯電子結合商用的設計軟體工具(EDA) 與內部研發的設計技術，提供客戶高效能、小尺寸、低功耗的晶片設計服務，以符合現在節能減碳之環保趨勢。","依2022年之碳排放強度為基準，目標每年減少碳排放強度1%，於2030年達成減少碳排放強度8%並以2050年達成碳排淨零為目標。將每年審視溫室氣體排放情形及達成率，若有未達成之目標再進行檢討及修正。","世芯透過積極的宣導節能減碳，2024年度溫室氣體排放強度較2022年減少74.58%。"
"=""3665""","貿聯-KY","5,225.8056","已完成合併財務報表之母子公司","已完成合併財務報表之母子公司","合理保證等級","27,939.9168","已完成合併財務報表之母子公司","已完成合併財務報表之母子公司","合理保證等級","6,914.4076","員工通勤","已完成合併財務報表之母子公司","已完成合併財務報表之母子公司","合理保證等級","0.6133","基準年2022年排放總量49,131公噸CO2當量。貿聯集團的溫室氣體減量目標為: 2030年溫室氣體排放總量相較於2022基準年減少50%; 並設定2050年達成淨零排放。 每年達成進度 A. 2023~2028每年減排6%，共計為36%。 B. 2029~2030每年減排7%，共計為14%。C. 2023~2030年共計為36%+14% =50%。","策略:A.自建太陽能發電。B.外購綠電(可再生能源)。C.導入ISO 50001。D.購入綠電憑證。 具體行動數據:目前國際上運用「森林碳匯」、「購買再生能源憑證(RECs) 」、「購買可再生能源」與「自建太陽能發電」來達成目標。2024年執行成果: A.「自建太陽能發電」: 2024年共計有5個據點太陽能發電1,368,079 KWH，佔該年度1.5%總消耗能源。 B. 「購買可再生能源」: 2024年共計有8個據點外購14,080,550 KWH外購潔淨能源，佔該年度11.8%總消耗能源。 C.德國廠導入ISO 50001 能源管理系統執行改善措施，例如:用紅外線加熱系統取代燃氣加熱，進行溫室氣體排放減量。D.「購買再生能源憑證(RECs) 」: 2024年共計有6個據點購買9,644,000 KWH再生能源憑證(RECs) 。","2024年實際減量(已驗證)累計百分比，下降32.5% > 12%，已達標。 "
"=""3669""","圓展","83.1094","已完成母公司","已完成母公司","合理保證等級","1,879.6944","已完成合併財務報表之母子公司","已完成合併財務報表之母子公司","合理保證等級","70,660.8919","上游運輸及配送","已完成母公司","已完成母公司","有限保證等級","27.8251","本公司溫室氣體排放以 2021 年為基準年，短期目標為每年減少 10%溫室氣體排放；中長期目標為2050年前各營運據點溫室氣體排放為零。","每年定期檢視整體能源使用情況，推動低碳轉型，執行溫室氣體與能源查證，優化節能措施。","公司自 2022 年起導入 ISO14064-1 溫室氣體盤查，總公司率先於 2022年取得查證，預計於2024 年達到本公司及各子公司所有營運據點皆通過驗證，覆蓋率100%。2024年總排放量相較與基準年2021年相比，下降17.43%。"
"=""3673""","TPK-KY","7,376.4017","已完成合併財務報表之母子公司","僅完成宸鴻科技（廈門）有限公司、祥達光學（廈門）有限公司集美分公司確信。","合理確信","96,571.4145","已完成合併財務報表之母子公司","僅完成宸鴻科技（廈門）有限公司、祥達光學（廈門）有限公司集美分公司確信。","合理確信","472,919.3446","購買之商品及勞務,資本財,與燃料及能源相關活動（未納入範疇1或範疇2）,上游運輸及配送,營運中產生之廢棄物,商務旅行,員工通勤,下游運輸及配送,已銷售產品之加工,已銷售產品之使用,已銷售產品生命週期結束之處理","已完成合併財務報表之母子公司","僅完成宸鴻科技（廈門）有限公司、祥達光學（廈門）有限公司集美分公司確信。","合理確信","1.5092","宸鴻科技集團自2011年起依循ISO14064-1標準逐步完成各營運廠區溫室氣體盤查，且宸鴻科技（廈門）有限公司和祥達光學（廈門）有限公司集美分公司分別於2012年和2022年起通過外部查證進行排放資訊的揭露，規劃2029年集團各公司完成協力廠商廠商盤查驗證。 溫室氣體減量基準年：2022年 基準年排放量： Scope 1直接排放 12190.0919 tCO2e Scope 2間接排放 296086.4625 tCO2e 減量目標： 至2030年範疇一和二溫室氣體排放量較基準年減量42%","TPK訂有「集團溫室氣體盤查管理手冊」、「集團環境、職業健康安全管理手冊」、「集團能源管理手冊」，並採用氣候相關財務揭露（Task Force on Climate-related Financial Disclosures, TCFD）評估氣候變遷風險與機會，以設定減量目標，持續推動節能減碳方案及措施。 自建廠起，TPK陸續導入 ISO 14001、ISO 14064、ISO 50001等管理系統；完成各廠單位產品碳排數據收集、碳揭露，及能源管理績效指標。推動碳管理實踐，拓展環境治理相關領域投資，以2050 年淨零碳排為目標，踏上向低碳經營升級的永續發展道路。","2024年範疇一和二溫室氣體排放量較基準年已減量66.28%"
"=""3679""","新至陞","688.1580","已完成合併財務報表之母子公司","子公司(昆山新至升)","合理保證等級","35,574.2410","已完成合併財務報表之母子公司","子公司(昆山新至升)","合理保證等級","156.8230","與燃料及能源相關活動（未納入範疇1或範疇2）","子公司(昆山新至升)","子公司(昆山新至升)","合理保證等級","8.5500","新至陞集團承諾以2023年設定為基準年，承諾到近期目標年2030年，將範疇一與範疇二的溫室氣體排放強度減少20%，同時將範疇三降低5%，且針對範疇三排放的減排行動，我們將要求供應商逐步提供其用電相關的碳排據數作業未來範疇三碳排放管理的參考依據。","1.生產端節能措施： 製程能源耗用減量、設備效率提升及能源管理等。 2.辦公室節能措施：  (1)集團總部大樓於2012年6月取得美國綠建築協會LEED綠建築黃金級認證。  (2)辦公環境隨季節調整空調及設定恆溫於26度，以減低電力負荷。  (3)事務機器閒置15分鐘自動休眠。  (4)宣導員工養成隨手關燈、關閉電源及盡量使用自然光源之習慣。  (5)本公司定期對辦公室用電量較大之照明與空調設備進行維護保養與節能規劃，並進行持續檢視並汰換高耗能設備與節能措施。  (6)加強各類電器用品之維護與定期保養、定期汰換已屆使用期限之電氣設備及每日定期節能巡查等，以降低電力使用量與二氧化碳排放量。  (7)宣導員工勤走樓梯代替電梯。  (8)宣導員工享用團膳時，拿取適量食材減少浪費，鼓勵自帶餐具減少使用免洗餐具。 3.其他：  (1)採行文件電子簽核系統，執行電子簽核，減少紙張使用量，並多加利用再生紙。  (2)確實執行廢棄物如廚餘、鐵鋁玻璃罐、廢紙與保特瓶等的回收管理與資源分類，並由專業人員負責廢棄物的處理與分類","1.本公司昆山廠2024年陸續再購入射出成型機共11台節能設備，倘若全數投入生產，預計每年度總效益，製程能源使用可減量116,160度，可減碳約57.5公噸，約當每年種植104棵大樟樹。 2.本公司越南廠2024年新購碎料機、移印機、成型機等20台節能設備，當年度省電量估計達93,305度，碳排約減46公噸，約當每年種植84棵大樟樹；未來每年省電量估計達444,053度，碳排約減220公噸，約當每年種植399棵大樟樹。 3.2024年昆山廠購入綠電10,914.000000 (MWh); 越南廠購入綠電4,253.000000 (MWh)。"
"=""3686""","達能","2.8066","已完成合併財務報表之母子公司","N/A","","27.3318","已完成合併財務報表之母子公司","N/A","","6.6136","購買之商品及勞務,營運中產生之廢棄物,員工通勤","N/A","N/A","","0.3651","為規劃溫室氣體減量行動計畫，本公司於2024年完成 ISO 14064-1溫室氣體盤查，選用2024年度為基準年主要為範疇一新增逸散性溫室氣體排放源:冷媒和化糞池以及範疇三新增員工通勤、事業廢棄物處理和購買的產品與服務(自來水)，相較於前年度較為準確，故基準年為2024年，期望透過下列具體行動進一步降低以2024年基準減量5%溫室氣體排放，以達成2030年減少50%目標","1)管控辨公室空調運轉溫度和時間，減少能源損耗，並針對特殊獨立空間空調需求管理。 2)每日午休時間關燈一小時。  3)提高設備效率，做好設備保養。","溫室氣體排放密度在2023年為0.70公噸COe/百萬元營業額降至2024年0.3651公噸COe/百萬元營業額，減少48% 。"
"=""3694""","海華","159.0700","已完成母公司,紘華光電及紘華(上海)廠區","N/A","","8,691.9700","已完成母公司,紘華光電及紘華(上海)廠區","N/A","","1,564,252.3400","購買之商品及勞務,商務旅行","紘華(上海)廠區","紘華(上海)廠區","合理保證等級","0.9568","(1).	減量基準年及其數據：基準年為2019年，該年度範疇一、二溫室氣體排放量為(Ton CO2e)；公司自2022年開始增加範疇三之商務差旅，2024年增加範疇四之購買貨物與未包含服務之量化，但企業運營生產未發生改變，亦尚未針對該部分設定目標，故不調整基準年。 (2).	減量目標：2030年較2019年，範疇一、二 GHG排放量減少4,026 (Ton CO2e)當量5,033 (Ton CO2e)，即降低40~50%，並於2050年達到淨零排放；2025年較2019年，碳排放量下降>=20%。","汰換老舊設備、工程技術優化、調整管理方式、建置數位化管理系統、提高再生能源使用量","2024年溫室氣體排放量為(噸 CO2e)，較基準年(2019年)溫室氣體排放量(噸 CO2e)減少30.24%，已達成階段性減碳目標。"
"=""3701""","大眾控","713.9697","已完成母公司,台灣地區: 包含大眾投控(母公司)、大眾電腦、眾晶科技、3CEMS Corp.（Cayman）、攸泰科技、睿剛電訊、廣仁電科 大陸地區: 包含廣上科技、才眾電腦","已完成母公司,台灣地區: 包含大眾投控(母公司)、大眾電腦、眾晶科技、3CEMS Corp.（Cayman）、攸泰科技、睿剛電訊、廣仁電科 大陸地區: 包含廣上科技、才眾電腦","合理保證等級","17,870.8206","已完成母公司,台灣地區: 包含大眾投控(母公司)、大眾電腦、眾晶科技、3CEMS Corp.（Cayman）、攸泰科技、睿剛電訊、廣仁電科 大陸地區: 包含廣上科技、才眾電腦","已完成母公司,台灣地區: 包含大眾投控(母公司)、大眾電腦、眾晶科技、3CEMS Corp.（Cayman）、攸泰科技、睿剛電訊、廣仁電科 大陸地區: 包含廣上科技、才眾電腦","合理保證等級","59,527.6945","購買之商品及勞務,資本財,與燃料及能源相關活動（未納入範疇1或範疇2）,上游運輸及配送,營運中產生之廢棄物,商務旅行,員工通勤,下游運輸及配送","已完成母公司,台灣地區: 包含大眾投控(母公司)、大眾電腦、眾晶科技、3CEMS Corp.（Cayman）、攸泰科技、睿剛電訊、廣仁電科 大陸地區: 包含廣上科技、才眾電腦","已完成母公司,台灣地區: 包含大眾投控(母公司)、大眾電腦、眾晶科技、3CEMS Corp.（Cayman）、攸泰科技、睿剛電訊、廣仁電科  為有限證及開立AUP 大陸地區: 包含廣上科技、才眾電腦 為合理保證等級","確信機構: 除泰科技、睿剛電訊採用AFNOR為確信機構， 其他查證範圍之公司皆採用BSI為確信機構 確信意見: 皆為無保留意見  台灣地區: 包含大眾投控(母公司)、大眾電腦、眾晶科技、3CEMS Corp.（Cayman）開立AUP 攸泰科技、睿剛電訊、廣仁電科  為有限保證等級 大陸地區: 廣上科技、才眾電腦 為合理保證等級","1.6464","目前，本公司已設定長期淨零排放目標，並正在積極規劃短期與中期減碳路徑。考量大眾投控合併報表子公司眾多，我們將以2024年為基準年，逐一盤點各子公司的溫室氣體排放量。此盤點工作將為後續的量化專案和目標設定奠定基礎，確保我們能依循2050年碳淨零計畫，逐步實施具體減量行動，並定期追蹤與報告減量目標達成情形。 •	中長期碳減排目標： 本集團已參照政府「2050 淨零排放路徑圖」，設定以 2050 年達成淨零溫室氣體排放為長期目標 。近期減碳路徑與中期目標正在規劃中，將於 2025 年起逐步納入短中期年度行動方案與關鍵績效指標 。 •	氣候相關財務揭露： 我們將於 2025 年起依循 IFRS 永續揭露準則（IFRS S1、S2）逐步導入相關作業，並預計於 2029 年正式完成氣候變遷風險管理成本分析之整合與揭露 。 •	減碳路徑與實施： 我們亦將評估各營運據點減碳可能性，並優先採用再生能源並實施減碳計畫，如無法採用再生能源亦考慮碳抵換或再生能源憑證(RECs)以達成相關目標 。 ","廣上科技有太陽能發電自發自用共1,291,127kWh，。 鼓勵將電腦將傳統燈具更換為LED節能燈具， 2024年度才眾電腦總計共更換486組燈具。，相當於235,818MJ。約減少28.8419公噸CO₂e排放量/年 子公司攸泰科技及才眾電腦購買再生能源憑證共計1,155,000kWh，相當於減少506.47公噸CO₂e排碳量。 節電量65,505kWh，相當於235,818MJ。(註1) 約減少28.8419公噸CO₂e排放量/年 ","廣上科技有太陽能發電自發自用共1,291,127kWh，。 鼓勵將電腦將傳統燈具更換為LED節能燈具， 2024年度才眾電腦總計共更換486組燈具。相當於235,818MJ。約減少28.8419公噸CO₂e排放量/年 子公司攸泰科技及才眾電腦購買再生能源憑證共計1,155,000kWh，相當於減少506.47公噸CO₂e排碳量。 節電量65,505kWh，相當於235,818MJ。(註1) 約減少28.8419公噸CO₂e排放量/年"
"=""3702""","大聯大","983.8787","已完成合併財務報表之母子公司","已完成合併財務報表之母子公司","合理保證等級","6,987.8648","已完成合併財務報表之母子公司","已完成合併財務報表之母子公司","合理保證等級","34,774.9667","購買之商品及勞務,資本財,與燃料及能源相關活動（未納入範疇1或範疇2）,上游運輸及配送,商務旅行,員工通勤,下游運輸及配送","已完成母公司,範圍說明：上、下游運輸、商務差旅、與燃料及能源相關活動（未納入範疇1或範疇2），已完成合併財報之子母公司盤查；購買之商品及勞務、資本財、員工通勤，則盤查部分臺灣地區、中國大陸地區(含香港)及部分海外地區的辦公室及自有倉庫。","已完成母公司,確信範圍說明：上、下游運輸、商務差旅、與燃料及能源相關活動（未納入範疇1或範疇2），已完成合併財報之子母公司確信；購買之商品及勞務、資本財、員工通勤，確信範圍為部分台灣地區、中國大陸地區(含香港)及部分海外地區的辦公室及自有倉庫。","協議程序","0.0091","基準年：台灣區辦公室2023年；大中華區倉庫2024年 台灣區辦公室基準年數據(範疇一+二)：納入範圍為南港總部、新竹辦公室、台中辦公室、高雄辦公室，排放量為 1,223.1711 公噸CO2e。 大中華區倉庫基準年數據(範疇一+二)：納入範圍為林口倉、香港倉、東莞倉，排放量為 2,694.1818 公噸CO2e。 減量目標： 短期：臺灣辦公室區域每年減碳1%；大中華區倉庫每年減碳2%。 中期（2030年）：全集團營運據點（辦公室及自有倉儲）淨零排放（範疇一、二）。 長期（2050年）：2050年達成淨零排放（範疇一、二、三)。","1.為強化自身營運碳管理力道，本公司已啟動碳管理專案，將排放量具重大性的營運據點納入優先管理之對象，透過設定減碳目標及制定具體行動計畫等，以降低集團整體碳排放。 2.為瞭解自身倉儲服務的碳排放，2024年首次進行服務碳足跡盤查，針對林口、香港、東莞及新加坡等四個倉庫盤查其「每噸倉儲服務」的碳排放，以作為日後排放減量或改善成效追蹤之參考依據。 3.範疇二減量計劃，除強化各據點用電管理外，將逐步提升再生能源使用率，以「採購憑證（REC）、採購綠電、自建」等作為策略工具。","臺灣辦公室：達標 ; 較基準年減量6.6%。 大中華區倉庫：未達標 ; 因林口倉導入新商業模式，增加設備；新加坡倉庫搬遷，故後續將持續追蹤目標達成情形。"
"=""3703""","欣陸","5,135.5065","已完成母公司,欣陸管顧(個體)、大陸工程(個體)、大陸建設(個體)、欣達環工(合併)","已完成母公司,欣陸管顧(個體)","合理保證等級","56,251.5523","已完成母公司,欣陸管顧(個體)、大陸工程(個體)、大陸建設(個體)、欣達環工(合併)","已完成母公司,欣陸管顧(個體)","合理保證等級","22,177.0349","購買之商品及勞務,與燃料及能源相關活動（未納入範疇1或範疇2）,營運中產生之廢棄物,下游租賃資產","已完成母公司,欣陸管顧(個體)及主要營運子公司","已完成母公司,欣陸管顧(個體)","有限保證等級","1.9995","","",""
"=""3704""","合勤控","1,241.8832","已完成母公司,合勤投控、合勤科技、兆勤科技、盟創科技及無錫盟創。","已完成母公司,合勤投控、合勤科技、兆勤科技、盟創科技及無錫盟創。","合理保證等級","16,481.5750","已完成母公司,合勤投控、合勤科技、兆勤科技、盟創科技及無錫盟創。","已完成母公司,合勤投控、合勤科技、兆勤科技、盟創科技及無錫盟創。","合理保證等級","398,160.4492","購買之商品及勞務,資本財,與燃料及能源相關活動（未納入範疇1或範疇2）,上游運輸及配送,營運中產生之廢棄物,商務旅行,員工通勤,下游運輸及配送,已銷售產品之使用,已銷售產品生命週期結束之處理,投資","已完成母公司,合勤投控、合勤科技、兆勤科技、盟創科技及無錫盟創。","已完成母公司,合勤投控、合勤科技、兆勤科技、盟創科技及無錫盟創。","有限保證等級","0.6825","合勤投控2025年通過SBTi審查的目標，短期目標以2021年為基準年，至2030年範疇1與 範疇2的溫室氣體絕對減量42%；自2023年基準年起，至2034年範疇3絕對減量58.8%。長期目標計畫於2050年範疇1、範疇2與範疇3減碳90%","為達成企業長期淨零排放目標，本公司已啟動多項減碳措施並建立階段性行動計畫，涵蓋能源轉型、設備優化與員工行為引導等面向。策略重點包括推動建置太陽光電發電系統、完成高功率低效能設備（如導入高效能冰機系統）之汰換、採用LED燈管取代傳統T8螢光燈、導入智慧能源電表系統等，持續精進節能管理制度。此外，公司亦積極培養員工日常低碳意識，鼓勵多步行、少搭電梯等行為改變，強化整體節能文化。未來將持續透過能源使用盤查、行動成效評估與減碳成果揭露機制，滾動式修正並推動減碳行動，落實氣候韌性與永續發展承諾。","範疇1+2 較2021年減碳率22.76%"
"=""3705""","永信","10,013.7529","永信國際投資控股股份有限公司、永信藥品工業股份有限公司、永鴻國際生技股份有限公司。","N/A","","21,696.4905","永信國際投資控股股份有限公司、永信藥品工業股份有限公司、永鴻國際生技股份有限公司。","N/A","","8,470.4295","與燃料及能源相關活動（未納入範疇1或範疇2）,上游運輸及配送,營運中產生之廢棄物,商務旅行,下游運輸及配送,加盟","永信國際投資控股股份有限公司、永信藥品工業股份有限公司、永鴻國際生技股份有限公司。","N/A","","3.9500","","",""
"=""3706""","神達","3,268.6520","已完成合併財務報表之母子公司","已完成母公司,神達電腦股份有限公司，神雲科技股份有限公司，神達數位股份有限公司，昆達電腦科技（昆山）有限公司，璽達信息科技(昆山)有限公司，佛山市順德區順達電腦廠有限公司，MiTAC Information Systems Corp.，環達電腦（上海）有限公司，昆山研達電腦科技有限公司，神達投資有限公司","合理保證等級","30,338.9515","已完成合併財務報表之母子公司","已完成母公司,神達電腦股份有限公司，神雲科技股份有限公司，神達數位股份有限公司，昆達電腦科技（昆山）有限公司，璽達信息科技(昆山)有限公司，佛山市順德區順達電腦廠有限公司，MiTAC Information Systems Corp.，環達電腦（上海）有限公司，昆山研達電腦科技有限公司，神達投資有限公司","合理保證等級","305,801.8395","購買之商品及勞務,資本財,與燃料及能源相關活動（未納入範疇1或範疇2）,上游運輸及配送,營運中產生之廢棄物,商務旅行,員工通勤,下游運輸及配送","已完成合併財務報表之母子公司","已完成母公司,神達電腦股份有限公司，神雲科技股份有限公司，神達數位股份有限公司，昆達電腦科技（昆山）有限公司，璽達信息科技(昆山)有限公司，佛山市順德區順達電腦廠有限公司，MiTAC Information Systems Corp.，環達電腦（上海）有限公司，昆山研達電腦科技有限公司，神達投資有限公司","有限保證等級","0.5368","以2020年為基準年: 範疇一2,705噸，範疇二35,612噸 目標2025年減排15% 、2030年減排50% 、2050年達到淨零","神達集團關心全球氣候變遷，保護地球資源及善盡企業公民的責任，除將持續推動溫室氣體排放管制以降低經營成本外，並期達成兼顧資源效率、能源節約、環境保護的永續能源發展，共同為產業朝向低碳型經濟社會努力，並致力推行以下事項： (1)	致力發展再生能源 (2)	改善能源使用效率 (3)	強化集團氣候韌性 (4)	遵行環保法規、客戶要求及其他相關規定 2024年共推行20項節能方案，節電總量約為6,831.82 MWh、減少碳排量約3,641.90噸(詳細節能方案說明請參神達2024年永續報告書4.4能源及溫室氣體管理)；5個生產基地已完成安裝自發自用太陽能，2024年發電量約: 6,093MWh；此外，集團2024年啟動綠電採購，2024年採購量為6,446MWh。","以2020年為基準年，2024年溫室氣體(類別1+2)排放總量減少14.04%。"
"=""3708""","上緯投控","1,800.8900","已完成合併財務報表之母子公司","已完成合併財務報表之母子公司","合理保證等級","8,948.7700","已完成合併財務報表之母子公司","已完成合併財務報表之母子公司","合理保證等級","162.7600","員工通勤","已完成合併財務報表之母子公司","已完成合併財務報表之母子公司","合理保證等級","1.3659","2040年ISO 14064溫室氣體盤查，各廠單位產品碳排放量較2022年降10% ","使用綠電、製程優化、汰換老舊設備 ","上緯公司訂定2030年前各工廠使用綠電，2040年前各工廠達到碳中和目標，每年依據協力廠商盤查資料制定減量目標、修訂目標方案、達成短中長期目標。 "
"=""3711""","日月光投控","132,249.5662","已完成合併財務報表之母子公司","已完成母公司確信及子公司確信計78家(尚未完成22家)","合理保證等級","1,799,759.1222","已完成合併財務報表之母子公司","已完成母公司確信及子公司確信計78家(尚未完成22家)","合理保證等級","30,433,831.7442","購買之商品及勞務,資本財,與燃料及能源相關活動（未納入範疇1或範疇2）,上游運輸及配送,營運中產生之廢棄物,商務旅行,員工通勤,上游租賃資產,下游運輸及配送,已銷售產品之使用,已銷售產品生命週期結束之處理,下游租賃資產,投資","已完成合併財務報表之母子公司","已完成母公司確信及子公司確信計78家(尚未完成22家)","有限保證等級","3.2448","溫室氣體減量基準年：民國105年 基準年數據：1,763,221(tCO2e) 減量目標：為達到溫室氣體減量策略，本公司於民國109年自主承諾以民國105年盤查結果作為基礎設定符合1.5℃路徑的淨零科學減量目標，並於民國114年通過SBTi認證，故基準年為民國105年，預計至民國139年達成淨零排放。","本公司以五大方針(1)低碳產品、(2)再生能源、(3)低碳運輸、(4)供應鏈議合、(5)碳權投資，展開行動方案，逐步實踐淨零目標強化建構氣候韌性。","範疇一與範疇二(市場別)以民國105年為基礎至113年絕對減量：10.28 %"
"=""3712""","永崴投控","1.7715","已完成母公司","N/A","","6.7879","已完成母公司","N/A","","4.0023","購買之商品及勞務,與燃料及能源相關活動（未納入範疇1或範疇2）,營運中產生之廢棄物,員工通勤","已完成母公司","N/A","","0.0107","","",""
"=""3714""","富采","57,490.3100","已完成母公司,包含：晶元光電、隆達電子、晶成半導體、晶品光電(常州)、晶宇光電(廈門)、江蘇璨揚光電、達亮電子(滁州)","已完成母公司,包含：晶元光電、隆達電子、晶成半導體、晶品光電(常州)、晶宇光電(廈門)、江蘇璨揚光電、達亮電子(滁州)","合理保證等級","235,524.2000","已完成母公司,包含：晶元光電、隆達電子、晶成半導體、晶品光電(常州)、晶宇光電(廈門)、江蘇璨揚光電、達亮電子(滁州)","已完成母公司,包含：晶元光電、隆達電子、晶成半導體、晶品光電(常州)、晶宇光電(廈門)、江蘇璨揚光電、達亮電子(滁州)","合理保證等級","175,517.1100","與燃料及能源相關活動（未納入範疇1或範疇2）,上游運輸及配送,營運中產生之廢棄物,商務旅行,員工通勤,下游運輸及配送","已完成母公司,包含：晶元光電、隆達電子、晶成半導體、晶品光電(常州)、晶宇光電(廈門)、江蘇璨揚光電、達亮電子(滁州)","已完成母公司,包含：晶元光電、隆達電子、晶成半導體、晶品光電(常州)、晶宇光電(廈門)、江蘇璨揚光電、達亮電子(滁州)","合理保證等級","0.0120","富采集團以2022年為基準年，訂定目標於範疇一和範疇二之溫室氣體碳排放於2032年絕對減量50.4%，並在2050年達到全集團淨零碳排。","1.	含氟氣體減量：本集團在製程中減少四氟化碳（CF4）的使用，並安裝含氟氣體削減設備，預期可降低至少90%的含氟氣體排放量。 2.	綠電使用  ：本集團於各廠區建置太陽能設備，並積極採購綠電合約或相關綠電憑證，以提高再生能源使用比例，2025年起中國大陸廠區100%使用綠電，預估使集團綠色能源使用比例達到43%。 3.	節能措施：本集團持續推動照明管理、空調管理、設備與系統改善、製程效率提升等節能方案。","2024年本集團溫室氣體排放量總計為468,531.62公噸 CO2e，其中類別1 及類別2合計為293,014.51公噸 CO2e；2024年度由於產能增加10%，排碳量較2023年僅增加2.47% ，也因集團導入的多項節能措施，範疇2之溫室氣體直接排放量較2023年減少4.64%。2024年之溫室氣體排放量盤查結果，皆已通過ISO 14064-1:2018第三方查證"
"=""3715""","定穎投控","27,676.2167","已完成合併財務報表之母子公司","已完成合併財務報表之母子公司","合理保證等級","153,920.5924","已完成合併財務報表之母子公司","已完成合併財務報表之母子公司","合理保證等級","376,309.5869","購買之商品及勞務,資本財,與燃料及能源相關活動（未納入範疇1或範疇2）,上游運輸及配送,營運中產生之廢棄物,商務旅行,員工通勤,下游運輸及配送","已完成合併財務報表之母子公司","已完成合併財務報表之母子公司","有限保證等級","31.5701","昆山廠及黃石廠之目標項目，改以溫室氣體排放強度之減量為指標，以2020年度之範疇1+2排放強度為基線(昆山廠爲21.29 T CO2e/營收百萬元台幣，黃石廠爲14.08 T CO2e /營收百萬元台幣)，溫室氣體排放強度(依營收)每年降低4%，至2025年至少降低20%。 2025年4月獲SBTI批准定穎基於科學的近期減排目標，以2023年為基準年，於2030 年達成組織碳排 ( 範疇 1+2) 絕對減碳 42% 的目標；在間接排放 ( 範疇 3) 部分，則是 25% 絕對減碳目標","佈建風光互補綠能路燈；持續擴建屋頂太陽能發電設施並對外採購綠電；推動各項環境管理系統，確保政策、方案的執行。","範疇1+2排放強度較2020年減量16.57%，達成原目標"
"=""3716""","中化控股","7,587.6166","子公司 中國化學製藥股份有限公司","子公司 中國化學製藥股份有限公司","合理保證等級","13,380.1953","子公司 中國化學製藥股份有限公司","子公司 中國化學製藥股份有限公司","合理保證等級","5,597.1907","購買之商品及勞務,營運中產生之廢棄物,商務旅行,員工通勤,下游運輸及配送","子公司 中國化學製藥股份有限公司","子公司 中國化學製藥股份有限公司","有限保證等級","5.0861","短期目標：     以 2020 年為基準年，於 2023 年度持續降低溫室氣體排放量累計達 193 公噸 CO2e。 中長期目標：     以 2020 年為基準年，於 2025 年度持續降低溫室氣體排放量累計達 581 公噸 CO2e。","政策： 1.	識別製程及設備節能機會，提升能源使用效率。 2.	使用再生能源。 3.	遵循 ISO 14064-1 執行溫室氣體盤查，制定管理政策。 4.	促進員工使用低碳交通工具。  具體行動： •	識別並量化溫室氣體排放源，包括直接和間接排放，瞭解組織的能源使用情況。 •	實施資料收集和監測機制，以跟蹤排放和能源使用情況。 •	定期報告溫室氣體排放和氣候行動進展。 •	替換能源密集型設備，改進製程，優化建築能效。 •	增加再生能源的使用。","1.	以 2020 年為基準年，於 2024 年累計減少溫室氣體1,651.03 公噸 CO2e，各廠區持續推進相關 節能專案。 2.	各廠區積極推進溫室氣體減量行動方案，包含優化製程、汰換節能設備、換裝 LED 燈具、空調主機溫度設定及其動時間的調整、工作區域照明需求管控、換裝太陽能路燈等措施，逐步朝著節能減碳的目標邁進，2024 年度本公司合計達到 515.70 公噸 CO2e 的溫室氣體減量效益。"
"=""4104""","佳醫","42.2263","已完成母公司,部分子公司已完成盤查","已完成母公司,部分子公司已完成確信","合理保證等級","209.6562","已完成母公司,部分子公司已完成盤查","已完成母公司,部分子公司已完成確信","合理保證等級","531.7288","購買之商品及勞務,營運中產生之廢棄物,商務旅行","已完成母公司,部分子公司已完成盤查","已完成母公司,部分子公司已完成確信","有限保證等級","0.1481","","",""
"=""4106""","雃博","31.0823","已完成母公司","N/A","","789.6840","已完成母公司","N/A","","318.2131","購買之商品及勞務,與燃料及能源相關活動（未納入範疇1或範疇2）,營運中產生之廢棄物,員工通勤","已完成母公司","N/A","","0.8873","","",""
"=""4108""","懷特","495.2566","已完成母公司","N/A","","1,476.4102","已完成母公司","N/A","","325.6059","與燃料及能源相關活動（未納入範疇1或範疇2）,營運中產生之廢棄物,員工通勤","已完成母公司","N/A","","12.5000","為提升碳排放管理透明度，懷特生技自2024年起展開全據點範疇一與範疇二的溫室氣體盤查，並以2024年為碳盤查基準年。","(1)汰換老舊冰水機 (2)優化空調與冷卻系統設定與降載 (3)導入LED照明、感應式設備 (4)推動日常節能行為（隨手關燈、巡檢）","公司113年溫室氣體排放量約增加680.997公噸增量43.78％，用水量減少5,342.23公噸減量26.44％，廢棄物增加10.55公噸增量191.82％，溫室氣體排放量及廢棄物未達每年減量3％以上之目標，僅用水量達每年減量3％以上之目標，未來將再積極透過完善的管理與控制溫室氣體的排放源，以期未來逐年降低溫室氣體的排放。"
"=""4119""","旭富","6,012.6500","已完成合併財務報表之母子公司","已完成合併財務報表之母子公司","合理確信","9,709.9800","已完成合併財務報表之母子公司","已完成合併財務報表之母子公司","合理確信","21,336.8900","購買之商品及勞務,上游運輸及配送,營運中產生之廢棄物,商務旅行,員工通勤,下游運輸及配送","已完成合併財務報表之母子公司","已完成合併財務報表之母子公司","本公司範疇三溫室氣體排放量由 BSI 依 ISO 14064-3 執行 Agreed-Upon Procedures（AUP），就約定程序之執行結果進行事實性回報，未提供任何確信意見；盤查與 AUP 期間為 2024 年 1 月 1 日至 2024 年 12 月 31 日。","10.3200","","",""
"=""4133""","亞諾法","24.5500","已完成合併財務報表之母子公司","N/A","","869.3400","已完成合併財務報表之母子公司","N/A","","N/A","","N/A","N/A","","2.5200","亞諾法重視永續發展，深刻的了解到，我們的每一個行動都將對未來產生深遠的影響，因此我們肩負著使命，致力於建立一個文化，激勵員工一起為環境友善而努力，期望共同創造一個更美好的未來，也透過資訊揭露透明度滿足利害關係人的關注期待。本公司在「推動低碳服務」、「提升資源效率」及「邁向淨零」的策略目標下，期許對環境與氣候變遷議題做出具體貢獻。 為規劃溫室氣體減量策略，合併公司於113年以合併財務報告為邊界完成盤查，基準年訂為113年。 依據營運控制權法，彙總包含合併公司之範疇一及範疇二排放量分別為24.55公噸CO2e及869.34公噸CO2e，希望透過能源管理計畫，落實以下具體行動，目標為每年度較前一年度溫室氣體排放量減少1%，2030年減量目標為溫室氣體排放量較基準年(113年)減少10%以上。 ","根據國際能源署(International Energy Agency)發布的最新《Energy Efficiency 2023》對全球能源效率市場和政策發展的年度分析，指出全球正經歷著創紀錄的高溫，氣溫上升推動了更大用電量和碳排放增加的惡性循環。熱浪還會加劇健康問題、降低生產力、提高電力成本，各國必須加強能源效率政策以抑制能源需求，並發展更高效技術，才能解決能源、氣候和生活成本等多重交叉危機。為達成溫室氣體減量目標，本公司透過永續發展委員會及永續專案小組進行減量追蹤，相關減量策略及推動措施如下: 1. 節能照明設備: 將辦公區域、實驗室及公共走道之燈具全數汰換為LED節能燈具，並因新型燈具之照明效果提升，亦同時減少設置的數量，節約用電。 2. 實施溫控機制: 配合政府節能宣導，將辦公區域及作業區的空調溫度統一設定為26度，避免低溫耗電。 3. 使用節能空調、冷藏設備: 將老舊耗電的冰箱、空調，逐漸汰換為節能機種或更換節能壓縮機，有效提高能源利用率。 4. 選用低油耗公務車: 本公司配置1台公務車，主係供台北總公司與中壢廠區間物件傳遞，及員工公務需求搭乘使用，公務車輛選擇低油耗車種，以降低燃料使用。  2030年之減碳策略及行動計劃: 亞諾法積極推動各項節能措施以降低溫室氣體排放，期盼透過各項具體行動，達成2030年減碳目標。 1. 持續實施溫控機制: 配合政府節能宣導，將辦公區域及作業區的空調溫度統一設定為26度，避免低溫耗電。 2. 分階段汰換高耗電、耗能之設備: 本公司屬於低耗能企業，營運產生的最大溫室氣體排放來源為範疇二的外購電力，排放佔比97.25%。規劃將逐步汰換高耗電、耗能之設備，採購有節能省電標章之設備，有效發揮能源使用效率。 3. 落實員工節能減碳好習慣:  宣導全員節能減碳觀念- 隨手關閉不使用之電源開關、實施空調溫控管制以避免低溫耗電、鼓勵通勤時搭乘大眾運輸工具等，在生活中落實節能減碳好習慣，共同守護環境生態。 4. 溫室氣體減量目標納入營運績效評估指標:	為使經營團隊及全體員工積極達成溫室氣體減量目標，提升能源使用效率，重要計畫目標均已納入營運績效評估指標當中，並定期評估目標達成狀況，透過激勵方式去達成合併公司的淨零排放路徑及目標。 ","合併公司目標為每年度較前一年度溫室氣體排放量減少1%，溫室氣體排放量112年度較111年度減少1.22%，113年度較112年度減少6.35%，最近二年度皆達成溫室氣體減量目標。未來也將持續監控執行情形與成效，共同響應守護環境，邁向 2050年淨零碳排的全球目標共識。"
"=""4137""","麗豐-KY","1,037.2149","已完成母公司,已完成合併財務報表之母子公司","N/A","","2,309.5194","已完成母公司,已完成合併財務報表之母子公司","N/A","","N/A","","N/A","N/A","","0.8229","","",""
"=""4142""","國光生","4,830.1206","已完成母公司","已完成母公司","合理保證等級","10,934.8553","已完成母公司","已完成母公司","合理保證等級","4,859.1653","與燃料及能源相關活動（未納入範疇1或範疇2）","已完成母公司","已完成母公司","有限保證等級","10.1253","1.基準年為2021年，該年度碳排量約15,758公噸CO2e 2.持續依循能源用戶訂定節約能源目標及執行計畫每年年平均節電目標 1%","1.落實能源取用數據之統計及溫室氣體排放量之監測及自主備查，並籌備導入ISO 14064-1 溫室氣體盤查系統 2.有關單位負責制定並推行節能減碳措施，另亦每月定期執行績效之檢討及彙報工作 3.於照明設備、空壓設備、空調設備，以及生產設備部分全面規劃並逐步落實相應之節能減碳措施 4.依循 IS0 14001 管理審查會議對環境面衝擊改善，進行年度節能規劃 5.BLD1空壓機房排氣設備管理優化 6.BLD1水系統機房空調箱運轉時間管理優化 7.冰水系統優化-減少運轉行政棟冰水主機供應","2024 年實績： 1.節能減碳方案，累計至2024年底，總減少能耗20,537GJ、減少溫排6,206 tonCO2e。 2.新落實之節能減碳方案預估未來每年可減少能耗2,133GJ、減少溫排 309 tonCO2e。 3.與2021年基準年相比減少碳排2.42%。"
"=""4148""","全宇生技-KY","571.8400","馬來西亞子公司","N/A","","3,008.8400","馬來西亞子公司","N/A","","89,593.3000","購買之商品及勞務,上游運輸及配送,營運中產生之廢棄物,商務旅行","馬來西亞子公司","N/A","","2.4970","NA","NA","NA"
"=""4155""","訊映","22.9681","已完成母公司","N/A","","578.4606","已完成母公司","N/A","","N/A","","N/A","N/A","","0.3774","N/A","N/A","N/A"
"=""4164""","承業醫","469.4286","承業生醫及其百分百持有之子公司","承業生醫及其百分百持有之子公司","合理保證等級","971.8118","承業生醫及其百分百持有之子公司","承業生醫及其百分百持有之子公司","合理保證等級","981.4660","上游運輸及配送,商務旅行,下游運輸及配送","承業生醫及其百分百持有之子公司","承業生醫及其百分百持有之子公司","有限保證等級","0.3084","基準年為2024年，並自基準年起每年至少減量0.5%以達成2028年減量3%之目標。","為規劃溫室氣體減量策略，本公司及合併財務報告之子公司於民國(下同)2024年為邊界完成盤查。",""
"=""4190""","佐登-KY","344.3732","台灣子公司","N/A","","4,382.8232","台灣子公司、馬來西亞子公司","N/A","","N/A","","N/A","N/A","","N/A","","",""
"=""4306""","炎洲","6,261.0946","已完成母公司","N/A","","19,542.0774","已完成母公司","N/A","","94,370.1011","與燃料及能源相關活動（未納入範疇1或範疇2）,上游運輸及配送,營運中產生之廢棄物,員工通勤,下游運輸及配送","已完成母公司","N/A","","4.8105","110年正式成立與環境有關的節能減碳小組，落實執行公司各項節能政策，以降低碳排。 目標：自110年5月起5年內減少30%能源耗用。","1.公司非常重視碳排的議題，自107年即配合政府推動再生能源政策，與再生能源公司合作提供楊梅廠區及彰濱廠區內之廠房屋頂，分別建置總發電容量約為1,302.195瓩及3,858.25瓩之太陽能發電設備，系統已上線運轉多年。 2.110年經濟部能源局頒布「一定契約容量以上之電力用戶應設置再生能源發電設備管理辦法」並結合本公司推行合理用電管理，楊梅廠區規畫建置太陽能發電系統；彰濱廠區規畫使用再生能源電能以符合環保法規要求。 3.111年已於彰濱薄膜二廠及楊梅二廠導入ISO50001：2018能源管理系統，並分別於112年1月13及18日取得認證，確認並管理未來能源供應的相關風險，測量並監督能源的使用，以找出可改善之處，改善整體績效表現以減少能源消耗及支出，降低碳排放量並達到減碳目標。 4.112年彰濱廠區6月簽訂再生能源電能及憑證購售，轉供容量不小於368瓩，年度使用再生能源電能542942度取得542張憑證，符合三年內完成義務履行申報；ISO50001：2018能源管理系統於113年1月16通過外部稽核。 楊梅廠區於112年4月簽訂太陽能發電系統工程契約，建置容量為415.74瓩，並於112年10月31日完成台電掛表併網運轉。 5.113年彰濱廠區使用再生能源電能438576度取得439張憑證；ISO50001：2018能源管理系統於113年11月29通過外部稽核；評估薄膜二廠屋頂尚有空間，規劃建置太陽能發電系統容量為356.9瓩，第一型電廠申請進行中。","1.以109為基準年，目標於五年減量30% (1)彰化薄膜廠109年密集度15.984 (公噸CO2e/百萬元) (2)彰化膠帶廠109年密集度6.408 (公噸CO2e/百萬元) 2.113年密集度說明： (1)彰化薄膜廠113年密集度12.728 (公噸CO2e/百萬元)，相較基準年密集度下降20.4% (2)彰化膠帶廠113年密集度5.247 (公噸CO2e/百萬元)，相較基準年密集度下降18.1% 3.112年密集度說明： (1)彰化薄膜廠112年密集度14.464 (公噸CO2e/百萬元)，相較基準年密集度下降9.5% (2)彰化膠帶廠112年密集度5.400 (公噸CO2e/百萬元)，相較基準年密集度下降15.7%"
"=""4414""","如興","0.0000","已完成母公司","N/A","","42.5647","已完成母公司","N/A","","N/A","","N/A","N/A","","0.0029","預計於2027年度揭露合併財務報告公司盤查資訊並以此為基準年，並設定次一年度減碳目標、策略及具體行動計畫。","預計於2027年度揭露合併財務報告公司盤查資訊並以此為基準年，並設定次一年度減碳目標、策略及具體行動計畫。","預計於2027年度揭露合併財務報告公司盤查資訊並以此為基準年，並設定次一年度減碳目標、策略及具體行動計畫。"
"=""4426""","利勤","5,492.0000","已完成母公司","N/A","","7,790.0000","已完成母公司","N/A","","N/A","","N/A","N/A","","13,282.0000","因應節能減碳之國際趨勢，公司已於2019年開始制定五年戰略計畫目標，並於2021年修訂計算基準，包含節能、節水、減廢(廢水、廢氣、廢棄物)、減碳之戰略計畫，並制定專案以達成年度之設定目標。 2021年15,061噸CO2e(範疇一：11,017噸CO2e、範疇二：4,044噸CO2e)，","因2024年生產狀況及持續節能措施，溫室氣體排放量下降。","2024年之溫室氣體排放量13,282噸CO2e(範疇一：5,492噸CO2e、範疇二：7,790噸)。"
"=""4438""","廣越","1,435.4789","10個營業據點 台灣地區(台灣內湖總部、台北尚弘、台北金漢)和中國廠區（嘉興廠、沭陽廠）與越南廠區（古芝廠、前江廠、隆安廠、越南金漢廠、越南金鴻廠）","10個營業據點 台灣地區(台灣內湖總部、台北尚弘、台北金漢)和中國廠區（嘉興廠、沭陽廠）與越南廠區（古芝廠、前江廠、隆安廠、越南金漢廠、越南金鴻廠）","合理保證等級","9,454.7918","10個營業據點 台灣地區(台灣內湖總部、台北尚弘、台北金漢)和中國廠區（嘉興廠、沭陽廠）與越南廠區（古芝廠、前江廠、隆安廠、越南金漢廠、越南金鴻廠）","10個營業據點 台灣地區(台灣內湖總部、台北尚弘、台北金漢)和中國廠區（嘉興廠、沭陽廠）與越南廠區（古芝廠、前江廠、隆安廠、越南金漢廠、越南金鴻廠）","合理保證等級","13,144.9046","與燃料及能源相關活動（未納入範疇1或範疇2）,上游運輸及配送,商務旅行,下游運輸及配送,下游租賃資產","10個營業據點 台灣地區(台灣內湖總部、台北尚弘、台北金漢)和中國廠區（嘉興廠、沭陽廠）與越南廠區（古芝廠、前江廠、隆安廠、越南金漢廠、越南金鴻廠）","10個營業據點 台灣地區(台灣內湖總部、台北尚弘、台北金漢)和中國廠區（嘉興廠、沭陽廠）與越南廠區（古芝廠、前江廠、隆安廠、越南金漢廠、越南金鴻廠）","有限保證等級","1.4591"," 本合併公司自2023年起啟動集團層級溫室氣體盤查，初期涵蓋母公司及4個海外據點，2024年擴大至包含母公司在內共10個營運據點，進度已提早於金管會「永續發展路徑圖」時程。盤查涵蓋範疇一、範疇二及部分範疇三，並已完成外部查證；同時，內部亦推動節能措施。本合併公司將依金融監督管理委員會發布「上市櫃公司永續發展路徑圖」之時程設定基準年與減量目標。","本合併公司將依照政府規定時程落實溫室氣體盤查，並取得第三方驗證單位之確信，制定溫室氣體減量策略及具體行動計畫，依照政府規定時程予以揭露。",""
"=""4439""","冠星-KY","9,876.7100","TOP SPORTS TEXTILE LTD.","TOP SPORTS TEXTILE LTD.","合理保證等級","17,599.6400","TOP SPORTS TEXTILE LTD.","TOP SPORTS TEXTILE LTD.","合理保證等級","130,868.0500","購買之商品及勞務,資本財,與燃料及能源相關活動（未納入範疇1或範疇2）,上游運輸及配送,營運中產生之廢棄物,商務旅行,員工通勤,下游運輸及配送,已銷售產品生命週期結束之處理","TOP SPORTS TEXTILE LTD.","TOP SPORTS TEXTILE LTD.","合理保證等級","8.2526","以2021年為基準年，範疇一溫室氣體排放量：44,553.40 tCO2e 範疇二溫室氣體排放量：14,798.32 tCO2e 範疇三溫室氣體排放量：164,219.82 tCO2e 已設立科學碳目標（Science-Based Targets）:以2021年為基準年，承諾在2030年，將範疇一及範疇二絕對碳排放量減少42%；並預計2028年之前，推動占外購商品和服務金額80%的供應商公佈其科學減排目標。","識別並嚴格落實法律要求、建立環境應急管理機制、實施煤炭淘汰計畫、聚焦可持續原料和產品、投資高效節能節水設備及革新工藝、探索綠色能源市場並尋找合作機會。","根據2024年溫室氣體排放量盤查結果，TOP SPORTS TEXTILE LTD.溫室氣體範疇一及範疇二絕對碳排放量對比基準年2021年減少約54%。"
"=""4440""","宜新實業","130.8323","已完成母公司","N/A","","15,897.1706","已完成母公司","N/A","","3,163.6136","上游運輸及配送,營運中產生之廢棄物","已完成母公司","N/A","","13.0948","本公司溫室氣體盤查基準年訂為2021年，以類別1+類別2之溫室氣體排放(25,116.2496公噸CO2e)，目標為2030年減少30%的溫室氣體排放、2050年逹到淨零排放。為逹到溫室氣體減量政策，112年第四季本公司己完成設置太陽能發電設備，設置地點位置於彰化花壇工廠大樓之頂樓，太陽能發電設備之裝置瓩數為794KW，平均每月發電量約8萬度，用電模式為自發自用。本公司生產工廠應逐年汰換耗能設備、採用變頻器提高能源使用效率等措施，來逹到減碳的目標。如屆目標年溫室氣體排放減量仍無法逹到目標時，其差額採用碳中和的方式來逹成目標。本公司採用的溫室氣體碳中和係遵循PAS 2060/碳中和實施標準來進行。","因應氣候變遷或温室氣體管理之策略 (1)繼續推動温室氣體盤查，讓各部門知道節能減碳推動的成果。 (2)持續與設備廠商洽談引進節能設備的方式及進行效益評估。 (3)持續進行全員參與節能減碳活動的宣導及推動節約能源的措施。 (4)遵照環保法規、客戶要求及相關規定。 温室氣體排放量之預算與計劃 1.	本公司2025年度預計投入預算及逹成目標： 預估投入金額1,000千元 預估節電量：13萬度 節電率：0.5% 2.	2025年度執行中及計劃中的温室氣體減量相關方案如下： A 空調風車增設變頻器。 B 風車扇葉改纖維葉片。 C 購置能源監測管理系統。 D 更換假撚機節能減碳PU片。 ","1、	符合下游品牌廠商綠色環保的需求。 2、	為地球氣候變遷善盡綠色生產的責任。 3、	使用綠電生產綠色產品。"
"=""4526""","東台","213.8100","已完成母公司","已完成母公司","合理保證等級","2,000.2800","已完成母公司","已完成母公司","合理保證等級","N/A","","N/A","N/A","","2,214.0900","1企業對於因應氣候變遷或溫室氣體管理之策略 本公司組織型溫室氣體盤查，以能源間接排放的外購電力為主要排放來源，故節能減碳計劃以節約用電為主。 2 企業溫室氣體排放量減量目標 期望下年度能達成較上一年溫室氣體排放量減少1%。 3 企業溫室氣體排放量減量之預算與計畫 ","1.評估升級變頻空壓機及變頻冰水主機計畫，預算1000萬 2.評估現場空調箱加裝變頻器計畫，預算500萬 3. 企業產品或服務帶給客戶或消費者之減碳效果 在產品設計上提供更節能的方案，期能達成減碳效果。","溫室氣體減量目標較去年減少5%，已達標，並依節能行動方案執行。"
"=""4532""","瑞智","3,884.3285","已完成母公司","已完成母公司","合理保證等級","4,480.7253","已完成母公司","已完成母公司","合理保證等級","4,513.0963","上游運輸及配送,營運中產生之廢棄物,商務旅行,員工通勤,下游運輸及配送","已完成母公司","已完成母公司","合理保證等級","0.9667","基準年2022年類別ㄧ與類別二總CO2當量為：9,432.36 tCO2e, 推動溫室氣體排放量盤查，減量目標1%","1.持續執行ISO 50001能源管理系統、ISO 14064-1：2018溫室氣體盤查。 2.持續執行溫室氣體盤查推動小組。 3.耗能設備優先採購節能設計，再生能源使用。 4.加速低GWP冷媒的新機種開發，減少測試直接排放冷媒。 5.落實碳盤查機制、進行碳排減量、遵守《氣候變遷因應法》，持續不定時實施減少碳排放量活動、降低不必要能源消耗。 6.冰水主機調高出水溫度1~2度，每調高1度約可節能冰水主機3-6%用電。 7.公休日及夜間無生產時，關閉冰機系統、空壓系統、空調系統節能措施。 8.2024年汰換耗能之冰水主機與空壓機，預估2025年可節能90萬度電。","較基準年2022年降低11.27%。"
"=""4536""","拓凱","173.1400","已完成母公司","已完成母公司","合理保證等級","1,055.0400","已完成母公司","已完成母公司","合理保證等級","2,319.6700","購買之商品及勞務,與燃料及能源相關活動（未納入範疇1或範疇2）,上游運輸及配送,營運中產生之廢棄物,員工通勤","已完成母公司","已完成母公司","合理保證等級","0.4779","","",""
"=""4540""","全球傳動","421.4175","已完成母公司","已完成母公司","合理保證等級","6,503.6592","已完成母公司","已完成母公司","合理保證等級","1,862.7737","上游運輸及配送","已完成母公司","已完成母公司","有限保證等級","0.0077","N/A","N/A","N/A"
"=""4545""","銘鈺","1,634.0000","已完成母公司,包含辦公室、工廠及員工宿舍","已完成母公司,包含辦公室、工廠及員工宿舍","合理保證等級","5,756.0000","已完成母公司,包含辦公室、工廠及員工宿舍","已完成母公司,包含辦公室、工廠及員工宿舍","合理保證等級","1,931.0000","購買之商品及勞務,上游運輸及配送,營運中產生之廢棄物,商務旅行,員工通勤,下游運輸及配送","已完成母公司,包含辦公室、工廠及員工宿舍","已完成母公司,包含辦公室、工廠及員工宿舍","合理保證等級","6.4700","減量基準年為111年，排放量為8,671公噸。 減量目標：為因應全球氣候變遷並達成國際減量趨勢，本公司以111年為碳排放基準年，預計每年減少2.5%碳排放，並以2030年降低20%為中期目標，長期目標則為2050年實現淨零排放。","減量措施：目前主要減量措施為增設變頻器調降水泵轉速、清洗冰水主機內部管路、空壓機管路修改、逐步汰換空壓與冰水機與蒸氣廢熱能回收，長期則為設置太陽能發電。","減量目標達成情形：113年因營業額增加，致排放量較111年增加649公噸，若以排放密集度計算，則較基準年降低10%。"
"=""4551""","智伸科","979.3900","已完成母公司,已完成合併財務報表之母子公司","本集團由公司各廠環安室或溫盤小組作為主責單位，攜手各部門共同參與盤查作業，其中東莞海益及浙江智泓皆已依ISO 14064-1:2018與ISO 14064-3:2019國際標準執行溫室氣體盤查完成查證。","合理保證等級","85,278.1200","已完成母公司,已完成合併財務報表之母子公司","本集團由公司各廠環安室或溫盤小組作為主責單位，攜手各部門共同參與盤查作業，其中東莞海益及浙江智泓皆已依ISO 14064-1:2018與ISO 14064-3:2019國際標準執行溫室氣體盤查完成查證。","合理保證等級","569,430.9900","購買之商品及勞務,資本財,與燃料及能源相關活動（未納入範疇1或範疇2）,上游運輸及配送,營運中產生之廢棄物,商務旅行,員工通勤,上游租賃資產,下游運輸及配送,已銷售產品之使用,已銷售產品生命週期結束之處理","已完成母公司,已完成合併財務報表之母子公司","本集團由公司各廠環安室或溫盤小組作為主責單位，攜手各部門共同參與盤查作業，其中東莞海益及浙江智泓皆已依ISO 14064-1:2018與ISO 14064-3:2019國際標準執行溫室氣體盤查完成查證。","有限保證等級","85.2770","訂定本集團碳中和路徑圖 -短期目標：2028年較2023年排放量減少12.5% -中期目標：2030年較2023年排放量減少17.5% -長期目標：2050年達成碳中和","參考本公司113(2024)年報頁49，1-1、1-2","2024年相較2023年排放量，子公司楊梅旭申國際減少6%，及參考同本公司113(2024)年報頁40、49，1-1、1-2"
"=""4552""","力達-KY","652.3289","母公司及部分子公司之盤查","N/A","","4,531.6069","母公司及部分子公司之盤查","N/A","","N/A","","N/A","N/A","","1.4272","","",""
"=""4555""","氣立","16.4728","已完成母公司","已完成母公司","合理保證等級","501.3403","已完成母公司","已完成母公司","合理保證等級","220.3859","上游運輸及配送","已完成母公司","已完成母公司","有限保證等級","0.3473","2023年為基準年，基準年範疇1溫室氣體排放量為23.857公噸CO2e，範疇2溫室氣體排放量為516.7635公噸CO2e，範疇3溫室氣體排放量為202.0514公噸CO2e","待2026年度完成全面盤查後規劃設定","2024年度較2023年基準年範疇1+範疇2減少4.2%排放"
"=""4557""","永新-KY","248.5352","其他","N/A","","9,038.9670","其他","N/A","","N/A","","N/A","N/A","","3.3379","永新集團 1.	短期：2026年完成2025年度母公司溫室氣體盤查。 2.	短期：2027年完成2026年合併子公司溫室氣體盤查。 3.	中期：2028年完成母公司溫室氣體盤查確信。 4.	長期：2029年完成合併子公司溫室氣體盤查確信。 廈門永裕 用電量 每年產品單位成本較前一年降低千分之一的用電量。 福州新信 淘汰老舊燃油公用車(福州新信)以2024年公務車使用之汽油量為基準。 1.	短期：2025年預計減少汽油使用量：2,000L。 2.	中期：2026年預計減少汽油使用量：6,000L。 3.	長期：2030年預計減少汽油使用量：30,000L。 ","1.推動太陽能光電的有效使用。 2.減少能源消耗，加強能源效率使用通過比對能源消耗與產出，評估公司的能源利用效率。 3.原材料使用效率:分析生產過程中對原材料的利用效率，包括減少浪費、優化採購等方面。 4.燃油車置換新能源電車執行方案。","2024年首度執行溫室氣體盤查，故尚無法針對減量目標進行評估。"
"=""4560""","強信-KY","536.1268","已完成合併財務報表之母子公司","N/A","","9,344.5427","已完成合併財務報表之母子公司","N/A","","N/A","","N/A","N/A","","N/A","1.溫室氣體減量目標: 每年達成減排量1% 2.相較基準年2024年度：   2030 年度溫室氣體排放範疇一+範疇二減排25%   2040 年度溫室氣體排放範疇一+範疇二減排50%","1.透過綠色採購，購買環保標籤之基礎設施設備，冷凍空調系統全面替換為能效1級 2.實施設施設備節能專案 3.太陽能建置自用","本公司以2024年為基準年，預計自2025年度開始揭露達成情形。"
"=""4562""","穎漢","188.6793","已完成母公司","N/A","","698.3726","已完成母公司","N/A","","254.7104","與燃料及能源相關活動（未納入範疇1或範疇2）","已完成母公司","N/A","","1.6664","穎漢科技深知地球的氣候及環境正因溫室效應之影響而逐漸惡化中。身為地球村的一分子，本公司重視溫室氣體排放的問題，基於環保理念、與一顆愛護地球的心，穎漢科技願善盡企業對環境保護之責任，致力於工廠的溫室氣體盤查，確實掌握本公司溫室氣體排放情況，並據此評估溫室氣體減量之可行方案，以期達到溫室氣體減量之目標。 2024年為基準年訂定中長期之減量目標，共同邁向企業永續發展。 2030年目標較2024年排放量減少20%。 2050年並達成碳中和為努力目標。","強化供應鏈碳管理與協作減碳 導入低碳技術與節能措施，提升能源使用效率。","成功汰換照明系統為LED，節電約150,000 kWh/年。 生產設備能源效率優化，單位產品碳排降低。 再生能源導入初步完成，自設太陽能裝置年發電量達90,000 kWh。"
"=""4564""","元翎","15,078.9152","已完成母公司","N/A","","7,028.1644","已完成母公司","N/A","","N/A","","N/A","N/A","","50.2207","本公司為資本額50億元以下公司，尚未訂定溫室氣體減量基準年，經參考了聯合國政府間氣候變遷專門委員會(IPCC)的指引，並遵循ISO 14001環境管理系統，對公司可能面臨的各項氣候變遷相關風險和機會進行鑑別。評估出這些風險的衝擊程度和發生可能性，並依據影響的時間範圍，設定了短、中、長期應對目標，以及制定相應的處理措施。短期目標為2025年碳排放量較前一年減少1%，中長期目標為2030年減少5%之碳排放量，2050年實現淨零排放。","1.善用行政大樓、廠房及宿舍之屋頂空間，出租屋頂給廠商設置太陽能發電設備，除增加公司租金收入外，更達到建築物降溫隔熱效果，減少室內空調用電量。 2.公共空間之照明設置感應式燈座，以避免不必要的耗用。 3.汰換耗能設備，裝設高效節能設備，如汰換空壓機、進行廢氣燃燒塔耗能改善工程、更換LED燈具等。 4.辦公室節約電力宣導，如休息時間段關閉照明；於冬季時藉由開啟氣窗以增加空氣的流通及循環，大幅減少冷氣主機的運轉時間，以達節能目的。 ","於2024年節電3,646仟度，換算排放當量已減少2,098公噸Co2e排放"
"=""4566""","時碩工業","409.1355","已完成母公司,包含子公司時碩科技股份有限公司、時碩科技(無錫)有限公司、時碩科技(西安)有限公司。","已完成母公司,包含子公司時碩科技股份有限公司、時碩科技(無錫)有限公司、時碩科技(西安)有限公司。","合理保證等級","13,341.3870","已完成母公司,包含子公司時碩科技股份有限公司、時碩科技(無錫)有限公司、時碩科技(西安)有限公司。","已完成母公司,包含子公司時碩科技股份有限公司、時碩科技(無錫)有限公司、時碩科技(西安)有限公司。","合理保證等級","2,894.4979","與燃料及能源相關活動（未納入範疇1或範疇2）,營運中產生之廢棄物,商務旅行,員工通勤","已完成母公司,已完成合併財務報表之母子公司,包含子公司時碩科技股份有限公司、時碩科技(無錫)有限公司、時碩科技(西安)有限公司。","已完成母公司,包含子公司時碩科技股份有限公司、時碩科技(無錫)有限公司、時碩科技(西安)有限公司。","確證與協議程序","3.8611","時碩工業為有效管理各廠溫室氣體排放狀況，自願由民國(下同)111年開始依照ISO國際標準組織發布之ISO14064－1溫室氣體盤查標準建立溫室氣體盤查機制，每年進行溫室氣體盤查與確信，盤查範疇包含子公司時碩科技股份有限公司、時碩科技(無錫)有限公司、時碩科技(西安)有限公司。並預計在116前逐步完成所有合併子公司盤查。 為積極規劃溫室氣體減量策略，公司暫定以111年為基準年，其類別一及類別二排放量分別為444.7111噸CO2e及14,577.4559噸CO2e，希望透過下列具體行動進一步落實114年度較基準年減量10%，119年進一步減少15%，達到累計減碳25%之目標。 ","113年時碩持續推動落實節能減排之行動包含：持續汰換老舊耗電設備，提升能源使用效率，公用設備監測系統資訊數位化、清洗設備水資源回收再生使用、下腳料體積縮減及廢切削水回收再使用等，同時擴大建置太陽能發電系統、評估採購綠電憑證或碳權等措施，確保減量符合進程，以降低碳排放衝擊並提升營運競爭優勢。而為使管理階層、執行團隊、全體員工一同達成溫室氣體減量目標，已逐步要求相關單位訂定短、中、長期行動計畫，並納入績效指標當中，作為員工績效考核與分紅之獎勵參考依據，落實當責管理精神。此外另按ESG推動績優頒發個人激勵獎金。同時於每月發行之電子報中開闢ESG專欄，使永續企業文化深植同仁心中；針對主管則有線上課程，例如永續轉型-生意和善意的策略實踐等，帶動同仁同心齊力，逐步實踐公司的淨零排放路徑及目標。","時碩工業113年溫室氣體總排放量為6,842.0962公噸CO2e，主要來自類別二電力使用之排放量，占總排放量的78%；113年總排放量相較於基準年111年7,351.6405公噸CO2e，共減量6.9%，其中以類別2減量成效最為顯著，113年電力使用之排放量為5,367.8356公噸CO2e，相較於基準年111年5,873.7057公噸CO2e，共計減量8.6%。"
"=""4569""","六方科-KY","504.3050","已完成母公司,子公司包含主要營運據點之Global-Thaixon Precision Industry Co., Ltd.及Thaixon Tech Co., Ltd.。","子公司包含主要營運據點之Global-Thaixon Precision Industry Co., Ltd.及Thaixon Tech Co., Ltd.。","有限保證等級","8,541.9890","已完成母公司,子公司包含主要營運據點之Global-Thaixon Precision Industry Co., Ltd.及Thaixon Tech Co., Ltd.。","子公司包含主要營運據點之Global-Thaixon Precision Industry Co., Ltd.及Thaixon Tech Co., Ltd.。","有限保證等級","11,732.0160","購買之商品及勞務,上游運輸及配送,營運中產生之廢棄物","已完成母公司,子公司包含主要營運據點之Global-Thaixon Precision Industry Co., Ltd.及Thaixon Tech Co., Ltd.。","子公司包含主要營運據點之Global-Thaixon Precision Industry Co., Ltd.及Thaixon Tech Co., Ltd.。","有限保證等級","6.2300","以 2024 年為基準年，在 2035 年將每單位收入的碳強度降低 40%，並在 2050 年實現碳中和。","1. 強化合規性與報告框架：建立健全的內部流程以監控法規變更，並確保遵循與氣候相關的政策。此策略包括進行員工培訓，使其能適應新法規。確保所有報告都準確且符合最新法規，以避免違規罰款和聲譽損害。指定專門的人員或團隊分析這些變更的潛在影響。 2. 投資於永續技術：將資源投入於低排放生產技術和創新永續材料的研究與開發。對所有產品進行完整生命周期分析，以了解哪個環節有最高的排放量。施行減少廢棄物、重複使用材料和回收產品的策略。 3. 價值鏈管理：透過多元化供應商和原物料來加強供應鏈管理。考量法規變更和氣候風險並實施持續營運計劃，旨在減少極端氣候或地緣政治緊張局勢帶來的中斷影響。對價值鏈進行徹底分析，以識別出對氣候變遷和地緣政治風險的脆弱性。 4. 產品差異化與創新：推出以永續性為優先的新產品線，採用環境友善的材料與製程。利用市場研究識別消費者對綠色產品和服務的偏好，使公司保持競爭力。將資源分配於開發和商業化現有產品和服務的低排放替代品。向消費者傳達公司在永續發展方面的努力以及綠色產品的優勢。 5. 加強利害關係人參與與名譽管理：積極傳達在永續發展方面的努力並與利害關係人進行互動，包括供應商、客戶、社區、員工、政府和投資者，以促進信賴感並加深關係。藉由透明營運提升公司聲譽，吸引具有環保意識的消費者與供應商。 6. 營運彈性：對所有營運設施和資產進行詳細的氣候風險評估。投資於基礎設施升級和改造，以提升對氣候變遷影響的韌性。實施極端氣候事件的預警系統，以便提前做好準備。檢視保險範圍以確保其充分涵蓋與氣候相關的風險。",""
"=""4571""","鈞興-KY","527.8720","已完成合併財務報表之母子公司","N/A","","10,437.2330","已完成合併財務報表之母子公司","N/A","","28,990.2570","購買之商品及勞務,上游運輸及配送,營運中產生之廢棄物,下游運輸及配送","已完成合併財務報表之母子公司","N/A","","3.5811","","",""
"=""4572""","駐龍","117.4008","已完成母公司","N/A","","2,848.4040","已完成母公司","N/A","","690.0770","購買之商品及勞務,與燃料及能源相關活動（未納入範疇1或範疇2）,營運中產生之廢棄物,員工通勤","已完成母公司","N/A","","3.4000","","",""
"=""4576""","大銀微系統","454.7018","已完成合併財務報表之母子公司","已完成母公司","合理確信","3,559.4385","已完成合併財務報表之母子公司","已完成母公司","合理確信","1,047.5781","購買之商品及勞務,上游運輸及配送,營運中產生之廢棄物,下游運輸及配送,下游租賃資產","已完成合併財務報表之母子公司","已完成母公司","合理確信","1.7811","","",""
"=""4581""","光隆精密-KY","269.7500","已完成合併財務報表之母子公司","N/A","","2,324.9200","已完成合併財務報表之母子公司","N/A","","N/A","","N/A","N/A","","2.3961","","",""
"=""4583""","台灣精銳","103.0000","已完成母公司","N/A","","10,637.0000","已完成母公司","N/A","","N/A","","N/A","N/A","","4.5126","","",""
"=""4588""","玖鼎電力","53.2408","已完成母公司","N/A","","353.7856","已完成母公司","N/A","","164.8251","與燃料及能源相關活動（未納入範疇1或範疇2）,員工通勤","已完成母公司","N/A","","0.3801","預計以2026年數據為基準年，並規劃於2028年完成2027年盤查確信。","1.氣候風險管理：依TCFD框架鑑別與分析氣候風險，制定應對策略，提升企業韌性並拓展商機。 2.溫室氣體盤查：依ISO-14064-1標準執行盤查作業，以2026年數據為基準年，並規劃於2028年完成2027年盤查確信。 3.能源效率提升：持續推動高效能空調及照明設備，並於2025年中啟用太陽能發電設備，提高綠色能源比例。 ","1.依TCFD框架完成首次氣候風險與機會分析評估。 2.溫室氣體盤查：依ISO-14064-1標準完成2024年度盤查，確保數據準確並符合國際標準。 3.監督與執行：依董事會核定規劃，持續推動盤查計畫，並每季向董事會報告執行情況。 4.高效能空調正式運轉，年節電548.3MWh。 5.高效率照明設備啟用，節電率約30%，年節電42.74MWh。 6.太陽能發電設施預計2025年中啟用，年產電263.8MWh。"
"=""4720""","德淵","365.2180","已完成母公司","N/A","","1,942.8645","已完成母公司","N/A","","N/A","","N/A","N/A","","1.7527","已進行導入國際科學基礎減碳目標倡議組織(Science-based targets initiative, SBTi)目標，訂定第一期5年目標節能共5%，第二期10年目標節能10%。","訂定年度能源使用標準值，每月改善及檢討能源使用現況，每年編例製程改善及設備更新之預算，持續降低能源使用量，108年至113年度平均年節電率1.23%。","第一期5年目標節能共5%並已完成，已進入第二期10年目標節能10%。"
"=""4722""","國精化","8,242.0000","已完成母公司","N/A","","6,795.0000","已完成母公司","N/A","","24.0000","營運中產生之廢棄物","已完成母公司","N/A","","3.7200","","",""
"=""4736""","泰博","21.0018","已完成母公司","N/A","","6,025.6415","已完成母公司","N/A","","73.1351","營運中產生之廢棄物","已完成母公司","N/A","","1.6022","","",""
"=""4737""","華廣","315.8705","已完成母公司","N/A","","6,371.0596","已完成母公司","N/A","","1,502.6039","與燃料及能源相關活動（未納入範疇1或範疇2）,上游運輸及配送,營運中產生之廢棄物,員工通勤,下游運輸及配送","已完成母公司","N/A","","3.7700","","",""
"=""4739""","康普","8,165.5800","已完成母公司,天弘化學股份有限公司,恆誼化工股份有限公司","已完成母公司,天弘化學股份有限公司,恆誼化工股份有限公司","有限確信","16,186.6000","已完成母公司,天弘化學股份有限公司,恆誼化工股份有限公司","已完成母公司,天弘化學股份有限公司,恆誼化工股份有限公司","有限確信","N/A","","N/A","N/A","","6.6600","","",""
"=""4746""","台耀","9,592.5913","已完成母公司","已完成母公司","合理保證等級","27,536.7456","已完成母公司","已完成母公司","合理保證等級","21,822.4496","購買之商品及勞務,上游運輸及配送,營運中產生之廢棄物,商務旅行,下游運輸及配送","已完成母公司","已完成母公司","有限保證等級","8.0600","本公司將2022年溫室氣體盤查結果定為基準年 範疇一:7744.8849公噸CO2e 範疇二:25787.1240公噸CO2e 範疇一+二:33532.0089公噸CO2e 範疇三:11251.9124公噸CO2e 溫室氣體排放總量:44783.9213公噸CO2e 本公司訂定每年能源消耗減量 1%為目標，並且積極宣導及持續推動。","企業對於因應氣候變遷或溫室氣體管理之策略 藉由溫室氣體盤查及碳足跡查證的執行，清查廠內的碳排熱點。逐項推動節能與減量計畫，持續降低溫室氣體排放，並朝向淨零碳目標前進。具體方案包括： 1.完善全廠溫室氣體盤查 2.每年推行一項產品碳足跡 3.積極推進各項節能減碳活動  企業溫室氣體排放量減量計畫 溫室氣體減量計畫，會因應當前盤查狀況而不同，現有執行節能方案如下： 1.高效率設備更換。 2.調整冷凍空調溫度。 3.推動採購綠色節能產品。 ","2024年相較2023年能源減量4.3% 目前企業太陽光電已建置完成，高耗能機械設備已開始進行汰換。"
"=""4755""","三福化","10,757.0696","已完成母公司,子公司國際日東","N/A","","24,205.8501","已完成母公司,子公司國際日東","N/A","","7,767.9947","與燃料及能源相關活動（未納入範疇1或範疇2）,上游運輸及配送,營運中產生之廢棄物,員工通勤","已完成母公司,子公司國際日東","N/A","","6.5700","減量目標:三福設定中長期目標2030年減少20% 類別一 + 類別二溫室氣體排放量，並於2050達成淨零排放目標。 溫室氣體排放量基準39,315.8 ton CO2e","透過節能策略，全面降低溫室氣體排放量，包含汰換舊設備、設備運行參數最佳化等，以達成本公司設定之溫室氣體減量目標。  2024年相關單位提出設備及流程檢討改善，共減少溫室氣體排放量631 ton CO2e 柳科廠 1. 下班後及假日降低洗滌塔運轉頻率	節電 65,000 度 	減碳 32.1 ton CO2e 2. 新建太陽能板發電自用	節電 365,000 度	減碳 180.3 ton CO2e TMAH  1. 電解槽膜片更換 2. 製程熱交換效率提升-電極棒安裝 3. 冷凍機效率提升-配管流程變更 節電 671,000 度 　	331.5 ton CO2e 高雄廠	冷卻水風扇依出入口溫度進行馬達運行轉速調整	節電 12,592 度 	6.2 ton CO2e 日東廠	冷卻水塔風扇增設變頻器(B、C、D三台冷卻水塔風扇加裝變頻器)	節電163,298度	80.7 ton CO2e  註：電力排碳係數經濟部能源署公告112年度電力排碳係數: 0.494 公斤二氧化碳當量/度計算","檢視2024年類別一+類別二溫室氣體排放減量成果，相較基準年，減量達成進度為11%。 2030年目標	 降低20% 2050年目標	淨零 類別一、二碳排放總量(公噸CO2e)	基準年	39,315.8    2024年 34,962.7                                                                          減量目標達成率	                      11% "
"=""4763""","材料-KY","83,128.4700","已完成合併財務報表之母子公司","已完成合併財務報表之母子公司","有限確信","59,293.2800","已完成合併財務報表之母子公司","已完成合併財務報表之母子公司","有限確信","82,679.8700","購買之商品及勞務,與燃料及能源相關活動（未納入範疇1或範疇2）,上游運輸及配送,下游運輸及配送","已完成合併財務報表之母子公司","已完成合併財務報表之母子公司","有限確信","14.3300","","",""
"=""4764""","雙鍵","1,533.2246","已完成母公司","N/A","","3,139.0980","已完成母公司","N/A","","N/A","","N/A","N/A","","1.7289","本公司參考每年溫室氣體自我盤查結果，調整節能減碳策略，透過宣導並鼓勵員工從日常生活中落實節能減碳，以溫室氣體排放量年減1%以上為目標。","1.積極管制廢水之排放減量，以期達成減少污染的目標。 2.加強污染防制操作設備之檢查及維護保養，降低設備發生異常。 3.室內空調溫度設定在26°C之最適溫度，並考量日曬及熱負荷不同，適當裝設窗簾及隔熱紙。 4.空調設備2年會清洗保養1次並維持空調設備高效率運轉狀態。 5.落實廢棄物分類、減量與資源回收工作。 6.加強員工教育訓練，強化緊急應變能力。	 7.依法實施作業環境檢測，提供員工安全舒適的工作環境。 8.內部會議鼓勵同仁自帶水壺或馬克杯。 9.下班停止工作時，隨手關閉電腦及螢幕開關。	 10.選用符合節能標章之冷氣機、電冰箱等電器產品，多功能事務機都是使用環保標章的碳粉匣、低溫、減少夾紙。 11.空調定期檢點維護保養，維持空調設備高效率運轉狀態。 12.電梯、走道、茶水間及逃生樓梯間採用感應式照明燈具。	 13.同仁自備餐具、杯具，減少一次性餐具、杯具使用。 14.將水龍頭出水量調小，有效節約用水。 15.會議結束後隨手關閉會議室的電燈、空調及投影機開關。 16.辨公室使用LED節能減碳燈管、燈泡。","公司定期檢視減量目標的達成情形，近3年(2022~2024)溫室氣體的逐年排放變動百分比為57.35%、15.13%、-29.73%，減量成果與各類減量措施成效、產能及生產工藝均有關係，公司均定期逐項檢討及優化以期能達成減量目標。"
"=""4766""","南寶","7,639.6117","已完成母公司","N/A","","10,478.5623","已完成母公司","N/A","","178,551.8939","購買之商品及勞務,上游運輸及配送,營運中產生之廢棄物,員工通勤","已完成母公司","N/A","","2.6157","2023年為南寶樹脂設定之溫室氣體減量基準年，其範疇一及範疇二排放量分別為11,863.01噸CO2e及19,561.97噸CO2e，後續減量目標設定為2025年度較基準年密集度減少10%，並自基準年起每年至少減少5%以達成2030年減少35%之目標。","推動策略包含導入碳管理平台，系統化整合全集團的排放資訊，並針對多項溫室氣體減量計畫展開全方面監管，包含提高能源效率、購買節能機台、建置太陽能發電系統、溫室氣體原物料源頭減量、設置高效率設備、評估採用低碳燃料/能源開發等措施，以積極態度降低碳排放衝擊並提升營運競爭優勢。重要計畫目標均已納入營運績效指標當中，作為員工績效考核與分紅之獎勵依據，自2021年起新增ESG績效與員工酬勞連結機制，於達成全公司目標績效時額外增加一定比率之獎金，帶動同仁同心齊力，逐步實踐合併公司的淨零排放路徑及目標。","設定2023年為溫室氣體盤查基準年，並設定2025年度較基準年集度減少10%，另自基準年起每年至少減少5%以達成2030年減少35%之目標，後續將確實彙整各年度排放數據，並自2025年起逐年揭露目標達成情形。"
"=""4770""","上品","650.4036","已完成母公司","已完成母公司","有限確信","6,480.0876","已完成母公司","已完成母公司","有限確信","1,489.8737","與燃料及能源相關活動（未納入範疇1或範疇2）,營運中產生之廢棄物,員工通勤,下游運輸及配送","已完成母公司","已完成母公司","有限確信","1.3300","","",""
"=""4771""","望隼","200.5438","已完成母公司","已完成母公司","合理保證等級","6,809.7622","已完成母公司","已完成母公司","合理保證等級","1,654.9441","購買之商品及勞務,營運中產生之廢棄物,員工通勤","已完成母公司","已完成母公司","有限保證等級","3.7013","","",""
"=""4807""","日成-KY","192.0000","1.重要子公司Regal Jewelry Manufacture Co., Ltd.  2.重要子公司 Regal Plating Co., Ltd. 3.子公司 Regal Precious Metal Innovation Co., Ltd. ","1.重要子公司Regal Jewelry Manufacture Co., Ltd.  2.重要子公司 Regal Plating Co., Ltd. 3.子公司 Regal Precious Metal Innovation Co., Ltd. ","有限保證等級","2,963.0000","1.重要子公司Regal Jewelry Manufacture Co., Ltd.  2.重要子公司 Regal Plating Co., Ltd. 3. 子公司 Regal Precious Metal Innovation Co., Ltd. ","1.重要子公司Regal Jewelry Manufacture Co., Ltd.  2.重要子公司 Regal Plating Co., Ltd. 3.子公司 Regal Precious Metal Innovation Co., Ltd. ","有限保證等級","4,152.0000","購買之商品及勞務,與燃料及能源相關活動（未納入範疇1或範疇2）,上游運輸及配送,營運中產生之廢棄物,商務旅行,員工通勤,下游運輸及配送","1.重要子公司Regal Jewelry Manufacture Co., Ltd.  2.重要子公司 Regal Plating Co., Ltd. 3.子公司 Regal Precious Metal Innovation Co., Ltd. ","1.重要子公司Regal Jewelry Manufacture Co., Ltd.  2.重要子公司 Regal Plating Co., Ltd. 3.子公司 Regal Precious Metal Innovation Co., Ltd. ","有限保證等級","0.1780","本公司已完成範疇一、二與三之溫室氣體排放盤查，並通過獨立驗證機構 Bureau Veritas（BV）依 ISO 14064 標準進行有限保證之確信。 以 2021 年為溫室氣體減排基準年，排放基準數據如下： 範疇一（直接排放）：192 公噸 CO₂e 範疇二（能源間接排放）：2,963 公噸 CO₂e 範疇三（其他間接排放）：4,152 公噸 CO₂e 減量目標： 短期（至2025年）： 積極推動設備節能與再生能源導入 中期（至2030年）： 較基準年減排 50% 長期（至2045年）： 達成淨零排放 ","本公司已制定多元策略以支持溫室氣體減量目標，並區分內部與外部措施如下： 內部減排措施： 能源管理系統：導入並持續強化 ISO 50001，與泰國學術單位合作開發 IoT 能源管理系統，以實現精準化控管。 製程優化與節能設備：汰換高耗能設備、安裝智慧空調照明控制器，推動機台節能與廢熱回收。 再生能源導入：已啟動第一期太陽能系統（999.6kWp）建置並投入運轉，規劃2025年啟動第二期。 碳匯與碳抵換：展開紅樹林造林計畫，創造自然碳吸收機制。 外部業務與供應鏈開發： 金屬回收事業：2022年成立子公司專責貴金屬回收與再利用，降低原生金屬開採碳足跡。 電子化無紙化營運：推行電子帳單、數位報價與流程自動化，以降低紙張與物流碳排。 綠色採購政策：優先採購具節能與環保標章產品，強化供應鏈減碳意識與合作。 ","截至2024年底，減碳執行成果如下： 已完成集團子公司之盤查與驗證，涵蓋範疇1～3自2021年至2024年期間，總排放量年均下降趨勢約達10%以上溫室氣體排放密集度為 2.9347 公噸CO₂e/百萬元營業額，顯示營收成長與碳排放脫鉤已見初步成效未來兩年內提出科學基礎目標，並整合於永續發展治理架構中持續追蹤與揭露。 "
"=""4904""","遠傳","5,518.2602","已完成合併財務報表之母子公司","已完成合併財務報表之母子公司","合理保證等級","289,934.3723","已完成合併財務報表之母子公司","已完成合併財務報表之母子公司","合理保證等級","342,396.9202","購買之商品及勞務,資本財,與燃料及能源相關活動（未納入範疇1或範疇2）,上游運輸及配送,營運中產生之廢棄物,商務旅行,員工通勤,上游租賃資產,已銷售產品之使用,已銷售產品生命週期結束之處理,下游租賃資產,加盟,投資","已完成合併財務報表之母子公司","已完成合併財務報表之母子公司","AUP協議程序","2.8239","遠傳2024年已訂定及通過科學基礎減量短期及長期目標 （Science-based Target），回應將升溫控制在攝氏1.5度以內的全球性目標。 設定溫室氣體減量基準年為2021年 2021年數值: 範疇一+範疇二 373,770.3161公噸CO₂e / 範疇三 540,231.8823公噸CO₂e 減量目標: Y2030 直接排放(Scope 1)與電力使用產生(Scope 2)之溫室氣體排放總量較2021年降低 43.6% / Y2030 將供應鏈和內部營運間接產生(Scope 3)之排放總量較2021年降低42%","隨著全球暖化議題受到重視，再加上全球資訊網路產業之蓬勃發展，我們即將面臨著推動節能減碳之實質壓力，如何減少溫室氣體排放將成為現代電信產業不可迴避的責任。我們深知惟有以綠色為核心的經營模式，才能實現企業永續經營的理想，並贏得更美好的未來。我們承諾具體落實環境永續的理念，持續提供綠色產品與服務，並定期檢討溫室氣體排放現況及推動各項減量行動，達到企業發展與自然環境永續共生之願景，以善盡本公司的社會責任。遠傳持續關注並積極回應氣候變遷及能源議題，結合核心本業推動環境與能源策略，導入以科學為基礎的減碳目標，並依循氣候相關財務揭露(Task Force on Climate-Related Financial Disclosures, TCFD)指引辨識關鍵氣候風險 相關行動計畫如下說明:  1 .依法規時程進行合併財務報表子公司溫室氣體盤查及外部查證專案: 已於2025年完成2024年遠傳暨合併報表子公司溫室氣體盤查及確信事宜，費用為$160萬元 2.執行及設定淨零碳排之溫室氣體科學減量短期及長期目標: 已於2024年提交SBTi審查，並於2024年通過SBT 1.5度C情境之短期與長期減量目標(含亞太)，費用為$115萬元 3.再生能源設備建置專案: 自2022年至2025年分階段建置/外購太陽能案場，並執行綠電採購計畫","2024年範疇一+範疇二合計數值已較基準年2021年下降20.95%；2024年範疇三數值已較基準年2021年下降36.62%"
"=""4906""","正文","1,896.6300","台灣總部、正鵬(昆山)廠及越南正文廠 ","台灣總部、正鵬(昆山)廠及越南正文廠 ","合理保證等級","29,352.7400","台灣總部、正鵬(昆山)廠及越南正文廠 ","台灣總部、正鵬(昆山)廠及越南正文廠 ","合理保證等級","8,016.0000","購買之商品及勞務,上游運輸及配送,營運中產生之廢棄物,商務旅行,員工通勤,下游運輸及配送","台灣總部、正鵬(昆山)廠及越南正文廠","台灣總部、正鵬(昆山)廠及越南正文廠","有限保證等級","1.2200","正文科技積極訂定2050年達成淨零排放之目標，並以2022年為基準年，2030年達成範疇一和範疇二溫室氣體排放減量50%。定期進行審查，執行進度與成果亦由總經理每季呈報永續發展委員會及董事會，並持續監督與追蹤改善措施。 2024年正文科技範疇一、範疇二(地點基礎)溫室氣體排放量為31,249.37 tCO2e，範疇三溫室氣體排放量為8,016 tCO2e，範疇一、範疇二溫室氣體(地點基礎)排放強度為1.22 tCO2e/百萬元，相較2023年增加1.6%，係因越南正文廠於擴廠初期的設備仍在調整和測試階段，產能利用率尚未達到最佳狀態，對能源的使用效率造成影響，導致溫室氣體排放量增加。 為了降低碳排放，台灣總部採購台灣電力公司「小額綠電銷售試辦計畫」五年期(2024~2028年)共計50萬度；越南正文廠自2024年起開始建置太陽能發電裝置，為進一步提升再生能源比重，2024年也輔以採購10,000,000度的國際再生能源憑證(簡稱I-REC)，以強化整體再生能源使用結構，計劃在未來幾年內逐步提升自給自足的綠色能源比例，減少對傳統能源的依賴，進而降低溫室氣體排放，2024年範疇一、範疇二(市場基礎)溫室氣體排放量為14,090.59 tCO2e，溫室氣體(市場基礎)排放強度為0.55 tCO2e/百萬元，相較於基準年2022年減少53.6%。 ","為了降低碳排放，台灣總部採購台灣電力公司「小額綠電銷售試辦計畫」五年期(2024~2028年)共計50萬度；越南正文廠自2024年起開始建置太陽能發電裝置，為進一步提升再生能源比重，2024年也輔以採購10,000,000度的國際再生能源憑證(簡稱I-REC)，以強化整體再生能源使用結構，計劃在未來幾年內逐步提升自給自足的綠色能源比例，減少對傳統能源的依賴，進而降低溫室氣體排放。 隨著綠色意識抬頭，正文科技近幾年不僅積極投身綠色活動，更約束自己在各項水電與廢棄物之產出都能符合節能規範，宣導教育公司員工體認地球村概念，於生活中節能減碳就是對環保善盡一份力。2024年本公司各項節能措施共減少884,518.17 kgCO2e，未來也將持續導入節能措施，善盡環境責任。 ","2024年範疇一、範疇二(市場基礎)溫室氣體排放量為14,090.59 tCO2e，溫室氣體(市場基礎)排放強度為0.55 tCO2e/百萬元，相較於基準年2022年減少53.6%。"
"=""4912""","聯德控股-KY","582.0200","1.聯德控股股份有限公司 2.聯德精密材料(中國)股份有限公司 3.聯德電子科技(常熟)有限公司 4.昆山聯德滑軌科技有限公司","N/A","","6,119.2400","1.聯德控股股份有限公司 2.聯德精密材料(中國)股份有限公司 3.聯德電子科技(常熟)有限公司 4.昆山聯德滑軌科技有限公司","N/A","","N/A","","N/A","N/A","","1.1600","","",""
"=""4915""","致伸","7,386.9003","已完成母公司","已完成母公司","合理保證等級","17,352.1412","已完成母公司","已完成母公司","合理保證等級","2,109,981.7146","購買之商品及勞務","已完成母公司","已完成母公司","有限保證等級","0.4246","1.2030年Scope 1+2較基準年2023年減少42% GHG排放量(CO2e)。2.2030年Scope 3較基準年2023年減少25% GHG排放量(CO2e)。3.2050年達成淨零排放目標。","1.加入RE100，積極使用再生能源。2.通過SBT減量目標，實現淨零。3.執行內部碳定價。","2024 年 Scope 1+2 溫室氣體排放量較基準年 2023 年減少 26.07%。"
"=""4916""","事欣科","N/A","N/A","N/A","","N/A","N/A","N/A","","N/A","","N/A","N/A","","N/A","減量基準年：本公司尚未完成溫室氣體盤查，因此暫不設定溫室氣體減量基準年。減量目標：預計暫定每年溫室氣體排放量較上一年度減少 1-2% 的目標。","減量策略：持續開發節能、減廢及高效率設備，結合永續經營策略，全面降低碳足跡。","本公司尚未達到應揭露的標準，故未有具體數據，目前研議統計中。"
"=""4919""","新唐","38,518.0000","已完成合併財務報表之母子公司","已完成合併財務報表之母子公司","合理保證等級","85,009.0000","已完成合併財務報表之母子公司","已完成合併財務報表之母子公司","合理保證等級","578,604.0000","購買之商品及勞務,資本財,與燃料及能源相關活動（未納入範疇1或範疇2）,上游運輸及配送,營運中產生之廢棄物,商務旅行,員工通勤,下游運輸及配送,下游租賃資產,投資","已完成合併財務報表之母子公司","已完成合併財務報表之母子公司","有限保證等級","3.8695","本公司通過SBTi溫室氣體減量短期目標之審核，設定之減量目標如下 Scope1+2  2030年相較基準年2022年減量48.8% Scope3       2030年相較基準年2023年減量 25%","持續改善降低水電資源與關鍵化學原物料使用量、以及溫室氣體與主要污染物排放量，積極推動綠色供應鏈的碳排放管理，並藉由研發綠色產品，持續降低產品製造階段碳排放量及使用階段之耗電量。 主要措施為持續安裝含氟氣體削減設備、汰舊換新引進節能設備、積極研發綠色產品。","Scope1+2  2024年相較基準年2022年減量36.7% Scope3       2024年相較基準年2023年減量 20.2%"
"=""4927""","泰鼎-KY","14,395.7900","已完成合併財務報表之母子公司","已完成合併財務報表之母子公司","有限保證等級","152,147.8100","已完成合併財務報表之母子公司","已完成合併財務報表之母子公司","有限保證等級","20,516.4700","上游運輸及配送,營運中產生之廢棄物,商務旅行,下游運輸及配送","已完成合併財務報表之母子公司","已完成合併財務報表之母子公司","有限保證等級","13.7500","以2022年為基準年，當年度的範疇一+範疇二的排放量為155,481噸。目標於2027年前減少5%溫室氣體排放。","泰鼎投資11億泰銖於太陽能計畫，以乾淨能源進行生產，減少溫室氣體排放。外部輔導之設備節能計畫投資2.45億泰銖，目標以六項措施減少10%的能源耗用。","泰鼎在產品製造過程中需消耗大量電能，因LEAN Project的實施，使部分設備能源消耗量逐漸下降，2024年平均每月設備運作的能源消耗減少13.39%。透過Solar Project的實行，不斷地提升再生能源的產量及使用比例。太陽能發電計畫系統已第一期已全數投入運作，2024年度減碳量約4,829噸。惟2024年度產品組合調整，影響本年度之溫室氣體排放量。"
"=""4930""","燦星網","3,072.0627","已完成合併財務報表之母子公司","N/A","","19,614.3786","已完成合併財務報表之母子公司","N/A","","N/A","","N/A","N/A","","N/A","","",""
"=""4934""","太極","162.4620","母公司與越南子公司","N/A","","7,311.5300","母公司與越南子公司","N/A","","N/A","","N/A","N/A","","20.3238","","",""
"=""4935""","茂林-KY","323.5922","已完成母公司,Solid State Display Limited、茂林光電科技股份有限公司及銅鑼分公司","已完成母公司,Solid State Display Limited、茂林光電科技股份有限公司及銅鑼分公司","合理保證等級","7,876.7424","已完成母公司,Solid State Display Limited、茂林光電科技股份有限公司及銅鑼分公司","已完成母公司,Solid State Display Limited、茂林光電科技股份有限公司及銅鑼分公司","合理保證等級","18,506.3894","購買之商品及勞務,上游運輸及配送,營運中產生之廢棄物,商務旅行","已完成母公司,Solid State Display Limited、茂林光電科技股份有限公司及銅鑼分公司","已完成母公司,Solid State Display Limited、茂林光電科技股份有限公司及銅鑼分公司","有限保證等級","3.8449","","",""
"=""4938""","和碩","36,513.0873","已完成合併財務報表之母子公司","已完成母公司","合理保證等級","500,312.7388","已完成合併財務報表之母子公司","已完成母公司","合理保證等級","6,721,869.5036","購買之商品及勞務,資本財,與燃料及能源相關活動（未納入範疇1或範疇2）,上游運輸及配送,營運中產生之廢棄物,商務旅行,員工通勤,下游運輸及配送,已銷售產品之加工,已銷售產品之使用,已銷售產品生命週期結束之處理,下游租賃資產,投資","已完成母公司","已完成母公司","For the other indirect GHG emissions, the involved information was verified and tested using agreed-upon procedures, AUP, defined in Inventory Report.","0.6738","(1) 減量基準年及其數據：基準年為2021年，該年度範疇一、二溫室氣體排放量為506,129(噸CO2e) 。 (2) 減量目標：2030年較2021年，範疇一、二絕對溫室氣體排放量降低42%及範疇三絕對溫室氣體排放量降低25%，並於2050年達到淨零排放。","策略及具體行動計畫：汰換老舊設備、工程技術優化、調整管理方式、建置數位化管理系統、提高再生能源使用量。","減量目標達成情形：2024年溫室氣體排放量為158,266.16 (噸CO2e)，較基準年(2021年)溫室氣體排放量506,129(噸CO2e)減少68.73%，已達成階段性減碳目標。 "
"=""4942""","嘉彰","176.2799","已完成母公司","N/A","","1,210.3571","已完成母公司","N/A","","200.1488","購買之商品及勞務,上游運輸及配送,營運中產生之廢棄物,商務旅行,員工通勤,下游運輸及配送","已完成母公司","N/A","","6.0377","1. 重設112年為基準年。 2. 預計122年達成推動溫室氣體減量目標為總排放量實質減量10%或每PCS排放當量相對減量15%。","1.持續推行節約能源活動，降低電力能源之人均使用量。並使用節能設備，減少能源耗用。 2.持續做好生產設備之保養與維護，提升設備稼動力及生產效率，降低能源之耗損。 3.從空調系統、電力照明及其他用電三大面向執行節電方案，並定期檢視耗能設備並進行汰換。","113年總排放量較112年減少1269.8227tCo2e，年減量績效13%。"
"=""4943""","康控-KY","N/A","N/A","N/A","","N/A","N/A","N/A","","N/A","","N/A","N/A","","N/A","","",""
"=""4949""","有成精密","145.7800","已完成母公司","N/A","","2,165.4000","已完成母公司","N/A","","N/A","","N/A","N/A","","2.2185","","",""
"=""4952""","凌通","48.5500","已完成母公司","N/A","","635.6300","已完成母公司","N/A","","2.1100","員工通勤,下游運輸及配送","已完成母公司","N/A","","0.2788","減量基準年2021年,2024年減量數據14.79噸,減量目標1%","1. 企業對於因應氣候變遷或溫室氣體減量之策略 凌通屬IC設計產業，無晶圓廠，溫室氣體排放都是間接排放型態，排放源主要來自空調與辦公照明需求的電力，僅能就節能方式以減少能源消耗。 由於排放源主要來自空調與辦公照明需求的電力，將配合廠務監控系統與宣導，減少不必要的浪費。 2.  企業溫室氣體排放量減量之預算與計畫 透過廠務監控系統及變頻系統，使空調設備運轉更有效率，減少用水及用電量。且目前公用空間之照明(如地下停車場)，已採行定時式開關。 3. 企業產品或服務帶給客戶或消費者之減碳效果 在產品設計上，提供更節能的方案，期能達成減碳效果。","2024年溫室氣體減量14.79噸,減少2.1%，達成減量目標1%。"
"=""4956""","光鋐","397.9000","已完成母公司","N/A","","13,826.6600","已完成母公司","N/A","","2.3844","與燃料及能源相關活動（未納入範疇1或範疇2）","已完成母公司","N/A","","N/A","實施溫室氣體減量，以 2022年為基準，每年節電1%，於2030年減量到7%。","策略：藉由管理溫室氣體排放，落實減碳目標、發展低碳機會，強化競爭力。行動計畫：製程設備升級、空調與冷卻系統優化及照明系統節能化。","本公司每年配合台電政策節電1%。"
"=""4958""","臻鼎-KY","109,237.0000","已完成合併財務報表之母子公司","已完成合併財務報表之母子公司","有限確信","401,904.0000","已完成合併財務報表之母子公司","已完成合併財務報表之母子公司","有限確信","56,624.0000","購買之商品及勞務,與燃料及能源相關活動（未納入範疇1或範疇2）,上游運輸及配送,營運中產生之廢棄物,商務旅行,員工通勤,下游運輸及配送,已銷售產品生命週期結束之處理","已完成合併財務報表之母子公司","已完成合併財務報表之母子公司","合理保證等級","2.9800","2025年範疇一與範疇二之溫室氣體排放密集度減少40%以上（以2013年為基準年）","1) 2025年綠能減碳15%以上，2030年綠能減碳30%挑戰52%，2050年達成淨零排放 2) 推進已進行專案成效並引進新型節能減排技術(全熱式冰機、磁懸浮鼓風機、永磁電機、空壓餘熱回收、線體節能風刀、化學品回用、電機諧波檢測節能) 3) 持續推動綠色升級改造及循環經濟(金循環、銅循環等)，加速向卓越綠色企業之目標邁進","2024年範疇一與範疇二之溫室氣體排放密集度較基準年2013年下降69%"
"=""4960""","誠美材","14,504.7501","已完成母公司","N/A","","29,334.9120","已完成母公司","N/A","","59,591.0716","購買之商品及勞務,上游運輸及配送,營運中產生之廢棄物,商務旅行,員工通勤,下游運輸及配送","已完成母公司","N/A","","4.9100","以2020年為基準年(51,337噸CO2e)，2030年降低碳排30%，2040年碳排減半、2050年達成淨零排放的目標。","現階段工作重點在於致力提升能源效率(例如：冰機更新、鍋爐更新等)，與能源轉型(使用再生能源)等措施","2024年自評碳排放量低於減碳路徑圖，達成年度目標。"
"=""4961""","天鈺","245.3083","已完成母公司","已完成母公司","合理保證等級","1,125.2877","已完成母公司","已完成母公司","合理保證等級","112,243.7536","購買之商品及勞務,上游運輸及配送,營運中產生之廢棄物,員工通勤,下游運輸及配送","已完成母公司","已完成母公司","有限保證等級","0.1400","","",""
"=""4967""","十銓","78.1642","已完成母公司","已完成母公司","合理保證等級","938.1942","已完成母公司","已完成母公司","合理保證等級","599.6059","已銷售產品之使用","已完成母公司","已完成母公司","有限保證等級","0.0810","2023年為溫室氣體盤查基準年當年排碳量為2003.9362公噸，2024年排碳量為1615.9643公噸，減量目標為溫室氣體排放強度減少1%符合預期目標。 ","由於本公司非排碳大戶，目前已全面更換為LED燈節能減碳，且近期也已開始要求代工廠配合相關節能減碳政策，並從製程改善與產品用料減少排碳量。","每年溫室氣體排放強度減少1%符合預期目標。"
"=""4968""","立積","27.0043","已完成母公司","已完成母公司","不含保留意見","538.3440","已完成母公司","已完成母公司","不含保留意見","202.2790","購買之商品及勞務","已完成母公司","已完成母公司","不含保留意見","0.1537","本公司溫室氣體排放減量以2022年為基準年，目標五年內(2028)年溫室氣體排放減量減少3%。","1. 氣候風險與機會辨識：立積電子依各部門營運現況，考量公司產業特性及趨勢、營運據點之法規趨勢及所在地理特性等要素，篩選出與立積電子相關之12 項風險與機會，包含5 項轉型風險、2 項實體風險與5 項機會議題。 2. 立積電子重大氣候風險及機會：本公司依鑑別結果，以產品與服務強制法規、開發新市場、低碳產品與創新服務開發為本公司重大氣候風險及機會。我們依據市場現況、國際趨勢與外部研究報告，探討氣候風險與機會對公司潛在與實質的影響，並檢視自身資源投入及未來業務發展情況，制定相應的應對策略。 3. 量化氣候風險及機會財務影響：立積電子由實體風險、轉型風險與機會項目中各擇定一項重要議題進行量化分析，並以衝擊路徑法評估氣候風險與機會對營運造成之影響，擬定可能之量化方式並計算出各氣候議題的財務影響，以確保利害關係人能充分了解這些影響及其在財務規劃中的考量。","1. 持續運行ISO 14001環境管理系統及執行ISO 14064-1溫室氣體盤查並取得第三方查證，且有效地規劃及執行年度節能減碳方案。 2. 辦公室節能措施：鼓勵員工改變空調溫度設定及開啟時間的習慣、隨手關燈、落實電腦關機、會議結束後隨手關閉會議系統  、採取節能激勵活動、空調設備健診等，以降低能源使用。2024年起參與響應環境部「淨零綠生活」運動。 3. 持續評估並引進節能設備，如採用LED節能燈管並汰換傳統燈具、參與經濟部節能設備補助計畫。 4. 研發並設計低碳產品，以低耗能、高效率節能減碳為重要設計指標之一。 5. 推動日常營運之電子化並鼓勵日常減廢，如：以電子化文件取代紙本文件、鼓勵員工購飲料時自帶保溫杯，外食自帶筷子、湯匙等。 6. 自2023年起，與銀行承作綠色存款。 7. 自2024年起，導入再生能源使用計畫。"
"=""4976""","佳凌","702.5320","已完成母公司","N/A","","12,032.8530","已完成母公司","N/A","","N/A","","N/A","N/A","","11.2790","年減1%","汰舊換新，節約綠能","2023年12651.4792公噸CO₂e，2024年12734.8903公噸CO₂e；2030年前減少碳盤查類別1和類別2碳排放30 %的目標（以2023基準年），並希望2050年達成碳中和之目標"
"=""4977""","眾達-KY","52.1823","已完成合併財務報表之母子公司","N/A","","6,566.3617","已完成合併財務報表之母子公司","N/A","","N/A","","N/A","N/A","","6.0620","目標： 【短期】 1.	充分評估營運活動對環境造成的影響。 2.	建立可衡量之環境永續目標，並定期檢討目標發展之持續性及相關性 3.	訂定具體計畫或行動方案等執行措施，定期檢討其執行之成效 4.	年度實際用電量<年度預算用電量（用電預算達成率<100%）  【中長期】 1.	依據公司營運狀況與溫室氣體盤查結果，制定節能及溫室氣體減量策略，並將碳權取得納入減碳策略規畫。 2.	持續關注國內外溫室氣體管理趨勢，提升管理績效。  3.	參考國際通用之報告書編製準則或指引，將氣候相關資訊進行揭露，並委請協力廠商驗證單位進行外部查證 ","策略及方法： 1.	本公司修訂「永續發展實務守則」 ，隨環境變遷趨勢評估相關風險。 2.	稽核單位依據風險評估結果擬定年度稽核計劃 。 3.	每月進行高耗能設備節能評估與檢討改善進度。    4.	每年定期舉辦內部訓練宣導相關主題課程並留下記錄。 5.	法令等注意事項，於內部例行性會議或e-mail轉寄周知，未來依實際運作及時增修相關制度。 6.	於週會、月會進行行動有效性追蹤。於年末董事會報告當年度執行計畫及成果。  ",""
"=""4989""","榮科","177.2051","已完成合併財務報表之母子公司","已完成合併財務報表之母子公司","合理保證等級","51,851.7588","已完成合併財務報表之母子公司","已完成合併財務報表之母子公司","合理保證等級","23,116.7064","與燃料及能源相關活動（未納入範疇1或範疇2）","已完成合併財務報表之母子公司","已完成合併財務報表之母子公司","合理保證等級","17.3799","根據最新目標，LCYT承諾於2026年達成較2021年基準年減量20%的目標，2030年進一步達成減量30%，並以2050年實現淨零排放（Net Zero）為最終目標，展現公司對氣候變遷議題的長期承諾與行動決心。 ","李長榮科技為因應氣候變遷與配合國家溫室氣體減量政策，積極推動低碳轉型，減碳措施主要聚焦於節電與蒸氣使用效率提升，近年持續優化廠內設備，包括冰水幫浦陶瓷披覆、汰換冰水機及更換冷卻水塔風扇扇葉等，並於2023年開始使用再生能源電力（綠電憑證），展現企業對永續發展的承諾。未來將持續盤點高耗能設備，進行修繕或汰換，導入高效率節電設施，逐步實現低碳轉型的願景。 ","為配合國家溫室氣體減量政策與企業永續發展目標，李長榮科技自 2021 年起積極推動各項減碳措施，並於 2022 至 2024 年間展現具體成果。相較於 2021 年基準年，該公司溫室氣體年排放量分別減少 7971.67 噸、10703.10 噸及 17531.32 噸二氧化碳當量，累計減量幅度達 25.2%。此一成果顯示公司在能源效率提升、製程優化及低碳管理策略方面已取得顯著成效，展現企業對環境責任的高度重視與落實。此外，雖然碳密集度（每百萬元產值之碳排放量）於同期間略有上升，從 15.21 增至 17.38 噸二氧化碳當量，惟此現象主要係因產業結構調整與高附加價值產品占比提升所致，屬於轉型過程中可預期之現象。公司將持續透過智慧製造、綠色能源導入及供應鏈合作等方式，進一步降低碳密集度，朝向低碳高效的永續營運模式邁進。 "
"=""4994""","傳奇","0.0000","已完成合併財務報表之母子公司","N/A","","336.5900","已完成合併財務報表之母子公司","N/A","","N/A","","N/A","N/A","","N/A","","",""
"=""4999""","鑫禾","150.9711","已完成母公司","已完成母公司","合理保證等級","5,437.3084","已完成母公司","已完成母公司","合理保證等級","2,432.4649","與燃料及能源相關活動（未納入範疇1或範疇2）,上游運輸及配送,營運中產生之廢棄物,商務旅行,員工通勤,下游運輸及配送","已完成母公司","已完成母公司","有限保證等級","8.4356","","",""
"=""5007""","三星","4,386.0000","已完成合併財務報表之母子公司","已完成母公司","合理保證等級","32,931.0000","已完成合併財務報表之母子公司","已完成母公司","合理保證等級","191,215.0000","購買之商品及勞務,上游運輸及配送,營運中產生之廢棄物,商務旅行,員工通勤","已完成母公司","已完成母公司","有限保證等級","5.4725","三星科技母公司於111年首次依據 ISO 14064-1：2018進行組織型溫室氣體盤查，於民國113年以合併財務報告為邊界完成盤查，故113年度為溫室氣體減量基準年，其溫室盤查數據為範疇一：4386公噸，範疇二：32931公噸。","短期目標：執行期程為113〜119年，具體作為為落實能源管理系統，實施節能方案，目標為平均每年減少1%用電(全階段累積降低碳排7%)。 中期目標：執行期程為120〜129年，具體作為為主動發展太陽能發電以自發自用，增加綠電使用率以減低碳排，此階段目標為提高綠電使用率9%(降低碳排9%)。 長期目標：執行期程為130~139年，具體作為為配合政府擴建綠電要求，最大化建置太陽能發電或購買使用綠電，目標於139年達到碳中和。","1.113年進行節能減碳活動，公司及毗鄰子公司三星熱處理工廠及台灣鏵司企業(股)公司共推動節能管理方案計14件，總計113年節能用電度數約59.6萬度，節電率達1%，採行之節能措施以採用節能設計/控制之照明、空調更換為變頻機種、變頻之應用(壓力/溫度控制)為主。 2.113年太陽能光電發電自發自用度數為71.6萬度電，佔公司及毗鄰子公司三星熱處理工廠及台灣鏵司企業(股)公司總用電之1%。"
"=""5203""","訊連","17.5776","已完成合併財務報表之母子公司","已完成合併財務報表之母子公司","有限確信","456.7806","已完成合併財務報表之母子公司","已完成合併財務報表之母子公司","有限確信","317.8387","與燃料及能源相關活動（未納入範疇1或範疇2）,營運中產生之廢棄物,下游租賃資產","已完成合併財務報表之母子公司","N/A","","0.3831","溫室氣體減量的基準年設定為2023年，當年總公司及子公司在範疇一至範疇三的總碳排放密集度為0.4188 tCO2e。預計到2030年，總碳排放密集度將較基準年降低10~15%。此外，總公司將全面實施100%綠色用電，為自有辦公室提供能源。","(1) 每年增加綠色用電佔比10% (2)更換LED節能照明及節能設備(3)辦公無紙化","2024年總碳排放密集度較基準年減少約8.52%，未來將持續追踨檢視以達成上述目標"
"=""5215""","科嘉-KY","N/A","N/A","N/A","","N/A","N/A","N/A","","N/A","","N/A","N/A","","N/A","","",""
"=""5222""","全訊","16,042.5881","個別報表所有廠區","N/A","","2,282.7025","個別報表所有廠區","N/A","","N/A","","N/A","N/A","","14.0781","","",""
"=""5225""","東科-KY","1,146.4500","已完成母公司,EASTECH (不含ScS)","已完成母公司,EASTECH (不含ScS)","有限確信","11,145.2125","已完成母公司,EASTECH (不含ScS) ","已完成母公司,EASTECH (不含ScS) ","有限確信","34,978.0789","購買之商品及勞務,與燃料及能源相關活動（未納入範疇1或範疇2）,上游運輸及配送,營運中產生之廢棄物,商務旅行,員工通勤,下游運輸及配送","已完成母公司,EASTECH (不含ScS) ","已完成母公司,EASTECH (不含ScS) ","有限確信","0.9908","東聲惠州：到2028 年之前，單位營業額溫室氣體排放量在2023 年水準基礎上降低2%。通過分年分階段改善的實現來達成。因廠房非自有資產無法架設太陽能屋頂設施，最主要是節省電力。 越南EAVN：2024 年開始公司計畫投資購買太陽能發電裝置，7 月投入使用，裝機容量占比10%，因此總排放量能減少7%-8%。2025年計畫再次擴大太陽能面板舖設面積，因適逢關稅戰干擾，公司會再做整體評估考量。","一、採用高效率的光源，更新照明設備。 二、改善電動機使用效率以節省用電。 三、改善功率因素。功率因素低，表示無效電力偏大，也會使線路電流增大，而增加線路及用電設備的電力損失。在靠近負載端的地方，加裝電容器，以提高功率因數。 四、採用高效率變壓器，調整變壓器組之負載以提高變壓器的效率。 五、善用空調系統，減輕電費負擔。採用新式省電設備及系統高效率泵浦系統、全熱交換器、儲冷式空調系統及吸收式空調系統、瓦斯引擎熱泵等，具有省能、儲冷、廢熱利用之功能。","越南EAVN：2024 年開始公司計畫投資購買太陽能發電裝置，7 月投入使用，裝機容量占比10%，因此總排放量能減少7%-8%。"
"=""5234""","達興材料","761.1660","已完成合併財務報表之母子公司","已完成合併財務報表之母子公司","合理保證等級","6,316.7700","已完成合併財務報表之母子公司","已完成合併財務報表之母子公司","合理保證等級","15,575.5070","購買之商品及勞務,與燃料及能源相關活動（未納入範疇1或範疇2）,上游運輸及配送,營運中產生之廢棄物,商務旅行,下游運輸及配送","已完成合併財務報表之母子公司","已完成合併財務報表之母子公司","有限保證等級","1.7200","1. 溫室氣體減量基準年：111年；排放量7,341公噸CO₂e (範疇1及範疇2) 2. 溫室氣體減量目標：119年排放量減少20% (不超過5,873公噸CO₂e) (註：減量目標計算以既有廠區為範疇，排除112年後正式量產啟用的新建廠房(中港廠半導體材料廠房))","1. 提升能源效率：每年推動節能措施列管，藉由採用節能設備、運轉改善提升能源使用效率。 2. 使用再生能源：透過投資太陽能發電設備、採購市場綠電，擴大再生能源使用。 3. 建構低碳廠區：每年完成溫室氣體查證，從中掌握廠區排碳熱點，引進低碳冷媒等轉型行動。","1. 113年溫室氣體總排放量7,078公噸CO₂e(範疇1及範疇2)，較基準年111年減量約3.6% (既有廠房減量約10.9%) 2. 113年氣候行動成果：擴大節能措施達32件，年度節電率提升至3%，持續提升製程能效。再生能源首次導入太陽能設備自發自用，新建廠房再生能源使用比例達10.1%，並簽訂再生能源購電契約，持續增加綠電應用。"
"=""5243""","乙盛-KY","5,155.3965","已完成合併財務報表之母子公司","已完成合併財務報表之母子公司","合理保證等級","27,104.8681","已完成合併財務報表之母子公司","已完成合併財務報表之母子公司","合理保證等級","104,736.9920","購買之商品及勞務,資本財,上游運輸及配送,營運中產生之廢棄物,商務旅行,員工通勤,上游租賃資產","已完成合併財務報表之母子公司","已完成合併財務報表之母子公司","有限保證等級","2.4637","","",""
"=""5244""","弘凱","28.7700","已完成合併財務報表之母子公司","N/A","","3,189.2500","已完成合併財務報表之母子公司","N/A","","N/A","","N/A","N/A","","N/A","","",""
"=""5258""","虹堡","115.3670","已完成合併財務報表之母子公司","已完成合併財務報表之母子公司","有限確信","1,309.6420","已完成合併財務報表之母子公司","已完成合併財務報表之母子公司","有限確信","25,230.7758","購買之商品及勞務,與燃料及能源相關活動（未納入範疇1或範疇2）,上游運輸及配送,營運中產生之廢棄物,商務旅行,員工通勤","已完成合併財務報表之母子公司","已完成合併財務報表之母子公司","有限確信","0.7113","基準年因擴大盤查範疇改為2024年","",""
"=""5269""","祥碩","1.2324","已完成母公司","已完成母公司","合理保證等級","571.0891","已完成母公司","已完成母公司","合理保證等級","17,295.8962","購買之商品及勞務","已完成母公司","N/A","","0.0708","範疇一：2024年碳排量為1.2324公噸CO2e，設定之目標為29.4015公噸CO2e，故2024年已達標 範疇二：2024年碳排量為571.0891公噸CO2e，設定之目標為649.6238公噸CO2e，故2024年已達標","祥碩的辦公室短中長期節能減碳計畫，主要分為三個方案：MIS機房空調、辦公室冷氣及燈具陸續汰換為節能標章產品，並設定短中長期目標以追蹤進度與成效。MIS機房全面採用節能空調系統已於2021年完成目標；截至2024年，辦公室冷氣汰換比例與主要照明節能燈具占比分別為40.8%及95.9%，皆符合中期目標的執行計畫。 採用節能空調系統-MIS機房：2021年已全面採用 短期目標(2021年)： 1. 分離式冷氣汰換為變頻空調：10%汰換(已達標) 2. 主要照明節能燈具占比：90%(已達標)  中期目標(2022-2026年) 1. 分離式冷氣汰換為變頻空調：預計於2025年汰換40%，截至2024年已汰換40.8% 2. 主要照明節能燈具占比：預計於2026年達到100%更換，截至2024年占比已達95.9%  長期目標(2027年之後) 分離式冷氣汰換為變頻空調：預計於2028年汰換70%，於2032年汰換100%","截至2024年，辦公室冷氣汰換比例與主要照明節能燈具占比分別為40.8%及95.9%，皆符合中期目標的執行計畫。"
"=""5283""","禾聯碩","7,502.3482","已完成母公司,聯碩電器股份有限公司及禾雄電器股份有限公司","N/A","","1,406.2505","已完成母公司,聯碩電器股份有限公司及禾雄電器股份有限公司","N/A","","1,899.9497","購買之商品及勞務,上游運輸及配送,營運中產生之廢棄物,商務旅行,員工通勤,下游運輸及配送","已完成母公司,聯碩電器股份有限公司及禾雄電器股份有限公司","N/A","","1.3883","","",""
"=""5284""","jpp-KY","1,229.9300","Jinpao Soi 11 + 12 廠區 ","Jinpao Soi 11 + 12 廠區 ","合理保證等級","4,995.8400","Jinpao Soi 11 + 12 廠區 ","Jinpao Soi 11 + 12 廠區 ","合理保證等級","12,933.6300","購買之商品及勞務,與燃料及能源相關活動（未納入範疇1或範疇2）,營運中產生之廢棄物,商務旅行,員工通勤,下游運輸及配送","Jinpao Soi 11 + 12 廠區 ","Jinpao Soi 11 + 12 廠區 ","有限確信","1.7395","2022為基準年20,695.29公噸，2030碳排密度計畫減少15%，2040碳排密度計畫減少30%，2050碳排密度計畫減少50%，2065計畫實現淨零排放","#1.太陽能項目建設:計劃2027年在新廠區（CNC大樓及Grinding廠區）啟動第三期屋頂太陽能板建設，預計年發電量可達1.5百萬千瓦時（Mega kWh）#2.綠電認購: 已完成泰國政府綠電專案（UGT）註冊，後續將於2030年採購約3百萬千瓦時（Mega kWh）的環保綠電作為補充。","2023年減量 5.28%、2024年減量2.26%"
"=""5285""","界霖","222.0112","已完成母公司","已完成母公司","合理保證等級","5,106.7717","已完成母公司","已完成母公司","合理保證等級","N/A","","N/A","N/A","","2.8269","本公司溫室氣體盤查基準年為2023年(民國112年),年度排放當量為5,823.931公噸CO2e.本公司依當前景氣狀況與內外部情形,初步設定短期(1-3年內)與中期(3-5年)分別減量達0.5%與1%. ","本公司於2024年開始推動溫室氣體盤查計畫，預計於盤查結束後，依碳排來源進行分析，並依營業目標、機器設備效能，擬定減量目標與行動計畫。界霖科技因應綠能科技發展，持續著力於新能源車與再生能源應用相關領域發展，開發符合效能之功率導線架，未來，我們將評估朝著邁向設定科學基礎減碳倡議(SBTi)1.5度C目標努力。","本公司2023年度經外部查證單位查證溫室氣體排放當量為5,823.931公噸CO2e,2024年度溫室氣體排放當量為5,328.783公噸CO2e,排放減少約495公噸CO2e"
"=""5288""","豐祥-KY","8,541.5118","已完成母公司,子孫公司BVI、台灣豐祥、美國豐祥、香港豐祥及越南VPIC1","已完成母公司,子孫公司BVI、台灣豐祥、美國豐祥、香港豐祥及越南VPIC1","合理保證等級","27,705.7191","已完成母公司,子孫公司BVI、台灣豐祥、美國豐祥、香港豐祥及越南VPIC1","已完成母公司,子孫公司BVI、台灣豐祥、美國豐祥、香港豐祥及越南VPIC1","合理保證等級","152,876.1876","購買之商品及勞務,資本財,與燃料及能源相關活動（未納入範疇1或範疇2）,上游運輸及配送,營運中產生之廢棄物,商務旅行,員工通勤,下游運輸及配送","已完成母公司,子孫公司BVI、台灣豐祥、美國豐祥、香港豐祥及越南VPIC1","母公司開曼豐祥，子孫公司BVI、台灣豐祥、美國豐祥、香港豐祥及越南VPIC1","有限保證等級","25.9668","【基準年及其數據】 原基準年為2022年223,052.6420噸CO2e，因疫情解封營運活動改變，同時受大環境不景氣影響，故2023年調整為基準年162,936.9361噸CO2e。  【減量目標】 2024年減量目標為越南VPIC1每年減排3%，台灣豐祥每年減排2%；中期減量目標(2024-2030年)為主要基地越南VPIC1每年減排3%，台灣豐祥每年減排2%；長期減量目標(2031-2050年)為主要基地越南VPIC1每年減排5%，台灣豐祥每年減排3%。","(一) 母公司及子公司導入ISO 14064-1溫室氣體盤查並取得第三方驗證，並持續每年進行盤查。 (二) 主要基地越南VPIC1及台灣豐祥導入ISO 50001能源管理系統並取得第三方驗證，並持續每年推動節能減碳行動方案。 (三) 因應歐盟CBAM之EU ETS申報，越南VPIC1導入ISO 14067產品碳足跡盤查導入，並於2024年1月底完成第一次CBAM申報，2024年2月完成產品碳足跡盤查制度建置，待正式查證規範公布即進行查證。 (四) 目前越南VPIC1正在評估自建太陽能或購買綠電可能性，逐步邁向淨零排放。","因本年度新增電鍍產線影響，2024年較2023年增加26,186.4824噸CO2e，未達成減碳目標。 密集度(公噸CO2e /百萬元) ，2024年較2023年增加3.57噸CO2e/百萬營收，較去年同期增加15.94%。"
"=""5292""","華懋","55.0000","母公司工廠","N/A","","171.0000","母公司工廠","N/A","","N/A","","N/A","N/A","","0.1140","","",""
"=""5306""","桂盟","1,900.4171","桂盟國際股份有限公司、桂盟企業股份有限公司、凱盟股份有限公司、科恩斯工業股份有限公司、桂盟鏈條(深圳)有限公司、超匯桂盟傳動(天津)有限公司、超匯桂盟傳動(蘇州)有限公司、深圳市科恩斯汽車零配件有限公司、桂盟鏈條(越南)責任有限公司","N/A","","15,841.3084","桂盟國際股份有限公司、桂盟企業股份有限公司、凱盟股份有限公司、科恩斯工業股份有限公司、桂盟鏈條(深圳)有限公司、超匯桂盟傳動(天津)有限公司、超匯桂盟傳動(蘇州)有限公司、深圳市科恩斯汽車零配件有限公司、桂盟鏈條(越南)責任有限公司","N/A","","112,709.2501","購買之商品及勞務","桂盟國際股份有限公司、桂盟企業股份有限公司、凱盟股份有限公司、科恩斯工業股份有限公司、桂盟鏈條(深圳)有限公司、超匯桂盟傳動(天津)有限公司、超匯桂盟傳動(蘇州)有限公司、深圳市科恩斯汽車零配件有限公司、桂盟鏈條(越南)責任有限公司","N/A","","3.2026","台灣主要營運範圍(桂盟國際股份有限公司、桂盟企業股份有限公司)以2021年為基準年，範疇1+2總排放量為3,374.0541公噸CO2e，目標每年減碳3%，2030年範疇一、二相較基準年至少減少25%以上。","本公司為確實管理各子公司溫室氣體排放量，成立溫室氣體內部盤查小組，於2023年引進碳管理平台，透過系統化的計算及時掌握各子公司盤查狀況，另為加強生產製造與溫室氣體排放連結，以產品碳足跡概念推動內部碳KPI管理制度。 2024年桂盟鏈條(深圳)有限公司與深圳市科恩斯汽車零配件有限公司自2024年起100%使用再生能源；桂盟企業股份有限公司完成電力管理節能系統的建置，預計每年可節省80萬度；超匯桂盟傳動(天津)有限公司與超匯桂盟傳動(蘇州)有限公司分別於廠區屋頂設置太陽能板自發自用，發電量約各占總用電量17.35%及7.6%。","桂盟國際股份有限公司、桂盟企業股份有限公司、科恩斯工業股份有限公司、桂盟鏈條(深圳)有限公司、超匯桂盟傳動(天津)有限公司、超匯桂盟傳動(蘇州)有限公司、深圳市科恩斯汽車零配件有限公司、桂盟鏈條(越南)責任有限公司2024年範疇一、二碳排總量，相較前一年降低23%。"
"=""5388""","中磊","632.2429","已完成母公司,母公司（台北總部、竹南製造中心）以及蘇州、菲律賓製造中心","已完成母公司,母公司（台北總部、竹南製造中心）以及蘇州、菲律賓製造中心","母公司、蘇州為合理保證，菲律賓為有限保證","20,884.6086","已完成母公司,母公司（台北總部、竹南製造中心）以及蘇州、菲律賓製造中心","已完成母公司,母公司（台北總部、竹南製造中心）以及蘇州、菲律賓製造中心","母公司、蘇州為合理保證，菲律賓為有限保證","3,967,987.0880","購買之商品及勞務,資本財,與燃料及能源相關活動（未納入範疇1或範疇2）,上游運輸及配送,營運中產生之廢棄物,商務旅行,員工通勤,下游運輸及配送,已銷售產品之加工,已銷售產品生命週期結束之處理","已完成母公司,母公司以及蘇州、菲律賓製造中心","已完成母公司,母公司以及蘇州、菲律賓製造中心","母公司、蘇州為合理保證，菲律賓為有限保證","0.3789","中磊已於2023年簽署SBTi 承諾書，並於2025年審核目標通過，因此重設基準年為2023年。2023年範疇1與範疇2排放為 27,020.47 公噸CO2e；範疇3排放為  6,834,583.09 公噸CO2e，資料邊界為母公司、蘇州、菲律賓製造中心。 減量目標： 範疇1與範疇2：至2030年減少42%絕對溫室氣體排放量 範疇3（涵蓋採購商品與服務及已售產品使用）：於相同期程內減少25%。","延續2023年氣候相關風險評估結果，研擬及提出因應策略與計畫，強化中磊對氣候變遷應變能力，包含： 1.	訂定2050年淨零排放目標：中磊於2023年簽署科學基礎減量目標倡議(Science Based Target initiative, SBTi)承諾書，依據1.5℃升溫情境規劃減量路徑，並於2025年完成目標審查。 2.	推動綠色產品之創新研發：落實綠色設計、綠色生產及綠色採購等目標，在設計階段即針對降低能源耗用及材料使用減輕對生態環境的負擔，以提供友善生態的高效能產品。 3.	永續供應鏈管理：邀請供應商夥伴加入減碳行動，辦理供應商大會及教育訓練，強化其溫室氣體盤查相關知識，為價值鏈減碳建立基礎，逐步推動範疇三減碳之行動。","2024年中磊(母公司、蘇州、菲律賓製造中心)所盤查之溫室氣體，已於2025年6月皆取得第三方查證聲明書，減量目標達成情形如下： 範疇1與範疇2：較2023年減少20.37%（市場基準） 範疇3：較2023年減少41.94%"
"=""5434""","崇越","319.8500","已完成母公司","已完成母公司","合理保證等級","792.1200","已完成母公司","已完成母公司","合理保證等級","430,084.2500","購買之商品及勞務,與燃料及能源相關活動（未納入範疇1或範疇2）,上游運輸及配送,營運中產生之廢棄物,商務旅行,員工通勤,下游運輸及配送,已銷售產品之使用,已銷售產品生命週期結束之處理,投資","已完成母公司","已完成母公司","有限保證等級","0.0355","崇越通過SBT科學基礎減量目標設定，以111年為基準年，規劃於119年達成近期目標減量42.5%，於139年以碳中和達成淨零目標。 ","崇越(母公司)基準年為111年，其範疇一及範疇二 排放量分別為315.57噸CO2e及825.11噸CO2e，希望透過下列具體行動進一步落實每年度較基準年減量4.2%，以達成119年(2030年)減量42.5%之目標。 1.119年起逐步汰換為電動公務車。 2.綠電導入計畫： 113年導入使用14萬度綠電(相較於112年增量100%)，將以多元化方式逐年提升綠電使用。 3.減少IT基礎設施能源消耗作為：全面進行舊版主機升級作業，提升效能的同時降低單位運算能耗。建立多雲架構能提升業務彈性與成本效益，並有效降低 IT 環境的總體能耗。 ","113年崇越(母公司)範疇一+二，相較於基準年下降2.5%；已達減量，但未達目標值。  113年碳排密度為0.0355(公噸CO2e/ 百萬元)，相較於112年下降15%。"
"=""5469""","瀚宇博","1,057.0000","已完成母公司","已完成母公司","合理保證等級","19,856.8067","已完成母公司","已完成母公司","合理保證等級","40.7650","商務旅行","已完成母公司","已完成母公司","有限確信","2.8880","自2024年起以每年削減溫室氣體排放量1%以上做為減量目標","",""
"=""5471""","松翰","N/A","N/A","N/A","","713.0000","已完成母公司","N/A","","N/A","","N/A","N/A","","0.2989","本公司屬實收資本額50億元以下之公司別，應於第三階段(115年)適用溫室氣體盤查及查證，本公司之合併子公司(包含合併報表報導個體之各子公司)應於第四階段(116年)適用溫室氣體盤查及查證。目前以每年持續降低溫室氣體排放量1％目標，持續朝節能減碳愛護地球之低碳企業目標前進。","本公司屬實收資本額50億元以下之公司別，應於第三階段(115年)適用溫室氣體盤查及查證，本公司之合併子公司(包含合併報表報導個體之各子公司)應於第四階段(116年)適用溫室氣體盤查及查證。故尚未進行減量策略與具體行動計畫之設定。","本公司將113年設為溫室氣體減量之基準年，故尚無溫室氣體減量目標達成之情形。"
"=""5484""","慧友","N/A","N/A","N/A","","N/A","N/A","N/A","","N/A","","N/A","N/A","","N/A","","",""
"=""5515""","建國","97.9774","建國工程股份有限公司及新北市、台北市、台南市及高雄市等工地，共12處(含總公司及11處工地)。","建國工程股份有限公司及新北市、台北市、台南市及高雄市等工地，共12處(含總公司及11處工地)。","合理保證等級","989.8641","建國工程股份有限公司及新北市、台北市、台南市及高雄市等工地，共12處(含總公司及11處工地)。","建國工程股份有限公司及新北市、台北市、台南市及高雄市等工地，共12處(含總公司及11處工地)。","合理保證等級","137,937.9250","購買之商品及勞務,與燃料及能源相關活動（未納入範疇1或範疇2）,上游運輸及配送,營運中產生之廢棄物,員工通勤","建國工程股份有限公司及新北市、台北市、台南市及高雄市等工地，共12處(含總公司及11處工地)。","建國工程股份有限公司及新北市、台北市、台南市及高雄市等工地，共12處(含總公司及11處工地)。","有限確信","22.7590","","",""
"=""5519""","隆大","9.1100","揭露以本公司為主體，部份資訊涵蓋子公司。","N/A","","702.7900","揭露以本公司為主體，部份資訊涵蓋子公司。","N/A","","N/A","","N/A","N/A","","0.1139","","",""
"=""5521""","工信","465.1530","已完成母公司","N/A","","1,614.8870","已完成母公司","N/A","","N/A","","N/A","N/A","","0.3000","基準年：目前基準年為2018年(將於進行第三方確信後修正基準年) 數據：2018年溫室氣體排放量3,234.903公噸CO2e              2024年溫室氣體排放量2,080.040公噸CO2e              2018溫室氣體排放密集度0.85              2024溫室氣體排放密集度0.30 減量目標：          短期：(1-3年)          希望達到每年減少溫氣體排放2%以上。          中期：(3-10年)          預計到2030 年累計減碳達50%。          長期：(~2050)          至中期以後每年減碳量不小於3%，以邁向淨零排碳為目標。","短期：(1-3年) 1.工區採用太陽能警示燈。 2.將公務車(不含工程車)半數汰換為油電混合車。 3.新分包承攬契約將公司短、中、長期節能減碳策略寫入，要求廠商之出入工   地車輛及機具需符合本公司節能減碳策略。 中期：(3-10年) 1.將公務車(不含工程車)全數汰換為油電混合車。 2.所有分包承攬契約將公司短、中、長期節能減碳策略寫入，要求廠商之出   入工地車輛及機具需符合本公司節能減碳策略。 長期：(~2050) 1.將公務車(不含工程車)全面汰換為電動車。 2.有效降低營建過程產生的碳排放。 3.本公司及分包廠商使用機具設備皆使用省電產品。","2024年較2018基準年累計減量1,154.863公噸CO2e;減碳率為35.70% 2024年排放密集度較2018基準年減少64.71%"
"=""5522""","遠雄","77.5706","已完成合併財務報表之母子公司","已完成合併財務報表之母子公司","合理保證等級","3,550.5798","已完成合併財務報表之母子公司","已完成合併財務報表之母子公司","合理保證等級","243,190.5413","購買之商品及勞務,營運中產生之廢棄物,商務旅行,已銷售產品之使用","已完成合併財務報表之母子公司","已完成合併財務報表之母子公司","有限保證等級","11.0192","因2024年擴大盤查邊界(新增類別四及五盤查項目)，故選定2024年作為基準年，使溫室氣體排放量相關資訊具比較意義，有助於追蹤2025年溫室氣體排放變化情形，並擬出相對應的減碳策略。","1.低碳轉型：減少建築生命週期與總部營運碳足跡及能源使用，並管理氣候風險與機會，以因應低碳經濟發展。 2.循環利用：透過資源減量、回收及循環利用，以減少建築生命週期與總部營運的環境衝擊。 3.夥伴協作：透過供應商管理及生態圈夥伴協作，建構永續產業鏈。","1.推動低碳建築：「遠雄洄山行」住宅案獲得LCBA 合格級低碳建築候選認證之殊榮，未來使用60年將可減碳2,454公噸。 2.磁磚回收計劃：與冠軍磁磚合作推出磁磚循環再生計劃，累計回收98,910kg廢磚，新建案「遠雄夏沐」及「遠雄星呈」共使用438萬塊再生磁磚，成功將98噸營建廢棄物再生利用，落實資源循環再利用。 3.落實綠色施工：「遠雄Park 16」採用鋁模板工法，已減少59,000㎡的木模板使用量，減碳59,200kgCO2e。"
"=""5525""","順天","23.8986","已完成母公司","N/A","","381.6371","已完成母公司","N/A","","91.8031","購買之商品及勞務,上游運輸及配送,員工通勤","已完成母公司","N/A","","0.1455","•基準年：2022年 •短期目標：2025年碳排放總量較2022年減少 1% •中期目標：2026年較2022年減少 3% •長期目標：2050年達成碳中和","•建築節能設計：導入高效遮陽、屋頂隔熱、自然通風與太陽能系統，提升建築能源效率。 •辦公場域管理：導入氣冷式變頻空調與高效LED照明，規劃定時控制與智能感應系統，有效降低能耗。 •綠色採購制度：擴大採購減碳建材（如高爐水泥打底材）與ISP循環制服，支持低碳供應鏈。 •能源教育與文化內化：辦理氣候變遷與節能減碳教育訓練，提升同仁環境意識。","本公司設定2025年碳排放總量較2022年減少1%為短期目標，惟2024年度盤查結果顯示總排放量為497.34公噸CO2e，較基準年上升約90%。此一變化主要係因盤查範圍擴增，納入新增營運據點與貨物運輸項目，導致排放總量顯著增加。未來，公司將持續檢視現行減量策略的可行性與執行進度，適時調整管理措施與行動方案，並定期向董事會報告推動成果，確保在科學依據與務實步調下，穩健朝向2050年淨零排放目標邁進。"
"=""5531""","鄉林","2,226.7672","已完成合併財務報表之母子公司","已完成合併財務報表之母子公司","合理保證等級","8,233.1585","已完成合併財務報表之母子公司","已完成合併財務報表之母子公司","合理保證等級","N/A","","N/A","N/A","","2.5462","為規劃溫室氣體減量策略，本公司於民國113年以母公司個體及合併報表子公司財務報告為邊界完成盤查，此為依照臺灣證券交易所111年3月21日台證治理字第1110004505號公文規定辦理，113年度為溫室氣體盤查及查證基準年，其範疇一及範疇二排放量分別為2226.7672噸及8233.1585噸CO2e排放當量，希望透過下列具體行動進一步落實114年度較試做基準年減量3~5%，未來將自基準年113年起每年至少減量3-5%以達成119年(2030年)減量20%之目標。","本公司將碳管理融入營運策略之中，包含導入內部碳定價機制、碳管理平台、ESG績效連結員工獎酬等機制，尋求減碳突破點。因應國際碳定價趨勢，本公司已考量國際碳市場價格、溫室氣體相關法規的碳價及公司內部減碳成本擬定內部碳價，並依此作為減碳管理與規劃之參考。透過碳定價機制的運作，及早因應我國「氣候變遷因應法」將徵收的碳費、全球各國之碳排放相關監管機制，以及「再生能源發展條例」提升綠電使用比例之要求等內外部帶來的減碳壓力與風險；本公司亦可藉此機制評估低碳轉型帶來的機會，滾動式調整相關政策與方案，發展如製程改善、碳捕捉與封存等前瞻減碳技術或低碳投資。此外，亦透過碳管理平台系統化整合全集團的排放資訊，即時掌握碳管理所需資訊，並可針對多項溫室氣體減量計畫展開全方面監管，包含提高能源效率、購買節能機台、建置太陽能發電系統、溫室氣體原物料源頭減量、設置高效率溫室氣體破壞設備、評估採用低碳燃料/能源及負碳技術開發等措施，確保減量符合進程，以積極態度降低碳排放衝擊並提升營運競爭優勢。  而為使管理階層、執行團隊、全體員工一同達成溫室氣體減量目標，提升能資源效率，重要計畫目標均已納入營運績效指標當中，作為員工績效考核與分紅之獎勵依據，落實當責管理精神。 ","114年將落實減量策略及具體行動計畫達成減量目標"
"=""5533""","皇鼎","N/A","N/A","N/A","","69.1386","已完成母公司,子公司：建喬營造股份有限公司","N/A","","N/A","","N/A","N/A","","0.0309","","",""
"=""5534""","長虹","1.5812","已完成母公司","N/A","","17.6167","已完成母公司","N/A","","3.8863","與燃料及能源相關活動（未納入範疇1或範疇2）","已完成母公司","N/A","","0.0005","從本公司排碳量分析，可以發現範疇一逸散造成的碳排放量占比最高，深入盤查後，主要是冷媒產生的逸散量所造成，未來除了鼓勵員工節約能源外，若設備已過舊未來需要購置新設備時，節能標章仍為首選。","可以發現範疇二電力造成的碳排放量為17.617公噸CO2e，為範疇一、範疇二、範疇三，排碳量最高，未來考量裝置智慧電表，可以24小時監控，深入了解哪些地方是熱點，未來為優先改善。","可以發現範疇三主要造成的碳排放量為水資源，也就是自來水，持續推動節水，若設備需要更替，具有節水標章為優先購買的設備。"
"=""5538""","東明-KY","2,780.9660","已完成母公司,已完成合併財務報表之母子公司","已完成母公司","有限確信","14,858.2000","已完成母公司,已完成合併財務報表之母子公司","已完成母公司","有限確信","1,205.0000","商務旅行,下游運輸及配送","已完成母公司","N/A","","1.4063","2023 年 及其數據為 14,617.118 公噸 CO 2 e( 範疇一、二)","短期目標->單位能耗產生之溫室氣體排放量減少1%(含)以上(範疇一 +範疇二)。 中長期目標->單位能耗產生之溫室氣體排放量累計減少5~10%;以碳中和為目標。","1. 建置太陽能發電設備 2. 定期檢修排汙設備 3. 更換節能型變壓器 4. 導入智慧能源系統，有效管理用電量 5. 持續更換成電瓶叉車，降低工廠碳排 6. 已完成電機設備全面性汰換成二級能效 ->各項排汙指標(VOC、臭氣濃度)均能達標"
"=""5546""","永固-KY","N/A","N/A","N/A","","N/A","N/A","N/A","","N/A","","N/A","N/A","","N/A","","",""
"=""5607""","遠雄港","3,102.7601","已完成合併財務報表之母子公司","N/A","","15,988.4620","已完成合併財務報表之母子公司","N/A","","11,091.6614","與燃料及能源相關活動（未納入範疇1或範疇2）,商務旅行,下游租賃資產","已完成合併財務報表之母子公司","N/A","","0.0055","基準年為2024，目標為較前一年度減少1%","1.冷鏈倉節能管理，因冷鏈倉啟用導致用電上升，進口部與工程部配合季節調整空調設定，適時關閉區域系統以降低能耗。 2.智慧監測與持續優化，透過長期數據監控，持續追蹤碳排放並優化能耗管理，朝向永續營運目標邁進。 3.導入智慧倉儲科技，應用 OCR 智慧辨識進倉管理系統，自動化取代人工作業，提升效率、降低錯誤，並實現「無紙化」、「即時化」管理。","雖因冷鏈倉等新設施啟用，整體能源使用與溫室氣體排放量較前期有所增加，但本公司已同步推動多項節能減碳措施（如 LED 照明汰換、空調優化、電動堆高機導入等），有效減緩排放成長速度。"
"=""5608""","四維航","16,638.1668","已完成母公司,母公司(辦公室+綠舞1 號)及子孫公司船隊","已完成母公司,母公司(辦公室+綠舞1 號)及子孫公司船隊","合理保證等級","193.8221","已完成母公司,母公司(辦公室+綠舞1 號)及子孫公司船隊","已完成母公司,母公司(辦公室+綠舞1 號)及子孫公司船隊","合理保證等級","320,662.1862","商務旅行,員工通勤,下游租賃資產","已完成母公司,母公司(辦公室+綠舞1 號)及子孫公司船隊","已完成母公司,母公司(辦公室+綠舞1 號)及子孫公司船隊","有限保證等級","96.6201","為規劃溫室氣體減量策略，本公司於 2023 年正式導入 ISO 14064-1 組織型溫室氣體盤查，以母公司及船舶營運子孫公司為報告邊界，故基準年為 2023 年，其範疇一及範疇二排放量分別為14453.081公噸 CO2e 及118.669公噸 CO2e，並自基準年起每年至少減量 2.9% 以達成 2030 年減量 20% 之目標。   短期目標（2024~2030年） · 總部辦公室碳排下降20%，執行節能巡邏隊建議 · 船隊減排20% 中長期目標（2031~2050年） · 2040年船隊減排70% · 2050年達淨零排放，維持節能政策並配合政府要求","船隊 · 出售三艘老舊船舶，加入一艘新型節能船舶，以建立輕齡、環保省油新型船隊，主機平均每日耗油量約可降低29.65MT，減少溫室氣體排放貢獻約10.6740公噸CO2e/。 · 經第三方認證機構ClassNK諮詢服務有限公司（NKCS）計算過後，船隊部分船舶加裝主機減速裝置（Engine Power Limitation, EPL）來降低溫室氣體排放量，以符合EEXI的要求。  · 在船殼防污底系統導入使用有機矽基型防污漆，降低航行阻力，增加燃油能效並保護海洋生物多樣性。 · 船舶安裝螺旋槳轂帽鰭可有效降低耗油量。 · 船上照明陸續改裝LED燈， 2024年公司屬輪完成全船LED燈泡改裝工程，預估可降低年耗油量約28.64公噸/船，每年減少溫室氣體排放貢獻約10.3104公噸CO2e/船。  總部辦公室 · 汰換燃油公務車，引入2輛油電混合動力車，燃油耗用較2023年度節省799.6公升，換算比率為31.61%，減少溫室氣體排放貢獻約2.3348公噸CO2e/年。 · 總部辦公室落實監控空調系統，適時調整空調運轉時間。 · 機密文件銷毀改採水銷方式，2024年銷毀2,010kg，較傳統焚燒銷毀方式可減少0.7236公噸CO2e溫室氣體排放。 · 員工入口網站使用Microsoft Azure雲端伺服器架設，與傳統機架式伺服器相較，推估可降低溫室氣體排放約2.0568公噸 CO2e/年。","因配合國際海事組織 (IMO) 調整海運業減碳策略，本公司隨之調整減碳目標，並導入 ISO 14064-1 而重設基準年為 2023 年。  檢視本公司 2023年與 2024 年溫室氣體排放數據與密集度，已達所設定之減碳目標，總排放量2024 年較 2023年減少 10.14% ，密集度 ( 公噸 CO2e / 延噸海浬 ) 亦有下降。"
"=""5706""","鳳凰","41.7267","已完成母公司","N/A","","166.6734","已完成母公司","N/A","","N/A","","N/A","N/A","","N/A","","",""
"=""5871""","中租-KY","4,867.5945","已完成合併財務報表之母子公司","已完成合併財務報表之母子公司，唯不含共享辦公室及汽車短租站","合理保證等級","8,266.5100","已完成合併財務報表之母子公司","已完成合併財務報表之母子公司，唯不含共享辦公室及汽車短租站","合理保證等級","4,858,258.9612","購買之商品及勞務,資本財,上游運輸及配送,營運中產生之廢棄物,商務旅行,員工通勤,上游租賃資產,下游運輸及配送,已銷售產品之加工,已銷售產品之使用,已銷售產品生命週期結束之處理,下游租賃資產,投資","已完成合併財務報表之母子公司","包括投融資組合、燃料和能源相關活動、商務旅行、採購商品與服務與廢棄物運送及焚化項目，其他項目自行盤查細節請參閱2024年中租控股永續報告書附錄06-環境相關數據。 ","合理保證等級","0.1300","中租控股長期響應政府溫室氣體減量目標，透過組織型溫室氣體盤查工作，掌握碳排放量，進而規劃溫室氣體減量行動方案。 且已於2024年遞交科學基礎減碳目標（Science Based Targets , SBT）承諾書，並規畫減碳路徑，排放以2023年為基準年，目標於2030年前溫室氣體排放量減少42%。","策略 1.辨識氣候與自然風險，評估對授信業務的影響 2.辨識氣候與自然機會，將低碳、環保納入產品開發及設計環節 3.節能減碳，提升能源使用效率 4.支持對環境有正面影響力的客戶，包括再生能源、維護生物多樣性等 具體行動計劃: 1.2020年於台灣導入ISO 14064-1溫室氣體盤查，2023年查證達全台及中國大陸，2024年完成盤查全控股公司，2025年驗證全控股公司。 2.逐年提升使用再生能源的比例，2024年內湖總部大樓已轉供81.2萬度（2,923吉焦耳）綠電，未來將每年逐步增加，以達到2030年全台使用綠電達100%。 3.選用具環保標章的公務車，2024年綠色採購50%以租賃代替購買，同時優先選擇油電混合車，發揮循環採購精神。","●節能設備融資 2024年中租控股針對節能設備融資專案（例如：LED、雲端節能控制器、節電器、太陽能光電模組、光學節能日光燈具、變頻器等設備）共承作約百件融資租賃及分期付款案件， 總融資金額超過新台幣5億。 ●太陽能投資 2024年台灣太陽能電廠新增投資金額約為新台幣73億元，截至2024年底合計擁有4,157座。電廠發電總容量達1,514.57MW（百萬瓦），較2023年成長約8%， 預計每年可減少935,112公噸二氧化碳排放量，相當種植77,931,601棵樹木。 ●5871中古設備網站 由金融服務延伸推出5871中古設備網站，提供中古設備交易媒合，將原本要被淘汰中古設備能持續移轉運作，2024 年度有 1,103家供應商、1,040件設備上架， 產生約451次的媒合商機，活化中古設備資產。 ●卡車幫回頭車服務  自從「卡車幫」APP推出以來，甫推出便有單月平均300件媒合成功案件量，不只讓大貨車車主多了不少額外收入、貨主享有較便宜的運費；也因為有效的運用車輛資源， 在無形之中幫助碳排放量的減少，推估2024年可以為地球減少66公噸的碳排放量。 (詳細內容請參閱《中租控股2024年永續報告書》4.2.2企業金融永續相關商品 )"
"=""5876""","上海商銀","2,332.3400","已完成合併財務報表之母子公司","已完成合併財務報表之母子公司","合理保證等級","12,860.0600","已完成合併財務報表之母子公司","已完成合併財務報表之母子公司","合理保證等級","7,853.3718","與燃料及能源相關活動（未納入範疇1或範疇2）,商務旅行,員工通勤,已銷售產品生命週期結束之處理","已完成合併財務報表之母子公司","已完成合併財務報表之母子公司","有限保證等級","0.1606","基準年：2022 目標年：2030 減量目標：範疇一加範疇二絕對排放量減少42%","本行已導入溫室氣體盤查制度及環境、能源、水資源相關的ISO 管理系統，並維持管理流程的標準化，有效執行減碳行動。短期內，本行以設備汰換作為主要減量策略，透過引進高效節能設備、採用油電混合車或電動車取代傳統燃油車輛等方式，降低營運過程碳排放量。長期而言，本行將透過落實能資源管理目標，持續追蹤並優化減碳措施，同時逐步提升再生能源採購量與碳權抵換比例，以確保短、中、長期減碳承諾的有效落實。","2024年範疇一及範疇二(8,254公噸CO₂e)較2022年(10,581.8公噸CO₂e)減少約22%"
"=""5880""","合庫金","2,737.6989","已完成合併財務報表之母子公司","已完成合併財務報表之母子公司","合理保證等級","16,078.5106","已完成合併財務報表之母子公司","已完成合併財務報表之母子公司","合理保證等級","24,015,926.0821","購買之商品及勞務,資本財,與燃料及能源相關活動（未納入範疇1或範疇2）,上游運輸及配送,營運中產生之廢棄物,商務旅行,員工通勤,下游運輸及配送,已銷售產品之使用,已銷售產品生命週期結束之處理,下游租賃資產,投資","已完成合併財務報表之母子公司","除「下游租賃資產」及「投資」，以及金融業無法計算之項目「上游租賃資產」、「銷售產品加工」、「加盟」，其餘項目皆經查證。","除「下游租賃資產」及「投資」，以及金融業無法計算之項目「上游租賃資產」、「銷售產品加工」、「加盟」，其餘項目皆經查證(有限保證等級)。","0.2859","基準年：溫室氣體減量基準年為110年。 數據：碳排放數據為27,738公噸CO2e。 減量目標： 依據科學基礎減碳目標（SBT）設定在自身營運面（範疇一加二）於121年絕對排放量相較基準年110年減少50.4%之減量目標，平均每年減少4.58%，故113年減量目標為較110年減少13.75%。","策略： 依據科學基礎減碳目標（SBT），設定在自身營運面（範疇一加二）於121年絕對排放量相較基準年110年(約27,738公噸CO2e)減少50.4%之減量目標，平均每年減少4.58%，故113年減量目標為較110年減少13.75%。 截至113年各項具體行動計畫： 1.每年依據「ISO 14064-1 溫室氣體盤查」規範進行溫室氣體盤查，追蹤減排成效並公開揭露於本公司永續報告書。 2.導入「ISO 14001 環境管理系統」、「ISO 50001 能源管理系統」與「ISO 46001 水資源效率管理系統」，有效管理各項能資源耗用，減少碳排放量。 3.結合政府節能診斷服務，推動節能減碳專案，且持續關閉營運據點直立、橫式招牌及不必要之照明設備、汰換與減盞照明燈具及空調系統節能改善，減少碳排放。 4.鼓勵遠程洽公同仁共乘公務車或搭乘大眾運輸工具，並鼓勵優先舉辦視訊會議，減少能資源消耗。 5.累計17 處據點完成設置太陽能板發電系統，113 年實際總發電量達484,618 度，另已轉供793.4 萬度再生能源且已取得7,965張再生能源憑證。 6.優先採用具環保、節能、省水與永續林業等標章之環保產品。 7.累計15 處據點取得綠建築標章認證（5鑽2銅8合格）。","113年範疇一加二碳排放量約為18,816公噸CO2e，相較於基準年110年約減少32.16%，達成113年減量目標。"
"=""5906""","台南-KY","95.4737","已完成合併財務報表之母子公司","N/A","","1,025.7120","已完成合併財務報表之母子公司","N/A","","N/A","","N/A","N/A","","0.6197","","",""
"=""5907""","大洋-KY","N/A","N/A","N/A","","76,296.0000","已完成合併財務報表之母子公司","N/A","","N/A","","N/A","N/A","","23.5900","依據永續發展路徑圖規劃，以2025年為基準年。","預計2025年提出減量目標及減量策略。","預計2026年揭露目標達成年。"
"=""6005""","群益證","404.2226","已完成合併財務報表之母子公司","已完成母公司","有限確信","5,554.2045","已完成合併財務報表之母子公司","已完成母公司","有限確信","213,573.9005","與燃料及能源相關活動（未納入範疇1或範疇2）,營運中產生之廢棄物,投資","已完成母公司","已完成母公司","有限確信","0.3470","本公司以112年為溫室氣體減量基準年，該年度溫室氣體範疇一與範疇二排放量合計為5,982.159公噸CO₂e。公司設定至119年的減量目標為：排放量需較基準年減少10%，即每年平均減量約 1.43%，並預計於120年根據實際執行情形再次檢討與調整減量目標。","本公司擬定逐年推動低碳行動計畫，以達成中長期減量目標。 113年具體行動包括： (1)宣導人員響應低碳行動、推動節能活動 (2)汰換高耗能或舊型設備（更新63台噴墨事務機，較雷射機節電約80%，每年可節電1,522,647度） (3)提升公務車使用效率 (4)執行綠色採購 114年規劃行動包括： (1)鼓勵出差共乘或改搭大眾運輸工具 (2)汰換老舊電腦設備 (3)評估高排放公務車租約到期後，改租純電車或油電混合車，以降低範疇一排放量","雖113年推動多項節能措施，使範疇二排放量較112年減少 0.25%，但因新增高速交易主機、冰水機及使用緊急發電機等高耗電設備，整體溫室氣體排放量僅較基準年減少 0.4%，未達成每年應減1.43%的階段目標。公司將持續透過設備汰換與交通優化等方式，加強減碳行動以期趨近長期目標。"
"=""6024""","群益期","42.4096","已完成母公司","已完成母公司","有限確信","553.9201","已完成母公司","已完成母公司","有限確信","2.2066","營運中產生之廢棄物","已完成母公司","N/A","","0.2471","","",""
"=""6108""","競國","199.0000","已完成母公司","已完成母公司","合理保證等級","9,713.0000","已完成母公司","已完成母公司","合理保證等級","2,283.0000","與燃料及能源相關活動（未納入範疇1或範疇2）,員工通勤","已完成母公司","已完成母公司","合理保證等級","9.9500","以2016年為基準年，溫室氣體排放量為19,279公噸CO2e。 目前依每年能源申報之減量方案總用電產生之碳排放量減少1%執行。","減量策略： 1.持續推動節能減碳措施。 2.全員參與節能減碳活動。 3.遵行環保法規、客戶要求及其他相關規定。 具體行動計畫： 1.推行節約能源，減少能源浪費。 2.定期檢討契約容量、空調分區、照明迴路，強化能源利用效率。 3.簽訂設備維保合約，保持設備運作最佳效率，降低能源耗損。 4.定期汰換老舊及效率不佳設備，提升能源利用效率。","2024年排放量減少36%"
"=""6112""","邁達特","146.4461","已完成合併財務報表之母子公司","已完成合併財務報表之母子公司","合理保證等級","1,834.8365","已完成合併財務報表之母子公司","已完成合併財務報表之母子公司","合理保證等級","727.6420","購買之商品及勞務,商務旅行,員工通勤","已完成合併財務報表之母子公司","已完成合併財務報表之母子公司","有限保證等級","0.1474","邁達特考量自身公司型態及評估能力所及，參考國家自訂貢獻(NDCs)，公開承諾溫室氣體排放量「2030 年相較2022 年基準年於類別一、二減碳28%」，目標涵蓋範圍包含邁達特內湖總部及分公司，配合國家減碳進程。","自2022 年起，邁達特每年依據國際標準ISO 14064-1 進行組織型溫室氣體盤查，盤查結果均執行第三方驗證以確保數據品質。減量策略及具體行動計畫如下: 1. 持續優化盤查方法及涵蓋範圍 2. 啟用太陽能發電系統，減少外購灰電使用 3. 取得國家再生能源憑證 (T-REC) 4. 提升再生能源使用比率，預計2025年達4%，2030年達10% 5. 持續推動低碳辦公室，透過節能設備使用、綠色採購、低碳公務車輛使用、辦公無紙化及員工教育等環境推動日常綠色辦公及辦公環境節能減碳。","1.完成第二階段目標設定，原24%目標修訂提升至28%。 2.2024年再生能源佔比達1.7933%，略低於原定2%目標。 3.綠色採購申報金額較去年提升5.65倍。"
"=""6115""","鎰勝","44.5351","已完成母公司","N/A","","2,325.8346","已完成母公司","N/A","","615.5264","購買之商品及勞務,上游運輸及配送,員工通勤,下游運輸及配送","已完成母公司","N/A","","0.7564","2 企業溫室氣體排放量減量目標 推動溫室氣體盤查計劃，對公司能源管理水平及用能狀況進行分析，在能源利用方面存在的問題和薄弱環節，挖掘節能潛力及節能方向、降低能源消耗，以達到每年降低0.1%績效的碳排放之目標(總碳排放量/總產值 x 100%)。","1.企業對於因應氣候變遷或溫室氣體管理之策略 能源的使用除了耗費資源外，也同時會產生溫室氣體，造成溫室效應。鎰勝電子科技昆山廠 之能源消耗，主要為外購電力，溫室氣體排放量最大的來源亦來自外購電力，為減少溫室效應的環境沖擊，降低公司之能源消耗量實為重要關鍵。本公司持續引進各項節能技術改進，並進行相關設施之節能改善計劃，節能成效顯著。此外，亦推廣實施辦公室及公共區域之節能管理方案，並加以宣導培訓節能相關之認知，以增進全公司在節能及溫室氣體減量之觀念與習慣。以下為近年來本公司針對節能方面所做的技術改進項目︰ PVC高速混合機安裝變頻。 CB及CP部廠房照明更換為215W緊湊型節能燈。 生產場CPI部門安裝自動功率調整器。 CPI部門射出成型安裝變頻。 空壓機熱回收系統工程評估。 全廠陸續更換T5節能照明。 導入異步伺服節能機，節約注塑成型機馬達用電量。 2. 企業溫室氣體排放量減量之預算與計畫 汰換耗能燈具，營業辦公大樓照明更換為節能效能更佳之LED照明設備，並宣導隨手關燈。 設定空調溫度及時間控管，採開啟 1小時暫停 15分鐘之節電措施，並宣導出入各樓層辦公室樓梯間大門應隨手關門，避免室內冷氣外洩，造成資源浪費。辦公事務機器，設定省電模式，以減少待機電力之浪費。 提倡午休時段辦公室關燈能1小時。  3.企業產品或服務帶給客戶或消費者之減碳效果 本公司產品，除全面符合無有害物質外，積極開發環保材，另避免產品過度包裝，本公司盡量以回收箱方式出貨給客戶端，不再額外多增加包裝材料使用。","溫室氣體排放量(台灣廠區及海外廠區): 2023年台灣及海外廠區完成範疇一、二及三之盤查並取得AFNOR、UL/DQS及CCIC之外部驗證。 台灣廠區： 直接溫室氣體排放75.2173噸CO2e;(範疇一) 間接溫室氣體排放2,009.0980噸CO2e;(範疇二) 其他間接溫室氣體排放658.8636噸CO2e;(範疇三) 合計:2,743.1789噸CO2e 海外廠區: 直接溫室氣體排放558.132噸CO2e;(範疇一) 間接溫室氣體排放15,593.679噸CO2e;(範疇二) 其他間接溫室氣體排放6,976.3296噸CO2e;(範疇三)合計:23,128.1406噸CO2e 2022年海外廠區完成範疇一、二之盤查與取得AFNOR、UL/DQS及CEC之外部驗證。 台灣廠區： 直接溫室氣體排放51.972噸CO2e;(範疇一) 間接溫室氣體排放2,319.273噸CO2e;(範疇二)合計:2,371.245噸CO2e 海外廠區: 直接溫室氣體排放544.175噸CO2e;(範疇一) 間接溫室氣體排放23,906.178噸CO2e;(範疇二)合計: 24,450.353噸CO2e"
"=""6116""","彩晶","14,900.3928","已完成合併財務報表之母子公司","已完成合併財務報表之母子公司","合理保證等級","206,045.2732","已完成合併財務報表之母子公司","已完成合併財務報表之母子公司","合理保證等級","139,142.9098","購買之商品及勞務,資本財,上游運輸及配送,營運中產生之廢棄物,商務旅行,員工通勤,下游運輸及配送,已銷售產品之使用,已銷售產品生命週期結束之處理,下游租賃資產","已完成合併財務報表之母子公司","已完成合併財務報表之母子公司","合理保證等級","22.1733","以2020年為基準年(其範疇一及範疇二排放量分別為其範疇一及範疇二排放量分別為115,988.60噸CO2e及280,133.48噸CO2e），制定淨零減量目標：於2030年前達成範疇一與範疇二溫室氣體排放減量30%、關鍵供應商（範疇三）減量20%的目標，並以2045年實現淨零排放為長期願景。","以組織減碳、使用再生能源、供應鏈減碳及低碳產品創新四大策略，制定具體行動計畫： 一、組織減碳之具體行動計畫： 1. 全面安裝氟氣體燃燒減量設備 2. 推動高耗能設備替換 3. 提升製程能源使用效率 4. 每年節電至少1% 二、使用再生能源之具體行動計畫： 1. 南京廠2025再生能源使用比例30% 2. 南京廠2026年再生能源使用比例60% 3. 台南廠2025年使用再生能源比例大於2% 4. 南京廠2027年再生能源使用比例100% 三、供應鏈減碳之具體行動計畫： 1. 推動供應商碳盤查與目標管理 2. 強化減碳能力建構與資源共享 3. 促進再生能源使用 4. 深化夥伴合作共創低碳方案 四、供應鏈減碳之具體行動計畫： 1. 產品全生命週期碳管理 2. 設計導向減碳 3. 導入低碳材料 4. 與供應鏈合作減碳 5. 第三方驗證與透明揭露","在2024年範疇一與範疇二溫室氣體排放相對基準年（2020年）已減少44%的碳排放"
"=""6117""","迎廣","1,052.5687","已完成母公司","已完成母公司","合理保證等級","5,553.2121","已完成母公司","已完成母公司","合理保證等級","N/A","","N/A","N/A","","2.2915","2023年 範疇一+二:5905.5269","溫室氣體排放量減少2%","未達成"
"=""6120""","達運","1,704.9184","已完成合併財務報表之母子公司","已完成合併財務報表之母子公司","合理保證等級","55,285.8392","已完成合併財務報表之母子公司","已完成合併財務報表之母子公司","合理保證等級","10,778.1658","與燃料及能源相關活動（未納入範疇1或範疇2）,上游運輸及配送,營運中產生之廢棄物","已完成合併財務報表之母子公司","已完成合併財務報表之母子公司","有限保證等級","2.7304","公司以2021年經SGS查證GHG排放量盤查為基準年84,729噸CO₂e(類別1+類別2)，設定減碳目標2030年溫室氣體(類別1和2)辦公室據點淨零排放，生產據點排放量減少20%，2050年皆淨零排放。","經盤查，達運溫室氣體排放大多來自類別2(外購電力)，因此在減量行動上優先投入降低用電碳排。2020~2024年本公司與子公司共推行20件節能減碳方案，2024年節電約2,065萬KWh，可減少63,384 GJ能源耗用量及11,641噸碳排量。其中2024年新啟動7大項節能方案，總計節電約277.2萬KWh，相當於減少1,530.8噸碳排量。","2024年經SGS查證公司溫室氣體排放量盤查總計56,991噸CO₂e(類別1+類別2)，較2021年基準年84,729噸CO₂e，減碳27,738噸CO₂e，減碳32.7%。"
"=""6128""","上福","192.9251","已完成母公司","已完成母公司","合理保證等級","2,231.6775","已完成母公司","已完成母公司","合理保證等級","9,281.5064","購買之商品及勞務,與燃料及能源相關活動（未納入範疇1或範疇2）,上游運輸及配送,營運中產生之廢棄物,商務旅行,員工通勤,下游運輸及配送","已完成母公司","已完成母公司","有限保證等級","1.5769","預計2026年完成揭露合併財務報表子公司溫室氣體盤查資訊與查證作業，未來將依排放量進一步討論訂定減量目標、策略及具體行動計畫","預計2026年完成揭露合併財務報表子公司溫室氣體盤查資訊與查證作業，未來將依排放量進一步討論訂定減量目標、策略及具體行動計畫","預計2026年完成揭露合併財務報表子公司溫室氣體盤查資訊與查證作業，未來將依排放量進一步討論訂定減量目標、策略及具體行動計畫"
"=""6133""","金橋","N/A","N/A","N/A","","N/A","N/A","N/A","","N/A","","N/A","N/A","","N/A","","",""
"=""6136""","富爾特","N/A","N/A","N/A","","105.8300","已完成母公司","N/A","","N/A","","N/A","N/A","","0.2200","本公司屬於間接排放溫室氣體（範疇二），為外購電力所產生的間接溫室氣體排放。含設備、辦公室及公共區域用電。減量基準年與目標：為每年與前一年比較，目標為達成實質減量成果。","本公司配合金融監督管理委員會發布之「上市櫃公司永續發展路徑圖」，持續控管溫室氣體盤查，溫室氣體排放減量；執行進度按季提報董事會控管。具體行動計畫為：能源效率提升：導入節能設備。 (更換冷氣主機)、設備時段調整：夏季及冬季機動調整，設備啟動的時間，減少用電的排放量。","與前一年比較，溫室氣體排放量減少13.27噸、降幅11.14%，達成實質減量成果。"
"=""6139""","亞翔","355.8511","溫室氣體盤查主要為母公司台灣地區有控制權的汐止 、新竹和台南辦公室，工地為非營運控制權故不納入盤查範疇。","N/A","","356.2760","溫室氣體盤查主要為母公司台灣地區有控制權的汐止 、新竹和台南辦公室，工地為非營運控制權故不納入盤查範疇。","N/A","","N/A","","N/A","N/A","","0.0272","","企業對於因應氣候變遷或溫室氣體管理之策略 一、凝聚共識： 1.當用則用、當省則省 2.鼓勵同仁攜帶環保餐具 3.認同節能減碳之社會責任 二、節能減碳 1.減少垃圾，確實垃圾分類 2.廢棄物100%無害化處理 3.節電、水、紙、燃料 三、提升效率 1.汰換節能產品 2.設置省水器具、設備 3.空調設備與維護 四、再生能源 1.水資源再利用:中水回收，冷却水塔排水管配至消防池回收溢流 ","企業溫室氣體排放量減量目標 1.節電目標0.5%：增加1.4%，未達標; 密集度減少56 % 2.節水目標0.5%：增加4.5%，未達標; 密集度減少55.7 % 3.燃料減量1%：減少10%，達標; 密集度減少64 % 4.廢棄物減量0.3%：增加68%，未達標; 密集度減少30 % "
"=""6141""","柏承","9,141.3952","已完成合併財務報表之母子公司","已完成合併財務報表之母子公司","合理保證等級","53,495.2820","已完成合併財務報表之母子公司","已完成合併財務報表之母子公司","合理保證等級","4,316.3638","購買之商品及勞務,與燃料及能源相關活動（未納入範疇1或範疇2）","已完成合併財務報表之母子公司","已完成合併財務報表之母子公司","合理保證等級","N/A","","",""
"=""6142""","友勁","132.9276","已完成母公司","已完成母公司","合理保證等級","3,428.7687","已完成母公司","已完成母公司","合理保證等級","675.3425","與燃料及能源相關活動（未納入範疇1或範疇2）","已完成母公司","已完成母公司","合理保證等級","3.5786","自2021年起廠區運作累積數據中，原以2022年為基準年。2024年納入新竹辦公室，因此重設為基準年，自2023年起視營收預測及客戶要求進一步按當年度營收1%金額為次年溫室氣體排放量減量預算。碳排強度每年降低1%","持續規劃節能措施減少用電量，降低碳排放。 設備定期保養和汰換，例如冰水主機年度耗材更換暨清潔 ，提升能源使用能源效率。 陸續汰換舊型照明燈具，全面改為節能LED燈具。 依功能區域不同如茶水間、戶外及走廊，評估規劃裝設感應式照明設備。 用餐區燈光啟閉管控，自動點滅系統參數予以規劃調整。","2023年度主要進行碳資訊的揭露與報告，相較2021基準年排碳量減少至649.186公噸CO2e，已逐年減少二氧化碳排放，2024年納入新竹辦公室，因此重設為基準年，未來會持續規劃相關節能減碳措施呼應客戶要求以及響應全球減碳議題。"
"=""6152""","百一","790.5000","已完成合併財務報表之母子公司","已完成合併財務報表之母子公司","合理保證等級","5,434.6000","已完成合併財務報表之母子公司","已完成合併財務報表之母子公司","合理保證等級","488.5527","與燃料及能源相關活動（未納入範疇1或範疇2）,上游運輸及配送,營運中產生之廢棄物,商務旅行,下游運輸及配送","已完成合併財務報表之母子公司","已完成合併財務報表之母子公司","合理保證等級","3.0700","1.本公司2024年為減碳基準年,整體碳排量5434.6公噸CO2e 2.2030 年減碳50%； 2050 年淨零排放","1.減碳策略: 使用再生能源及減少廢棄物產量 2.具體行動計畫     1.2024年已設置太陽能發電     2.節能措施  推⾏節約能源，下班隨⼿關燈、關電腦。  隨時注意辦公室空調溫度控制，有效利⽤能源。  空調系統使⽤環保冷媒。  建議員⼯採⽤環保筷以減少免洗筷之使⽤。  推動全體員⼯資源回收分類。  宣導節能節⽔政策。  倡導辦公室電⼦化，減少紙類使⽤。  逐年更換燃油交通⼯具為油電⾞或電動⾞，並⿎勵員⼯使⽤。  使⽤電動堆⾼機。 ","2024年相較2023年整體碳排量降低17% "
"=""6153""","嘉聯益","8,312.3435","已完成母公司","已完成母公司","合理保證等級","34,083.4164","已完成母公司","已完成母公司","合理保證等級","21,282.4074","購買之商品及勞務,與燃料及能源相關活動（未納入範疇1或範疇2）,上游運輸及配送,營運中產生之廢棄物,商務旅行,員工通勤,下游運輸及配送","已完成母公司","已完成母公司","有限保證等級","N/A","以2022年溫室氣體範疇一、範疇二排放量131,967.48 t-CO2e為基準年，減排10%(為13,196.75t-CO2e)。","本公司藉由集團每年執行第三方ISO14064-1 溫室氣體盤查查驗作業，掌握排放熱點。積極推動各項減量措施，選用高能源效率及節能設備，導入IE3低能耗馬達，降低企業及產品能源消耗。","持續性收集廠內溫盤數據與判別利益相關者提出的氣候變遷合規性評估。 本集團於112 年期間共投入12,843 仟元執行節能改造亮點，調整冰水機溫度、依壓力分管步下調壓縮空氣值，降低能耗、增加冷卻水塔溼球溫度管控。及更換冷卻水塔節能馬達及葉片、空調更換為變頻離心式空調主機、空壓機提升為一級耗能。 本集團於113年期間共投入7,571仟元執行節能改造，項目亮點簡述為：溼式製程定點風、熱排排放變更、冰水供應方式變更、加裝節能風扇、設置微耗氣鼓風熱再生吸附式乾燥機、冰水泵改為變頻、增加板式換熱器與冷卻水塔作熱交換、增設空氣懸浮離心鼓風機。 於113年的節能量為2,981千度"
"=""6155""","鈞寶","123.2300","已完成母公司","N/A","","5,510.5400","已完成母公司","N/A","","N/A","","N/A","N/A","","11.3800","企業溫室氣體排放量減量目標 鈞寶電子最近一年係以2023年為基準年，採四年為一計畫期間，計劃在2027年達成每單位營收減碳1%之目標。","本公司目前已進行節能方案：更換 LED 照明燈具、空壓機夜間降壓，假日再降壓、廠房屋頂安裝太陽能發電設備… 等，持續推動節能政策。","1.鈞寶公司一向秉持著從設計端開始概念，盡量減少原物料的使用，以減少廢棄物產生，以達到既降低生產成本又符合環保的觀念。 2.本公司從開發設計前段開始針對產品對環境造成的影響進行產品評估，確保為客戶提供之所有產品都是綠色環保產品，努力使所有使用之原物料與所使用之製程與保存都經認證或考量，之後之技術研發也循此思維進行。"
"=""6164""","華興","169.0562","已完成母公司,華能光電科技股份有限公司、肇慶市立得電子有限公司、肇慶市立能電子有限公司","N/A","","3,730.1005","已完成母公司,華能光電科技股份有限公司、肇慶市立得電子有限公司、肇慶市立能電子有限公司","N/A","","55,472.3116","購買之商品及勞務,與燃料及能源相關活動（未納入範疇1或範疇2）,上游運輸及配送,下游運輸及配送","已完成母公司,華能光電科技股份有限公司、肇慶市立得電子有限公司、肇慶市立能電子有限公司","N/A","","4.7414","","",""
"=""6165""","浪凡","34.9858","已完成合併財務報表之母子公司","N/A","","139.0000","已完成合併財務報表之母子公司","N/A","","N/A","","N/A","N/A","","0.0600","較去年減少3%","辦公室改用變頻氣冷式空調 辦公室空調送風機運作數量調整 辦公室玻璃帷幕張貼隔熱紙 辦公室照明燈具用電改善 ","減量68.84009 CO2e"
"=""6166""","凌華","690.7780","已完成母公司","已完成母公司","合理保證等級","4,778.2040","已完成母公司","已完成母公司","合理保證等級","1,037.1400","購買之商品及勞務,營運中產生之廢棄物","已完成母公司","已完成母公司","協議程序","0.8204","本公司以2023年為基準年。 2023年範疇一之碳排量為679.823公噸CO2e，範疇二之碳排量為5,081.892公噸CO2e。 以基準年為準，設定範疇一及範疇二溫室氣體減量目標為：2024年減量5%；2025年減量5%；2026~2027年減量11%; 2030年減量24%。","減碳策略：強化環境責任 具體行動計畫:  1.設置太陽能發電系統 2.汰換冰水主機 3.建置智慧樓宇","2024年範疇一及範疇二溫室氣體減量5.08%，達標。"
"=""6168""","宏齊","76.6843","已完成母公司","N/A","","8,517.4957","已完成母公司","N/A","","5,891.8641","購買之商品及勞務,上游運輸及配送,營運中產生之廢棄物,商務旅行,員工通勤,下游運輸及配送,下游租賃資產","已完成母公司","N/A","","4.4032","","",""
"=""6176""","瑞儀","2,086.2040","母公司、吳江廠區、南京廠區及廣州廠區","已完成母公司","合理保證等級","65,322.8224","母公司、吳江廠區、南京廠區及廣州廠區","已完成母公司","合理保證等級","72,594.6698","購買之商品及勞務,與燃料及能源相關活動（未納入範疇1或範疇2）,上游運輸及配送,營運中產生之廢棄物,商務旅行,員工通勤,下游運輸及配送","母公司盤查：員工通勤、與燃料及能源相關活動（未納入範疇1或範疇2）、營運中產生之廢棄物 吳江廠區盤查：上游運輸及配送、商務旅行、購買之商品及勞務、營運中產生之廢棄物 南京廠區盤查：上游運輸及配送、員工通勤、商務旅行、購買之商品及勞務、營運中產生之廢棄物 廣州廠區盤查：上游運輸及配送、下游運輸及配送、員工通勤、商務旅行、購買之商品及勞務、營運中產生之廢棄物","已完成母公司","有限保證等級","1.3055","為規劃瑞儀溫室氣體減量，以現階段已經盤查之組織邊界(高雄廠及大陸3子廠)設定民國119年範疇一+二減碳較109年基準年排放量減少25%之絕對減量目標。","瑞儀透過永續發展委員會轄下三個碳管理小組，包含「低碳產品」、「節能效率」及「綠色採購運輸」，每月召開會議分別針對如產品碳足跡、廠區內各單位年度節能專案及供應商教育訓練/專車整併及低碳公務車議題進行研討，3小組分別由研發、工務及運籌最高主管擔任組長，進行議題的追蹤及管理，另於每季及每半年進行季報及半年報，將階段成果及下階段目標呈報至永續發展委員會召集人及副召集人，確保最高負責人對這些議題的關注與監督持續性。","目前自基準年起，瑞儀每年減量平均約12.5%。主要是由於集團內部進行碳管理小組及再生能源規劃運作發揮減碳成效。 近年因應客戶要求，大陸三子廠積極規畫多元的再生能源，將廠區屋頂出租提供光伏發電業者建置太陽能發電廠，再將綠電以優於市價電費買回各廠區自用，藉此降低廠區市電使用量、提高再生能源使用量，以達到減少範疇二電力使用碳排放量之目的。高雄廠區未來也將關注台電推出的「小額綠電」或「分艙電價的低碳電力(RE30)」，以多元路徑達成集團119年再生能源使用40%的總體目標。"
"=""6177""","達麗","18.1992","本公司以下營運據點：達麗建設事業股份有限公司、寶信營造股份有限公司、後壁田三段工地","N/A","","175.4355","本公司以下營運據點：達麗建設事業股份有限公司、寶信營造股份有限公司、後壁田三段工地","N/A","","16,060.3120","資本財,與燃料及能源相關活動（未納入範疇1或範疇2）,營運中產生之廢棄物,商務旅行","本公司以下營運據點：達麗建設事業股份有限公司、寶信營造股份有限公司","N/A","","1.3193","本公司於2023年首次進行自主盤查，惟該年度溫室氣體數據係以內部估算為主，未經第三方查證，且當時盤查制度尚在建置階段。為提升盤查品質與可追溯性，自2024年起本公司採用較完善的組織邊界與標準化盤查流程，重新進行溫室氣體盤查，並正式選定2024年為溫室氣體減量基準年，作為後續目標管理與成效評估之依據。  2024 年基準年之排放數據如下： 範疇一（直接排放）： 18.199 公噸 CO₂e 範疇二（能源間接排放）： 175.436 公噸 CO₂e 總排放量（S1 + S2）： 193.635 公噸 CO₂e 為響應我國 2050 淨零排放政策與全球氣候治理趨勢，本公司已訂定如下減碳目標： 2030 年目標： 相較 2024 年減少 20% 2040 年目標： 相較 2024 年減少 30% 2050 年目標： 達成組織層級之 淨零排放","2023年度為首次進行組織層級之溫室氣體自主盤查，涵蓋據點包括：達麗總公司、寶信台北辦公室及後壁田段(三)工地。該年度排放量如下： 範疇一（直接排放）： 15.93 公噸 CO₂e 範疇二（能源間接排放）： 85.66 公噸 CO₂e 總排放量（S1 + S2）： 101.59 公噸 CO₂e  2024年依相同盤查邊界進行較完整之排放盤查後，溫室氣體總排放量為 193.635 公噸 CO₂e，較2023年大幅增加，主要係： 盤查方法與用電資料取得更精準，提升數據完整性； 盤查資料工地後壁田段(三)工地施工期進入高用電階段，能源使用增加； 間接排放（範疇二）成長為主因。 儘管總量呈現上升趨勢，惟因 2023 年數據為初步估算、未查證版本，2024 年已設定為正式之減量基準年，未來將以此為依據，滾動檢視減碳行動之實質成效，持續朝 2030 年減量 20%、2050 年淨零排放目標邁進。","為落實碳管理目標並朝向淨零轉型，本公司依據組織營運特性，已擬定以下溫室氣體減量策略與具體行動計畫：  綠色採購推動：積極採購具環保標章或節能標章之基礎設施設備，導入永續採購制度，降低間接碳足跡。  冷凍空調系統汰換升級：全面替換為能源效率第 1 級之冷凍空調系統，降低營運期間之能源使用與排碳量。  綠建築設計導入：新建建築案全面導入綠建築規劃，綠建築比率達 100%，以強化建築物整體能效與環境友善性。  再生能源推動：評估辦公據點及建案場域導入太陽能發電設備，並同步採購再生能源憑證（T-REC），提升綠電使用比例。  施工階段節能管控：針對施工工地推動節能照明、分區用電管控及限時運轉制度，降低施工階段能源浪費。  內部碳盤查制度強化：自2024年起建立標準盤查作業流程，逐步導入第三方查證，確保碳排放資訊透明且具可比性。"
"=""6183""","關貿","44.1306","已完成合併財務報表之母子公司","已完成合併財務報表之母子公司","合理保證等級","1,276.8564","已完成合併財務報表之母子公司","已完成合併財務報表之母子公司","合理保證等級","593.5608","購買之商品及勞務,與燃料及能源相關活動（未納入範疇1或範疇2）,營運中產生之廢棄物,商務旅行,員工通勤","已完成合併財務報表之母子公司","已完成合併財務報表之母子公司","合理保證等級","0.5171","以 2023 年為基準年。2030年碳排放強度較 2023 年降低10% 以上 。","全面汰換所有辦公室照明設備及汰換機房中的老舊主機","公司總部南港辦公室已完成超過5 成的 LED 燈板設置，並全面汰換高耗能之投影機設備為省電之液晶與 LED 顯示設備，以及完成汰換 158 台老舊設備。"
"=""6184""","大豐電","156.3457","已完成母公司","已完成母公司","有限確信","1,353.1698","已完成母公司","已完成母公司","有限確信","N/A","","N/A","N/A","","1.9855","","",""
"=""6189""","豐藝","69.5967","已完成母公司","已完成母公司","合理保證等級","376.0570","已完成母公司","已完成母公司","合理保證等級","266.2713","與燃料及能源相關活動（未納入範疇1或範疇2）,營運中產生之廢棄物,員工通勤","已完成母公司","已完成母公司","有限保證等級","0.0117","","",""
"=""6191""","精成科","7,734.7200","已完成合併財務報表之母子公司","中國廠區","合理保證等級","162,331.8800","已完成合併財務報表之母子公司","中國廠區","合理保證等級","165,317.7600","上游運輸及配送,營運中產生之廢棄物,員工通勤,下游運輸及配送","中國廠區","中國廠區","合理保證等級","7.8442","因應本公司產值逐年的放大，將會持續投資各項環保支出與節能措施，以期朝溫室氣體每年總排放量減量1％以上之目標前進。","1.安裝電力專線，減少廠內發電。 2.照明系統方面，逐步更換為高效LED節能燈管；辦公室區域依實際使用情況，分區開啟關閉照明。 3.利用在線監控系統對公司用電進行實施監控，採購節能環保設備替代傳統舊設備。 4.張貼節約用電標識，對員工進行節約用電培訓。 5.積極增加綠色能源的使用比例。","範疇一+範疇二： 113年度溫室氣體總排放量為170,066.60(ton)，較前一年度減少33.63%。 "
"=""6192""","巨路","453.1600","已完成母公司","N/A","","783.5000","已完成母公司,完成台北總部及台灣所屬各分公司盤查","N/A","","N/A","","N/A","N/A","","0.1580","研議中","研議中","研議中"
"=""6196""","帆宣","1,223.3343","已完成合併財務報表之母子公司","已完成合併財務報表之母子公司","合理保證等級","10,096.6725","已完成合併財務報表之母子公司","已完成合併財務報表之母子公司","合理保證等級","6,274.7634","資本財,上游運輸及配送,營運中產生之廢棄物,商務旅行,員工通勤,下游運輸及配送","已完成母公司","已完成母公司","有限保證等級","0.1900","響應政府2050淨零排放，2050年於客戶產品專廠完成淨零排放(範疇1+範疇2)。盤查年較基準年(範疇1、2)減少碳密集度1.0%。","更換節能設備、變更製程與設備效能、設備降載運轉、傳統燈泡陸續汰換LED燈具。","2023及2024年度溫室氣體排放量皆取得 ISO 14064-1第三方查證聲明書。2024年範疇一及範疇二之碳密集度較2023年度下降3.88%"
"=""6197""","佳必琪","246.7309","已完成母公司,台北廠、大陸子公司(東莞2廠區、昆山1廠區)、越南子公司(胡志明1廠區、北江1廠區)","已完成母公司,台北廠、大陸子公司(東莞2廠區、昆山1廠區)、越南子公司(胡志明1廠區、北江1廠區)","有限確信","3,414.2978","已完成母公司,台北廠、大陸子公司(東莞2廠區、昆山1廠區)、越南子公司(胡志明1廠區、北江1廠區)","已完成母公司,台北廠、大陸子公司(東莞2廠區、昆山1廠區)、越南子公司(胡志明1廠區、北江1廠區)","有限確信","40,576.7360","上游運輸及配送","已完成母公司,台北廠、大陸子公司(東莞2廠區、昆山1廠區)、越南子公司(胡志明1廠區、北江1廠區)","N/A","","0.7469","本公司預計於 2025 年以合併財務報告為邊界完成盤查，故基準年為 2025 年，並於 2024 年 12 月 13 日永續發展委員會提報對能源間接溫室氣體(範疇二)排放源設定短期目標，2027 年較 2025 年減少2%。 ","1. 汰換老舊設備，增加自動化設備使用。 2. 更換變頻空調、空壓機。 3. 低碳排技術取代現有的產品和服務。 4. 滾動式調整營運策略以符合相關減碳管理的規劃時程。 ","主要措施，包括能源審核與評估、自動化設備或節能設備汰換、推廣節能意識、優化用電時間、定期監測與報告。 "
"=""6201""","亞弘電","70.1815","已完成母公司","已完成母公司","合理保證等級","900.1829","已完成母公司","已完成母公司","合理保證等級","274.0092","與燃料及能源相關活動（未納入範疇1或範疇2）,上游運輸及配送,下游運輸及配送","已完成母公司","已完成母公司","有限保證等級","0.2950","","",""
"=""6202""","盛群","30.9261","盛群總部及台北辦公室","N/A","","1,138.6960","盛群總部及台北辦公室","N/A","","N/A","","N/A","N/A","","0.4700","基準年為2022年 減量數據：2023CO2e總排放量較2022減少16%，2024較2023減少7%。 依營運目標及計畫，實施各項溫室氣體、能源及原物料節約方案，以降低溫室氣體排放量。節能目標：設定未來5年每年節省1%的電力為目標。","策略：秉持企業永續發展之經營理念，深切體認環境保護之重要性，持續朝著加強環境管理系統、加強綠色產品開發、加強綠色供應鏈管理以確保產業的競爭力。  計畫：2024年度檢視公司主要耗能設備使用年限及狀態，擬定減碳方案，2025年度起依序執行。","1. 照明設備自 2020 年啟動「LED 照明改裝專案進度表」至 2024年，已將辦公區域全數改裝完成，僅剩機房及樓梯間等較難更換區域，預估累積溫室氣體減量  57.9952  CO2e / 噸（範疇二）。 2. 包裝材料：採包裝材料減量化及包材循環再利用，2024年可再生包裝材使用95.5%，透過有效管控包裝使用量，依產品類別分別節省約10~30%，降低廢棄物產生量，對環境永續、資源再利用盡一份心力。"
"=""6205""","詮欣","31.6967","已完成母公司","已完成母公司","合理保證等級","309.4533","已完成母公司","已完成母公司","合理保證等級","145.9692","上游運輸及配送,營運中產生之廢棄物,商務旅行","已完成母公司","已完成母公司","有限保證等級","0.3463","2030 年溫室氣體排放密度相較(溫室氣體排放量/營收)2023 基準年降低 10%","1.短期目標:     (1)簽核表單電子化，以降低紙張使用     (2)規劃全面採用節能燈具 2.中長期目標：承諾加入SBTI科學基礎減碳目標","本公司已開始規劃減量目標"
"=""6206""","飛捷","173.4122","已完成母公司","已完成母公司","合理保證等級","1,601.8609","已完成母公司","已完成母公司","合理保證等級","8,508.2739","購買之商品及勞務,上游運輸及配送,營運中產生之廢棄物,商務旅行,員工通勤,下游運輸及配送","已完成母公司","已完成母公司","合理保證等級","2.5525","溫室氣體排放量（範疇一+二）減量目標 以2021年為基期，至2025年減少5%，至2030年減少20%。","2.2.1溫室氣體減量策略  本公司溫室氣體主要來自（範疇二）外購電力所產生之CO2e，節能減碳策略為節約用電及購買綠電。  2.2.2具體計畫 (1)透過2022年啟動的碳管理專案所建立的資訊平台，分析找出高耗能的生產及後勤設備，調整生產排程以提高設備榢動率，並定期評估使用效能進行更新或增加節能裝置，讓設備效能最佳化；(2)辦公室及工廠節約能源活動； (3)在日常作業方面落實：更換節能設備、裝遮陽窗簾、提高室內溫度設定等：(4)推動E化流程：單據E化減少紙張使用、以線上會議取代實體會議減少人員差旅移動等：(5)停車場照明採跳盞開燈等：(6)2024年已開始購買綠電。","截至2024年底，（範疇一+二）相較2021 基準年已減量 11.02%。"
"=""6209""","今國光","0.0000","已完成母公司","N/A","","11,187.0000","已完成母公司","N/A","","0.0000","員工通勤","已完成母公司","N/A","","N/A","","",""
"=""6213""","聯茂","75,021.0300","聯茂電子股份有限公司台灣廠及中國廠區(無錫廠、東莞廠、廣州廠及江西廠)","聯茂電子股份有限公司台灣廠及中國廠區(無錫廠、東莞廠、廣州廠及江西廠)","合理保證等級","104,936.1300","聯茂電子股份有限公司台灣廠及中國廠區(無錫廠、東莞廠、廣州廠及江西廠) ","聯茂電子股份有限公司台灣廠及中國廠區(無錫廠、東莞廠、廣州廠及江西廠)","合理保證等級","909,219.0000","購買之商品及勞務,上游運輸及配送,營運中產生之廢棄物,商務旅行,員工通勤,下游運輸及配送","聯茂電子股份有限公司台灣廠及中國廠區(無錫廠、東莞廠、廣州廠及江西廠)","聯茂電子股份有限公司台灣廠及中國廠區(無錫廠、東莞廠、廣州廠及江西廠)","合理保證等級","6.1366","","",""
"=""6214""","精誠","52.3156","已完成母公司","已完成母公司","合理保證等級","2,581.8415","已完成母公司","已完成母公司","合理保證等級","631.3029","與燃料及能源相關活動（未納入範疇1或範疇2）,營運中產生之廢棄物,商務旅行","已完成母公司","已完成母公司","有限保證等級","0.0838","本公司於民國110年以母公司內湖總部大樓為邊界完成109年溫室氣體排放數據盤查，並將109年設定為基準年，其依市場基準之範疇一及範疇二排放量分別為13.7220公噸CO2e及2,846.3684公噸CO2e，並計畫透過下列具體行動計畫落實114年較前一年減量3%、119年較基準年減量20%目標。","因應全球淨零趨勢與巴黎氣候協定目標，各界需積極採取行動降低溫室氣體排放，以回應利害關係人期待。精誠集團以139年(2050年)實現內湖總部大樓淨零排放為目標，啟動系統化減碳策略。以三大環境管理系統ISO 14001、ISO 14064-1及ISO 50001為基礎，強化企業營運的能源效率與碳排管理，打造綠色營運基礎。同時發揮公司在科技領域核心能力與優勢，持續研發AI智慧能源管理、供應鏈減碳系統等綠色科技解決方案，不僅助力公司邁向淨零，更協助企業客戶加速低碳轉型、提升供應鏈競爭力，實踐與環境共好的終極願景。 為逐步實踐總部大樓139年(2050年)淨零排放目標，本公司透過溫室氣體盤查後發現，外購電力占比超過80%、為主要排放源。為降低用電與環境衝擊，不僅落實環境與能源管理措施，積極選購或租賃具節能標章的設備，並訂定10年能源設備改善計畫、逐年投入數百萬元汰換冷卻水變頻系統及冰水主機等高耗能設備，同時推動設置數位電錶、溫度感知系統、能源管理系統、碳管理系統等設施。為支持再生能源發展，自111年簽署電力轉供合約、112年起正式使用再生能源，更在113年推動內部碳定價機制，收取碳費後專款專用於新增使用轉供再生能源，首年即透過內部碳定價機制增加使用14萬度綠電，大幅提升再生能源占比，以穩健達成溫室氣體減量目標。","本公司於民國114年以母公司內湖總部大樓為邊界完成113年溫室氣體排放數據盤查，其依市場基準之範疇一及範疇二排放量分別為52.3156公噸CO2e及2,581.8415公噸CO2e。範疇一及範疇二合計排放量為2,634.1571公噸CO2e，較前一年減少6.97%，較基準年109年度減少7.90%，已達成原訂113年目標 (較前一年減少3%)。"
"=""6215""","和椿","25.3320","已完成母公司","N/A","","436.8460","已完成母公司","N/A","","N/A","","N/A","N/A","","0.2375","本公司將依「上市上櫃公司永續發展路徑圖」時程完成盤查，預計2025年取得ISO14064-1系統，並依據規範訂立相關減量目標及策略。 ","本公司將依「上市上櫃公司永續發展路徑圖」時程完成盤查，預計2025年取得ISO14064-1系統，並依據規範訂立相關減量目標及策略。 ","本公司將依「上市上櫃公司永續發展路徑圖」時程完成盤查，預計2025年取得ISO14064-1系統，並依據規範訂立相關減量目標及策略。 "
"=""6216""","居易","60.0210","已完成母公司","N/A","","473.3903","已完成母公司","N/A","","987.8415","購買之商品及勞務,與燃料及能源相關活動（未納入範疇1或範疇2）,上游運輸及配送,營運中產生之廢棄物,員工通勤,下游運輸及配送","已完成母公司","N/A","","1.2909","","",""
"=""6224""","聚鼎","239.6055","已完成母公司","已完成母公司","將於2025年7月接受英國標準協會（BSI）進行之溫室氣體盤查外部第三方查證，其確信資訊詳本公司企業永續平台。","4,701.1433","已完成母公司","已完成母公司","將於2025年7月接受英國標準協會（BSI）進行之溫室氣體盤查外部第三方查證，其確信資訊詳本公司企業永續平台。","997.3845","營運中產生之廢棄物","已完成母公司","已完成母公司","將於2025年7月接受英國標準協會（BSI）進行之溫室氣體盤查外部第三方查證，其確信資訊詳本公司企業永續平台。","3.0400","2024年度碳密集度較基準年(2022)下降5% 2024年度碳排放密集度較基準年(2022)逐年下降8%","2025年在重點區域導入能源管理系統(EMS)，以系統性方式分析廠區能源耗用現況，提升能源使用效率","2024年度碳排量較基準年(2022)下降7% 2024年度碳排放密集度較基準年(2022)下降8%"
"=""6225""","天瀚","10.4000","已完成母公司","N/A","","0.7366","已完成母公司","N/A","","N/A","","N/A","N/A","","0.2050","","",""
"=""6226""","光鼎","8.4538","已完成母公司,本公司以下營運據點：光鼎電子股份有限公司","N/A","","82.7484","已完成母公司,本公司以下營運據點：光鼎電子股份有限公司","N/A","","13,346.8081","購買之商品及勞務,與燃料及能源相關活動（未納入範疇1或範疇2）,上游運輸及配送,商務旅行,下游運輸及配送","已完成母公司,本公司以下營運據點：光鼎電子股份有限公司","N/A","","20.5043","","",""
"=""6230""","尼得科超眾","88.4430","已完成母公司","已完成母公司","有限確信","1,933.9863","已完成母公司","已完成母公司","有限確信","14,020.2930","營運中產生之廢棄物,商務旅行,員工通勤,下游運輸及配送","已完成母公司","已完成母公司","有限確信","2.5903","本公司自2022年起，每年執行溫室氣體盤查，故以此為基準年，定期評估與管控組織溫室氣體排放量。 2022基準年之溫室氣體排放量為32,969.929公噸CO2e，目前尚未規劃具體減量目標。","實施全員環保與能源教育，落實重視能資源觀念，評估使用低碳能源與低污染性原物料、設備與製程，力行節約能源與回收減廢，降低碳密度。","因尚未設定具體減量目標，因此尚未進行統計。"
"=""6235""","華孚","17,018.7047","已完成合併財務報表之母子公司","已完成母公司,華孚科技股份有限公司、 昆山華復精密金屬有限公司、 華孚精密科技(馬鞍山)有限公司、 華譽精密科技(含山)有限公司、 華眾精密科技(馬鞍山)有限公司。","有限確信","50,434.0319","已完成合併財務報表之母子公司","已完成母公司,華孚科技股份有限公司、 昆山華復精密金屬有限公司、 華孚精密科技(馬鞍山)有限公司、 華譽精密科技(含山)有限公司、 華眾精密科技(馬鞍山)有限公司。","有限確信","N/A","","N/A","N/A","","11.5683","","",""
"=""6239""","力成","7,455.9700","已完成母公司","已完成母公司","合理保證等級","339,416.9800","已完成母公司","已完成母公司","合理保證等級","263,504.0400","購買之商品及勞務,資本財,與燃料及能源相關活動（未納入範疇1或範疇2）,上游運輸及配送,營運中產生之廢棄物,商務旅行,員工通勤,上游租賃資產,下游運輸及配送,下游租賃資產","已完成母公司","已完成母公司","有限保證等級","7.3300","1.力成科技主要溫室氣體排放來自於用電，2024年力成科技共節電14,182,415 kWh，約減少了7,006.1公噸二氧化碳當量的排放，達成目標1%的節電量。 2.力成科技制定溫室氣體排放減量目標，以2020年為基準，規劃在2025年減碳達5%，2030年達到減碳達15%，以及2050年達到淨零排放之目標。","力成科技關注氣候變遷議題，依循TCFD的框架，透過治理、策略、風險管理、指標和目標等四項核心要素，進行氣候變遷風險與機會之鑑別，並根據鑑別結果訂立因應措施，藉以降低氣候風險的衝擊，並掌握氣候機會帶來的效益。 1.以TCFD架構檢視氣候變遷的情境分析、識別出對企業營運所帶來的風險與機會 2.每年實施ISO14064溫室氣體盤查，並經第三方查證，了解排放源與排放量 3.施行ISO14067產品碳足跡盤查，了解產品從原料的提供取得、製造、配銷，到使用和廢棄階段處理方式的碳排放熱點 4.倡議SBT科學減碳及每年揭露CDP，持續落實與改善溫室氣體排放管理 5.主要溫室氣體排放來自於用電所產生，因此，力成科技制定有再生能源建置專案及再生能源使用之目標，逐步提高再生能源使用比例並替換傳統用電，朝2050淨零之路邁進 6. 2022年起，已陸續建置太陽能發電設備並於2023年開始供電，再生能源供應商亦於2023年供應綠電並提供所取得的綠電憑證，2024年度力成科技之再生能源使用量為24,414,460.20 kWh，達成3%再生能源使用目標。 7. 除了使用再生能源降低碳排放外，力成台灣各廠區都取得ISO 50001能源管理系統驗證，制定有每年度的節能目標並積極施行節能措施於各生產廠區中，降低用電量，2024年執行節能提案件數共159項，例如老舊設備替換、製程節能改善措施、省電照明等等，2024年力成科技共節電14,182,415 kWh，約減少了7,006.1公噸二氧化碳當量的排放，達成目標1%的節電量。 8. 為了達成2050淨零排放目標，力成科技亦攜手客戶、供應商參與「製造業以大帶小低碳轉型計畫」，不斷精進供應鏈減碳成效，預計至2025年8月專案結束後可減少5,667公噸二氧化碳排放，相當於15座大安森林公園的二氧化碳吸附量。","因應氣候變遷減碳議題，力成科技制訂有減碳目標：2025年減碳達5%；2030年減碳達15%；2050年達淨零排放；且台灣廠區依溫室氣體相關法規執行自主減量計畫，除了使用再生能源降低碳排放外，廠區取得ISO 50001能源管理系統驗證，每年訂定節能目標及提升用電效率，如老舊設備替換、製程節能措施、省電照明等，藉以達到減少能源耗損及降低溫室氣體排放，2024年已相較基準年2020年溫室氣體排放密集度降低12%、排放量降低16%。 1.每年達到節電1%的目標，持續減少用電量 2.2024能源密集度密集度為0.055 (GJ/新台幣仟元營收)，較2023年降低3.5%，將持續進行節能措施及提升能源使用效率 3.力成竹科三廠(P11B)新廠於2022年進入量產，廠區具有綠建築合格證 4.開發面板級扇出型封裝（Fan-Out Panel-Level Packaging, FOPLP）等先進製程，因應終端產品所需功能與效能日益增加。扇出型封裝製程以重分佈層技術可將封裝技術延伸至異質整合，得以讓更多晶片達到高度整合、薄型化、高可靠度、散熱佳及電氣性能更優秀等功能。相較於晶圓級扇出型封裝(Fan-Out Wafer-Level Package, FOWLP)可減少不完整邊緣晶片(Edge Die)耗損問題，並大幅提升面積使用率(FOPLP : 95% > FOWLP : 85%)及產能(同尺寸面板較晶圓多1.4倍)，具有顯著提高生產效率及降低成本之優異表現，更具省電、更環保。"
"=""6243""","迅杰","5.4396","已完成母公司","N/A","","171.6139","已完成母公司","N/A","","196.7714","上游運輸及配送,營運中產生之廢棄物,員工通勤,下游運輸及配送","已完成母公司","N/A","","0.2455","","",""
"=""6257""","矽格","340.9890","本公司以下營運據點：矽格股份有限公司(中興廠)、矽格股份有限公司(北興廠)、矽格股份有限公司(湖口廠)","本公司以下營運據點：矽格股份有限公司(中興廠)、矽格股份有限公司(北興廠)、矽格股份有限公司(湖口廠)","合理保證等級","72,541.1496","本公司以下營運據點：矽格股份有限公司(中興廠)、矽格股份有限公司(北興廠)、矽格股份有限公司(湖口廠)","本公司以下營運據點：矽格股份有限公司(中興廠)、矽格股份有限公司(北興廠)、矽格股份有限公司(湖口廠)","合理保證等級","19,611.9270","與燃料及能源相關活動（未納入範疇1或範疇2）,上游運輸及配送,營運中產生之廢棄物,員工通勤","本公司以下營運據點：矽格股份有限公司(中興廠)、矽格股份有限公司(北興廠)、矽格股份有限公司(湖口廠)","本公司以下營運據點：矽格股份有限公司(中興廠)、矽格股份有限公司(北興廠)、矽格股份有限公司(湖口廠)","有限保證等級","7.2982","本公司主要溫室氣體排放為外購電力，占類別一、二總排放量99%以上，因此透過能源效率提升(更換節能設備)以及增加再生能源之規劃，並透過廠內減碳之策略與方案，執行減量計畫，定期朝開會議追蹤執行情況，矽格規劃目標於2030年碳排放量較基準年(2021年)降低25%及綠電總使用量或碳權憑證當年度達30%。","1.針對耗能設備展開節能減碳管理 2.購置綠電","2024年較基準年(2021年)碳排放量減少9.55%"
"=""6269""","台郡","7,915.0731","已完成母公司","已完成母公司","合理保證等級","37,189.2929","已完成母公司","已完成母公司","合理保證等級","12,930.0416","購買之商品及勞務,與燃料及能源相關活動（未納入範疇1或範疇2）,上游運輸及配送,營運中產生之廢棄物,商務旅行,員工通勤,下游運輸及配送","已完成母公司","已完成母公司","有限保證等級","0.0020","本公司溫室氣體排放以2022年為基準年 • 短期目標：2025年减少20%的溫室氣體排放 • 中期目標：2030年减少50%的溫室氣體排放 • 長期目標：2040年各營運據點溫室氣體淨零排放。","1.廠內推行ISO50001及綠色工廠制度落實減少能資源消耗 2.2025年預計將完成建置達3.561 MWh之太陽能裝置容量，且會立即投入於自發自用，以該裝置容量估算，全年預計發電量可達4,451,556 kWh，減碳效益可達2,697.62噸CO2e，並於後續年度仍會持續擴展太陽能裝置設備建置，並配合整體集團碳中和推行藍圖，再進一步評估購買外部案場綠電等可行性，最終達成再生能源使用最大化","2023年相較基準年已減碳17.84%，2024年數據於4月份完成第三方查證作業，對比基準年已減量約34.39%。"
"=""6271""","同欣電","763.6594","已完成合併財務報表之母子公司","已完成合併財務報表之母子公司","合理保證等級","63,860.0185","已完成合併財務報表之母子公司","已完成合併財務報表之母子公司","合理保證等級","82,294.8608","購買之商品及勞務,與燃料及能源相關活動（未納入範疇1或範疇2）,上游運輸及配送,營運中產生之廢棄物,商務旅行,員工通勤,下游運輸及配送","已完成合併財務報表之母子公司","已完成合併財務報表之母子公司","有限保證等級","N/A","以 2024 年為盤查基準年，2025-2026每年絕對減量 2%，2027-2030 每年絕對減量 4%-8%，合計到 2030 年中期減碳 30%","建置屋頂型太陽能發電系統、透過汰換高耗能設備、導入高效馬達與空壓系統、全面更換為 LED照明設備，以及實施設備運轉時程優化等措施。","2024 年台灣地區各廠用電量共計 96,190,826.50千度電，相較 2023 年用電量減少 1,521.3938千度電。惟子公司菲律賓廠用電量因持續擴充設備，由 2023 年 21,144.5828千度電增加至 2024 年 25,646.6819千度電 ，將持續推廣節能規畫至菲律賓廠並新增再生能源使用。"
"=""6277""","宏正","960.4839","已完成母公司","已完成母公司","合理保證等級","1,940.1773","已完成母公司","已完成母公司","合理保證等級","N/A","","N/A","N/A","","0.8270","以2050 年淨零排放為目標，以2021 年做為減量基準年，預計在2030 年時台灣總部及汐止生產基地範疇一及範疇二減少50%。","本公司積極推動各項能源減量措施，導入太陽能設備，建立製程管制的手法，降低因製程等待所產生的耗能並推動各項提升效能管理方案。 本公司為確保生產製程與產品均符合歐盟之RoHS、REACH 國際法規與客戶環保要求，持續關注這些國際法規並依最新要求更新給上、下游供應鏈夥伴，共同降 低產品對環境的各種衝擊，包括物料回收使用、再生能源製造產品及製造過程減少污染。 本公司環境管理系統自106 年起每年持續推動環境管理方案「綠色產品設計」以產品四大構面包括產品精簡結構與易拆解設計、材料選用、產品耗能及對環境影響程度進行研發設計，是我們對環境保護面向的承諾。","113年度汐萬廠新空調冰水主機汰舊換新進行KLTW-200S-1RCH * 2台磁懸浮式冰水主機汰換工程更換作業填充R-134a冷媒，導致整體溫室氣體排放量較前年度增加。"
"=""6278""","台表科","1,104.6700","已完成母公司,子公司-峻凌電子(蘇州)有限公司、峻凌電子(重慶)有限公司","已完成母公司,子公司-峻凌電子(蘇州)有限公司、峻凌電子(重慶)有限公司","合理保證等級","60,293.3000","已完成母公司,子公司-峻凌電子(蘇州)有限公司、峻凌電子(重慶)有限公司","已完成母公司,子公司-峻凌電子(蘇州)有限公司、峻凌電子(重慶)有限公司","合理保證等級","N/A","","N/A","N/A","","1.6100","台表科公司將2022年（首次盤查年度）設定為基準年，以利未來年度比較溫室氣體排放量與設定減量目標。1).2023~2030溫室氣體排放量減少10% 2).2031~2035溫室氣體排放量減少15%","全廠區冰水主機馬達，設備增設變頻節能","113年節能約2.23%，節電量 = 246,725.07度"
"=""6281""","全國電","531.1601","已完成母公司","已完成母公司","有限確信","16,337.8454","已完成母公司","已完成母公司","有限確信","N/A","","N/A","N/A","","N/A","以2023年為溫室氣體減量基期，設定中、長期目標，2025年達成減量12%，2030年達成減量15%之目標。","汰換高耗能設備，如替換為LED燈具及一級能效空調等設備。","2024年持續以專案型式，一次性汰換多家門店的空調及照明設備，置換為無風管一級能效空調設備及有節能標章的LED照明燈具，及門店營業時間縮減30分鐘政策，達成全年度減碳量約1,947 公噸CO2e，減量目標10.35%，累計目標達成11.85%。"
"=""6282""","康舒","2,159.2809","已完成合併財務報表之母子公司","已完成合併財務報表之母子公司","有限保證等級","34,946.4495","已完成合併財務報表之母子公司","已完成合併財務報表之母子公司","有限保證等級","1,458,506.5580","資本財,與燃料及能源相關活動（未納入範疇1或範疇2）,上游運輸及配送,營運中產生之廢棄物,商務旅行,員工通勤,下游運輸及配送,已銷售產品之使用,已銷售產品生命週期結束之處理,投資","已完成母公司,康舒母公司和滬華主要營運據點均已完成範疇三盤查及查證。新併購的OmniOn和部分海外子公司2024年為首年盤查範疇一+二，尚未盤查範疇三的資訊。","已完成母公司,康舒母公司和滬華主要營運據點均已完成範疇三盤查及查證。新併購的OmniOn和部分海外子公司2024年首年盤查範疇一+二，尚未盤查範疇三的資訊。","有限保證等級","1.1707","基準年：2021年 範疇一+範疇二：52,751tCO2e 範疇三(商品採購+產品使用)：2,613,693tCO2e 減量目標：2030目標年較2021基準年，範疇一+範疇二絕對減量45%，範疇三百萬營收強度減量51.7%。  ","1.每年進行溫室氣體盤查及查證 2.鑑別排放熱點 3.訂定減量目標 4.擬定減量策略及方案 5.定期追蹤成效持續改善 6.碳管理人才的培育","2024年達成狀況： 1.範疇一+範疇二：25,460tCO2e(Market base), 較2021年-51.7%, 達標. 2.範疇三(商品採購+產品使用)：72.56tCO2e/MTND, 較2021年-39.2%, 達標."
"=""6283""","淳安","224.2362","已完成合併財務報表之母子公司","已完成合併財務報表之母子公司","合理保證等級","133.4344","已完成合併財務報表之母子公司","已完成合併財務報表之母子公司","合理保證等級","477.6320","購買之商品及勞務,資本財,與燃料及能源相關活動（未納入範疇1或範疇2）,上游運輸及配送,營運中產生之廢棄物,員工通勤,上游租賃資產,下游運輸及配送,已銷售產品之加工","已完成合併財務報表之母子公司","已完成合併財務報表之母子公司","合理保證等級","N/A"," 2025年完成2024年合併溫室氣體盤查 2027年完成2026年個體溫室氣體查證 2027年完成2026年合併溫室氣體查證","為制定公司之氣候變遷關鍵策略，首先須鑑別年度氣候風險與機會關鍵議題，2024年淳安由永續發展推動小組召集4大ESG工作小組，依循上市公司氣候相關資訊、同業報告書及國際趨勢蒐集淳安專屬氣候議題，並透過與ESG小組討論實際面臨與應對議題情況，最終決議出3項關鍵氣候風險與機會，分別為1項轉型風險、1項實體風險與1項氣候機會，共3項關鍵議題如下氣候風險與機會鑑別結果列示，分別列示議題之發生期程、現況、未來因應策略。","2025年完成2024年合併溫室氣體盤查"
"=""6285""","啟碁","2,265.3559","計算邊界為合併財務報表之母子公司(尚未計算W-NeWeb Mexico)","驗證邊界為合併財務報表之母子公司(尚未計算W-NeWeb Mexico)","合理保證等級","53,045.5249","計算邊界為合併財務報表之母子公司(尚未計算W-NeWeb Mexico)","驗證邊界為合併財務報表之母子公司(尚未計算W-NeWeb Mexico)","合理保證等級","5,542,207.7451","購買之商品及勞務,資本財,與燃料及能源相關活動（未納入範疇1或範疇2）,上游運輸及配送,營運中產生之廢棄物,商務旅行,員工通勤,上游租賃資產,下游運輸及配送,已銷售產品之加工,已銷售產品之使用,已銷售產品生命週期結束之處理,下游租賃資產,加盟,投資","計算邊界為合併財務報表之母子公司(尚未計算W-NeWeb Mexico)","驗證邊界為合併財務報表之母子公司(尚未計算W-NeWeb Mexico)","有限保證等級","0.5019","啓碁已完成了科學基礎減碳倡議（SBTi）設定，承諾以2022年為基準年，於2030年達成範疇一和範疇二溫室氣體排放減量42%，也同步承諾以2023年為基準年，於2030年達成範疇三溫室氣體排放減量25%，並於2050年達成淨零排放。","啓碁自行建置自發自用的太陽能發電裝置與制定再生能源採購策略，透過長期綠電採購合約與綠電憑證（RECs）等方式。 為有效管理能源使用並提高能源使用效率，啓碁制訂能源管理政策，積極推行能源管理系統，各廠區依其歷史資料設定基線或基準年，定期進行能源減量效益追蹤，並透過監控能源使用情況、設定節能目標和執行節能措施來持續改善能源效率，且目前全數廠區皆已完成ISO 50001 能源管理系統導入。 啓碁致力於綠色產品的開發，將綠色產品定義為符合「安全」與「低碳」兩大主題的產品。在低碳方面，致力減少在從原料採購、製造、運輸、消費使用到廢棄回收的產品五大生命週期階段的碳排放，降低對氣候變遷的影響。透過環保原料與包材使用、優化低碳製造程序、產品節能技術開發、易拆解回收設計等措施，期望有效降低產品在生命週期各階段對環境所可能造成的負面影響，打造更加環保且可持續性的產品，提供客戶能源效率良好的產品設計與製造服務。","2024年度達成範疇一與二減碳 13.19%（原訂目標為 10.50%）、範疇三減碳5.78% ( 原定目標為 3.57% )"
"=""6405""","悅城","0.1798","已完成母公司","N/A","","1,771.0000","已完成母公司","N/A","","0.0000","","N/A","N/A","","13.4400","本公司將於2025年設定為基準年,設定下列目標: 1. 短期(2026)：碳密集度較基準年下降2%。 2. 中期(2028)：碳密集度較基準年下降4%。 3. 長期(2030)：碳密集度較基準年下降8%。","完成各營運據點之碳盤查，並各自建立具體短中長期減碳目標。","廠區按月分析追蹤及檢討能源使用情況，針對減碳目標進行追蹤及檢討。"
"=""6409""","旭隼","484.7500","已完成合併財務報表之母子公司","已完成合併財務報表之母子公司","有限確信","11,194.0400","已完成合併財務報表之母子公司","已完成合併財務報表之母子公司","有限確信","7,078,895.8900","購買之商品及勞務,資本財,與燃料及能源相關活動（未納入範疇1或範疇2）,上游運輸及配送,營運中產生之廢棄物,商務旅行,員工通勤,下游運輸及配送,已銷售產品之使用,已銷售產品生命週期結束之處理","已完成合併財務報表之母子公司","已完成合併財務報表之母子公司","有限確信","16.4600","(一) 旭隼科技集團導入完整之「溫室氣體衡量技術」，代表自身營運之”範疇1：直接溫室氣體排放” 約當碳排放量 484.75 佔tCO2e  0.01%以及”範疇2：間接溫室氣體排放” 11,194.04佔tCO2e  0.16%，合計僅佔整個價值鏈0.17％，非常的微小；即使將”使用銷售產品排放”改為單一年度（而非產品總壽命），範疇1：直接溫室氣體排放” 約當碳排放量 484.75 佔tCO2e  0.02%及”範疇2：間接溫室氣體排放”約當碳排放量 11,194.04佔tCO2e  0.57% ，也僅佔0.59％。因此，本集團不再將單一的”自身營運之溫室氣體排放管理”（例如，自身營運之溫室氣體排放密集度）當作指標或目標。 (二)旭隼科技集團第一階段以”自身營運以及下游之溫室氣體排放管理” （上游之溫室氣體排放，於第二階段處理）當作指標或目標。其範疇1：直接溫室氣體排放” 約當碳排放量 484.75 佔tCO2e  0.06%，”範疇2：間接溫室氣體排放”約當碳排放量 11,194.04佔tCO2e  1.37%，範疇3：間接溫室氣體排放”約當碳排放量 1,949,128.23佔tCO2e  99.41% ，將”範疇3：間接溫室氣體排放 約當碳排放量1,949,128.23 tCO2e”扣除”上游之溫室氣體排放”後，範疇3：間接溫室氣體排放”(扣除”上游之溫室氣體排放) 約當碳排放量 802,920.56佔tCO2e  98.57%，是為”銷售年度自身營運以及下游之溫室氣體排放”。 ","(一) 旭隼科技集團所有產品都具有能源效率效益、太陽能產品兼具能源效率以及再生能源效益；稱之為永續性產品。 銷售產品協助消費者溫室氣體減排效益計算:2024年度  不斷電系統 331,476tCO2e ; 太陽能產品 711,562 tCO2e，合計:1,043,038 tCO2e (二) 旭隼科技集團以”協助消費者每年減少溫室氣體排放效益/銷售年度自身營運以及下游之溫室氣體排放”之倍數為指標與目標；以2024年度1.28倍(協助消費者每年減少溫室氣體排放效益1,043,038  tCO2e/銷售年度自身營運以及下游之溫室氣體排放 814,599.35 tCO2e)為基準年，比較2025年度數據後，再設定未來具體的目標和指標。 ","(一)旭隼科技集團（協助消費者每年減少溫室氣體排放效益1,043,038tCO2e-繼續使用銷售產品每年碳排放732,823.95 tCO2e）＝繼續使用銷售產品每年減少溫室氣體排放淨效益310,214.05tCO2e ；與2024年度上游之溫室氣體排放（僅當年度發生：類別1：購買商品及勞務+類別2：資本貨物+類別3：與燃料和能源相關活動+類別4：上游運輸和配送）1,146,207.66 tCO2e 比較：購買首年度＋繼續使用銷售產品3.7年(年度上游之溫室氣體排放1,146,207.66 tCO2e/繼續使用銷售產品每年減少溫室氣體排放淨效益310,214.05tCO2e)＝4.7年；亦即使用本集團銷售產品滿4.7年以上，即達成價值鏈之淨零碳排放。 (二)積極投資於節能或綠色能源相關環保永續之機器設備（立體倉設備、太陽能光伏、充電樁、儲能電池），目前投資項目全部完成時每年可減少898tCO2e溫室氣體排放量，相當於6,285棵樹的植樹效益。 "
"=""6412""","群電","2,241.8600","已完成合併財務報表之母子公司","已完成合併財務報表之母子公司","合理保證等級","34,383.3500","已完成合併財務報表之母子公司","已完成合併財務報表之母子公司","合理保證等級","19,341,084.7900","購買之商品及勞務,資本財,與燃料及能源相關活動（未納入範疇1或範疇2）,上游運輸及配送,營運中產生之廢棄物,商務旅行,員工通勤,上游租賃資產,下游運輸及配送,已銷售產品之使用,已銷售產品生命週期結束之處理,下游租賃資產","已完成合併財務報表之母子公司","已完成合併財務報表之母子公司","有限保證等級","0.9900","絕對排放量(基準年2020年) 2030年範疇一和範疇二溫室氣體絕對排放量減少42%，範疇三溫室氣體絕對排放量減少25%。 排放強度(基準年2020年) 2030年範疇一和範疇二溫室氣體排放強度下降56.8%，範疇三溫室氣體排放強度下降44.2%。","1.減量策略 提升能源效率:規劃節能措施，提高能源使用效率。 能管系統:使用智慧能管平台，優化節能使用。 使用再生能源:提高綠電比例，實現RE100。 實施循環經濟:提升材料重複再利用成效。 綠色產品設計:評估產品生命週期，導入減碳材料。 2.具體行動計畫 各廠區推動製程自動化與智慧化轉型減少碳排並提高能資源使用效率。 持續購入綠電及提高自發自用再生能源比例。","1.絕對排放量 範疇一和範疇二溫室氣體絕對排放量已減量48.40%。(已達當年度目標) 範疇三溫室氣體絕對排放量已減量42.73%。(已達當年度目標) 2.排放強度 範疇一和範疇二溫室氣體排放強度已下降54.10%。(已達當年度目標) 範疇三溫室氣體排放強度已下降49.06%。(已達當年度目標)"
"=""6414""","樺漢","24.4948","已完成母公司","已完成母公司","合理保證等級","326.9263","已完成母公司","已完成母公司","合理保證等級","3,726.0954","上游運輸及配送","已完成母公司","已完成母公司","有限保證等級","0.7644","(一)企業對於因應氣候變遷或溫室氣體管理之策略 本公司溫室氣體排放以範疇二外購電力為主要來源，占總排放量 93.03 %。為持續推動節能減碳策略，以有效減少溫室氣體之排放，並訂定改善目標追蹤。策略如下： 1.增加綠色採購與替換設備：透過綠色採購，購買環保標籤之基礎設施設備。  2.投入綠色成本：設施設備節能減碳專案。  3.使用再生能源：評估綠電購買效益。 4. ISO 管理認證：ISO 14064-1、ISO 50001、ISO 14001、ISO20400。  (二)樺漢科技於 2021 年開始盤查溫室氣體排放量並以此為基準年，目標於 2030 年相較基準年減少 42% 排放強度，並定期追蹤成果績效。2024 年範疇一+範疇二碳排量為 351.4211 tCO2e，相較於 2021年減少 11.48%。"" ","依據短中長期目標建立減量計畫並採取行動。 短期（～2030）：能源管理、綠色採購、源頭減廢、綠能投資 中期（～2045）：節能設備、創能設備、儲能設備 長期（～2050）：自然碳匯 ","截至2024年，範疇一＋範疇二已下降 11.48%。 "
"=""6415""","矽力*-KY","63.0600","已完成合併財務報表之母子公司","已完成母公司","有限確信","5,685.4800","已完成合併財務報表之母子公司","已完成母公司","有限確信","N/A","","N/A","N/A","","0.3115","目前採用滾動基準年，計畫於2040年實現範疇一及範疇二碳中和","計畫逐步使用綠色能源進行替代","暫無"
"=""6416""","瑞祺電通","131.2722","已完成母公司","已完成母公司","合理保證等級","489.7228","已完成母公司","已完成母公司","合理保證等級","1,022.1467","上游運輸及配送,下游運輸及配送","已完成母公司","已完成母公司","有限保證等級","0.4879","","",""
"=""6426""","統新","N/A","N/A","N/A","","N/A","N/A","N/A","","N/A","","N/A","N/A","","N/A","","",""
"=""6431""","光麗-KY","N/A","N/A","N/A","","N/A","N/A","N/A","","N/A","","N/A","N/A","","N/A","預計將以2026年作為溫室氣體排放的基準年，屆時全集團將完成盤查，取得更完整且明確的排放數據後，將子公司納入考量，綜合評估並研擬整體減碳策略，進一步設定具體可行的減量目標。","各部門現階段正陸續提出初步構想，供永續推動小組會議研議。後續將統整討論成果，擬定完整方案，提報董事長審核決策。","待2026年制定具體目標後，再行揭露達成情形"
"=""6438""","迅得","245.7306","已完成母公司","已完成母公司","合理保證等級","697.8986","已完成母公司","已完成母公司","合理保證等級","430.9010","購買之商品及勞務,與燃料及能源相關活動（未納入範疇1或範疇2）,營運中產生之廢棄物,員工通勤,下游運輸及配送","已完成母公司","已完成母公司","有限保證等級","0.3329","企業溫室氣體排放量減量目標： 本公司設定2023年為基準年，規劃公司溫室氣體盤查及查證，目標2030年溫室氣體排放量較2023年減少30%(範疇一及範疇二)，並配合台灣政策以2050年達到淨零排放為目標。 ","企業溫室氣體排放量減量之策略及具體行動計畫：  (1)2023年起規劃公司溫室氣體盤查及查證的時程計畫。  (2)2025年新廠興建綠色廠房、建置太陽能發電設備。  (3)逐步檢討汰換因老舊導致效能衰弱的設備。    (4)計畫未來逐年更換燃油交通工具為油電車或電動車，降低燃料溫室氣體產生量。  (5)推動低碳綠色生產，讓具有再利用價值的材料再次投入生產循環。","2023總排放量(公噸CO2e) 母公司/範疇一:318.4087	 母公司/範疇二:683.2188	 合計:1001.6275 2024總排放量(公噸CO2e)	 母公司/範疇一:245.7306 母公司/範疇二:697.8986 合計:943.6292 達成情形(減量%):減少5.79% (基準年:2023年)	"
"=""6442""","光聖","103.2070","已完成母公司","已完成母公司","合理保證等級","1,518.3245","已完成母公司","已完成母公司","合理保證等級","506.4851","購買之商品及勞務,商務旅行,員工通勤","已完成母公司","已完成母公司","Agreed-upon procedures (AUP) 確證與協議程序所得的結論","0.3479","","",""
"=""6443""","元晶","4,928.2748","已完成母公司","N/A","","47,642.6540","已完成母公司","N/A","","1,031,495.0054","與燃料及能源相關活動（未納入範疇1或範疇2）","已完成母公司","N/A","","11.6462","1.有進行各據點溫室氣體盤查，但尚未設定溫室氣體減量基準年，待2028年前完成公司確信並設定溫室氣體減量基準年 2.現設定減量目標-每年減少碳排放 1% 以上","1.依 ISO 14064-1 落實溫室氣體管理，每年盤查及查證 2.每年減少碳排放 1% 以上","1.尚未設定溫室氣體減量基準年，待2028年前完成公司確信並設定溫室氣體減量基準年"
"=""6446""","藥華藥","828.2600","藥華醫藥台中廠","N/A","","3,080.8400","藥華醫藥台中廠","N/A","","925.9300","上游運輸及配送,營運中產生之廢棄物,商務旅行,員工通勤,下游運輸及配送","藥華醫藥台中廠","N/A","","0.5000","藥華醫藥溫室氣體排放的最大來源為範疇二的外購電力。2024年範疇一、二的溫室氣體排放量<5,000公噸CO2e。","針對溫室氣體排放量政策，將配合國家2050年淨零及國發會2030年整體達到-24% 的目標為宗旨。","溫室氣體排放密集度0.5(公噸CO2e/新臺幣百萬元)比2023年下降43%。"
"=""6449""","鈺邦","24.5235","已完成母公司","已完成母公司","合理保證等級","780.1708","已完成母公司","已完成母公司","合理保證等級","279.9108","營運中產生之廢棄物,商務旅行,員工通勤","已完成母公司","N/A","","0.2711","","",""
"=""6451""","訊芯-KY","1,267.2600","已完成合併財務報表之母子公司","N/A","","47,260.7200","已完成合併財務報表之母子公司","N/A","","25,257.2300","與燃料及能源相關活動（未納入範疇1或範疇2）,上游運輸及配送,營運中產生之廢棄物,員工通勤","已完成合併財務報表之母子公司","N/A","","14.2223","","",""
"=""6456""","GIS-KY","2,298.6249","已完成合併財務報表之母子公司","已完成合併財務報表之母子公司","合理保證等級","14,181.8000","已完成合併財務報表之母子公司","已完成合併財務報表之母子公司","合理保證等級","385,662.4608","購買之商品及勞務,資本財,與燃料及能源相關活動（未納入範疇1或範疇2）,上游運輸及配送,營運中產生之廢棄物,商務旅行,員工通勤,上游租賃資產,已銷售產品之加工,已銷售產品之使用,已銷售產品生命週期結束之處理,下游租賃資產,投資","已完成合併財務報表之母子公司","已完成合併財務報表之母子公司","合理保證等級","0.2360","本公司於2024年通過SBTi近期目標審核，承諾以2022年為基準年，2030年範疇一與範疇三均實現絕對減量42%，綠電使用占比在2030年達成100%。","本公司2024年共推行40件節能專案，節電量達17.5GWh，更於2023年投入新台幣1.59億元於后里廠建設太陽能發電系統，2024年已發320萬度電，後續亦規劃在成都廠建設太陽能發電系統。除對內執行節能專案、建設太陽能發電裝置外，本公司亦透過對外投資綠能相關企業（含數個太陽能電廠及風電廠等），以支持綠能產業發展及運作，投資之電廠預計將於2026年起陸續併網、發電。截至2024年底，本公司對外投資金額已累積達新台幣3,594萬元，並預計逐年增加投資金額。 本公司大陸廠區於2022－2024年已連續3年達成100%綠電使用，2024年全廠綠電使用占比達到87.96%，符合本公司短期目標設定之路徑。","本公司承諾於2030年達成範疇一及範疇三絕對減量42%（2022為基準年），平均每年範疇一及範疇三須各減少5.25%。經統計，本公司範疇一及範籌三皆達成今年減量目標。"
"=""6464""","台數科","1,429.2163","已完成合併財務報表之母子公司","已完成合併財務報表之母子公司","合理確信","9,929.2286","已完成合併財務報表之母子公司","已完成合併財務報表之母子公司","合理確信","2,360.0504","與燃料及能源相關活動（未納入範疇1或範疇2）","已完成合併財務報表之母子公司","已完成合併財務報表之母子公司","有限確信","2.6007","以2024年為基準年，每年節能減量2%為目標","1.改善能源效率：使用更有效率的設備和技術，例如使用節能照明，減少交通往返的油耗、老舊工程車汰換為更節能省油之車款，升級建築物的絕緣材料。2.採用可再生能源：使用太陽能等可再生能源來替代電能。3.推動綠色交通：改購電動汽車、推行遠程辦公等。4.循環經濟：推廣產品回收再利用、減少資源浪費，通過循環經濟模式實現可持續發展，進而減少排放。","N/A"
"=""6472""","保瑞","8,836.6168","已完成母公司,台灣所有子公司及加拿大子公司","已完成母公司,台灣所有子公司及加拿大子公司","有限確信","19,993.3757","已完成母公司,台灣所有子公司及加拿大子公司","已完成母公司,台灣所有子公司及加拿大子公司","有限確信","5,474.4983","與燃料及能源相關活動（未納入範疇1或範疇2）,營運中產生之廢棄物","已完成母公司,台灣所有子公司及加拿大子公司","已完成母公司,台灣所有子公司及加拿大子公司","有限確信","1.5000","● 2025-2030短期目標：以2023年為基準，保瑞集團計劃至2030年達成範疇一與範疇二碳排放共減少30%的目標。此外，於2025年開始推進ISO-50001能源管理系統的認證作業。 自2025年起，將推動全集團範疇三採購商品與服務的盤查作業，並完成報告確信。 ● 2031-2040中期目標：持續在範疇一和範疇二中找出可降低42%的碳排放機會，範疇三的採購商品與服務的碳排減少25%。  ● 2041-2050長期目標：以2050年淨零為目標，實現全集團淨零排放。","1. 方向與治理 -長程目標：董事會通過 2050 年達成淨零排放承諾。 -組織機制：永續發展委員會下設「氣候與能源」工作小組，每月追蹤進度，並於 ESG 月會及董事會定期匯報。  2. 監測與績效管理 -ISO 14064-1 盤查：自 2021 年導入，2024 年已有 8 個主要廠區完成第三方確信。 -季度填報：2025 年Q3起，所有廠區按季匯入碳排申報系統；同時召開「減碳工作小組」會議，鎖定排放熱點並制定改善方案。  3. 具體減碳行動 -竹南廠優化空調與冷卻水塔，全年節電 811,600 kWh、減排481tCO₂e（-6.6%）。 -台南廠為吸附式乾燥機加裝節能裝置，年減 8.3 t CO₂e（-4.6% 用電）。 -2025 年起逐步導入 ISO 50001，結合能源監控系統，鎖定高耗能設備汰換與變頻升級。 -持續評估太陽能與綠電採購方案。 -加拿大廠電動車充電樁由 6 座增至 14 座，鼓勵員工永續通勤。。  5. 持續改進與揭露 -按季追蹤與滾動修正：系統數據將透過 KPI 儀表板供各廠比較，未達標單位需在下一季提出修正計畫。 -資訊透明：所有盤查、減量成果與未來路徑納入年度永續報告書，並接受第三方確信；2026年起增加對外揭露範疇3排放。","2024 年排放量較 2023 年減少 940.83 噸，減幅 3.26%，達成公司每年 3% 的減量目標。"
"=""6477""","安集","N/A","N/A","N/A","","N/A","N/A","N/A","","N/A","","N/A","N/A","","N/A","","",""
"=""6491""","晶碩","642.0472","已完成母公司","已完成母公司","合理保證等級","39,142.4498","已完成母公司","已完成母公司","合理保證等級","19,792.2190","已銷售產品之使用","已完成母公司","已完成母公司","有限確信","5.8361","","",""
"=""6504""","南六","5,120.4932","已完成母公司","已完成母公司","有限確信","16,640.8690","已完成母公司","已完成母公司","有限確信","N/A","","N/A","N/A","","N/A","","",""
"=""6505""","台塑化","23,228,203.5208","已完成合併財務報表之母子公司","已完成母公司","合理保證等級","196,930.9858","已完成合併財務報表之母子公司","已完成母公司","合理保證等級","56,543,799.4924","購買之商品及勞務,資本財,與燃料及能源相關活動（未納入範疇1或範疇2）,上游運輸及配送,營運中產生之廢棄物,商務旅行,員工通勤,下游運輸及配送,已銷售產品之加工,已銷售產品之使用,投資","已完成母公司","已完成母公司","有限保證等級","35.4000","為規劃溫室氣體減量策略，台塑石化基準年為2007年，其範疇一及範疇二排放量分別為31,680,876噸CO2e及143,113噸CO2e，並設定了短期(2025年目標排放量2,467萬噸，比基準年減少22%)、中期(2030年目標排放量2,271萬噸，比基準年減少28%)、長期(2050年達到碳中和)之目標。 ","1.短期 (1)節能減碳循環經濟改善措施 (2)設置及開發再生能源，如太陽能、小水力等 (3)鍋爐混燒固體再生燃料(SRF)5% (4)以共煉方式生產永續航空燃油(SAF) 2.中期 (1)製程技術優化及持續推動節能減碳循環經濟等改善措施 (2)持續設置及開發再生能源 (3)評估廢油、廢塑膠自行回收再利用 (4)評估以生質能燃料或其他低碳燃料取代燃煤電廠部分煤用量，另外提高SRF混燒比例 (5)增加SAF產量 3.長期 (1)評估朝向低(零)碳能源轉型 (2)針對氫能與氨能應用之技術研發、高值化及投資新創產業等擴大評估 (3)評估採用碳捕捉、再利用及封存(CCUS)技術 (4)評估以碳匯、碳權及負碳額度抵銷 (5)配合國家政策增加生產SAF (詳細請參閱本公司2024永續報告書CH2.1.3氣候目標與指標章節)","2024年合計減少18.8萬噸溫室氣體排放量，共完成187件減碳專案。 (詳細請參閱本公司2024永續報告書CH2.1.3氣候目標與指標及2.2溫室氣體管理章節)"
"=""6515""","穎崴","414.8232","本公司以下營運據點：高雄一廠、高雄二廠、新竹廠、新竹辦公室","N/A","","5,850.6086","本公司以下營運據點：高雄一廠、高雄二廠、新竹廠、新竹辦公室","N/A","","N/A","","N/A","N/A","","1.0806","以範疇一及範疇二溫室氣體減量為目標（以2024年為基準年） 短期目標（2025）：每年較基準年較少1%   中長期目標（2030）：每年較基準年較少2% ","冰水主機出水溫度及冷卻水塔溫度進行最佳化運轉效率控管及改善 KH1-T5平板燈具汰換  HC1-無塵室汰換成高效率氣冷式冰水機 HC1-空壓機設備汰換","基準年排放量：6265.432 噸 CO₂e/年 減碳量：93.053 噸 CO₂e/年 碳成果為約 1.49%，符合"
"=""6525""","捷敏-KY","309.7513","已完成合併財務報表之母子公司","已完成合併財務報表之母子公司","合理確信","32,442.9887","已完成合併財務報表之母子公司","已完成合併財務報表之母子公司","合理確信","3,019.3510","上游運輸及配送,商務旅行,下游運輸及配送","已完成合併財務報表之母子公司","已完成合併財務報表之母子公司","合理確信","7.6591","","",""
"=""6526""","達發","157.1700","已完成母公司","N/A","","2,875.4300","已完成母公司","N/A","","30,239.3200","購買之商品及勞務","已完成母公司","N/A","","0.1590","2024 年為基準年。 減碳目標: 1.於2030 年，達發科技辦公室電力( 不含資料中心) 使用100% 再生能源 2.於2050 年，達到溫室氣體淨零排放目標","一、溫室氣體減量策略 達發科技致力於降低營運過程中的能源消耗與碳排放，透過提升設備效率、導入自動化管理、推動節能行為及定期檢討能源使用狀況，持續推動溫室氣體減量，並設定具體的用電減量目標，以實現節能減碳及永續發展。 二、具體行動計畫:全面採用高效節能照明、導入自動化監控系統、空調節能管理、分區照明管理、採用節能設備、事務設備節能設定、定期檢討能源使用","達發科技於新建自有辦公大樓時全面採用3,657具LED高效節能照明，預計每年可節省9,458度電，減少約4.8公噸CO₂e排放。2025年設定用電量較2024年下降1.2%為目標，節能措施已於2024年隨新大樓啟用同步實施，預期有助於達成減碳目標，後續將持續追蹤實際成效。"
"=""6531""","愛普*","11.0196","母公司以及轉投資-愛普存儲技術(杭州)有限公司","N/A","","379.0982","母公司以及轉投資-愛普存儲技術(杭州)有限公司","N/A","","66.9380","與燃料及能源相關活動（未納入範疇1或範疇2）","已完成母公司","N/A","","0.0931","將於2025年制訂減碳基準年及中、長期目標。","•階段性汰換辦公室傳統燈具為LED燈具 •規劃採購綠電，並逐年增加綠電使用比例  詳細內容可參考2024永續報告書CH7-3溫室氣體盤查及CH7-4能源管理篇幅",""
"=""6533""","晶心科","N/A","N/A","N/A","","450.4341","已完成母公司","N/A","","N/A","","N/A","N/A","","0.4140","於112年度每位員工平均碳排量約為1.156公噸，減量目標為每年減少每人平均碳排量1%~2%。","1. 午休時間關燈1 小時及宣導同仁隨手關燈，減少能資源消耗。 2. 辦公室採用LED 照明設備，減少能資源消耗。 3. 全區域辦公室空調溫度控制，並有設有定時關機裝置。 4. 使用省水設備，宣導節約用水，減少水資源量浪費。 5. 提供環保餐具，減少免洗餐具使用，以降低對環境負荷衝擊之垃圾及汙染。 6. 廢棄物方面，依據環保署所訂定之分類方式，於辦公室內設置標示清楚且合規之暫存容器，以達到正確分類，有效回收。 7. 推行線上簽核系統，減少紙本使用。 8. 洗手間推廣使用烘手機，減少擦手紙資源耗用。 9. 每年定期執行溫室氣體及用水量盤查。","於113年度每位員工平均碳排量約為1.146公噸，減少每人每年平均碳排量0.79%。雖尚未達成既定之碳排放減量目標，但整體碳排放量已呈現逐年下降趨勢，相關減碳措施已逐步發揮成效，未來亦將持續執行碳排政策，朝向目標邁進。"
"=""6534""","正瀚-創","516.4658","已完成合併財務報表之母子公司","已完成合併財務報表之母子公司","台灣廠區的範疇一未違反實質性差異門檻，符合主管機關認可之合理保證等級。 美國製造中心的範疇一為有限保證等級。","2,898.8952","已完成合併財務報表之母子公司","已完成合併財務報表之母子公司","台灣廠區的範疇二未違反實質性差異門檻，符合主管機關認可之合理保證等級。 美國製造中心的範疇二為有限保證等級。","334.5723","營運中產生之廢棄物,商務旅行,員工通勤","已完成合併財務報表之母子公司","已完成合併財務報表之母子公司","有限保證等級","2.2925","","",""
"=""6541""","泰福-KY","N/A","N/A","N/A","","N/A","N/A","N/A","","N/A","","N/A","N/A","","N/A","未設定基準年及減量目標","採取節能減碳行動，包括採以感應用電、定期更換燈具為 LED節能燈管、熱泵設備更換成高效能熱泵等，並且美國子公司導入Desigo 樓宇管理平台系統，安裝用於監視和控制 cGMP 設備以及廠內各空間的溫度設定。","未設定減量目標"
"=""6550""","北極星藥業-KY","0.0000","已完成母公司","N/A","","0.0000","已完成母公司","N/A","","N/A","","N/A","N/A","","N/A","","",""
"=""6552""","易華電","48.8008","已完成母公司","已完成母公司","合理保證等級","17,803.6770","已完成母公司","已完成母公司","合理保證等級","904.1115","上游運輸及配送,營運中產生之廢棄物,商務旅行,員工通勤,下游運輸及配送","已完成母公司","已完成母公司","有限保證等級","9.1084","每年皆符合能源局所制定之節電1%","推廣節約能源，降低電力使用量","符合能源局所制定之節電1%"
"=""6558""","興能高","612.8200","已完成合併財務報表之母子公司","已完成合併財務報表之母子公司","SGS,母子公司合併,非會計師確信,為SGS核證券(查證)","7,601.9500","已完成合併財務報表之母子公司","已完成合併財務報表之母子公司","SGS,母子公司合併,非會計師確信,為SGS核證券(查證)","13,135.7000","上游運輸及配送,營運中產生之廢棄物,商務旅行,員工通勤,下游運輸及配送,已銷售產品之使用,已銷售產品生命週期結束之處理","已完成合併財務報表之母子公司","已完成合併財務報表之母子公司","SGS,母子公司合併,非會計師確信,為SGS核證券(查證)","6.8640","範疇一及範疇二溫室氣體排放量於2027年較2022年減少30% 範疇一及範疇二溫室氣體排放量於2032年較2022年減少50%","2027年再生能源佔總能源消耗比例大於30% 2032年再生能源佔總能源消耗比例大於50%","持續進行中"
"=""6573""","虹揚-KY","303.8543","已完成合併財務報表之母子公司","已完成合併財務報表之母子公司","有限確信","7,865.3441","已完成合併財務報表之母子公司","已完成合併財務報表之母子公司","有限確信","5,672.5832","購買之商品及勞務,資本財,上游運輸及配送,營運中產生之廢棄物,商務旅行,員工通勤,下游運輸及配送","已完成合併財務報表之母子公司","已完成合併財務報表之母子公司","有限確信","N/A","本公司以2024年為盤查基準年，依據ISO-14064-1:2018標準，查證範圍：本公司組織邊界範圍內所有排放源，並接受第三方確信。","本公司針對溫室氣體減量推行下列減碳策略： 1.推行節約能源，下班隨手關燈、關電腦等，減少能源浪費。 2.定期檢討契約容量、空調分區、照明迴路，強化能源利用效率。 3.做好設備保養，提高設備效率，減少冷媒逸散。 4.集中採購，以降低運輸次數。 5.推廣綠色採購，優先選擇環保標章產品與低碳原物料，以降低供應鏈之碳排放。 6.改善廢棄物管理，落實分類回收，推廣資源再利用，減少廢棄物處理之碳排放。","透過汰換冰水主機與冷風模組兩套系統主管道進行並聯，後續開啟一套系統就可以實施全廠供冷，節省開啟一套主機電量，並將214組燈具改為節能平板燈，以減少溫室氣體之排放。"
"=""6579""","研揚","141.0544","已完成母公司","已完成母公司","合理保證等級","1,262.4361","已完成母公司","已完成母公司","合理保證等級","68,305.6527","資本財,與燃料及能源相關活動（未納入範疇1或範疇2）,上游運輸及配送,營運中產生之廢棄物,商務旅行,員工通勤,下游運輸及配送,已銷售產品之加工,已銷售產品之使用,已銷售產品生命週期結束之處理,下游租賃資產","已完成母公司","已完成母公司","合理保證等級","17.7875","基準年：2021年 96,891.0707 (噸CO2e) 短、中、長期目標如下: 短期：2026年範疇一、範疇二碳排放量較基準年減少 10%。 中期：2030年範疇一、範疇二碳排放量較基準年減少50%；範疇三:採購商品與服務以及銷售產品使用碳排放減少30%。 長期：2050年淨零目標","1. 汰換老舊機器設備，提升能源使用效率 2. 分階段汰換照明設施，全面改用高效節能燈具 3. 推動辦公區域低碳作業措施，落實日常減碳行動 4. 推行公益環保活動，促進永續發展意識","2024年溫室氣體排放相較2021年減量成果  範疇一與範疇二 排放合計較2021年減少 7.77%  範疇一、範疇二與範疇三 排放合計較2021年減少 28.05%"
"=""6581""","鋼聯","79,961.1884","已完成母公司","已完成母公司","合理保證等級","8,166.8574","已完成母公司","已完成母公司","合理保證等級","55,992.9091","購買之商品及勞務","已完成母公司","已完成母公司","有限保證等級","45.3074","鋼聯的碳減排目標基於「氣候變遷因應法」計畫 2030 年實現溫室氣體相較於2012年基準年減量34%，2050年實現淨零排放。依此作為鋼聯轉型風險情境分析。 ","2024年鋼聯執行環境友善減量措施 1.鋼聯建置ISO 50001能源管理系統，盤點全廠區耗能設備，2024年進行主辦公室２台冰水主機汰舊換新，總節能量預計可達34,112 kWh，根據能源署最新公告之113年度電力排碳係數0.474(公斤CO2e/度)計算，減少排放約16公噸溫室氣體。 2.鋼聯2024年優化電弧爐煉鋼集塵灰處理製程主要優化旋轉窯，調整製程參數，使其旋窯較不易結碴失溫，減少使用燃燒器升溫，約減少柴油使用量27.8公噸，減少排放約73公噸溫室氣體。(柴油排放係數以環境部公告係數計算)。 3.鋼聯為持續降低粒狀物污染，加強責任區域之環境維護以減少積料，並在重點進出貨之倉庫進出口安裝噴霧裝置除塵。 4.鋼聯2018年起執行「焦炭能源效率改善方案」，利用調整鹼基度適時增加污染土壤再利用量，操作處理中逐步慢慢調降焦炭投入量、降低焦炭與集塵灰投入配比，使得窯內反應趨於平衡穩定操作，鋼聯持續在1、2號窯廠區降低焦炭與電弧爐煉鋼集塵灰(EAFD)配比措施，每噸處理量之焦炭使用量從2017年的303公斤，持續下降至2024年的191公斤，累積減量幅度高達37%。 鋼聯自2021年9月開始使用固體再生燃料(SRF)作為輔助燃料，約可取代7~8%粗焦炭，且不影響產能及品質，2024年SRF及「其他熱值廢棄物」等輔助燃料使用量達2,736公噸，除可減少製程焦炭使用外，亦解決國內事業廢棄物去化問題。 5.太陽能發電系統已於2023年 12 月完工落成，2024年再生能源自發自用總電量為1,638,866kw/hr，2025年將展開規劃建置太陽能發電系統(二期)及台鋼屋頂設置太陽能板計畫，設置總面積約為16,920 m2，總容量為2,900 KW，預估總計可達3,800,000kw/hr，分別將在2025、2026年底完工，持續減少範疇2外購電力使用量，具長期減碳效益；同時，為因應碳費開徵，台灣鋼聯除了增設再生能源，同時已使用替代燃料取代部分焦炭使用量，持續增加使用量，以降低碳費衝擊。 "" ","2023年溫室氣體相對基準年已減量32%。 "
"=""6582""","申豐","4,159.0000","已完成合併財務報表之母子公司","已完成合併財務報表之母子公司","合理保證等級","12,306.0000","已完成合併財務報表之母子公司","已完成合併財務報表之母子公司","合理保證等級","N/A","","N/A","N/A","","9.6500","本公司持續從溫室氣體、水資源管理、能源管理和廢棄物管理幾個層面，制定氣候相關指標以監督管理環境績效， 並導入 14064溫室氣體盤查， 朝集團母公司永豐餘永續藍圖所訂定的淨零目標邁進。 集團減碳目標：2030 年溫室氣體排放量（範疇一及二）較基準年減 30%、逐步實現2050年淨零排放目標。","設備汰舊換新、建置再生能源設備、生產排程最佳化及極端氣候緊急應變計畫。 每年於永續報告書揭露範疇一、範疇二排放數據，推動範疇三盤點，並定期檢討增減原因。","單位產品排放密集度較去年降低超過30%，顯示相關減碳策略展現效益，並將逐步實現溫室氣體減量目標。"
"=""6585""","鼎基","2,344.3551","已完成母公司","已完成母公司","合理保證等級","20,499.5551","已完成母公司","已完成母公司","合理保證等級","37,165.3287","員工通勤","已完成母公司","已完成母公司","有限保證等級","7.3030","公司擬參照台灣「永續發展路徑圖」、「永續發展行動方案」於2027年以不晚於2026年為基準年揭露溫室氣體減量目標。","透過設置與更新節能設施減少每年平均用電量0.5%。 2024年擴大盤查範疇三，同時擴大盤查邊界，納入台中辦公室。","相較前一年度，2024年組織碳排放總量上升，除因擴大盤查邊界，增加盤查台中辦公室，也因企業業務成長、屏東廠房陸續完工，使生產產量增加。然若檢視組織碳密集度(範疇一+範疇二)，相較2023年下降約8.65%，充分展現鼎基節能減碳之成效。"
"=""6589""","台康生技","1,324.7642","已完成合併財務報表之母子公司","已完成合併財務報表之母子公司","合理保證等級","10,745.9987","已完成合併財務報表之母子公司","已完成合併財務報表之母子公司","合理保證等級","2,679.3913","購買之商品及勞務,上游運輸及配送,營運中產生之廢棄物,商務旅行,下游運輸及配送","已完成合併財務報表之母子公司","已完成合併財務報表之母子公司","合理保證等級","11.9600","溫室氣體排放基準年為111年，短期目標(114年)-由於目前持續擴廠，待擴廠完成後持續降低；中期目標(114~119年)-較111年溫室氣體排放強度減少10%；長期目標(119~139年)-以達成碳中和為努力目標。","短期- 1.	取得環境管理體系認證ISO14001:2015生物技術檢測分析 2.	導入ISO14064-1溫室氣體盤查輔導規劃與查證 3.	114年再生能源比例達到1% 4.	推動低碳製造並持續檢討降低碳排放強度 5.	竹北分公司A棟取得綠建築標章 6.	提升能源使用效率達到每年節電效能1% 7.	積極響應淨零綠生活 中期- 1.	通過ISO50001能源管理系統 2.	逐年擴大再生能源使用至119年佔6% 3.	新建竹北分公司B棟工廠取得綠建築標章 4.	持續強化能源管理以達到每年節電效能1% 5.	落實低碳供應商管理 6.	評估廢棄物管理政策與環保包材 長期- 1.	逐年提高使用再生能源至139年時佔10% 2.	持續關注碳權、碳匯與再生能源 3.	建立綠色供應商管理制度並量化永續指標 4.	加入氣候倡議組織或聯盟共同宣示環境永續","由於目前尚屬於擴廠階段，待擴廠完成後持續降低。"
"=""6591""","動力-KY","228.9384","已完成母公司,不含合併報表之控股公司","已完成母公司,不含合併報表之控股公司","合理保證等級","2,283.2607","已完成母公司,不含合併報表之控股公司","已完成母公司,不含合併報表之控股公司","合理保證等級","6,821.4763","購買之商品及勞務,與燃料及能源相關活動（未納入範疇1或範疇2）,上游運輸及配送,營運中產生之廢棄物,商務旅行,員工通勤,下游運輸及配送","已完成母公司,不含合併報表之控股公司","已完成母公司,不含合併報表之控股公司","有限保證等級","N/A","","",""
"=""6592""","和潤企業","1,066.5553","已完成合併財務報表之母子公司","已完成合併財務報表之母子公司","有限保證等級","1,349.4737","已完成合併財務報表之母子公司","已完成合併財務報表之母子公司","有限保證等級","529.3277","與燃料及能源相關活動（未納入範疇1或範疇2）,營運中產生之廢棄物,商務旅行","已完成合併財務報表之母子公司","已完成合併財務報表之母子公司","有限保證等級","0.1017","2024年新增成立子公司「和潤興業股份有限公司」，以2024年為全公司盤查之基準年，排放量為2,945.375公噸二氧化碳當量。和潤企業呼應和泰集團「2050碳中和」目標為永續願景，落實溫室氣體排放之追蹤並訂定《環境政策》聲明。為落實永續環境之目標，和潤企業積極接軌國際趨勢及規範，並結合本業發展綠色金融、綠色能源。","本公司依循ISO 14064-1：2018盤查結果，定期追蹤排放熱點，滾動式檢討及調整管理行動，同時建立環管資訊系統、落實環保文化，對外揭露資訊。和潤企業所屬產業係以「範疇一之汽油、範疇二之用電、以及範疇三之用水與廢棄物處理」為排放熱點，並優先以台灣之營業據點(含子公司)設定2050減排目標。","範疇一汽油：2024年非純然油公務車比例72%，較去年提升40% 範疇二電力：2024年每百萬營收平均用電83度，較去年減少1.19%，總公司於2024年11月導入綠電，預計減碳效益達90公噸二氧化碳當量 範疇三用水：每百萬平均用水0.41度，較去年減少27%；廢棄物：紙類水銷6.27公噸，較去年減少24%"
"=""6598""","ABC-KY","8.7995","已完成合併財務報表之母子公司","N/A","","172.3693","已完成合併財務報表之母子公司","N/A","","N/A","","N/A","N/A","","0.0117","","",""
"=""6605""","帝寶","1,808.0591","已完成母公司","已完成母公司","有限保證等級","27,114.1122","已完成母公司","已完成母公司","有限保證等級","6,706.5112","商務旅行,員工通勤","已完成母公司","N/A","","1.7853","1.彰濱關閉100RT冰水主機 （關閉100RT冰水主機，計算方式:38Kw*3744全年時數*11M/12M=130416Kw節能量） 2.新營廠30RT冰水空調改為送風 （30RT冰水改為送風，計算方式:{21(Kw)*10(HP)*0.746=28.46(Kw)*7488(HR)=213108}-{10(HP)*0.746=7.46*7488(HR)=55860(Kw)}=157248(Kw) 3.鹿港廠空壓設備調降壓力 （60(Kw)*4(台)*6000(HR)*10%*12/12+30(Kw)*3(台)*6000(HR)*10%*12/12=198000(Kw)） ","能源減量0.85% 註:今年度用電減量/今年度總用電kw 485664/57202768=0.00849=0.85%","公司為指定申報單位，不是自願申報單位"
"=""6606""","建德工業","32.6701","已完成母公司","N/A","","176.6124","已完成母公司","N/A","","56.8339","員工通勤","已完成母公司","N/A","","0.2870","本公司選定2023年為碳盤查基準年，排放量共378.703公噸CO₂e/年。 減量目標：至2030年較基準年減少40%，至2050年達淨零排放。","減量策略： 1.設備汰舊換新、節能管理系統，降低耗電與排放。 2.建置太陽能系統，降低範疇二排放。 3.開發智能型磨床產品。  具體行動： 1.員工節能教育訓練。 2.全廠更換LED燈，降低耗電。 3.建置太陽能板。 4. 開發智能型磨床產品，搭配智慧電表，提高產品能效。","2023年碳排放量為378.703公噸CO₂e/年，2024碳排放量為266.1164公噸CO₂e/年，2024年比2023年減少約 29.72% 的碳排放量。"
"=""6625""","必應","84.5991","已完成母公司","N/A","","386.2206","已完成母公司","N/A","","N/A","","N/A","N/A","","N/A","以113為基準年，每年碳排放強度減量1%。","1.	推動設備更新，逐步轉換為能源省電效率第1級，以降低碳排放與耗能。 2.	推動員工節能行為（如關燈、節水）。 3.	採用高效節能設備，如LED 照明，以降低能源消耗。 4.	推動辦公室綠色行為守則(如：減少免洗餐具使用、雙面列印等) 。 5.	更換為節能、無粉塵影印設備，以降低耗能並減少空氣污染。","若以113年基準年與112年比較，母公司範疇一總排放量減量2.39％，範疇二總排放量減量0.2％，合計範疇一及二合計總排放量減量0.6％。"
"=""6641""","基士德-KY","246.3951","已完成母公司,包含(1)川源(中國)機械有限公司及其5個分公司 (2)川源環境科技(揚州)有限公司 (3)基士德環科股份有限公司 (4)基士德科技股份有限公司台灣分公司 (5)Chuan Yuan Hydraulic Engineering Co., Ltd.","僅川源(中國)機械有限公司(平湖廠區)取得查證報告，查證範圍不包含川源(中國)機械有限公司之5個分公司","合理保證等級","454.9091","已完成母公司,包含(1)川源(中國)機械有限公司及其5個分公司 (2)川源環境科技(揚州)有限公司 (3)基士德環科股份有限公司 (4)基士德科技股份有限公司台灣分公司 (5)Chuan Yuan Hydraulic Engineering Co., Ltd.","僅川源(中國)機械有限公司(平湖廠區)取得查證報告，查證範圍不包含川源(中國)機械有限公司之5個分公司","合理保證等級","665.7663","購買之商品及勞務,商務旅行,員工通勤","已完成母公司,包含(1)川源(中國)機械有限公司及其5個分公司 (2)川源環境科技(揚州)有限公司 (3)基士德環科股份有限公司 (4)基士德科技股份有限公司台灣分公司 (5)Chuan Yuan Hydraulic Engineering Co., Ltd.","僅川源(中國)機械有限公司(平湖廠區)取得查證報告，查證範圍不包含川源(中國)機械有限公司之5個分公司","合理保證等級","0.3445","","",""
"=""6645""","金萬林-創","N/A","N/A","N/A","","N/A","N/A","N/A","","N/A","","N/A","N/A","","N/A","","",""
"=""6655""","科定","971.1000","已完成母公司","N/A","","3,197.0000","已完成母公司","N/A","","N/A","","N/A","N/A","","1.6700","","",""
"=""6657""","華安","0.0000","已完成母公司","N/A","","64.9750","已完成母公司","N/A","","N/A","","N/A","N/A","","8.3849","","",""
"=""6658""","聯策","678.9315","已完成母公司","N/A","","80.0270","已完成母公司","N/A","","105.9671","商務旅行,員工通勤","已完成母公司","N/A","","1.9009","聯策營運總部預計於 2025 年第四季進行搬遷，本年度盤查數據將不作為基準年，基準年設定將於2026年新廠完整年度盤查後確立。","我們會根據基準年的盤查結果，制定明確的減碳計畫和目標，並一步步落實減碳行動，實現企業永續發展目標。","未來，我們會根據基準年的盤查結果，制定明確的減碳計畫和目標，並一步步落實減碳行動，實現企業永續發展目標。"
"=""6666""","羅麗芬-KY","N/A","N/A","N/A","","N/A","N/A","N/A","","N/A","","N/A","N/A","","N/A","","",""
"=""6668""","中揚光","138.2088","已完成母公司","N/A","","4,918.0344","已完成母公司","N/A","","1,180.4878","與燃料及能源相關活動（未納入範疇1或範疇2）","已完成母公司","N/A","","15.1800","2021年為基準年，每年以1%為為減量目標","以範疇二作為主要減量目標","2024年累積節能達到6%"
"=""6669""","緯穎","1,857.4747","已完成合併財務報表之母子公司","已完成合併財務報表之母子公司","合理保證等級","18,703.4531","已完成合併財務報表之母子公司","已完成合併財務報表之母子公司","合理保證等級","7,995,958.5871","購買之商品及勞務,資本財,上游運輸及配送,營運中產生之廢棄物,商務旅行,下游運輸及配送,已銷售產品之使用,已銷售產品生命週期結束之處理,投資","已完成合併財務報表之母子公司","已完成合併財務報表之母子公司","有限保證等級","0.0570","1.溫室氣體減量基準年及其數據：112年； 2.範疇一+二數字：55,700.4422(地區基準) 3.減量目標：119年範疇二市場基準排放為0噸CO₂e","1.策略：環境友善營運 2.具體行動： (1)依據集團各營運據點之實際狀況規劃再生能源使用，113 年全球再生能源使用率達 66.77 %。 (2)馬來西亞廠設置屋頂太陽能板自發自用，並於 113 年取得 GBI 綠建築 Gold 等級認證。 (3)墨西哥廠 114 年初取得 EDGE ADVANCED 等級認證，可節省 36%能源消耗。 (4)進行製程改善，包含全球低耗電 PCBA 生產新線及減少機櫃產品測試閒置耗電。","113年範疇二市場基準排放為18,703.4531噸CO₂e"
"=""6670""","復盛應用","5,979.2446","已完成母公司","已完成母公司","合理保證等級","17,685.4562","已完成母公司","已完成母公司","合理保證等級","102,263.5776","購買之商品及勞務","已完成母公司","已完成母公司","有限保證等級","1.0652","基準年：以2021年為基準 減量目標、數據：至2025年下降10%、2030年下降20%。","減量策略：四大轉型、七大策略。 四大轉型為:能源轉型、技術轉型、產業轉型、生活轉型。七大策略為: 1.綠色能源 2.節能設備 3.低碳製程 4.永續供應鏈 5.循環經濟 6.碳排管理 7.全民綠色行動  行動計畫： 持續建置太陽光電系統。 持續提升設備能源使用效率。(如，照明系統、空調系統、冷卻系統、空壓系統…各項設備改用高效節能之新型設備) 持續打造高效與智慧化低碳產線。 供應鏈永續風險控管。(如，無使用衝突礦產、當地化採購) 循環經濟3R策略升級為5R （Reduce、Reuse、Recycle、Repurpose、Redesign) 加速碳盤查與建置碳管理機制。 推展各類綠色活動。","2024年度三盛產品實際單位碳排放強度績效為較基準年下降7%。"
"=""6671""","三能-KY","2,616.6449","已完成合併財務報表之母子公司","N/A","","5,479.0224","已完成合併財務報表之母子公司","N/A","","N/A","","N/A","N/A","","3.9696","","",""
"=""6672""","騰輝電子-KY","3,558.4100","合併財務報表之子公司生產型廠區","N/A","","12,547.9100","合併財務報表之子公司生產型廠區","N/A","","N/A","","N/A","N/A","","3.8098","為持續達成國際減量趨勢，即2024 年為公司排放基準年，訂定公司每年減量目標。每年總碳排放量較基準年排放量減少 1%， 119（2030）年前總減碳排放量達基準年排放量 6%，139（2050）年前總減碳排放量 達基準年排放量 40%。","具體減量措施以產品生命週期為概念，落實於物料設計選用、 供應商在地採購及節電生產及綠色運輸等構面之減碳。","2024 年為公司排放基準年，將依照規畫目標於未來年度貫徹落實。"
"=""6674""","鋐寶科技","19.2863","已完成母公司","已完成母公司","合理保證等級","530.0000","已完成母公司","已完成母公司","合理保證等級","113.0070","購買之商品及勞務,資本財,與燃料及能源相關活動（未納入範疇1或範疇2）,上游運輸及配送,營運中產生之廢棄物,商務旅行,員工通勤,下游運輸及配送","已完成母公司","已完成母公司","有限保證等級","0.6040","","",""
"=""6689""","伊雲谷","41.6339","已完成母公司","已完成母公司","合理保證等級","206.8644","已完成母公司","已完成母公司","合理保證等級","292.1142","資本財,與燃料及能源相關活動（未納入範疇1或範疇2）,上游運輸及配送,營運中產生之廢棄物,商務旅行,員工通勤","已完成母公司","已完成母公司","有限保證等級","0.1443","基準年：2023年 基準年排放量：602.174 公噸CO2e 減量目標：承諾於2050年達成淨零碳排","本公司已正式發布「淨零宣言」，承諾於2050年前實現淨零排放目標。為確保目標落實，我們訂定四項具體管理方針，說明如下：  一、低碳與創新服務 本公司致力推動雲端普及，並積極研發碳管理與減碳相關創新服務，攜手數位轉型夥伴共同開發環境友善解決方案，帶動雲端服務向低碳轉型，成為產業邁向淨零排放的推動者。為降低本公司與客戶的碳排放，我們採取多項措施，包括提升雲端服務使用率、優化能源使用效率、導入可再生能源，以及建構綠色供應鏈。  二、氣候與環境衝擊減緩 本公司透過提升能源使用效率及積極採用再生能源，以減緩氣候變遷所帶來的衝擊。在「永續發展暨風險管理委員會」的指導下，落實碳管理措施，規劃具體減碳進程，並定期向董事會報告推動成果，確保管理階層充分掌握並支持各項行動。  三、推動淨零認知普及 本公司定期宣導淨零減碳理念，提供國際碳排放趨勢資訊，並透過教育訓練增進員工對環境議題的認知與意識。藉此強化全體同仁對氣候風險與未來挑戰的理解，促進員工參與環境保護及調適行動。  四、落實利害關係人溝通 本公司定期於官方網站揭露淨零推動進度、溫室氣體排放情形與相關環境保護作為，並鼓勵主動參與國際淨零倡議與組織，制定並公開減碳路徑及調適行動，與全球攜手邁向淨零目標。  透過上述管理措施，2024年已成功為本公司減少61.5615 公噸CO2e排放量，未來將持續增強減排措施，達成2050淨零排放目標。","61.5615 公噸CO2e"
"=""6691""","洋基工程","83.3500","已完成母公司","已完成母公司","合理保證等級","225.3400","已完成母公司","已完成母公司","合理保證等級","915.0700","下游運輸及配送","已完成母公司","已完成母公司","有限保證等級","0.0251","2023年為基準年，基準年範疇1溫室氣體排放量為103.85公噸CO2e，範疇2溫室氣體排放量為216.09公噸CO2e，範疇3溫室氣體排放量為498.31公噸CO2e","1.	透過綠色採購，購買環保標籤之基礎設施設備(實施期程：2025~2030年) 2.	冷凍空調系統全面更換為能效等級1級(實施期程：2025~2030年) 3.	購置儲能及電力調節系統，提升能源使用效率(實施期程：2027~2030年) 4.	提升再生能源使用比率至30%(實施期程：2030~2040) 5.	購買綠電及再生能源憑證，購買額度用於取代外購電力使用量(實施期程：2030~2050)","2024年度較2023年基準年範疇1+範疇2減少3.5%排放"
"=""6695""","芯鼎","10.2711","已完成母公司","N/A","","406.8981","已完成母公司","N/A","","N/A","","N/A","N/A","","0.4095","本公司溫室氣體排放以2022年為基準年，擬定溫室氣體盤查計劃，逐步設立目標值，減碳計劃擬定溫室氣體盤查計劃，預計 2030 年相較基準年 2022年範疇 1、2 總排放量減少 8%。","本公司訂定以下重要管理因應策略： • 關注ESG主流議題，制定相關策略，並建立具體短期(1-3年)、中期(3-5年)、長期(5-10年)目標，將其納入財務績效評估體系 • 積極研發出低能耗，高效率的SoC，且更節省成本之產品或服務 • 溫室氣體減量、耗能設備汰換、辦公電腦休眠 具體行動                                                                                                                           • 響應環保愛地球，預計2030年相較基準年2022年用水、廢棄物總量減少0.35%，持續進行員工節能減碳宣導。 • 持續推廣簽核E化，減少紙張使用量。 • 善用視訊會議，節省人員往返之交通耗能。 • 對於用電量較大之照明及機房設備，持續維護保養與節能規劃。並持續汰換高耗能設備改用節能設備，以達到節省能源、保護資源與降低污染之環保目標。","113年較112年減少溫室氣體年排放量1.2公噸CO2當量(含範疇一及範疇二)，約減少0.3%溫室氣體年排放量。"
"=""6698""","旭暉應材","769.8515","民國113年12月31日吸收合併千鋐科技(股)公司，母公司盤查範圍未併入千鋐科技(股)公司","N/A","","3,488.1710","民國113年12月31日吸收合併千鋐科技(股)公司，母公司盤查範圍未併入千鋐科技(股)公司","N/A","","N/A","","N/A","N/A","","4.7843","","",""
"=""6706""","惠特","51.1761","已完成合併財務報表之母子公司","N/A","","4,245.8500","已完成合併財務報表之母子公司","N/A","","N/A","","N/A","N/A","","4.6310","","",""
"=""6715""","嘉基","144.8687","已完成母公司","已完成母公司","合理保證等級","2,337.3505","已完成母公司","已完成母公司","合理保證等級","10,135.6838","購買之商品及勞務,資本財,與燃料及能源相關活動（未納入範疇1或範疇2）,上游運輸及配送,營運中產生之廢棄物,商務旅行,員工通勤,下游運輸及配送,已銷售產品生命週期結束之處理","已完成母公司","已完成母公司","合理保證等級","1.1758","嘉基科技自 2023 年執行台灣總部、中和廠及蘇州廠溫室氣體盤查範疇一、範疇二自盤，且盤查數據通過GHG Protocol 第三方查驗，藉此助於我們定期檢視碳排放狀況。從 2024 年起，嘉基擴大溫室氣體盤查範疇，依循 ISO 14064-1 進行溫室氣體範疇一、範疇二、範疇三盤查，並且為確保溫室氣體排放數據的一致性與可比性，故將減量基準年訂定為 2024 年，其範疇一為 144.869 公噸 CO₂e、範疇二為 2,337.351 公噸 CO₂e、範疇三為 10,135.684 公噸 CO₂e。 為展現對於全球環境資源的重視以及企業永續發展的野心，我們以階段性推動減碳計畫並設立實際目標—2030 年碳減排25%，以及 2050 年淨零排放。","1.  減少能源消耗：透過導入能源管理系統、加強能源監測、降低耗能設備的使用、階段性更換節能耗材或設備、優化能源購買等方式，以降低能源消耗。 2.  使用 / 購買再生能源：為實現 2030 年台灣總部辦公室淨零碳排之目標，預計自 2026 年起，總部將漸進式規劃購買太陽能發電、風力發電等綠電憑證，實現採用100% 再生能源的目標。 3.  推動循環經濟：研發綠色產品，藉由優化產品設計、採用回收再利用原物料等，藉此降低產品碳足跡，實踐永續生產。 4.  廢棄物減量：持續推動源頭管理、製程減廢、資源回收再利用等措施，透過降低廢棄物的產生或將廢棄物最小化，以減少碳排放量。 5.  監測和報告：每年定期進行碳排放監測和報告，以評估減碳目標的進展情況，並對減碳方案進行調整和改進。 6.  推廣節能減排：經由環境維護理念宣導、表單電子化、節能減排活動等，提高員工及供應商的環保意識，進一步帶動整體價值鏈的低碳發展，實踐共同減少碳排放的目標。","1.  2023 年完成嘉基總部、中和廠及蘇州廠溫室氣體盤查範疇一、範疇二自盤及外部驗證，定期檢視碳排放報告。 2.  2023 年完成由外部講師辦理溫室氣體盤查教育訓練課程，參與人員皆為高階主管，提升經營管理階層人員減碳意識。 3.  2023 年完成蘇州廠升級配置智慧化能源管理系統，以即時監測與動態調整，精準控制能源使用情形。 4.  2024 年完成嘉基集團及子公司溫室氣體盤查範疇一、範疇二、範疇三自盤及外部驗證，定期檢視碳排放報告，並擴大範疇。 5.  2024 年完成泰國春武里府廠建廠導入智慧電表，以精確掌握新建廠區各區域用電概況。 6.  2024 年完成嘉基集團及子公司能源使用現況調查，每季定期召開節能專案會議，追蹤並優化能源使用情形，以有效管理能源、減少碳排放，同時節省能源成本。"
"=""6719""","力智","1.5300","已完成母公司","N/A","","867.6500","已完成母公司","N/A","","N/A","","N/A","N/A","","0.2400","本公司以2020年為溫室氣體盤查基準年，溫室氣體排放量為893.59公噸 CO2e ／年，對於公司內所有活動進行能資源盤查，對於盤查結果擬定節能策略，並訂定溫室氣體排放量年減量達1%以上。","1.辦公室照明電源設置計時器開關，於同仁休息時間自動關閉。 2.各區域辦公室及會議室，空調系統設置遠端自動控制軟體，於非上班時間自動關閉，確保空調設備於非上班時間關閉。 3.全區域辦公室空調溫度控制於26℃，並於各控制面板標示說明。 4.鼓勵出差同仁以搭乘公眾運輸工具代替開車，住宿方面也優先選擇具有環保或綠色標章之飯店，使公司同仁出差在外亦能節能減碳。 5.汰換新式高效率變頻冰水機，節省空調主機耗電。","2024年度排放量(範疇一及範疇二)較2023年度減少2.10%"
"=""6742""","澤米","402.0142","已完成母公司","已完成母公司","合理保證等級","6,582.9120","已完成母公司","已完成母公司","合理保證等級","1,602.7700","購買之商品及勞務","已完成母公司","已完成母公司","有限保證等級","12.7985","","",""
"=""6743""","安普新","954.9568","已完成合併財務報表之母子公司","N/A","","22,803.5078","已完成合併財務報表之母子公司","N/A","","4,069.0202","購買之商品及勞務,與燃料及能源相關活動（未納入範疇1或範疇2）,上游運輸及配送,營運中產生之廢棄物,商務旅行,員工通勤,下游運輸及配送","已完成合併財務報表之母子公司","N/A","","3.4528","本公司溫室氣體主要排放源為製程所使用之外購電力，其占範疇一與範疇二排放量的60%以上。為降低間接排放，本公司積極推動節能措施，包括導入ISO 5001能源管理、汰換節能設備與元件，以及增加再生能源的使用，作為主要策略方向。 在2024年度，本公司之溫室氣體排放密集度較2023年下降0.73，主係透過優化設備使用效率及相關能源管理，來達成預期的節能減碳目標。 為整合並落實節能減碳策略，公司由永續發展委員會統籌規劃與協調各部門的減量方案，執行多項具體行動計畫，並定期召開會議檢視與追蹤實施進度。未來規劃目標為：至2030年溫室氣體排放量較基準年減少10%，並於2050年達成碳中和的長期承諾。","",""
"=""6753""","龍德造船","716.1600","已完成母公司","N/A","","2,293.6700","已完成母公司","N/A","","N/A","","N/A","N/A","","0.5880","本公司實收資本額未達新臺幣五十億元，依法令規定應自2027年起完成盤查資訊揭露，2029年起完成確信資訊揭露。 本公司將設定導入溫室氣體盤查管理系統的2025年為基準年，以2025年之盤查數據為主要規劃減碳策略之基礎與依據，並設定階段性目標與執行辦法。","本公司實收資本額未達新臺幣五十億元，依法令規定應自2027年起完成盤查資訊揭露，2029年起完成確信資訊揭露。 本公司將設定導入溫室氣體盤查管理系統的2025年為基準年，以2025年之盤查數據為主要規劃減碳策略之基礎與依據，並設定階段性目標與執行辦法。","本公司實收資本額未達新臺幣五十億元，依法令規定應自2027年起完成盤查資訊揭露，2029年起完成確信資訊揭露。 本公司將設定導入溫室氣體盤查管理系統的2025年為基準年，以2025年之盤查數據為主要規劃減碳策略之基礎與依據，並設定階段性目標與執行辦法。"
"=""6754""","匯僑設計","166.6300","已完成合併財務報表之母子公司","N/A","","1,081.8300","已完成合併財務報表之母子公司","N/A","","N/A","","N/A","N/A","","0.2450","基準年為2023年度，其設定目標2030 年度溫室氣體排放範疇1+範疇2減排15%； 2040 年度溫室氣體排放範疇1+範疇2減排30%； 2050 年淨零排放。","(2025-2030年度) 1.	透過綠色採購，購買環保標籤之基礎設備 (2025-2030年度) 2.	冷凍空調系統全面替換為能效1級 (2031-2050年度) 3.	太陽能發電及綠電憑證購買","減碳行動持續進行，目前公司宣導員工節約用電用水，以及廠區強化節約用電專案，並規劃制定內部碳定價制度，掌握公司基礎排碳數據，另外廢棄物處理確實執行管理策略，降低環境衝擊。"
"=""6756""","威鋒電子","20.9210","已完成母公司","已完成母公司","合理確信","184.7778","已完成母公司","已完成母公司","合理確信","51.0036","上游運輸及配送,商務旅行,下游運輸及配送","已完成母公司","已完成母公司","有限確信","0.1210","相較於基準年2024年，2030年碳排減少1-5%、推動午休關燈、冷氣溫度控制等節能措施。","1. 持續積極自主減碳：研發先進技術、提升能源生產力及使用效率，將製造及產品使用階段之碳排降到最低。 2. 採用再生能源：大幅提升再生能源使用比例，並推廣至價值鏈，以實際行動支持低碳能源轉型。 3. 投資淨零技術：投資淨零排放技術及參與碳抵減相關專案，以抵減不可避免或尚有削減技術限制的碳排放",""
"=""6757""","台灣虎航","399,706.0841","本公司個體","本公司個體","有限保證等級","240.4623","本公司個體","本公司個體","有限保證等級","49.6485","商務旅行","本公司個體","本公司個體","有限保證等級","N/A","相關資訊請參閱2024永續報告書第六章「發展綠色營運/落實資源管理」。","相關資訊請參閱2024永續報告書第六章「發展綠色營運/落實資源管理」。","相關資訊請參閱2024永續報告書第六章「發展綠色營運/落實資源管理」。"
"=""6768""","志強-KY","47.0027","台灣總部辦公室","N/A","","120.1953","台灣總部辦公室","N/A","","30.2868","與燃料及能源相關活動（未納入範疇1或範疇2）","台灣總部辦公室","N/A","","N/A","本公司已提交SBTi承諾，將依照SBTi標準方法學設定減量目標與擬定減量路徑，推動溫室氣體減量措施。","本公司已提交SBTi承諾，將依照SBTi標準方法學設定減量目標與擬定減量路徑，推動溫室氣體減量措施。","本公司已提交SBTi承諾，將依照SBTi標準方法學設定減量目標與擬定減量路徑，推動溫室氣體減量措施。"
"=""6770""","力積電","65,935.0000","已完成合併財務報表之母子公司","已完成合併財務報表之母子公司","合理保證等級","640,752.0000","已完成合併財務報表之母子公司","已完成合併財務報表之母子公司","合理保證等級","214,549.0000","購買之商品及勞務,與燃料及能源相關活動（未納入範疇1或範疇2）,上游運輸及配送,營運中產生之廢棄物,商務旅行,員工通勤,下游運輸及配送","已完成母公司","已完成母公司","AUP","15.8000","除每年推動節能／減碳方案，並訂定溫室氣體平均年削減1%目標之外，且為呼應TSIA淨零排放自主減量共同目標、符合國家減量目標及公司重大性鑑別出重大主題，訂定短中長期減量目標，如下所示： 114年減量目標：以109年溫室氣體直接排放量為基準，絕對減量10%(1萬噸) 116年減量目標：以109年溫室氣體直接排放量為基準，絕對減量12%(1.2萬噸) 119年減量目標：(1)以109年溫室氣體直接排放量為基準，絕對減量14%(1.5萬噸) 　　　　　　　  (2) 以109年溫室氣體範疇1+2排放量為基準，絕對減量10% 詳細溫室氣體減量基準年及其數據、減量目標，請參閱本公司永續報告書。","從盤查結果可見公司整體排放熱點聚焦於範疇一製程所使用的含氟溫室氣體及範疇二外購電力使用，前述兩大類別占總排放量達95%，故力積電將含氟溫室氣體減量及降低外購能源列為溫室氣體減量計畫的重點項目。 詳細溫室氣體減量策略及具體行動計畫，請參閱本公司永續報告書。","從盤查結果可見公司整體排放熱點聚焦於範疇一製程所使用的含氟溫室氣體及範疇二外購電力使用，前述兩大類別占總排放量達95%，故力積電將含氟溫室氣體減量及降低外購能源列為溫室氣體減量計畫的重點項目。 詳細溫室氣體減量目標達成情形，請參閱本公司永續報告書。"
"=""6771""","平和環保-創","505.9457","已完成合併財務報表之母子公司","已完成合併財務報表之母子公司","有限確信","2,814.5124","已完成合併財務報表之母子公司","已完成合併財務報表之母子公司","有限確信","N/A","","N/A","N/A","","5.2291","","",""
"=""6776""","展碁國際","34.9600","已完成合併財務報表之母子公司","已完成合併財務報表之母子公司","合理保證等級","629.8300","已完成合併財務報表之母子公司","已完成合併財務報表之母子公司","合理保證等級","N/A","","N/A","N/A","","0.0000","展碁遵循集團整合能源與氣候變遷策略，預計於2035年達成RE100的目標，亦以科學為基礎之目標（SBT）的方法學，制定長期的減碳目標，期於 2030 年達成營運碳排放相較於 2019 年減碳 50%。","•減碳行動：導入節能技術、提高再生能源比率、落實碳中和目標（Net Zero）。 •原料替代：改用低碳、可持續材料，降低產品生命週期的環境負擔。","2024年度，公司成功將營運碳密集度（單位營收碳排放量）前年下降7.1%，並計劃在2030年前達成50%的減排目標。"
"=""6781""","AES-KY","174.3372","已完成母公司,申報數據包含母公司及部分子公司(兆普、嘉普、太普常熟)，太普越南尚在建廠階段，待實際生產後盤查。","已完成母公司,申報數據包含母公司及部分子公司(兆普、嘉普、太普常熟)，太普越南尚在建廠階段，待實際生產後盤查。","合理保證等級","1,628.2567","已完成母公司,申報數據包含母公司及部分子公司(兆普、嘉普、太普常熟)，太普越南尚在建廠階段，待實際生產後盤查。","已完成母公司,申報數據包含母公司及部分子公司(兆普、嘉普、太普常熟)，太普越南尚在建廠階段，待實際生產後盤查。","合理保證等級","118,707.2979","購買之商品及勞務,與燃料及能源相關活動（未納入範疇1或範疇2）,上游運輸及配送,營運中產生之廢棄物,商務旅行,員工通勤,下游運輸及配送","已完成母公司,申報數據包含母公司及部分子公司(兆普、嘉普、太普常熟)，太普越南尚在建廠階段，待實際生產後盤查。","已完成母公司,申報數據包含母公司及部分子公司(兆普、嘉普、太普常熟)，太普越南尚在建廠階段，待實際生產後盤查。","合理保證等級","0.1796","以2020年範疇一和二排放量7,159公噸CO2e為基準，2030年範疇一和二絕對溫室氣體排放量較2020年基準年降低51%。","1. 減量投資：在氣候變遷之減緩/調適投入費用，主要包含太陽能板設置、碳盤查及查證、永續環保提案改善活動等費用。 2. 產品或服務帶給客戶或消費者之減碳效益：因應全球低碳能源轉型，透過設置屋頂型太陽能光電、簽訂再生能源購電協議及採購再生能源憑證提升再生能源占比，逐步達成2040 年RE 100目標。2024年於廠內設置太陽能發電系統自發自用，發電量計3,582,341度，並購買再生能源憑證 (GEC) 計5,764,000度，共計減少溫室氣體排放4,242公噸CO2e。","2024年範疇一和二排放量為1,803公噸CO2e，相較2020年範疇一和二排放量7,159公噸CO2e，絕對減量75% (5,356公噸CO2e)。"
"=""6782""","視陽","14.0000","已完成合併財務報表之母子公司","已完成合併財務報表之母子公司","有限確信","21,095.0000","已完成合併財務報表之母子公司","已完成合併財務報表之母子公司","有限確信","4,176.0000","購買之商品及勞務","已完成合併財務報表之母子公司","已完成合併財務報表之母子公司","有限確信","5.7500","","",""
"=""6789""","采鈺","5,235.0284","已完成母公司","已完成母公司","合理保證等級","30,753.0655","已完成母公司","已完成母公司","合理保證等級","32,350.6204","購買之商品及勞務,與燃料及能源相關活動（未納入範疇1或範疇2）,上游運輸及配送,營運中產生之廢棄物,員工通勤,下游運輸及配送,下游租賃資產","已完成母公司","已完成母公司","有限保證等級","3.5981","1. 現址式高效破壞削減設備（Local scrubber, LSC）尾氣削減率：2025年LSC尾氣削減率>90%；2027年LSC尾氣削減率>95%；2030年LSC尾氣削減率>98%。 2. 再生能源採購目標，持續積極參與再生能源的使用與購買，以達淨零排放之目標：2025年再生能源使用率26%；2030年再生能源使用率40%；2050年再生能源使用率100%。","1. 力行尾氣削減最大化，以減少範疇一溫室氣體排放。 2. 密切關注與RE100全球再生能源倡議等各項氣候行動，積極參與再生能源的使用與購買。","力行尾氣削減最大化為2025年度起新設目標，尚未統計目標達成率。2024年采鈺公司新竹廠及龍潭廠再生能源使用率為37.1%，優於目標值(目標值>24%)。"
"=""6790""","永豐實","62,865.5136","已完成合併財務報表之母子公司","包含台灣及大陸之紙品及潔品全數生產據點","合理保證等級","138,820.4419","已完成合併財務報表之母子公司","包含台灣及大陸之紙品及潔品全數生產據點","合理保證等級","62,322.8100","購買之商品及勞務,資本財,與燃料及能源相關活動（未納入範疇1或範疇2）,營運中產生之廢棄物,商務旅行","永豐餘消費品實業股份有限公司、永昇圃農業生物科技股份有限公司","永豐餘消費品實業股份有限公司、永昇圃農業生物科技股份有限公司","有限保證等級","18.5100","本公司以 2018 年為基準年 ( 每公噸產品排放1.27 公噸CO2e)，目標邊界範疇為台灣主要紙品工廠，訂定減排目標（範疇一 + 範疇二）溫室氣體排放密度達到2025 年減碳5 %，2030 年減碳8 %，2050 年淨零碳排。","本公司的因應策略及具體行動計畫為： (1) 以單位耗能作加入生產指標，定期檢視，並列入設備更新的中長期規劃。 (2) 廠區節能措施、能源系統追蹤及管理，廠區節能措施、能源系統追蹤及管理，提高能源效率。 (3) 以替代燃料「代煤」為核心工作，持續擴大天然氣等低碳能源使用。 (4) 持續落實循環經濟推動。","2024 年1.06 ( 公噸產品/ 公噸CO2e)，較基準年（2018）降減17%。"
"=""6792""","詠業","208.7386","已完成母公司,詠業科技詠榮廠、詠智廠、台南廠及詠業科技(深圳)有限公司","詠業科技詠榮廠、詠智廠、台南廠及詠業科技(深圳)有限公司","合理保證等級","4,588.4877","已完成母公司,詠業科技詠榮廠、詠智廠、台南廠及詠業科技(深圳)有限公司","已完成母公司,詠業科技詠榮廠、詠智廠、台南廠及詠業科技(深圳)有限公司","合理保證等級","1,379.8124","購買之商品及勞務,上游運輸及配送,營運中產生之廢棄物,商務旅行,員工通勤,下游運輸及配送","已完成母公司,詠業科技詠榮廠、詠智廠、台南廠及詠業科技(深圳)有限公司","已完成母公司,詠業科技詠榮廠、詠智廠、台南廠及詠業科技(深圳)有限公司","有限保證等級","5.0222","以2024年為基準年，2026年溫室氣體排放強度減少3%，2030年溫室氣體排放強度減少10%","通過ISO 14064-1組織型溫室氣體盤查查證 能源消耗量	：以2024年為基準年，2026年用電密集度減少1%，2030年用電密集度減少2% 用水量：	以2024年為基準年，2026年用水強度減少3%，2030年用水強度減少10% 廢棄物減量	：•2026年廢棄物回收再利用率達30%                              •2030年廢棄物回收再利用率達40%                              •2035年廢棄物回收再利用率達55% ","範疇一+範疇二排放量為4,797.23公噸CO2e，較2023年減量9.27%"
"=""6794""","向榮生技-創","5.0700","已完成母公司","N/A","","902.6700","已完成母公司","N/A","","N/A","","N/A","N/A","","0.0573","","",""
"=""6796""","晉弘","19.3200","已完成母公司","N/A","","482.4000","已完成母公司","N/A","","N/A","","N/A","N/A","","0.9310","為持續達成國際減量趨勢，本公司以112年為基準，設定近三年年碳排量增加不超過基準之5%之目標，詳公司網頁永續環境相關說明。","","113年已達成112年基準年之目標。"
"=""6799""","來頡","7.7898","已完成母公司","N/A","","83.4869","已完成母公司","N/A","","17.1377","與燃料及能源相關活動（未納入範疇1或範疇2）","已完成母公司","N/A","","0.1006","本公司範疇一溫室氣體排放主要來自冰箱、實驗室設備及空調等冷媒設備之逸散排放。由於此類設備之減量空間有限，未來將於設備汰換時優先考量選用全球暖化潛勢（GWP）值較低之冷媒，以逐步降低直接排放對環境之影響。","本公司範疇一溫室氣體排放主要來自冰箱、實驗室設備及空調等冷媒設備之逸散排放。由於此類設備之減量空間有限，未來將於設備汰換時優先考量選用全球暖化潛勢（GWP）值較低之冷媒，以逐步降低直接排放對環境之影響。","本公司因應氣候變遷，致力於推動以下策略： （一）落實溫室氣體盤查管理：2025年早於法遵年限導入GHG Protocol溫室氣體盤查，實施教育訓練提升同仁認知，完整掌握排放源，建立溫室氣體盤查資料庫以作為決策依據。 （二）推動節能減碳：於內部積極實施全體員工節約資源之教育宣導及巡迴檢查，避免資源（如水、電、紙張等）浪費，亦持續透過節電節水、減少一次性用品使用、推行無紙化電子簽核、紙張回收及垃圾分類等措施，強化日常節能行為。 （三）持續提升高效能技術研發能力：專注開發小體積、高效率、低待機功耗及高整合度之電源管理IC產品，協助客戶實現減碳效益，進一步實踐本公司節能減碳與永續發展之目標。"
"=""6805""","富世達","400.3100","已完成合併財務報表之母子公司","大陸地區","合理保證等級","5,112.7200","已完成合併財務報表之母子公司","大陸地區","合理保證等級","12,338.3400","資本財,上游運輸及配送,營運中產生之廢棄物,商務旅行,員工通勤,下游運輸及配送,投資","臺灣地區、大陸地區","大陸地區","合理保證等級","0.6730","溫室氣體減量基準年及減量目標研擬中。","2024年度持續落實節能減排：全年進行節能管理，同時對各部門加強節約用電的意識宣傳，張貼宣傳標語，提高員工節電意識。在水資源管理方面，持續宣導節水觀念及節水設備改善，以提升水資源使用效率。在廢棄物管理方面積極落實資源回收分類，本公司亦訂有「廢棄物管理辦法」，積極管控各項環境指標。","溫室氣體減量基準年及減量目標研擬中。"
"=""6806""","森崴能源","87.6178","母公司+部分子公司","母公司+部分子公司","合理保證等級","178.7845","母公司+部分子公司","母公司+部分子公司","有限確信","142.9461","與燃料及能源相關活動（未納入範疇1或範疇2）,營運中產生之廢棄物,商務旅行,員工通勤","母公司+部分子公司","母公司+部分子公司","有限確信","0.3593","無","無","無"
"=""6807""","峰源-KY","N/A","N/A","N/A","","N/A","N/A","N/A","","N/A","","N/A","N/A","","0.0324","","",""
"=""6830""","汎銓","213.5410","已完成母公司","N/A","","4,273.7189","已完成母公司","N/A","","930.3949","購買之商品及勞務,與燃料及能源相關活動（未納入範疇1或範疇2）,營運中產生之廢棄物","已完成母公司","N/A","","2.7800","","",""
"=""6834""","天二科技","237.2654","已完成母公司","已完成母公司","有限確信","7,958.9383","已完成母公司","已完成母公司","有限確信","N/A","","N/A","N/A","","6.7127","","",""
"=""6835""","圓裕","1,622.5953","已完成合併財務報表之母子公司","已完成合併財務報表之母子公司","合理保證等級","7,487.8133","已完成合併財務報表之母子公司","已完成合併財務報表之母子公司","合理保證等級","13,270.7154","與燃料及能源相關活動（未納入範疇1或範疇2）,上游運輸及配送,營運中產生之廢棄物,商務旅行,員工通勤,下游運輸及配送,已銷售產品生命週期結束之處理","已完成合併財務報表之母子公司","已完成合併財務報表之母子公司","母公司：有限保證等級 子公司：合理保證等級","3.7368","","",""
"=""6838""","台新藥","N/A","N/A","N/A","","N/A","N/A","N/A","","N/A","","N/A","N/A","","N/A","","",""
"=""6854""","錼創科技-KY創","1,512.0100","已完成合併財務報表之母子公司","已完成合併財務報表之母子公司","合理保證等級","3,302.4700","已完成合併財務報表之母子公司","已完成合併財務報表之母子公司","合理保證等級","895.6900","購買之商品及勞務","已完成合併財務報表之母子公司","已完成合併財務報表之母子公司","有限保證等級","3.2300","以2022年為基準，於2030年時減碳17%","製程改善、參數調整",""
"=""6861""","睿生光電","9.6866","已完成母公司","已完成母公司","合理保證等級","3,506.1486","已完成母公司","已完成母公司","合理保證等級","988.4375","與燃料及能源相關活動（未納入範疇1或範疇2）","已完成母公司","已完成母公司","有限保證等級","1.7676","減量基準年2021年，排放量3284.3757公噸CO₂e(範疇1及範疇2)，評估推行溫室氣體排碳減量25%(範疇1及範疇2)目標。","評估推行ISO50001能源管理系統，瞭解重大能源使用源，以規劃溫室氣體排碳減量(範疇1及範疇2)，目前尚無具體行動計畫。","目前於評估規劃階段，尚無減量目標達成。"
"=""6862""","三集瑞-KY","468.6912","已完成合併財務報表之母子公司","N/A","","6,024.3215","已完成合併財務報表之母子公司","N/A","","4,031.8673","與燃料及能源相關活動（未納入範疇1或範疇2）,員工通勤","完成母公司之「員工通勤」，以及合併財務報表之母子公司之「與燃料及能源相關活動」。","N/A","","4.7835","","",""
"=""6863""","永道-KY","214.0900","已完成合併財務報表之母子公司","已完成合併財務報表之母子公司","有限確信","5,514.7000","已完成合併財務報表之母子公司","已完成合併財務報表之母子公司","有限確信","28,680.0099","購買之商品及勞務,資本財,與燃料及能源相關活動（未納入範疇1或範疇2）,上游運輸及配送,營運中產生之廢棄物,商務旅行,員工通勤,上游租賃資產,下游運輸及配送,已銷售產品之加工,已銷售產品之使用,已銷售產品生命週期結束之處理,下游租賃資產,加盟,投資","已完成合併財務報表之母子公司","已完成合併財務報表之母子公司","有限確信","12.3957","","",""
"=""6869""","雲豹能源","414.4826","已完成母公司,涵蓋以下部分合併財報子公司：台灣電能股份有限公司、光量能源股份有限公司、旭孝電力股份有限公司、辰宇能源股份有限公司、京承能源股份有限公司、京杰能源股份有限公司、帝崴電力股份有限公司、富迪能源股份有限公司、暴風電能股份有限公司、台普威能源股份有限公司。","已完成母公司,涵蓋以下部分合併財報子公司：台灣電能股份有限公司、暴風電能股份有限公司、台普威能源股份有限公司。","合理保證等級","1,953.0682","已完成母公司,涵蓋以下部分合併財報子公司：台灣電能股份有限公司、光量能源股份有限公司、旭孝電力股份有限公司、辰宇能源股份有限公司、京承能源股份有限公司、京杰能源股份有限公司、帝崴電力股份有限公司、富迪能源股份有限公司、暴風電能股份有限公司、台普威能源股份有限公司。","已完成母公司,涵蓋以下部分合併財報子公司：台灣電能股份有限公司、暴風電能股份有限公司、台普威能源股份有限公司。","合理保證等級","3,665.5962","購買之商品及勞務,上游運輸及配送,商務旅行,員工通勤","已完成母公司,涵蓋以下部分合併財報子公司：台灣電能股份有限公司、光量能源股份有限公司、旭孝電力股份有限公司、辰宇能源股份有限公司、京承能源股份有限公司、京杰能源股份有限公司、帝崴電力股份有限公司、富迪能源股份有限公司、暴風電能股份有限公司、台普威能源股份有限公司。","已完成母公司,涵蓋以下部分合併財報子公司：台灣電能股份有限公司、暴風電能股份有限公司、台普威能源股份有限公司。","有限保證等級","0.0340","雲豹能源112年為首次溫室氣體盤查年度，113年已完成主要營運據點及多數合併子公司之溫室氣體盤查作業，因應盤查邊界之擴增，基準年調整為113年，並取得第三方驗證機構亞瑞仕之認證，逐步建構完整的碳排放資訊基礎。惟子公司天能綠電、聯合材料與煒盛環科雖已納入合併財務報表，考量現階段相關數據尚未臻完善，故113年度尚未涵蓋於盤查範圍內。","1. 臺北總部辦公室持續使用100%綠電。 2. 定期舉辦節能教育訓練與宣導活動，提升員工對能源管理的認知，並加強全體對節能意識的重視。 3. 輔導各地營運據點逐年逐步更換節能、節水設備。","1. 台北總部辦公室達成使用綠電 100% (RE100) 的目標。 2. 台北總部辦公室全面更換節水設備，提高水資源使用效率。 3. 持續推動並落實節能減碳計畫的宣導，提升員工參與意識。 4. 辦公室空調根據當地氣溫調整室內溫度，保持在 20~26 度 範圍內，確保節能與舒適性兼顧。"
"=""6873""","泓德能源","119.3744","已完成合併財務報表之母子公司","已完成合併財務報表之母子公司","合理保證等級","288.5087","已完成合併財務報表之母子公司","已完成合併財務報表之母子公司","合理保證等級","367.1536","員工通勤","已完成合併財務報表之母子公司","已完成合併財務報表之母子公司","合理保證等級","0.0403","因應公司營運範圍於 2024 年顯著擴張，新增辦公據點與業務範疇，導致整體溫室氣體排放量相較原設定之基準年增加超過 5%，依據 ISO 14064-1 相關原則，本公司已將溫室氣體排放基準年調整為 2024 年。","為配合公司 2030 年全面達成辦公室淨零排放的永續目標，本公司已訂定以 2024 年為基準年的階段性溫室氣體減量計畫。短期目標方面，預計於 2025 年前，總部將率先完成淨零排放，或至少較基準年減少 20% 的溫室氣體排放量。中期目標設定於 2028 年前，至少 40% 的辦公據點需達成淨零排放，或較基準年減少至少 40% 的排放量。長期而言，公司將於 2030 年前完成全數辦公室據點的淨零排放目標，進一步於 2050 年前擴大範圍至所有營運據點，包括光電案場與倉儲設施，全面實現組織營運層級的溫室氣體淨零排放。","在 2024 年度，依據營運控制法（Operational Control Approach）進行盤查的情況下，本公司總部使用之電力中已有 90.6% 來自再生能源，顯示本公司在推動綠電轉型與落實淨零辦公室目標方面已取得實質進展。"
"=""6885""","全福生技","N/A","N/A","N/A","","N/A","N/A","N/A","","N/A","","N/A","N/A","","N/A","","",""
"=""6887""","寶綠特-KY","9,985.7000","已完成合併財務報表之母子公司","已完成合併財務報表之母子公司","合理保證等級","18,766.7400","已完成合併財務報表之母子公司","已完成合併財務報表之母子公司","合理保證等級","59,217.1000","購買之商品及勞務","已完成合併財務報表之母子公司","已完成合併財務報表之母子公司","合理保證等級","16.1588","","",""
"=""6890""","來億-KY","13,068.6436","已完成合併財務報表之母子公司","已完成母公司","有限確信","105,683.6538","已完成合併財務報表之母子公司","已完成母公司","有限確信","1,066,467.4224","購買之商品及勞務,資本財,與燃料及能源相關活動（未納入範疇1或範疇2）,上游運輸及配送,營運中產生之廢棄物,商務旅行,員工通勤,已銷售產品生命週期結束之處理","已完成合併財務報表之母子公司","N/A","","1.1661","本公司以2022 年為溫室氣體排放基準年，當年度總排放量為85,756公噸CO₂e，涵蓋範疇一及範疇二排放。  為因應氣候變遷風險並履行減碳責任，本公司已於2023年向科學基礎目標倡議倡議組織（SBTi）提交承諾，採用絕對基準設定法，確立範疇一及範疇二排放於2030年減少42%及2050年減少90%的中長期目標。  此外，公司將持續規劃範疇三減碳路徑，將供應鏈上下游的溫室氣體排放情形納入管理範疇，致力與供應商及客戶合作，共同實現整體減碳目標。","2022年至2030年的減排主要策略為： 1. 提升生產和營運過程中之能源使用效率，包括設備及生產流程之優化。 2. 提高再生能源使用比例。 3. 購買綠電憑證。","截至2024年底，本公司已於五處生產據點之屋頂建置太陽能系統，積極推動綠電使用。儘管因廠區擴建導致範疇一及範疇二的溫室氣體排放有所增加，整體綠電使用率短期內略有下降，但公司持續致力於設備優化與擴大綠電採購比例，計劃在未來進一步提升再生能源使用，以達成2030年25%減碳目標。未來將持續監測減碳成效，並因應外部環境與營運狀況調整策略，確保減碳目標穩健推進。"
"=""6901""","鑽石投資","11.5250","母公司(目前無應納入合併財務報告子公司)","母公司(目前無應納入合併財務報告子公司)","合理保證等級","82.1897","母公司(目前無應納入合併財務報告子公司)","已完成合併財務報表之母子公司","合理保證等級","278.3027","商務旅行,上游租賃資產,投資","母公司(目前無應納入合併財務報告子公司)","母公司(目前無應納入合併財務報告子公司)","有限保證等級","N/A","以2024年為基準年，於2024年12月23日經董事會通過下列減碳目標： 1.範疇1、2:採行絕對減量方法以 2024年為基準年，到2030年將範疇1和範疇2溫室氣體絕對排放量減少25%。長期符合「2050年淨零排放目標」。 2.範疇3投資:採用「議合法」，2030年鑽石投資「投資標的帳面總額」33%之投資標的，應承諾或完成設定其自身溫室氣體減量目標。","透過持續推動設備節能汰換、評估再生能源等專案，以及公司內部教育訓練、節能減碳宣導活動等方式，逐年進行碳排放減量。此外範疇3之投資部分，本公司將持續擴大公司影響力，與投資標的共同因應氣候變遷，透過議合、教育訓練等方式，培養投資標的建立氣候相關的思維，輔導建立其排放清冊並設立投資標的自身溫室氣體減量目標。","NA (2024年度為基準年)"
"=""6902""","GOGOLOOK-創","0.0000","已完成母公司","N/A","","75,282.0000","已完成母公司","N/A","","N/A","","N/A","N/A","","0.8685","基準年:2024","持續推行節電宣導及推廣數位化流程，包括定期向員工宣導關閉不必要電源設備及減少紙張列印需求（如電子簽核系統）。","2024年為基準年，尚未有達成情形之數據"
"=""6906""","現觀科","N/A","N/A","N/A","","129.9900","已完成母公司","N/A","","7,048.4900","購買之商品及勞務,資本財,與燃料及能源相關活動（未納入範疇1或範疇2）,上游運輸及配送,商務旅行,員工通勤,已銷售產品之使用","已完成合併財務報表之母子公司","N/A","","18.2400","基準年尚未決定. 減量目標:溫室氣體排放強度與前年相比減少1%","我們向員工進行宣導，提高員工節能意識，建議同仁在國內洽公、出勤時使用大眾運輸工具、或共同搭乘計程車；國外出差選擇住宿飯店時，盡量不租車，找尋能夠以步行、共享運輸載具、大眾交通工具的節能減碳移動方式，到達客戶所在地的住宿點。再生能源、碳權的購置、相關的交易方式及抵換機制也是我們在研究當中用來減少溫室氣體排放的可運用工具。","2024年的溫室氣體排放強度為18.24公噸CO2e／百萬元新台幣，較2023年減少3.13%。"
"=""6909""","創控","4.3576","已完成母公司","N/A","","217.4054","已完成母公司","N/A","","N/A","","N/A","N/A","","0.4471","","",""
"=""6914""","阜爾運通","773.6021","已完成合併財務報表之母子公司","N/A","","1,852.1888","已完成合併財務報表之母子公司","N/A","","N/A","","N/A","N/A","","0.5567","","",""
"=""6916""","華凌","562.8754","已完成合併財務報表之母子公司","已完成合併財務報表之母子公司","台灣總部及中科廠為合理保證、常熟廠及東莞廠為有限保證","7,281.6217","已完成合併財務報表之母子公司","已完成合併財務報表之母子公司","台灣總部及中科廠為合理保證、常熟廠及東莞廠為有限保證","9,173.1486","購買之商品及勞務,上游運輸及配送,營運中產生之廢棄物,商務旅行,員工通勤","已完成合併財務報表之母子公司","已完成合併財務報表之母子公司","有限保證等級","3.8568","為持續達成國際減量趨勢，華凌透過永續發展委員會進行減量追蹤，訂定2022年(111年)為公司排放基準年，另亦訂定2025年(114年)、2030年(119年)及2050年(139年)的減量目標，每年總碳排放量較基準年排放量減少4.2%，2030年(119年)前總減碳排放量達基準年排放量30%，2050年(139年)前總減碳排放量達基準年100%。 具體減量措施以產品生命週期為概念，落實物料設計選用、供應商在地採購、節電生產及綠色運輸等概念；另為因應未來氣候變遷及促進公司永續發展，華凌未來將持續洽談購買再生能源及投入節能開發並考量運用負碳技術與自然碳匯之方法學，期望能達成2050年淨零排放等目標。","",""
"=""6918""","愛派司","N/A","N/A","N/A","","N/A","N/A","N/A","","N/A","","N/A","N/A","","N/A","","",""
"=""6919""","康霈*","N/A","N/A","N/A","","710.2781","已完成母公司","N/A","","N/A","","N/A","N/A","","15.9850","","",""
"=""6923""","中台","59,344.9000","已完成合併財務報表之母子公司,本公司以下營運據點：中台資源科技股份有限公司(一廠)、中台資源科技股份有限公司(二廠)、中台資源科技股份有限公司(三廠)","N/A","","3,014.9000","已完成合併財務報表之母子公司,本公司以下營運據點：中台資源科技股份有限公司(一廠)、中台資源科技股份有限公司(二廠)、中台資源科技股份有限公司(三廠)","N/A","","N/A","","N/A","N/A","","36.3244","金管會於111年3月3日發布「上市櫃公司永續發展路徑圖」，分階段推動全體上市櫃公司於2027年前完成溫室氣體盤查，並於2029年前完成溫室氣體盤查之確信。 本公司已初步依循環境部發布之「溫室氣體排放量盤查登錄作業指引」進行自行盤查作業，惟目前部分統計資料尚待補齊。依據前述路徑圖規劃，本公司資本額未滿50億元，屬於須於2026年完成個體公司盤查、2027年完成合併報表範圍盤查、2028年完成個體公司確信，以及2029年完成合併報表子公司確信之對象。公司將秉持積極態度，持續充實盤查基礎資料，並致力提前完成盤查、確信作業，進一步研擬合理之減量目標與執行路徑","金管會於111年3月3日發布「上市櫃公司永續發展路徑圖」，分階段推動全體上市櫃公司於2027年前完成溫室氣體盤查，並於2029年前完成溫室氣體盤查之確信。 本公司已初步依循環境部發布之「溫室氣體排放量盤查登錄作業指引」進行自行盤查作業，惟目前部分統計資料尚待補齊。依據前述路徑圖規劃，本公司資本額未滿50億元，屬於須於2026年完成個體公司盤查、2027年完成合併報表範圍盤查、2028年完成個體公司確信，以及2029年完成合併報表子公司確信之對象。公司將秉持積極態度，持續充實盤查基礎資料，並致力提前完成盤查、確信作業，進一步研擬合理之減量目標與執行路徑","金管會於111年3月3日發布「上市櫃公司永續發展路徑圖」，分階段推動全體上市櫃公司於2027年前完成溫室氣體盤查，並於2029年前完成溫室氣體盤查之確信。 本公司已初步依循環境部發布之「溫室氣體排放量盤查登錄作業指引」進行自行盤查作業，惟目前部分統計資料尚待補齊。依據前述路徑圖規劃，本公司資本額未滿50億元，屬於須於2026年完成個體公司盤查、2027年完成合併報表範圍盤查、2028年完成個體公司確信，以及2029年完成合併報表子公司確信之對象。公司將秉持積極態度，持續充實盤查基礎資料，並致力提前完成盤查、確信作業，進一步研擬合理之減量目標與執行路徑"
"=""6924""","榮惠-KY創","N/A","N/A","N/A","","N/A","N/A","N/A","","N/A","","N/A","N/A","","N/A","","",""
"=""6928""","攸泰科技","83.2548","已完成母公司,台灣區子公司","已完成母公司,台灣區子公司","有限保證等級","453.3764","已完成母公司,台灣區子公司","已完成母公司,台灣區子公司","有限保證等級","570.3459","與燃料及能源相關活動（未納入範疇1或範疇2）,營運中產生之廢棄物,商務旅行,員工通勤,下游運輸及配送","已完成母公司,台灣區子公司","已完成母公司,台灣區子公司","有限保證等級","0.2655","本公司訂定2024年為減量基準年，範疇一至範疇三之總排放量為1,106.9771噸二氧化碳當量。","本公司持續思考如何將永續經營思維納入核心本業當中，達到全員永續的願景，未來將持續增加再生能源及再生燃料採購量以降低組織營運過程中的環境影響。 由溫室氣體排放清冊中，可知電力使用為本公司主要溫室氣體排放源，推動節能措施應為最有效之減量方案。未來將針對廠區及辦公室用電進行減量規劃，達到溫室氣體減量之目的。","2024年為減碳基準年，故尚無達成評估。"
"=""6931""","青松健康","N/A","N/A","N/A","","N/A","N/A","N/A","","N/A","","N/A","N/A","","N/A","","",""
"=""6933""","AMAX-KY","55.4357","艾瑪斯科技控股股份有限公司及我們位於美國之總部 AMAX Engineering Corporation","N/A","","330.3542","艾瑪斯科技控股股份有限公司及我們位於美國之總部 AMAX Engineering Corporation","N/A","","N/A","","N/A","N/A","","0.0700","","",""
"=""6936""","永鴻生技","1,291.1422","已完成母公司","已完成母公司","合理保證等級","2,621.0626","已完成母公司","已完成母公司","合理保證等級","1,818.6886","購買之商品及勞務,與燃料及能源相關活動（未納入範疇1或範疇2）,上游運輸及配送,營運中產生之廢棄物,商務旅行,下游運輸及配送","已完成母公司","已完成母公司","有限保證等級","3.0231","","",""
"=""6937""","天虹","160.8462","已完成合併財務報表之母子公司","已完成合併財務報表之母子公司","合理保證等級","2,542.1504","已完成合併財務報表之母子公司","已完成合併財務報表之母子公司","合理保證等級","1,844.9313","上游運輸及配送,營運中產生之廢棄物,商務旅行,員工通勤,下游運輸及配送","已完成合併財務報表之母子公司","N/A","","1.0400","","(1) 資料管理與制度建置 •建立溫室氣體盤查資料庫與管理制度。 • 導入用電監測系統，提升能源使用透明度。 • 評估委託第三方協助識別潛在排放熱點與減量潛力。 (2) 節能與減碳機會初步識別 • 評估高耗能設備汰換（如空壓機、空調系統）之節能潛力。 • 初步調查太陽光電建置可行性。 • 推動照明 LED 化、夜間減載機制規劃。",""
"=""6944""","兆聯實業","230.7600","已完成母公司","N/A","","874.8400","已完成母公司","N/A","","138.3800","營運中產生之廢棄物","已完成母公司","N/A","","0.1200","(1)排放基準年為2025年。 (2)2030年應比基準年減少7.5%","興建太陽能板","太陽能板發包興建中"
"=""6949""","沛爾生醫-創","27.7063","已完成母公司","N/A","","630.1153","已完成母公司","N/A","","N/A","","N/A","N/A","","N/A","不適用。依金管證發字第 11103849344 號令，本公司屬實收資本額未達新台幣50億元之上市公司之母公司個體，應自115 年起完成盤查資訊揭露，117年起完成確信資訊揭露。 ","不適用。依金管證發字第 11103849344 號令，本公司屬實收資本額未達新台幣50億元之上市公司之母公司個體，應自115 年起完成盤查資訊揭露，117年起完成確信資訊揭露。 ","不適用。依金管證發字第 11103849344 號令，本公司屬實收資本額未達新台幣50億元之上市公司之母公司個體，應自115 年起完成盤查資訊揭露，117年起完成確信資訊揭露。 "
"=""6951""","青新-創","3,418.0401","已完成合併財務報表之母子公司","N/A","","338.8159","已完成合併財務報表之母子公司","N/A","","N/A","","N/A","N/A","","5.3767","","",""
"=""6952""","大武山","1,871.9741","已完成母公司,完成子公司(台達蛋品公司)","已完成母公司,完成子公司(台達蛋品公司)","合理保證等級","3,477.4770","已完成母公司,完成子公司(台達蛋品公司)","已完成母公司,完成子公司(台達蛋品公司)","合理保證等級","973.9782","上游運輸及配送,商務旅行,員工通勤","已完成母公司,完成子公司(台達蛋品公司)","已完成母公司,完成子公司(台達蛋品公司)","有限保證等級","N/A","無","無","無"
"=""6955""","邦睿生技-創","21.0751","已完成母公司","N/A","","96.1594","已完成母公司","N/A","","0.2265","購買之商品及勞務","已完成母公司","N/A","","0.5561","邦睿生技積極回應氣候變遷議題，致力於降低營運對環境之影響，並以實際行動落實企業永續發展目標。為強化溫室氣體排放之管理，本公司已建立相關管理制度，並選定114年作為本公司溫室氣體盤查之基準年，以利後續監測與績效評估。 基準年之選定係考量以下因素： 1.本公司於114年完成辦公室擴建工程，營運空間規模顯著調整。 2.員工人數隨擴編而增，整體業務營運規模亦同步擴張，反映更具代表性之營運型態。 雖114年度之排放數據尚待盤查程序完成後正式揭露，並預計於115年度對外公告，但本公司已預先訂定明確之中短期溫室氣體減量目標，作為內部排放管理與永續規劃之依據。具體目標如下： 1.自114年至118年，每年穩健減少碳排放量 0.5% 至 1%。 2.至118年較基準年減少碳排放總量達 3%。 此一減量目標反映邦睿生技對氣候風險管理之前瞻部署，並展現企業對環境責任與永續經營的堅定承諾。本公司將持續精進盤查制度與改善措施，進一步朝向淨零排放長期目標邁進。","為達成上述減量目標，邦睿生技將推動下列措施： 1.能源使用優化：導入高效率空調與LED照明設備，並定期進行耗能設備汰換。 2.節能行為推廣：建立員工節能行為指引，提升節電與減碳意識。 3.系統化管理：持續進行年度溫室氣體盤查，建立排放追蹤與改善制度。 4.綠色採購與合作：鼓勵供應鏈夥伴參與節能減碳，共同達成環境永續目標。","截至目前，邦睿生技尚未有已完成之溫室氣體減量目標成果，說明如下： 1.基準年設定為114年，為本公司首次進行完整溫室氣體盤查之年度，目前排放盤查作業尚在進行中，預計於115年度完成數據確認並對外揭露。 2.114年度亦為本公司溫室氣體管理制度建置元年，包含盤查流程、內部教育訓練、排放源盤點、數據蒐集機制等均於本年度起陸續導入及推行，相關基礎資料仍待彙整與驗證。 3.減量目標雖已預先規劃（自114年至118年累計減碳3%，每年減量0.5%至1%），但因基準年數據尚未揭露，無法進行歷年比較與進度評估，故目前尚無法呈現具體之「目標達成情形」。 4.待115年度正式揭露114年碳排放基準數據後，本公司將自115年度起逐年追蹤實際碳排放與目標進度差異，並於永續報告書或公開文件中揭露具體績效及檢討對策。"
"=""6957""","裕慶-KY","340.5549","本年度報告書資訊揭露之組織邊界以生產基地為考量，範圍僅涵蓋裕慶集團之台灣分公司、子公司蘇州裕慶金屬制品有限公司及昆山環宇木業有限公司之營運與生產據點，其中Beeline Corp、BEELINE Group LLC及郁智康股份有限公司之性質為投資控股或貿易性質而未列入。","N/A","","3,277.7406","本年度報告書資訊揭露之組織邊界以生產基地為考量，範圍僅涵蓋裕慶集團之台灣分公司、子公司蘇州裕慶金屬制品有限公司及昆山環宇木業有限公司之營運與生產據點，其中Beeline Corp、BEELINE Group LLC及郁智康股份有限公司之性質為投資控股或貿易性質而未列入。","N/A","","N/A","","N/A","N/A","","0.7800","2022年範疇一＆二合計總量	4,591.2068公噸CO₂e","裕慶集團的溫室氣體產生情形，主要的排放大部分來自於外購電力所造成的範疇二溫室氣體排放，故主要減碳計劃初步規劃為(1)汰換工廠與宿舍燈具為省電燈具、(2)高耗能電動機具設備汰換或增加變頻器等、(3)製程改善或利用導入AI進行節能控制","2023年台灣裕慶金屬進行燈具汰換，將廠區傳統燈管改為LED燈管，使年節電量為3,110.91度，溫室氣體減排量為1.4746 公噸CO2e "
"=""6958""","日盛台駿","1,545.3226","母公司及子公司日盛全台通","N/A","","523.6190","母公司及子公司日盛全台通","N/A","","N/A","","N/A","N/A","","0.1772","本公司已於 2025 年初完成溫室氣體盤查作業，作為短期階段之基礎，後續將依據盤查結果，訂定具體的減量目標與執行策略。2023年已展開節能減碳實際行動，包括更換一級能源效率之冰水主機、汰換老舊電梯並加裝電力回生系統等，中期而言，以 2033 年累積減碳達 30% 為目標，逐步推動相關減碳措施。長期則以 2050 年達成淨零排放為願景，持續精進溫室氣體管理與減量作為，邁向永續發展。","鑑於氣候變遷對環境、人類生存和國家安全的威脅愈來愈大，日盛台駿為降低碳排放對於經濟、環境與社會的衝擊，從多重效益、節電、能源效率、政策分析等面向，致力減少碳排放量。  減碳管理策略及具體行動計畫 1. 推廣節能行為：定期對員工進行節能行為的宣導和教育，提升員工節約能源和減少碳排放的能源意識，除在公司外在日常生活中也採取節能行為和習慣。 2. 廢物管理和資源回收：實施廢物減量化計畫，鼓勵員工減少廢物產生，僅可能地重複使用，創造循環經濟。建立資源回收系統，將廢紙、塑料、玻璃、金屬等資源進行分類回收再生。 3. 綠色交通和運輸：鼓勵員工使用大眾交通運輸工具、共享單車或共享汽車來往辦公，減少單獨開車的次數，並可選擇電動車取代油車，降低交通運輸對空氣質量的負面影響。","本公司已於 2025 年初完成首份溫室氣體盤查清冊報告，並將依據盤查結果研擬未來之減量目標及執行計畫。目前正處於目標訂定階段，後續將依循規劃成果，逐年檢視與申報目標達成情形，持續推進溫室氣體減量工作。"
"=""6962""","奕力-KY","2.0730","奕力科技新竹辦公室","N/A","","1,354.6100","奕力科技新竹辦公室","N/A","","N/A","","N/A","N/A","","0.0604","","",""
"=""6965""","中傑-KY","59,083.6100","台灣總部、越南寧平","N/A","","16,877.8950","台灣總部、越南寧平","N/A","","N/A","","N/A","N/A","","N/A","本公司尚無設定集團的溫室氣體基準年與減量目標。","本公司採取永續策略落實氣候目標，包含採購低碳或永續材料，降低碳排；設計綠色循環經濟的產品；各部門落實永續與減碳的具體行動；推行工廠低碳化以及綠建築；廢棄物的減量回收與再利用以及採用綠色運輸等策略落實行動。","本公司尚無針對合併財報告之盤查範疇完成溫室氣體盤查，預計於 2026 年完成溫室氣體盤查並設定減碳目標，將於次年揭露達成情形。"
"=""6969""","成信實業*-創","1,178.5025","已完成母公司","N/A","","2,031.1284","已完成母公司","N/A","","108.2397","員工通勤","已完成母公司","N/A","","16.5710","溫室氣體排放強度低於15.500噸/百萬元營業額","嚴格管制廠區設備能源消耗情形，若有異常，即檢修或更新設備",""
"=""6988""","威力暘-創","5.2400","已完成母公司","N/A","","457.1500","已完成母公司","N/A","","N/A","","N/A","N/A","","0.8900","","",""
"=""6994""","富威電力","174.2054","已完成合併財務報表之母子公司","已完成合併財務報表之母子公司","合理保證等級","5,332.3589","已完成合併財務報表之母子公司","已完成合併財務報表之母子公司","合理保證等級","1,126.4000","商務旅行","已完成合併財務報表之母子公司","已完成合併財務報表之母子公司","合理保證等級","3.5160","基準年為2024年，預計2030年達成100%再生能源使用目標，並於2040年達成公司營運層級的碳中和目標達成淨零碳排的目標。","透過成立永續發展委員會進行淨零碳排規劃。","2024年開始導入再生能源，已取得21張再生能憑證，共減少9.9540公噸之二氧化碳當量。"
"=""7631""","聚賢研發","28.0904","已完成母公司","N/A","","41.3769","已完成母公司","N/A","","92.4635","營運中產生之廢棄物,商務旅行,員工通勤","已完成母公司","N/A","","0.0817","(不適用)聚賢為實收資本額未達五十億元之上市公司，目前仍非強制資訊登錄管制對象。本公司將依據金管會揭露時程規劃，以不晚於2026年為基準年，揭露2027年度之減量目標、策略及具體行動計畫，並於往後年度持續揭露相關溫溫室氣體相關資訊和前一年度減量目標達成情形。","(不適用)聚賢為實收資本額未達五十億元之上市公司，目前仍非強制資訊登錄管制對象。本公司將依據金管會揭露時程規劃，以不晚於2026年為基準年，揭露2027年度之減量目標、策略及具體行動計畫，並於往後年度持續揭露相關溫溫室氣體相關資訊和前一年度減量目標達成情形。","(不適用)聚賢為實收資本額未達五十億元之上市公司，目前仍非強制資訊登錄管制對象。本公司將依據金管會揭露時程規劃，以不晚於2026年為基準年，揭露2027年度之減量目標、策略及具體行動計畫，並於往後年度持續揭露相關溫溫室氣體相關資訊和前一年度減量目標達成情形。"
"=""7705""","三商餐飲","7,604.5417","已完成合併財務報表之母子公司","N/A","","33,700.4919","已完成合併財務報表之母子公司","N/A","","N/A","","N/A","N/A","","6.5300","","",""
"=""7722""","LINEPAY","3.1043","已完成母公司","N/A","","176.2323","已完成母公司","N/A","","N/A","","N/A","N/A","","0.0291","","",""
"=""7732""","金興精密","247.1843","已完成合併財務報表之母子公司","已完成合併財務報表之母子公司","合理保證等級","2,411.9057","已完成合併財務報表之母子公司","已完成合併財務報表之母子公司","合理保證等級","8,301.3789","上游運輸及配送,商務旅行,員工通勤,下游運輸及配送","已完成合併財務報表之母子公司","已完成合併財務報表之母子公司","有限保證等級","1.5636","2025年全集團類別一二碳排總量較基準年下降 2% (基準年2024 年)。","正面衝擊管理 1.市場競爭力提升：通過減排和低碳產品設計，迎合全球汽車市場對環保節能產品的需求 2.泰國子公司於2022年推動太陽能發電計畫，並外購998.44kW的自發自用太陽能板系統，總計安裝1832片太陽能板。 3.泰國子公司於2023年度響應國際倡議組織RE100承諾，承諾於2050年達成RE100。 負面面衝擊管理 1.每年定期依循ISO 14064-1執行臺灣總部與泰國子公司溫室氣體盤查，並追蹤長期碳排趨勢以逐步達成減碳目標。 2.每年盤點廠區老舊需汰換機台，透過更新高效機台提升生產效率，減少廠區整體用電量。","集團年度溫室氣體排放量較前一年度下降 1%。"
"=""7736""","虎山","N/A","N/A","N/A","","N/A","N/A","N/A","","N/A","","N/A","N/A","","N/A","","",""
"=""7740""","熙特爾","N/A","N/A","N/A","","N/A","N/A","N/A","","N/A","","N/A","N/A","","N/A","","",""
"=""7749""","意騰-KY","16.1200","已完成母公司","N/A","","152.2000","已完成母公司","N/A","","10.5600","員工通勤","已完成母公司","N/A","","N/A","","",""
"=""7788""","松川精密","853.6321","已完成母公司,已完成部分子公司：松川(廈門)精密電子有限公司","已完成母公司,已完成部分子公司：松川(廈門)精密電子有限公司","意見書盤查數據之合理保證等級為類別一。海外場域(廈門廠、墨西哥廠)採線上查驗，類別一為有限保證。","17,352.0110","已完成母公司,已完成部分子公司：松川(廈門)精密電子有限公司","已完成母公司,已完成部分子公司：松川(廈門)精密電子有限公司","意見書盤查數據之合理保證等級為類別二。海外場域(廈門廠、墨西哥廠)採線上查驗，類別二為有限保證。","37,285.8610","購買之商品及勞務,上游運輸及配送,營運中產生之廢棄物,商務旅行,員工通勤","已完成母公司,已完成部分子公司：松川(廈門)精密電子有限公司","已完成母公司,已完成部分子公司：松川(廈門)精密電子有限公司","有限保證等級","2.8222","","",""
"=""8011""","台通","912.6641","已完成母公司","N/A","","1,081.7595","已完成母公司","N/A","","4,861.0086","與燃料及能源相關活動（未納入範疇1或範疇2）,上游運輸及配送,營運中產生之廢棄物,商務旅行","已完成母公司","N/A","","0.8018","2030年排放密集度較基準年(2023)下降30%","因主要排放來自於使用電力，本公司透過執行用電控管計畫，如中午關燈一小時（工廠為半小時），以減少使用量","2024年度較基準年排放密集度下降18.37%"
"=""8016""","矽創","15.2074","矽創(新竹總公司及臺北辦公室)","N/A","","997.8435","矽創(新竹總公司及臺北辦公室)","N/A","","444.1214","與燃料及能源相關活動（未納入範疇1或範疇2）,員工通勤","矽創(新竹總公司及臺北辦公室)","N/A","","0.1367","溫室氣體減量基準年：2022 數據： 範疇一：11.0038 公噸 CO2e 範疇二：992.1337 公噸 CO2e 減量目標： 設定範疇一及二(類別一及二)溫室氣體排放加總，短期(2023年~2026年)目標為較基準年(2022年)減量3%，後續每年下降1%，至2030年減碳目標較基準年下降7%。","策略、具體行動計畫： 目前已針對用電量最大的空調主機設備，透過冰水主機出水溫度調整及適時啟動並聯運作，和調高室內冷房溫度、定時裝置的操作管理，減少空調用電量，並於2024年汰換2台舊冰水主機；在用電習慣方面，則進行宣導節電、辦公事務機器設定省電模式、降低螢幕待機時間、午休辦公區關燈等節電措施，進而降低溫室氣體排放；研議陸續將公司T5日光燈管替換為更省電LED燈管，預期在積極減碳作為下，總碳排可持續下修。","目標達成情形： 2024年溫室氣體排放(類別一及二)較2023年下降2.62%，主係台電電力排碳係數較前一年度有所下降。惟活動數據方面，新竹總公司辦公人數較前年有所增加，致總用電量提升。"
"=""8021""","尖點","1,302.7038","已完成母公司,上海尖點精密工具有限公司、上海潤點納米材料有限公司、欣點科技股份有限公司","已完成母公司,上海尖點精密工具有限公司、上海潤點納米材料有限公司、欣點科技股份有限公司","合理保證等級","17,812.1340","已完成母公司,上海尖點精密工具有限公司、上海潤點納米材料有限公司、欣點科技股份有限公司","已完成母公司,上海尖點精密工具有限公司、上海潤點納米材料有限公司、欣點科技股份有限公司","合理保證等級","9,167.0534","購買之商品及勞務,與燃料及能源相關活動（未納入範疇1或範疇2）,上游運輸及配送,營運中產生之廢棄物,下游運輸及配送","已完成母公司,上海尖點精密工具有限公司、上海潤點納米材料有限公司、欣點科技股份有限公司","已完成母公司,上海尖點精密工具有限公司、上海潤點納米材料有限公司、欣點科技股份有限公司","有限保證等級","7.2598","","",""
"=""8028""","昇陽半導體","4,679.7174","已完成母公司","已完成母公司","合理保證等級","23,966.9688","已完成母公司","已完成母公司","合理保證等級","10,494.8936","購買之商品及勞務","已完成母公司","已完成母公司","有限保證等級","8.0658","基準年:2023  基準年排放量(S1+S2):31554.0594 tonCO2e ；2024排放量(S1+S2):28646.6862 tonCO2e ；2024排放量目標:較基準下降8% ","減量策略：減少範疇一、二排放量  範疇一：主要減少PFCs排放量  範疇二：減少外購電力使用量  2024具體行動：設置PFCs氣體處理之local scrubber；廠務系統更換節能泵浦、冷卻水塔更換節能扇葉 ","2024實際排放量較基準年下降9.2%"
"=""8033""","雷虎","92.8112","已完成母公司","N/A","","1,168.9333","已完成母公司","N/A","","1,482.7997","購買之商品及勞務,上游運輸及配送,商務旅行,員工通勤,下游運輸及配送","已完成母公司","N/A","","N/A","","",""
"=""8039""","台虹","9,629.8389","已完成母公司","已完成母公司","合理保證等級","18,748.5741","已完成母公司","已完成母公司","合理保證等級","55,015.0998","上游運輸及配送","已完成母公司","已完成母公司","有限保證等級","3.4545","⚫短期減碳目標（2024年-2026年）： - 以2021年為基準年，溫室氣體範疇一排放量下降4% - 台虹綠電（子公司）累計建置再生能源裝置容量2,800kW ⚫中期減碳目標（2027年-2030年）： - 以2021年為基準年，溫室氣體範疇一排放量下降12% - 台虹綠電（子公司）累計建置再生能源裝置容量2,949kW ⚫長期減碳目標（2031年-2040年）： - 以2021年為基準年，溫室氣體範疇一排放量下降>27% - 台虹綠電（子公司）累計建置再生能源裝置容量3,379kW","為降低溫室氣體排放量，將逐年實施節能專案降低能源使用量，加上設置自發自用之太陽能發電設施以減少溫室氣體排放，剩餘之徵收碳費排放量將以購買他廠之自願減量額度抵換。此外，本公司產品製程主要使用能源為電力與天然氣，已制定短、中、長期之設備更新與節能計畫。","2024年範疇一排放量較基準年下降4%。"
"=""8045""","達運光電","73.5763","已完成母公司","N/A","","644.7225","已完成母公司","N/A","","N/A","","N/A","N/A","","0.0041","1、減量基準年：113年 2、113年溫室氣體排放數據：718.2988 公噸（範疇1+範疇2） 3、減量目標：年減3% 為目標。","1、辦公室節能措施： (1)隨季節調整空調主機及設定室內溫度於26度，以減低電力負荷，設立各部門區域負責人制度，達到部門沒人關燈關空調之習慣。 (2)持續汰換冷氣，安裝變頻式冷氣，提高辦公環境品質並節約耗電量。 (3)辦公室之照明持續更新為節能燈具，既降低燈源發熱量，且能達到節能目的。 2、電腦機房節能措施：推行伺服器虛擬化，節省電力及相關設備。 3、其他： (1)持續推動文件管理電子化系統，減少紙張使用量，並多加利用再生紙。","用電減量17%。 112年共計使用1,631,000度電，113年共計使用1,360,174度電。"
"=""8046""","南電","5,496.2900","已完成母公司","已完成母公司","合理保證等級","422,416.0700","已完成母公司","已完成母公司","合理保證等級","328,657.5200","購買之商品及勞務,資本財,與燃料及能源相關活動（未納入範疇1或範疇2）,上游運輸及配送,營運中產生之廢棄物,商務旅行,員工通勤,下游運輸及配送,已銷售產品之加工,已銷售產品生命週期結束之處理,投資","已完成母公司","已完成母公司","有限保證等級","13.2500","(1)2050 淨零碳排。 (2)訂定以2020 年為基準，於2030 年溫室氣體減量25％的短期目標。","(1)策略 A.全公司持續推動ISO14001：2015 環境管理系統及ISO 14064-1：2018 溫室氣體盤查，推動各項能資源節約之作業活動。 B. 配合政府推動綠色採購政策，以要求具有環保節能標章之產品，為採購對象，每年向政府單位提報採購成果。 (2)具體行動計畫 A.蒐集、評估氣候變遷相關資訊，據以擬訂因應氣候變遷方案、定期檢討改善，並落實執行節能減排等氣候相關業務。 B. 推動製程優化、公用設備效率提升、馬達汰換為節能馬達（IE3）、烘乾設備節能。 C. 綠電使用規劃",""
"=""8070""","長華*","3,613.0000","已完成合併財務報表之母子公司","已完成合併財務報表之母子公司","合理保證等級","48,765.0000","已完成合併財務報表之母子公司","已完成合併財務報表之母子公司","合理保證等級","59,259.0000","購買之商品及勞務,資本財,與燃料及能源相關活動（未納入範疇1或範疇2）,上游運輸及配送,營運中產生之廢棄物,商務旅行,員工通勤,下游運輸及配送","已完成合併財務報表之母子公司","已完成合併財務報表之母子公司","有限保證等級","3.0400","為規劃溫室氣體減量策略，長華電材集團基準年尚於規劃中，以139年達成碳中和為最終目標。","長華電材集團將碳管理融入營運策略之中，預計透過碳管理平台系統化整合全集團的排放資訊，即時掌握碳管理所需資訊，並可針對多項溫室氣體減量計畫展開全方面監管，包含提高能源效率、購買節能機台、建置太陽能發電系統、溫室氣體原物料源頭減量等措施，確保減量符合進程，以積極態度降低碳排放衝擊並提升營運競爭優勢。 而為使管理階層、執行團隊、全體員工一同達成溫室氣體減量目標，提升能源效率，重要計畫目標均已納入營運績效指標當中，作為員工績效考核與分紅之獎勵依據，落實當責管理精神。 ","113年績效： (1)台灣廠：冰水主機更換、增購新型磁懸浮冰機、無塵室循環風機降載，以及汰換地下停車廠照明燈具，年節能567,078 kWh（等於2,042GJ）。 (2)成都廠：	關閉備用空間之空調、利用原水池之冷水替代冷水機供給空壓機及電鍍風櫃之冷源、空調溫度控管、調節空壓機使用頻率、風機設置自動停止以減少無效時間，年節能570,730kWh（等於2,055GJ）。 (3)馬來西亞廠：更換渦輪空氣壓縮機，年節能761,280kWh（等於2,741GJ） (4)總計6,838GJ "
"=""8072""","陞泰","N/A","N/A","N/A","","N/A","N/A","N/A","","N/A","","N/A","N/A","","N/A","","",""
"=""8081""","致新","49.9800","已完成母公司","N/A","","1,290.7600","已完成母公司","N/A","","N/A","","N/A","N/A","","0.1839","","",""
"=""8101""","華冠","N/A","N/A","N/A","","N/A","N/A","N/A","","N/A","","N/A","N/A","","N/A","","",""
"=""8103""","瀚荃","40.6271","已完成母公司","已完成母公司","合理保證等級","176.6035","已完成母公司","已完成母公司","合理保證等級","35.7048","與燃料及能源相關活動（未納入範疇1或範疇2）","已完成母公司","已完成母公司","有限保證等級","0.1195","短期：2025年集團溫室氣體排放量相較基準年2021年下降20%， 中長期：2030年集團溫室氣體排放量相較基準年2021年下降40%","1.購買台灣電力公司小額綠電憑證5000度 2.淘汰高耗能高碳排放生產設備及冰水主機，減少電力消耗","2024年範疇1及範疇2減碳16.3%"
"=""8104""","錸寶","61.3422","已完成母公司","N/A","","8,681.8091","已完成母公司","N/A","","1,821.1067","營運中產生之廢棄物","已完成母公司","N/A","","13.9890","範疇一（類別一） : 製程氣體減量、製程尾氣削減  範疇二（類別二） : 能源效率提升、零碳能源  2021-2050年淨零排放路徑  2030年 : 電力使用再生能源  2050年 : 淨零排放","本公司已配合錸德集團進行溫室氣體盤查輔導盤查區間為2024年1月1日起至12月31日，之後將每年進行數據之盤查收整。目前以2024年為基準年，未來溫室氣體查證將依金管會相關規範與時程要求辦理。公司亦將依據短期減碳目標，持續識別減量機會與可行措施，作為後續擬定溫室氣體管理策略與行動方案之依據。","2024年温室氣體温室氣體排放量約10,564.2579公噸CO2e，相較2023年排放量降低36.7%"
"=""8105""","凌巨","38,271.4439","凌巨科技股份有限公司八德廠","依環境部規定，進行凌巨科技八德廠2024年溫室氣體排放量盤查與申報","合理保證等級","79,706.7371","凌巨科技股份有限公司八德廠","依環境部規定，進行凌巨科技八德廠2024年溫室氣體排放量盤查與申報","合理保證等級","N/A","","N/A","N/A","","13.4569","本公司已設定溫室氣體排放減量目標:預計2030年溫室氣體減量≧38%(VS2022年)。","為持續達成國際減量趨勢，CVD尾氣燃燒效率優化調整及投資乾蝕刻尾氣燃燒設備減少碳排放。","本公司尚未達成減量目標，持續以2030年溫室氣體減量≧38%(VS2022年)目標努力。"
"=""8110""","華東","3,934.9522","已完成母公司","已完成母公司","合理保證等級","78,040.9078","已完成母公司","已完成母公司","合理保證等級","18,405.1328","與燃料及能源相關活動（未納入範疇1或範疇2）","已完成母公司","已完成母公司","合理保證等級","16.3657","","",""
"=""8112""","至上","20.0420","已完成母公司,2024年度溫室氣體盤查範圍：至上電子(母公司)以及本次納入邊界之子公司(尚驛、保康特、高達能源、威恆香港、高照國際、香港芯知己)。","已完成母公司","有限確信","400.2130","已完成母公司,2024年度溫室氣體盤查範圍：至上電子(母公司)以及本次納入邊界之子公司(尚驛、保康特、高達能源、威恆香港、高照國際、香港芯知己)。","已完成母公司","有限確信","1,576.3380","與燃料及能源相關活動（未納入範疇1或範疇2）,上游運輸及配送,商務旅行,下游運輸及配送","已完成母公司,2024年度範疇三溫室氣體盤查範圍：至上電子以及本次納入邊界之子公司(尚驛、保康特、高達能源、威恆香港、高照國際、香港芯知己)。","N/A","","0.0020","本公司於2021年度首次進行溫室氣體盤查，於2024年擴大了溫室氣體盤查範圍。 由於尚未將所有合併個體納入盤查範疇，因此暫不設定溫室氣體減量基準年。未來將依照臺灣證券交易所「上市公司編製與申報永續報告書作業辦法」及金管會「上市櫃公司永續發展路徑圖」之規定，以不晚於2025年為基準年。 減量目標：分短期、中期、長期目標，相關資訊內容請參閱本公司年度永續報告書「永續共生」章節。","溫室氣體減量策略：本公司對於環境保護也逐年採取積極的行動，對內持續推動節能減碳的宣導及措施；對外亦針對下游運輸，積極與綠色服務之運輸承攬業者合作，以達減碳目標。 具體行動計畫：分(1)範疇一及範疇二 (2)範疇三兩大部分，相關資訊說明請參閱本公司年度永續報告書「永續共生」章節。","減量目標及實際達成情形，相關資訊說明請參閱本公司年度永續報告書「永續共生」章節。"
"=""8114""","振樺電","966.7639","已完成合併財務報表之母子公司","N/A","","4,770.3935","已完成合併財務報表之母子公司","N/A","","1,465.2552","與燃料及能源相關活動（未納入範疇1或範疇2）","已完成合併財務報表之母子公司","N/A","","0.4131","短、中、長期減量目標為分別減量1%、3%及5%以上 溫室氣體排放量基準年民國113年","包裝設計內主要採用可回收再利用且無害於人體健康之EPE及紙箱作分離式設計，已達到後續可分別回收之目的。 產品開發：除目前all in one設計將各周邊設備集於一體減少鐵塑件設計外，開發時也會以低汙染製程為考量，避免高汙染電鍍製程、濺鍍製程。 產品的開發採用相關環保材質之原物料及避免使用汙染製程，並設計材料最大使用率以減少廢料產生。 全面無鉛/RoHS 製程：除廠內要求全製程無鉛/RoHS。 輔導供應商跟進，目前廠商已簽定 RoHS約定同意書的達成率已達99% 生產製程錫渣回收：PCBA錫焊製程已全面回收於製程上所產生錫渣。 珍惜水資源：水龍頭安裝節水墊片，及適度調整洗手間馬桶及小便斗出水量，節省用水，蓄水池止水開關及馬桶水箱止閥定期巡檢、冷卻水塔用水量監控。 全廠採用LED燈源系統，並採遠端二線控監測人員未關燈的疏失，可由警衛室監測並直接作關閉。 針對高耗能的空調系統定期檢查電源三相平衡性，定時清洗冷卻水塔提高冷卻效率；空調儲冰時間及溫度設定依季節調整節能設定。 雨水回收利用：廠房筏基層及頂樓設有雨水回收池作為雨水回收利用，回收之雨水用於洗手間用水與廠區周邊綠地灌溉。 導入智慧能源管理系統，有效監控管理高能耗設備。 落實事業廢棄物分類，尋求不同回收管道/廠商提升回收品項及回收比率。 紙箱、紙棧板回收再利用：使用靜電箱循環使用，包材紙箱與紙棧板皆回收使用。 落實垃圾分類：於各樓層均設有垃圾分類收集桶，並於B1F設立更多類別的資源回收分類專區，以落實回收資源再利用。","振樺總部持續進行減碳行動，在2024年溫室氣體總碳排密集度為0.7141公噸CO2e/百萬元，相較於2019年總碳排密集度為0.7228公噸CO2e/百萬元減少0.0087公噸CO2e/百萬元，顯示公司採用節能減碳措施的成效，進而達成對永續發展和減少對環境的影響的承諾，未來節能減碳之措施持續擴展至全集團。"
"=""8131""","福懋科","2,993.8593","營運控制權","福懋科技公司全廠區","合理保證等級","115,739.4863","營運控制權","福懋科技公司全廠區","合理保證等級","74,941.7521","購買之商品及勞務,資本財,與燃料及能源相關活動（未納入範疇1或範疇2）,上游運輸及配送,營運中產生之廢棄物,商務旅行,員工通勤,投資","營運控制權","N/A","","13.2922","","",""
"=""8150""","南茂","3,891.5984","已完成合併財務報表之母子公司","已完成合併財務報表之母子公司","合理保證等級","246,033.0689","已完成合併財務報表之母子公司","已完成合併財務報表之母子公司","合理保證等級","105,286.7730","購買之商品及勞務,資本財,與燃料及能源相關活動（未納入範疇1或範疇2）,上游運輸及配送,營運中產生之廢棄物,商務旅行,員工通勤,上游租賃資產,下游運輸及配送,投資","已完成合併財務報表之母子公司","已完成合併財務報表之母子公司","有限保證等級","11.0119","本公司將氣候議題納入日常營運中，透過衡量評估自身現況，設定階段性的指標與目標、具體行動，並定期追蹤進度。本公司科技規劃以139年（西元2050年）淨零排放為絕對目標，並設定溫室氣體排放強度（每單位營收的公噸二氧化碳當量）為管理目標，目標值為：以107年為基準年，119年之溫室氣體排放強度較基準年減少55%，並逐步達成139年（西元2050年）集團淨零排放之絕對目標。","1.本公司節能團隊跨部門溝通合作，持續精進節能減碳行動，主要包括4大節能類別：設備能資源減量、智慧節能、照明節能、運轉條件優化；不僅延續節電效益最佳的行動方案，亦持續進行設備汰舊換新及運轉參數優化。本公司節能範疇延伸至工廠端的生產設備，全面涵蓋公司設備，具體措施包含：工廠端機台優化CDA減量、參數調整、智慧控制，達全員參與節能行動，於營運中有效落實節能管理目標。 2.綠色能源的投入，本公司主要以太陽能建置及購買再生能源憑證為主，在太陽能建置方面，於101年起陸續於本公司南北廠區建置屋頂型太陽能板，並與台電簽約轉供綠電。除了在自有廠房自建屋頂型太陽能板之外，亦透過租地自建太陽能案場的方式，提升再生能源使用比例，各案場建置區域遍布於北、中、南以及東部地區。","1.113年節電率達3.94%，持續擴大結合生產設備節能，節電率較112年增加1.17%。114年預計執行51項節能計畫，節電率預估將達1.97%。 2.外購綠能由112年占比0.003%大幅增加至0.56%，展現本公司在節能優化及綠色能源的投入有著十足的決心和努力。 3.為積極達到減碳目標，本公司綠色能源發展規劃將把重心放在太陽能的自發自用，預計將於114年將自有案場共5,124.95kW轉供自發自用，每年預估可發電量約6,222仟度，約占總能源使用1.26%。未來亦將持續評估購買與發展其他綠色能源的可能性，以實現更具企圖心的減量目標。"
"=""8162""","微矽電子-創","198.9093","已完成本公司所有營運據點。(公司無子公司)","已完成本公司所有營運據點確信。(公司無子公司)","有限確信","12,665.8948","已完成本公司所有營運據點。(公司無子公司)","已完成本公司所有營運據點。(公司無子公司)","有限確信","N/A","","N/A","N/A","","12.0893","●年度目標：年度節電率達1%。 ●短期目標(2030年)：以2023年為基準年，減碳0.8%。 ●中期目標(2040年)：以2023年為基準年，減碳1.6%。 ●長期目標(2050年)：以2023年為基準年，減碳2.4%。","● 針對辦公環境實施節能措施，例如照明改善、宣導同仁非使用時間及時關閉電腦電源等。 ● 廠區選用高效率之馬達(IE3等級以上)，持續汰換老舊機組設備，藉以達成節能目的。 ● 每年執行溫室氣體盤查並針對盤查結果採取行動措施，定期追蹤與持續改善。 ","2024年執行五項節能措施，包含調整燈具調整、調整燈具支數、調配冰機組數、更換節能型LED燈管/燈具、更換節能型送風機、調整變頻空壓機運轉，共計減少571.11公噸CO2e碳排放。 "
"=""8163""","達方","3,604.4918","已完成母公司,達方(包含總部與桃園廠、台南廠、蘇州廠、淮安廠、重慶廠、越南廠)","已完成母公司","合理保證等級","47,390.5464","已完成母公司","已完成母公司,達方(包含總部與桃園廠、台南廠、蘇州廠、淮安廠、重慶廠、越南廠)","合理保證等級","17,392.0461","與燃料及能源相關活動（未納入範疇1或範疇2）,營運中產生之廢棄物","已完成母公司","已完成母公司,達方(包含總部與桃園廠、台南廠、蘇州廠、淮安廠、重慶廠、越南廠)","有限保證等級","3.5956","以2021年為基準年，設定範疇一及範疇二年減排4.84%、範疇三年減排2.75%目標，於2030年達到範疇一及範疇二年減排43.56%、範疇三年減排24.75%目標，並於2050年邁向淨零排放願景。","本公司透過廠內推動相關減排作為，如擴建太陽能發電系統、設備汰舊換新、產品組合與調整、PCR再生塑料導入、能源轉換效率提升、購置綠電憑證、建置能源管理系統等。","範疇一及範疇二部份，在2024年相較於2021年基準年平均年減排達15,785 tCO2e，相較2021年基準年年均減量達16.1％。範疇三部份，在2024年相較於2021年基準年平均年減排達49,746 tCO2e，相較2021年基準年年均減量達13.6％。"
"=""8201""","無敵","43.1854","已完成合併財務報表之母子公司","已完成合併財務報表之母子公司","合理保證等級","344.2649","已完成合併財務報表之母子公司","已完成合併財務報表之母子公司","合理保證等級","98.8622","與燃料及能源相關活動（未納入範疇1或範疇2）,上游運輸及配送,營運中產生之廢棄物,商務旅行,下游運輸及配送","已完成合併財務報表之母子公司","已完成合併財務報表之母子公司","有限保證等級","1.0446","基準年為2024年，總排放量486.3125(公噸CO2e)","依據ISO14064-1盤查2024年度溫室氣體盤查，預計於2025年度完成查證，未來每年同步於官網及ESG數位平台揭露盤查及查證資訊。","2030年範疇一和範疇二碳排放量較2022年減少16%，範疇二碳排放量較2022年減少8%。 使用再生能源率:預計2030年使用率達20%、2035年達60%。"
"=""8210""","勤誠","1,305.3580","溫室氣體盤查邊界: 勤誠總部、嘉義廠、勤昆廠、前盛廠、勤鋒廠、美國辦公室、德國辦公室、中國辦公室","確信範圍: 勤誠總部、嘉義廠、勤鋒廠、勤昆廠、前盛廠","合理確信","9,973.5080","溫室氣體盤查邊界: 勤誠總部、嘉義廠、勤昆廠、前盛廠、勤鋒廠、美國辦公室、德國辦公室、中國辦公室","確信範圍: 勤誠總部、嘉義廠、勤鋒廠、勤昆廠、前盛廠","合理確信","37,293.7977","上游運輸及配送,下游運輸及配送","確信範圍: 勤誠總部、嘉義廠、勤鋒廠、勤昆廠、前盛廠","確信範圍: 勤誠總部、嘉義廠、勤鋒廠、勤昆廠、前盛廠","合理確信","0.7800","","",""
"=""8213""","志超","11,372.1390","已完成母公司,本公司(母公司)、統盟無錫、祥豐中山、志超遂寧、志超越南、宇環科技、志昱科技","已完成母公司,本公司(母公司)、統盟無錫、志超遂寧、志超(越南)","合理保證等級","234,220.0770","已完成母公司,本公司(母公司)、統盟無錫、祥豐中山、志超遂寧、志超越南、宇環科技、志昱科技","本公司(母公司)、統盟無錫、志超遂寧、志超(越南)","合理保證等級","261,675.4870","購買之商品及勞務,資本財,與燃料及能源相關活動（未納入範疇1或範疇2）,上游運輸及配送,營運中產生之廢棄物,商務旅行,員工通勤,下游運輸及配送","已完成母公司,本公司(母公司)、統盟無錫、祥豐中山、志超遂寧、志超越南、宇環科技、志昱科技","已完成母公司,本公司(母公司)、統盟無錫、志超遂寧、志超(越南)","合理保證等級","13.8700","短期：委託第三方查驗機構，進行溫室氣體盤查，汰換高耗能設備，，減少能源密集度及碳排量。 中期：以 2020 年為基準年，2030 年減少碳排量 42%（範疇一、範疇二）、減少碳排量 25%（範疇三）。 長期：制定完整的能源政策，發揮節能減碳綜效，購買綠電或研討發展綠電之可行性，2050~2060年依各廠區所在政府規定達成淨零目標。 ","能源：照明設備使用省電環保標章產品，更換及維護廠內設備，提高能源使用效率。 ●	能源：照明設備選用省電環保標章產品，更換及維護廠內設備，提高能源使用效率，2024 年執行 12 項節能減碳方案，減少碳排放約 9,137.484  tCO2e。 ●	水資源：實行中水回收計畫，於製程中減少水資源消耗，2024 年回收再利用水量 266.76 百萬公升。 ●	廢棄物：力行從生產端開始減少廢棄物，除了使用大量再生原料，更積極提升廢棄物再生利用及循環使用量，2024 年循環再利用率為 85.86%。 ●	溫室氣體：2024 年排放的溫室氣體為：範疇一 11,372.139 tCO2e、範疇二 234,220.077 tCO2e、範疇三 261,675.487 tCO2e，扣除溫室氣體移除量7.158tCO2e，共計507,260.545tCO2e。本公司定期檢測與管理範疇一、範疇二、範疇三之溫室氣體排放量。以確立、規劃節能策略及行動，倡議國際溫室氣體與全球暖化議題。  ","以2020年為基準年，2024年範疇一及範疇二較基準年減少77,301.491 tCO2e、範疇三較基準年減少107,052.075 tCO2e。"
"=""8215""","明基材","24,160.9448","已完成母公司","已完成母公司","合理保證等級","25,948.4107","已完成母公司","已完成母公司","合理保證等級","77,764.1351","購買之商品及勞務,與燃料及能源相關活動（未納入範疇1或範疇2）,上游運輸及配送,營運中產生之廢棄物,商務旅行,員工通勤,下游運輸及配送,已銷售產品生命週期結束之處理","已完成母公司","已完成母公司","有限保證等級","2.6956","1.企業對於因應氣候變遷或溫室氣體管理之策略 (1)氣候變遷績效管理指標目標： •溫室氣體排放：2030年溫室氣體排放量相較基準年2020年下降30%。 • 再生能源占比：已訂定再生能源2040年占比提升至 100% • 2050年達成淨零排放以及產品設計等關鍵氣候目標。 (2)每年透過ISO 14064－1：2018進行溫室氣體盤查，檢視公司可能風險與制定可行之減緩策略： • 依ISO 14064-1：2018盤查並取得第三方查證聲明書。 • 2030年溫室氣體排放量相較基準年2020年下降30%。 • 2050年達成淨零排放以及產品設計等關鍵氣候目標。 2.企業溫室氣體排放量減量目標 (1)短期：2024年再生能源佔比達20%(已達標，實際：23.7%)；2024年溫室氣體排放量較2020年降低12%(已達標，實際較2020年降低12.9%)。 (2)中期：2030年溫室氣體排放量（噸CO2e）下降30%。（基準年2020年） (3)長期：2040年達成再生能源（RE）100%；2050年達成淨零排放 3.企業溫室氣體排放量減量之預算與計畫 明基材料在溫室氣體排放量盤查報告中得知，以外購電力排放源為範疇二主要來源；經環境小組討論後將持續朝以下低碳生產技術優化，以達成溫室氣體減量之成效。 4.企業產品或服務帶給客戶或消費者之減碳效果 (1)明基材料針對產品生命週期進行評估，於2022年度展開產品碳足跡盤查，至2023年度完成防水透氣織物機能布產品、顯示器材料偏光片產品及先進電池材料隔離膜三項產品之碳足跡盤查，並取得碳足跡盤查聲明書（範疇：從搖籃到大 門）。 (2)供應商評核涵蓋環境相關要求，攜手供應商制定減碳計畫，邁向永續發展。"," 1.更換節能設備，降低用電量。 2.改造天然氣相關設備，提升燃燒效率。 3.自設太陽能發電裝置，提升再生能源效率。","2024年溫室氣體排放量（範疇1+範疇2）為50,109.36噸CO2e，較2023年增加20.04%，主要是新設製程導致碳排增加；但相較2020年下降12.91%。"
"=""8222""","寶一","73.5436","已完成母公司","已完成母公司","合理保證等級","3,794.7871","已完成母公司","已完成母公司","合理保證等級","1,445.0042","與燃料及能源相關活動（未納入範疇1或範疇2）,上游運輸及配送,營運中產生之廢棄物,員工通勤,下游運輸及配送","已完成母公司","已完成母公司","合理保證等級","6.4500","1.基準年:2024年 2.數據:5313.3349 CO₂e 3.減量目標：2030年減量50%","自願性溫室氣體盤查","已完成2024年溫室氣體盤查及確信"
"=""8249""","菱光","12.7592","已完成母公司","N/A","","124.8781","已完成母公司","N/A","","N/A","","N/A","N/A","","0.0327","","",""
"=""8261""","富鼎","33.5747","已完成合併財務報表之母子公司","已完成合併財務報表之母子公司","合理保證等級","498.3744","已完成合併財務報表之母子公司","已完成合併財務報表之母子公司","合理保證等級","408.6845","上游運輸及配送,商務旅行,員工通勤,下游運輸及配送","已完成合併財務報表之母子公司","已完成合併財務報表之母子公司","有限保證等級","0.1823","1.溫室氣體減量基準年：112年        數據：範疇一：33.7257、範疇二：520.8003 2.減量目標：依據112年盤查結果為基準進一步推動自願減量相關計畫，至119年溫室氣體排放量範疇一及範疇二降低10%。","(1)自113年起，本公司推行每日午休關燈1小時的節能減碳活動，透過減少照明用電，實踐綠色營運並提升全體員工的節能意識。 (2)預計114年起，本公司陸續將實驗室老舊分離式冷氣室外機更換為一級能效設備，實踐節能減碳與設備更新並進的永續目標。","113年共節省電力約1,800度（kWh），有效達成年度節能目標。"
"=""8271""","宇瞻","122.9475","已完成母公司","已完成母公司","合理保證等級","1,672.2789","已完成母公司","已完成母公司","合理保證等級","416.5320","商務旅行,員工通勤","已完成母公司","已完成母公司","有限保證等級","0.2291","","",""
"=""8341""","日友","132,707.3330","已完成母公司","N/A","","11,442.5650","已完成母公司","N/A","","N/A","","N/A","N/A","","N/A","","",""
"=""8367""","建新國際","5,719.6000","已完成母公司","N/A","","1,246.0100","已完成母公司","N/A","","N/A","","N/A","N/A","","4.7458","依據時程訂定114年為基準年，每年度減少溫室氣體排放密集度1%為目標。","1.『高效率』：提高服務效率,降低能源消耗率。 2.『高價值』：增加能源使用的附加價值及資源回收再利用。 3.『低污染』：追求低碳車輛與機械，低(零)汙染設備取代傳統設備。 4.『綠採購』：優先採購環保標章之設備。","113年公司業務持續成長，本公司在用電部分較前一年增加8.8%，然而在耗水量大幅減少了26.6%，柴油消耗量亦較去年減少近2%，足證本公司在機具汰舊換新上優先選擇電動和環保機型的政策已有成效，油耗效率逐步提升。惟總排碳量較去年微幅增加2.7%，此實乃在全體員工努力下，營業實績提速上升所致。"
"=""8374""","羅昇","283.2004","已完成母公司,包含子公司Cyber South Management Ltd.、Proton Inc、 Ace Tek(HK) Holding Co., Ltd.、Standard International Trading (Shanghai) Co., Ltd.","已完成母公司","有限確信","87.1250","已完成母公司,包含子公司Cyber South Management Ltd.、Proton Inc、 Ace Tek(HK) Holding Co., Ltd.、Standard International Trading (Shanghai) Co., Ltd.","已完成母公司","有限確信","N/A","","N/A","N/A","","0.3617","","",""
"=""8404""","百和興業-KY","45,900.2900","江蘇百宏複合材料科技股份有限公司、東莞百宏實業有限公司、越南百宏責任有限公司","江蘇百宏複合材料科技股份有限公司、東莞百宏實業有限公司、越南百宏責任有限公司","合理保證等級","46,685.3400","江蘇百宏複合材料科技股份有限公司、東莞百宏實業有限公司、越南百宏責任有限公司","江蘇百宏複合材料科技股份有限公司、東莞百宏實業有限公司、越南百宏責任有限公司","合理保證等級","1,188.0600","與燃料及能源相關活動（未納入範疇1或範疇2）,營運中產生之廢棄物","江蘇百宏複合材料科技股份有限公司、東莞百宏實業有限公司、越南百宏責任有限公司","江蘇百宏複合材料科技股份有限公司、東莞百宏實業有限公司、越南百宏責任有限公司","合理保證等級","13.5000","","",""
"=""8411""","福貞-KY","14,824.9849","本公司(福貞控股)及所屬轉投資孫公司(「鼎新金屬股份有限公司」、「鼎立金屬包裝股份有限公司」、「福建福貞金屬包裝有限公司」、「福建福天食品有限公司」、「山東福貞金屬包裝有限公司」、「河南福貞金屬包裝有限公司」)作為揭露範疇。","N/A","","30,613.5079","本公司(福貞控股)及所屬轉投資孫公司(「鼎新金屬股份有限公司」、「鼎立金屬包裝股份有限公司」、「福建福貞金屬包裝有限公司」、「福建福天食品有限公司」、「山東福貞金屬包裝有限公司」、「河南福貞金屬包裝有限公司」)作為揭露範疇。","N/A","","N/A","","N/A","N/A","","5.1209","1 本公司溫室氣體減量基準年為2021年。  (本公司(福貞控股)及所屬轉投資孫公司(「鼎新金屬股份有限公司」、「鼎立金屬包裝股份有限公司」、「福建福貞金屬包裝有限公司」、「福建福天食品有限公司」)作為揭露範疇。 2 本公司2021年直接溫室氣體排放( 範疇一) 與能源間接溫室氣體排放( 範疇二) 的溫室氣體排放量為 35,673tonCO2e。 3 本公司減量目標 短期目標 : 降低總用電量，至少達到10%的年度減幅。 提高綠電使用率達25%。 降低單位產品能耗，達到至少5%的能效改善 中長期目標： 綠電使用率達40%。  各基地成立「減碳小組」，定期追蹤、稽核並持續改善節能績效。","1 本公司訂定溫室氣體減量與節能計劃，每年由減碳小組進行執行績效檢討，透過單位產量溫室氣體排放量與節電量檢測當年執行績效。 2 行動計畫 推動各項節能減碳方案，汰換高耗能設備，持續推動熱能回收專案。 善用能源管理技術與系統，提升整體用能效率。 評估各基地條件，導入再生能源設備或採購綠電。 強化製程效率，兼顧經濟效益與減碳成果。 定期檢討與調整節能減碳目標，確保長期可持續性。","本公司積極推動低碳能源轉型，響應政府之再生能源政策，與其他企業合作於福貞的廠房屋頂設置太陽能發電設備，2022年起陸續於各營運據點設置太陽能發電系統，至今於福建基地、山東基地、河南基地、新竹基地已設置，未來將持續評估太陽能光電設備設置機會，持續增加建設面積。2024年設置太陽能板之太陽能發電設備總面積達到 96,194.00平方公尺，年平均發電量達到 12,642.39千度，溫室氣體年減排量約為 6,713.96tonCO2e，相當約17座大安森林公園（384.6噸）年碳吸收量。"
"=""8422""","可寧衛","10,836.2884","本公司以下營運據點：上評資源循環股份有限公司、大倉實業股份有限公司、大寧股份有限公司、可寧衛股份有限公司-固化廠、可寧衛股份有限公司-總部、吉衛股份有限公司、岡聯事業股份有限公司","本公司以下營運據點：可寧衛股份有限公司-總部、岡聯事業股份有限公司、吉衛股份有限公司、大寧股份有限公司、可寧衛股份有限公司-固化廠","合理確信","13,512.2035","本公司以下營運據點：上評資源循環股份有限公司、大倉實業股份有限公司、大創綠能股份有限公司、大寧股份有限公司、可寧衛企業股份有限公司、可寧衛股份有限公司-固化廠、可寧衛股份有限公司-總部、吉鼎材料股份有限公司、吉衛股份有限公司、岡聯事業股份有限公司","本公司以下營運據點：可寧衛股份有限公司-總部、岡聯事業股份有限公司、吉衛股份有限公司、大寧股份有限公司、可寧衛股份有限公司-固化廠","合理確信","18,192.3618","與燃料及能源相關活動（未納入範疇1或範疇2）,上游運輸及配送,營運中產生之廢棄物,商務旅行,員工通勤,下游運輸及配送","本公司以下營運據點：上評資源循環股份有限公司、大倉實業股份有限公司、大寧股份有限公司、可寧衛企業股份有限公司、可寧衛股份有限公司-固化廠、可寧衛股份有限公司-總部、吉衛股份有限公司、岡聯事業股份有限公司","本公司以下營運據點：可寧衛股份有限公司-總部、岡聯事業股份有限公司、吉衛股份有限公司、大寧股份有限公司、可寧衛股份有限公司-固化廠","有限確信","8.2301","基準年：2019； 範疇一排放量：2,375.1688 tCO2e； 減量目標：2030年將減少28%±2%來自範疇一之二氧化碳排放當量。","溫室氣體排放減量策略為：1.碳管理機制 2.再生能源發電 3.響應以大帶小(1+10)攜手供應鏈一同低碳升級轉型計畫。 具體行動計畫有：1.  燃油機具逐步電動化、2.  強化怠速管理、3.  燃油系統加裝節能器、4.  公務車逐步更換油電混合系統、5.  持續推動ISO 50001管理系統、6. 持續優化能源管理與監控 溫室氣體減量策略及具體行動計畫詳細內容，請詳永續報告書4.1.2溫室氣體減量策略。","2024年度成果達成率：10.46%"
"=""8429""","金麗-KY","0.1349","已完成合併財務報表之母子公司","N/A","","57.8883","已完成合併財務報表之母子公司","N/A","","13.9227","與燃料及能源相關活動（未納入範疇1或範疇2）,營運中產生之廢棄物","已完成合併財務報表之母子公司","N/A","","0.4377","","",""
"=""8438""","昶昕","874.4135","已完成母公司","N/A","","11,555.2702","已完成母公司","N/A","","199.7265","營運中產生之廢棄物,員工通勤","已完成母公司","N/A","","6.9177","基準年2023年，排放量為12429.6837噸CO2e","",""
"=""8442""","威宏-KY","1,122.6334","已完成合併財務報表之母子公司","N/A","","6,592.7459","已完成合併財務報表之母子公司","N/A","","1,506.1282","與燃料及能源相關活動（未納入範疇1或範疇2）","已完成母公司","N/A","","1.1642","","",""
"=""8443""","阿瘦","177.0000","已完成母公司","已完成母公司","有限確信","1,476.0000","已完成母公司","已完成母公司","有限確信","N/A","","N/A","N/A","","1.4500","","節能減碳-總公司及門市店面重大耗能源之設備，全面使用節能標章之產品，例如空調、冰箱、電具等。",""
"=""8454""","富邦媒","2,000.5470","已完成合併財務報表之母子公司","已完成合併財務報表之母子公司","合理保證等級","15,021.9621","已完成合併財務報表之母子公司","已完成合併財務報表之母子公司","合理保證等級","1,413,157.0434","購買之商品及勞務,資本財,與燃料及能源相關活動（未納入範疇1或範疇2）,上游運輸及配送,營運中產生之廢棄物,商務旅行,員工通勤,已銷售產品生命週期結束之處理","已完成合併財務報表之母子公司","已完成合併財務報表之母子公司","有限保證等級","0.1389","一、範疇一減量： 1. 綠色車隊-富昇提升電動機車占比：      a. 2025年短期目標為30%      b. 2026~2027年中期目標為50%      c.  2028~2030年長期目標為持續優化綠色車隊及能源使用 二、範疇二減量： 1. 總部大樓辦公室人均用電量較基準年(2023年)：      a. 2025年短期目標為-1%      b. 2026~2027年中期目標為-2%      c.  2028~2030年長期目標為-3% 2. 倉庫每坪用電較基準年(2023年)：      a. 2025年短期目標為-1%      b. 2026~2027年中期目標為-2%      c.  2028~2030年長期目標為-3% 此外，在範疇三的部分，積極推動供應商ESG自評、舉辦供應商ESG學苑，並提供教育訓練資源，透過供應商管理與合作，優化範疇三盤查項目與方法。","momo為持續落實減碳行動，透過「綠色營運」、「綠色包裝」、「綠色物流」及「綠色消費」四大面向積極推動減碳。 一、綠色營運： 1. 推動無紙化作業：從「消費通路」、「供應商」及「內部簽核」這三大方向執行電子發票、線上對帳及電子簽核等措施以推動無紙化，減少紙張使用，亦提升作業效率。 2. 再生能源建置：透過自建綠色物流中心，將屋頂妥善利用，建置太陽能發電系統，增強公司因應氣候變遷的韌性。 二、綠色包裝： 1. 最適化包材：透過開發 AI 系統建議最適包材，並針對多元商品規格開發包材，紙箱規格提升至41款，讓商品能裝進最適合的包裝。 2. 循環物流箱：透過更主動提供租賃循環物流箱服務，邀請供應商入庫時使用可重複使用的物流箱，替代一般紙箱進貨。 3. 循環袋及循環紙箱：為落實包材源頭減量與循環使用，自行研發可重複使用之循環袋，並開拓回收通路以促進回收率；循環紙箱則與慈濟基金會合作，回收後由專人進行重整，從源頭減少紙箱製造及使用。 三、綠色物流： 1. 去節點：與各方商品供應商協同，善用三方物流及倉庫資源，透過廠配及越庫，降低商品轉運的運輸里程與配送成本，大幅縮短到貨時間。 2. 門市取貨：消費者訂購商品後，可選擇超商門市自行取件，透過超商既有物流系統，將不同消費者包裹合併運送至單一門市，減少戶對戶宅配的里程數，進而減少碳排放。 3. 電動車配送：透過導入三輪商用電動機車取代燃油車，因其貨箱容量較現有機車大型貨箱容量增加約3倍，可承載更多貨件，並降低運輸途中的碳排放量。 4. 集中配送：如消費者訂購的商品需多倉出貨，將透過既有的倉對倉轉運車趟，將客戶訂購的商品集中至集運倉合併出貨，可提高紙箱的裝載率、減少緩衝材的使用量，且可減少配送趟次、降低運輸里程。 四、綠色消費： 1. 綠色生活館：配合上百家永續理念的品牌夥伴，提供綠色商品，並舉行數場結合消費及環境意識的活動，鼓勵消費者選購永續商品。 2. 綠活會員計畫：提供消費者永續消費選擇權，包含「循環包裝」及「集中配送」的減碳物流新選擇，並搭配「綠色生活館」提供「綠活專屬優惠」，強化經營永續消費客群。","一、綠色營運： 1. 推動無紙化作業：鼓勵消費者使用電子化的發票等憑證，減少約6,818萬張用紙，減碳效益約518.19 tCO2e。 2. 再生能源建置：北區及南區物流中心太陽能屋頂發電逾207萬度，創造1,024 tCO2e減碳效益。 二、綠色包裝： 1. 最適化包材：2024年相較基準年(2019)共減少4,710 tCO2e，平均每件減少66公克碳排放量。 2. 循環物流箱：2024年累計使用2,325個，減少17.6 tCO2e。 3. 循環袋及循環紙箱：已累計節省約47萬個紙箱及4萬個包裝袋。2024年循環包裝減少91.44 tCO2e。 4. 集中配送：累計減少使用約74萬個紙箱，約減少了147 tCO2e。 三、綠色物流： 1. 去節點：2024年去節點件數較2023成長52%，減少143.26 tCO2e。 2. 門市取貨：2024年超取件數已達594.1萬，減少配送公里數達415.9萬，約減少了45.15 tCO2e。 3. 電動車配送：引進電動機車投入低碳配送，2024年減少35 tCO2e。 4. 集中配送：2024年約集運35萬件包裹，減少紙箱及運送碳排約147.17 tCO2e。 四、綠色消費： 1. 綠色生活館：已於館內上架逾5,300項綠色商品於消費者進行選購。 2. 綠活會員計畫：自2023年啟動「綠活會員」計畫以來，於2024年底已有逾70萬人響應。"
"=""8462""","柏文","1,571.3400","已完成合併財務報表之母子公司","N/A","","26,839.0400","已完成合併財務報表之母子公司","N/A","","N/A","","N/A","N/A","","5.5500","","",""
"=""8463""","潤泰材","594,322.5004","已完成合併財務報表之母子公司","已完成母公司","合理保證等級","51,843.0153","已完成合併財務報表之母子公司","已完成母公司","合理保證等級","N/A","","N/A","N/A","","96.9097","本公司已於112年提前完成合併財務報告之盤查，故以112年為基準年，112年範疇1+範疇2實際排放量為679,669.5348噸CO2e (已完成第三方驗證)。 設定至114年之短期排放目標為溫室氣體排放量(範疇1+範疇2)降低12%， 至119年之中長期排放目標為溫室氣體排放量(範疇1+範疇2)降低15%。","本公司制定短中長期減碳策略，短期以製程改善為主，使用替代原料，降低熟料排放係數，以降低排放量；中長期將持續擴大使用替代原料，並透過管道洩漏維修，減少熱能散失，減少燃料使用等方式降低排放量，另生產低碳水泥降低水泥中熟料比例，降低直接排放、改善製程設備提升能源效率，降低間接排放，亦持續投入減碳技術之開發。","113年本公司範疇1+範疇2實際排放量為646,165.5157噸CO2e。相較基準年(112年)減碳量達 33,504.0191噸 CO2e，總排放量降低5%。未來預期在積極減碳作為下，碳排量將持續下修。"
"=""8464""","億豐","1,817.0000","已完成母公司,台灣總公司和彰化廠(膠管)、中國大陸東莞泛昌廠(百葉簾)、東莞億豐廠(百葉窗)、東莞兆豐廠(軟質窗簾)、山東五蓮廠(木質零組件)、柬埔寨三豐廠(百葉簾)、美國達拉斯廠(百葉簾、軟質窗簾輕型組裝)、墨西哥廠(百葉簾、百葉窗)","已完成母公司,台灣總公司和彰化廠(膠管)、中國大陸東莞泛昌廠(百葉簾)、東莞億豐廠(百葉窗)、東莞兆豐廠(軟質窗簾)、山東五蓮廠(木質零組件)、柬埔寨三豐廠(百葉簾)、美國達拉斯廠(百葉簾、軟質窗簾輕型組裝)、墨西哥廠(百葉簾、百葉窗)","有限確信","50,635.0000","已完成母公司,台灣總公司和彰化廠(膠管)、中國大陸東莞泛昌廠(百葉簾)、東莞億豐廠(百葉窗)、東莞兆豐廠(軟質窗簾)、山東五蓮廠(木質零組件)、柬埔寨三豐廠(百葉簾)、美國達拉斯廠(百葉簾、軟質窗簾輕型組裝)、墨西哥廠(百葉簾、百葉窗)","已完成母公司,台灣總公司和彰化廠(膠管)、中國大陸東莞泛昌廠(百葉簾)、東莞億豐廠(百葉窗)、東莞兆豐廠(軟質窗簾)、山東五蓮廠(木質零組件)、柬埔寨三豐廠(百葉簾)、美國達拉斯廠(百葉簾、軟質窗簾輕型組裝)、墨西哥廠(百葉簾、百葉窗)","有限確信","308,070.0000","購買之商品及勞務,與燃料及能源相關活動（未納入範疇1或範疇2）,上游運輸及配送,營運中產生之廢棄物,員工通勤,下游運輸及配送,已銷售產品之使用","已完成母公司,台灣總公司和彰化廠(膠管)、中國大陸東莞泛昌廠(百葉簾)、東莞億豐廠(百葉窗)、東莞兆豐廠(軟質窗簾)、柬埔寨三豐廠(百葉簾)","已完成母公司,台灣總公司和彰化廠(膠管)、中國大陸東莞泛昌廠(百葉簾)、東莞億豐廠(百葉窗)、東莞兆豐廠(軟質窗簾)、柬埔寨三豐廠(百葉簾)","有限確信","1.8000","億豐的溫室氣體管控相對目標是2030E年範疇1及範疇2的溫室氣體排放強度(噸CO2e/美金百萬元)，較2020年基準年降低30%，達成善用「較少」資源，為消費者提供「更多」優質窗簾的共好願景。","億豐透過持續推進的精實生產管理，達成提升品質、減少工數和改善能源使用效率。  舉例來說，長途跨洲運輸一直是全球化專業分工下的雙刃劍。運輸阻礙可能造成耗時問題，更是碳排放的重大來源。面對這一挑戰，自2020年起，億豐選擇在墨西哥設立生產基地，到2023年，這項決策已顯示出其服務效益和環保價值。  由服務效益的角度出發，億豐的墨西哥工廠為北美用戶帶來更迅速、便捷的服務，也使北美用戶從訂購到收貨，僅需2周時間就能取得高品質的訂製框型百葉窗(Shutters)。  而在環保價值層面，通過將產品生產地點靠近消費市場，億豐成功將運輸距離縮短超過1.1萬公里，進而減少了超過9,600噸(範疇3)的碳排放量。從每縮短一里開始，億豐正為地球的減碳努力貢獻了一份力量。此外，億豐也正在擴建自有的北美電動物流車隊(House Trucks)，不僅增強服務的靈活性和降低運送損壞，同時也降低了運輸碳排放，著手實現綠色物流。","在2023年，億豐的主要營運據點耗用的能源達408,787 GJ (1GJ=10億焦耳)，其中，約1%來自再生能源。總排放二氧化碳下滑(-21% YoY)至9.2萬噸，低於億豐總營收變動幅度(-7~-8% YoY)，總體的溫室氣體排放強度持續下降(-15% YoY)，朝向溫室氣體減量目標前進。"
"=""8466""","美吉吉-KY","632.4490","已完成生產基地之盤查","N/A","","27,305.1160","已完成生產基地之盤查","N/A","","N/A","","N/A","N/A","","7.2352","","",""
"=""8467""","波力-KY","142.5300","台灣總公司/台灣大里廠/桐鄉波力/桐鄉健佑","N/A","","15,931.3400","台灣總公司/台灣大里廠/桐鄉波力/桐鄉健佑","N/A","","N/A","","N/A","N/A","","N/A","","",""
"=""8473""","山林水","2,335.4800","已完成母公司","N/A","","34,850.3200","已完成母公司","N/A","","N/A","","N/A","N/A","","10.9800","","",""
"=""8476""","台境*","1,364.8062","已完成合併財務報表之母子公司","N/A","","492.5389","已完成合併財務報表之母子公司","N/A","","N/A","","N/A","N/A","","1.2200","溫室氣體減量基準年及其數據:2024年，溫室氣體排放量(範疇1+範疇2)1,857.3451公噸CO2e 減量目標: 1.2025 年設定節電目標為2%，預計2025年溫室氣體可減量9.85公噸CO2e。 2.公務車汽油較2024年減少5%，預計2025年溫室氣體可減量5.28公噸CO2e。","減量策略: 1.鼓勵員工出差使用大眾運輸工具，減少公務車汽油用量與溫室氣體排放 2.即時監測辦公室能源使用情況，每日公告並提醒同仁節約能源 3.租賃具環保標簽之公務車，以減少耗能 4.公務車逐步更換油電混合系統 5.汰除老舊水洗設備 具體行動計畫: 1.2025年規劃變更水洗製程，汰除新化廠老舊設備，依據各專案所在地委由區域性供應商進行汙染土水洗作業，預計2026年溫室氣體可減量21.6公噸CO2e。","待2025年結束後再予評估說明"
"=""8478""","東哥遊艇","327.2100","已完成母公司","N/A","","1,633.0400","已完成母公司","N/A","","N/A","","N/A","N/A","","0.4000","","",""
"=""8481""","政伸","78.2180","已完成母公司","已完成母公司","合理保證等級","1,314.0702","已完成母公司","已完成母公司","合理保證等級","451.0543","與燃料及能源相關活動（未納入範疇1或範疇2）,上游運輸及配送,營運中產生之廢棄物,商務旅行,員工通勤","已完成母公司","已完成母公司","有限保證等級","2.3911","1.基準年及其數據：2020年,   (範疇一+二 )1,664噸CO2e 2.減量目標： (1)短期目標(2024-2025年)：溫室氣體排放量降低10%(範疇一+二) (2)中期目標(2026-2028年)：溫室氣體排放量降低25%(範疇一+二) (3)長期目標(2029-2030年)：溫室氣體排放量降低50%(範疇一+二)","依我公司ESG永續發展委員會-專案小組規劃，後續將持續推動各項減碳行動。 (1) 導入環保包材。 (2) 增建廠區太陽綠能發電。 (3) 提升製程溶劑回收再利用率。 (4) 提升設備效能","短期目標達成 (2024年溫室氣體排放量降低10%(範疇一+二))"
"=""8482""","商億-KY","N/A","N/A","N/A","","N/A","N/A","N/A","","N/A","","N/A","N/A","","N/A","","",""
"=""8487""","愛爾達-創","9.3306","已完成合併財務報表之母子公司","N/A","","437.5285","已完成合併財務報表之母子公司","N/A","","N/A","","N/A","N/A","","0.3002","","",""
"=""8488""","吉源-KY","N/A","N/A","N/A","","N/A","N/A","N/A","","N/A","","N/A","N/A","","N/A","","",""
"=""8499""","鼎炫-KY","56.3500","目前已完成本集團主要生產基地-隆揚電子(昆山)股份有限公司之盤查，其餘集團個體亦正積極進行中。","N/A","","281.2500","目前已完成本集團主要生產基地-隆揚電子(昆山)股份有限公司之盤查，其餘集團個體亦正積極進行中。","N/A","","N/A","","N/A","N/A","","N/A","","",""
"=""8926""","台汽電","369,297.2044","已完成母公司","已完成母公司","合理保證等級","515.0337","已完成母公司","已完成母公司","合理保證等級","73.3405","員工通勤","已完成母公司","已完成母公司","有限保證等級","62.7708","(一)溫室氣體減量基準年 本公司官田廠屬於環境部規定溫室氣體排放量申報管理辦法之適用對象(第二批)，以受規範應申報之第一年(2014年)為基準年；台汽電母公司自2024年起進行個體公司溫室氣體盤查，故設定盤查首年(2024年)為基準年，後續將依法令規定時程完成合併財務報告子公司之盤查。 (二)減量目標 2025年目標 1.資源循環燃料替代率(SRF及膠片)≧30% 2.2025年平均年節電率≧1.5% 3.以2014年為基準年，台汽電官田廠每佰萬元營收(個體)碳排量於2025年減少35%  長期目標 1.以2014年為基準年，台汽電官田廠每佰萬元營收(個體)碳排量於2030年減少50% 2.2025年至2030年平均年節電率≧1.5%","本公司密切關注氣候變遷議題及國內外能源趨勢，採取「減緩」及「調適」兩大方針減輕氣候變遷對公司營運產生直接或間接之影響，以及因應政府2050淨零排放目標，規劃本公司溫室氣體管理與推動措施： 1. 制訂溫室氣體管理機制，推動盤查與查證工作，建立完整資料庫，俾利訂定並驗證減量計畫與目標。 2. 持續推展節能減碳相關措施，包括機組更新、製程改善、電力節能等，降低能源消耗。 3. 積極擴展再生能源相關業務，含投資開發、工程承攬、運轉維護到綠電銷售，以及儲能和輔助服務等新興電力交易商業模式。 4. 評估導入碳捕捉、利用與封存(Carbon Capture Utilization and Storage, CCUS)等低碳及負碳技術之可行性，以及燃氣電廠機組混氫燃燒等，落實低碳轉型。 本公司已依主管機關規定時程於2022年完成集團溫室氣體盤查與查證規劃並經董事會通過備查，於2023年完成內部盤查機制及資訊系統建置，以及制訂溫室氣體盤查管理程序書。2025年完成台汽電(個體公司)編製2024年度盤查報告書及第三方查證，後續於2026年完成台汽電及子公司(合併報表)2025年度溫室氣體盤查報告書及第三方查證，以進行公司短中長期減碳規劃，落實企業永續發展及淨零排放目標。","(一)2024年目標 1.官田廠資源循環燃料替代率(SRF及膠片)≧30% 2.官田廠2015年至2024年平均節電率≧1%  (二)2024年目標達成情形 1.完成台汽電(個體公司)之排放源鑑別、建置數據模型及重大性鑑別原則，並進行年度盤查工作。 2.官田廠資源循環替代率29.77%，可減少48,274公噸煤炭用量，相當於97,851公噸CO2e，扣除替代燃料排碳量，其溫室氣體排碳量，減量效益為1,133公噸 3.官田廠2015年至2024年平均節電率1.28%(2024年節電率0.73%) 4.官田廠執行設備機組改善專案節省約8.8萬度電及2,068公噸燃煤，減碳量約為4,295公噸CO2e"
"=""8940""","新天地","N/A","N/A","N/A","","N/A","N/A","N/A","","N/A","","N/A","N/A","","N/A","","",""
"=""8996""","高力","265.7785","已完成合併財務報表之母子公司","已完成合併財務報表之母子公司","合理保證等級","6,897.5006","已完成合併財務報表之母子公司","已完成合併財務報表之母子公司","合理保證等級","9,057.4669","購買之商品及勞務,上游運輸及配送","已完成合併財務報表之母子公司","已完成合併財務報表之母子公司","有限保證等級","1.7900","本公司自2021年起依循 ISO 14064-1 溫室氣體盤查標準進行盤查作業，並於每年度完成第三方查證，確保盤查結果之正確性與公信力。公司秉持持續改進與環境責任之精神，逐年落實溫室氣體排放盤查，並以此作為溫室氣體管理與減量之基礎。 鑑於目前因應海外市場變化與需求調整，本公司廠區產線持續進行擴充與調整，生產項目尚未穩定，致使排放結構處於變動階段。因此，現階段尚無法設定具代表性之「基準年」作為溫室氣體減量目標之基礎比較年度。 儘管如此，本公司仍積極推動溫室氣體減量作為內部管理重點。自2021年起，我們承諾每年度以不低於 3% 的減量幅度為目標，透過提升能源使用效率、導入節能設備、優化製程管理與減少碳排活動，穩健推進減碳行動，並持續檢視與修正減量策略，以因應未來營運規模與生產結構之變化。","為積極響應全球氣候變遷挑戰與永續發展趨勢，本公司已訂定具體的溫室氣體減量策略，並依據 ISO 14064-1 規範進行全面性管理。針對三大範疇的排放源，分別規劃如下具體減碳行動： 一、範疇一（直接溫室氣體排放） 本公司自2022年起逐步汰換高碳排放之生產設備，以降低直接能源使用造成之排放，特別針對天然氣使用進行有效管理與減量。透過設備更新及製程改善，有效減少天然氣消耗，進而降低燃料燃燒所產生之二氧化碳排放量。此外，為進一步優化廠區內部移動工具之排碳情形，逐年汰換現有柴油堆高機，並評估電動堆高機導入的可行性，藉此減少化石燃料依賴，降低碳排放量，並改善作業環境空氣品質。 二、範疇二（來自購買電力的間接溫室氣體排放） 為降低電力使用所產生的間接溫室氣體排放，本公司持續推動節能減碳作為核心管理措施。主要行動包括：選購具備高能效等級之設備、汰換老舊、耗能較高之機器設備、優化生產排程，提高製程效率、定期盤點設備耗能狀況並進行改善。透過部門間合作與員工參與，集結眾人智慧，共同實現節能目標。我們將持續優化製程並導入節能技術，致力成為兼顧環境責任與經濟效益的綠色企業。 三、範疇三（其他間接溫室氣體排放） 針對供應鏈管理方面，本公司積極推動與供應商進行減碳合作與對話，攜手落實供應鏈碳管理。目前已有部分原料供應商導入低碳鋼材研發與生產，以降低產品全生命週期碳足跡。未來將持續評估上游供應商碳排放狀況，並逐步導入環境友善材料，協助供應鏈朝低碳轉型邁進。","本公司依循《ISO 14064-1:2018》溫室氣體盤查標準執行年度盤查作業，盤查邊界涵蓋台灣地區之所有廠區與子公司，共計六個廠區。2025年內部查證作業已於4月23日至4月25日完成，外部第三方查驗作業預計於同年第三季辦理完成，以確保盤查資料之完整性與準確性。依據碳管理委員會統整之數據統計與試算結果，2024年度範疇一與範疇二之總排放量為 7,163.4911 公噸CO₂e。相較於2023年之排放量，碳密集度下降 15.14%，顯示本公司在節能減碳推動方面已取得明顯成效。此成果反映本公司持續推動設備汰舊換新、優化製程、改善能源效率及落實能源管理制度之具體成效。未來將持續透過內外部查驗機制、定期檢視碳排表現與目標達成狀況，確保持續朝每年減碳3%及長期低碳轉型目標穩健邁進。"
"=""9802""","鈺齊-KY","5,933.5400","台灣總部、中國和誠廠、柬埔寨齊鼎廠、越南鈺齊廠","N/A","","31,949.6200","台灣總部、中國和誠廠、柬埔寨齊鼎廠、越南鈺齊廠","N/A","","N/A","","N/A","N/A","","N/A","","",""
"=""9902""","台火","12.9400","已完成合併財務報表之母子公司","N/A","","24.1000","已完成合併財務報表之母子公司","N/A","","0.0400","購買之商品及勞務","已完成母公司,僅盤查類別1購買之商品及勞務-自來水部分","N/A","","0.1530","為落實環境永續，本公司訂定內部排碳範疇一及範疇二減碳計畫，並以113(2024)年為基準年，目標設定至119(2030)年溫室氣體排放（範疇一加範疇二）總量每年須較基準年逐年至少平均遞減0.5~1%。","日常節能策略與行動 本公司無生產製程排放源，主要耗能為營運過程中使用之能源，其中以外購電力(台電)為大宗，主要使用在辦公室用電(空調、照明及事務設備等)，為落實能源永續管理，本公司研議以下措施，以避免能源浪費，達成環境永續之目標。 (一)	照明燈具逐步汰換為較省電之LED燈具。   (二)	持續宣導日常用電管理、空調溫度維持26℃、隨手關燈、張貼節能標語、午休僅留用必要照明、氣溫較低時，不須開啟所有冷氣，可選擇保留一定通風之空調等。 (三)	宣導同仁外勤儘量搭乘大眾運輸工具。 (四)	新購設備時應以取得節能標章設備為優先採購項目。 (五)	研議適當設備使用節水裝置。 (六)	積極採購再生紙商品 (七)	宣導同仁落實垃圾分類，資源回收，紙張再利用及紙箱重複使用或回收等廢棄物管理作為。","本年度(2024)為首次制定減量目標，暫無達成情形說明。"
"=""9904""","寶成","76,293.0500","已完成合併財務報表之母子公司","已完成母公司","合理保證等級","748,046.4400","已完成合併財務報表之母子公司","已完成母公司","合理保證等級","60,127.3100","購買之商品及勞務,資本財,與燃料及能源相關活動（未納入範疇1或範疇2）,上游運輸及配送,營運中產生之廢棄物,商務旅行,員工通勤,已銷售產品之加工,已銷售產品生命週期結束之處理","已完成合併財務報表之母子公司的上游運輸及配送類別、母公司的商務差旅(航空差旅)類別、子公司裕元(安福)製鞋有限公司範疇三類別","母公司商務差旅(航空差旅)類別、子公司裕元(安福)製鞋有限公司範疇三類別","有限保證等級","3.1247","本公司配合品牌客戶永續發展的里程標的，制定減碳路徑：在製鞋業務範圍，設定以108年為基準年，預計114年達成五年碳排零成⻑的目標；且跟隨主要品牌客戶，於110年進⼀步制定119年溫室氣體排放量（範疇⼀和範疇二）較108年下降46.2%之減量承諾，此目標經世界資源研究所（World Resources Institute）確認符合科學基礎減量目標倡議 SBTi（Science-Based Target initiative）目標設定方法學。","鑑於本公司能源來自於電力使用的比例高達八成以上，故減碳重點以降低電力溫室氣體排放為主要目標，除了協同品牌客戶與供應商夥伴，不斷強化各項綠色創新作為，也藉由持續推動節能工作、擴大綠能使用、提升能源效率，達到降低溫室氣體排放的目標。自110年起，本公司展開太陽能發電系統建置案，累計建置規模達9.03 MW，113年消費量為7,617.59 MWh；另再生能源憑證也是本公司落實溫室氣體減量的重要措施之一，從112年起，中國大陸廠區首次購買綠色電力消費憑證，並持續於印尼、越南、柬埔寨等地購買再生能源憑證，113年購買量為247,610 MWh；113年整體綠電占比提升至26.7%，全年投入於綠能相關投資則約NTD 3,800萬元。","在製鞋業務範疇一和範疇二排放量範圍，113年市場基準排放量為55.44萬tCO2e ，相較於基準年108年的57.46萬tCO2e ，約下降3.52%。"
"=""9905""","大華","3,625.6164","已完成母公司","N/A","","9,113.7904","已完成母公司","N/A","","2,927.0630","與燃料及能源相關活動（未納入範疇1或範疇2）,員工通勤","已完成母公司","N/A","","5.5195","","",""
"=""9906""","欣巴巴","N/A","N/A","N/A","","N/A","N/A","N/A","","N/A","","N/A","N/A","","N/A","","",""
"=""9907""","統一實","72,866.0000","已完成合併財務報表之母子公司","已完成母公司","合理保證等級","276,028.0000","已完成合併財務報表之母子公司","已完成母公司","合理保證等級","1,916,438.0000","購買之商品及勞務,營運中產生之廢棄物,商務旅行,員工通勤,下游運輸及配送","已完成母公司","已完成母公司","合理保證等級","7.7800","1. 以2024年碳排密集度7.78(公噸 CO2e/百萬元)為基準，每年降低碳排放(範疇1-2)密集度1.5%。 2. 溫室氣體排放總量:2030年台灣廠區之溫室氣體排放量較基準年2014年(164,950噸)減少25% ","短期: 使用高效率設備與製程，包括:持續設置太陽能光電，並購買綠電。 長期: 所有燃料設備(鍋爐、退火爐)都要使用天然氣或電能，並參照世界鋼鐵廠及飲料廠的最新技術進行相關減碳作業。 ","首年訂定目標，待明年檢視並揭露目標達成情形"
"=""9908""","大台北","309.1414","已完成母公司","已完成母公司","合理保證等級","842.0812","已完成母公司","已完成母公司","合理保證等級","121.8255","購買之商品及勞務,上游運輸及配送,商務旅行,員工通勤,已銷售產品生命週期結束之處理","已完成母公司","已完成母公司","合理保證等級","0.3400","","",""
"=""9910""","豐泰","19,400.0000","包含豐泰集團總部及各地區子公司，但不包含控股等關係企業。","已完成母公司,中國 、越南區子公司","母公司：合理保證等級. 中國、越南區子公司：有限保證等級.","279,997.0000","包含豐泰集團總部及各地區子公司，但不包含控股等關係企業。","已完成母公司,中國 、越南區子公司","母公司：合理保證等級. 中國、越南區子公司：有限保證等級.","N/A","","N/A","N/A","","3.4222","集團碳絕對排放量較2019基準年(269,341公噸CO₂e)下降46.2%。","以《節省能源管理綱要》做為溫室氣體減量的基本政策，落實整體價值鏈的有效減碳。在原料、製程各階段投入減碳舉措，並提升可再生能源使用比重，以達成能資源最大程度的有效運用。","2024 年集團絕對碳排放量 299,397 公噸 CO2e，較基準年（2019 年：269,341公噸 CO2e）增加 11.2%。 2024 年綠電採購量較 2023 年增加 2,430 萬度，可再生能源使用比重達 21.4%，較前一年度增加 4.5%。"
"=""9911""","櫻花","989.3528","盤查邊界為台灣櫻花國內各廠區及部份子公司。","N/A","","3,038.6774","盤查邊界為台灣櫻花國內各廠區及部份子公司。","N/A","","1,129.3132","上游運輸及配送,員工通勤","盤查邊界為台灣櫻花國內各廠區及部份子公司。","N/A","","0.4191","本公司以2050 碳中和（淨零）目標之執行規劃。","本公司面對溫室氣體管理將持續強化自身碳管理能力，於2024年導入ISO 14064-1溫盤管理系統，優先以盤查溫室氣體總量後進而訂定目標，配合政府計畫階段性的推動ESG或依SBTi（科學基礎減量目標）之框架推展，以漸進且階段性達成目標。其次，面對氣候變遷風險管理，短期以滾動式評估氣候變遷風險與機會，完成鑑別重大性氣候變遷風險，持續強化本公司風險因應策略；並以2050（淨零）目標，擬定相關作業預算與計畫，並滾動式檢討修正與強化。 ","(1)本公司為實現碳中和／淨零碳排放，持續推進設定集團減碳目標 ，擬優先規劃並推動2022年2050年整體減（低）碳管理策略與路徑。 (2)本公司亦藉由產品與原物料之環保認證系統，共攜價值供應鏈致力於環境保護，並以提供符合客戶需求之產品與服務為職志，因此，本公司全廠已導入ISO 9001品質管理系統與ISO 14001環境管理系統，且持續精進改善，提升產品品質、促進客戶服務滿意度。 (3)本公司2024年瓦斯熱水器、瓦斯爐、溫熱型飲水機以取得二級能效產品為主，而瓦斯爐與溫熱型飲水機在一級能效產品取得中尚逐步提升，儲備型電熱水器則維持四級能效標準。"
"=""9912""","偉聯","0.0000","已完成母公司","N/A","","65.4077","已完成母公司","N/A","","N/A","","N/A","N/A","","0.1296","本公司尚未訂定相關目標。","本公司已完成111年至113年母公司溫室氣體盤查，後續將依金管會發布之「上市櫃公司永續發展路徑圖」時程推動相關作業，於116年前陸續完成子公司盤查，於117年及118年完成查證。","本公司尚未訂定相關目標。"
"=""9914""","美利達","1,407.1841","已完成母公司","已完成母公司","合理保證等級","9,820.9427","已完成母公司","已完成母公司","合理保證等級","45,525.1078","購買之商品及勞務,與燃料及能源相關活動（未納入範疇1或範疇2）,上游運輸及配送,營運中產生之廢棄物,員工通勤","已完成母公司","已完成母公司","有限保證等級","0.2870","2022年為基準年，範疇一+範疇二排放量為8,085.2872（噸CO2e）。 短期目標:每年減少3%。 中期目標:每台車減碳40KG或減少25%排放。 長期目標:2050年台灣總公司達到淨零排放。","本公司積極配合永續自行車聯盟減碳政策與政府2050淨零排放政策，積極落實執行廠內節能減碳活動，降低組織碳排放量以減緩氣候變遷。","2024年減碳量(範疇1+2)比例為2.94%，接近預定之減碳目標3%。"
"=""9917""","中保科","20,759.7125","已完成合併財務報表之母子公司","已完成合併財務報表之母子公司","有限保證等級","14,135.1655","已完成合併財務報表之母子公司","已完成合併財務報表之母子公司","有限保證等級","N/A","","N/A","N/A","","1.0506","1. 外購能源	 (1) 目標： ● 以2020年為基準年（用電度數9,570,879KWh）。 ● 預計2025年前達成基準年用電度數之95%（低於9,070,959KWh）。 ● 預計2030年前達成2020年用電度數之90%（低於8,593,540KWh）。 (2) 作為： ● 定期評估辦公場域及營運據點內設備狀態，針對老舊、耗電的空調或燈具進行汰換。 ● 採購商品或設備時，優先考量高能源效率產品，並遵守能源相關法規。 ● 建置能源平台，管理水、電、天然氣、瓦斯、油料等能源使用數據，並以電子檔儲存單據、憑證，降低資料遺失風險，亦可作為同期數據比較及管理決策依據。 ● 規劃導入能源管理系統，透過完善系統及ISO認證，落實能源管理。 ● 舉辦營運據點節能競賽，比較前後年度能源使用量，落實節能減碳，同時評估能源使用量差異，擬定相關節約政策。 ● 推動節約能源宣導與教育，逐步改變同仁用水、用電習慣，減少資源浪費。 ● 定期進行溫室氣體盤查，檢視能源使用狀況，逐步降低溫室氣體排放。 2. 油料	 (1) 目標： ● 以2020年為基準年（每百萬公里油料碳排量為303.04公噸）。 ● 預計2025年前每百萬公里油料碳排量目標為275公噸。 ● 預計2030年前每百萬公里油料碳排量目標為200公噸。	 (2) 作為： ● 勤務車採購以油電車為主，逐步減少用油汽機車數量，節省用油成本與排放。 ● 定期執行車輛保養與檢測及耗油檢討。宣導非必要勿讓公務車呈現怠速狀態，避免車輛損耗。 ● 鼓勵同仁出差搭乘大眾交通工具或共乘，減少公務車使用。","溫室氣體減量管理政策 (1) 定期針對辦公場域中老舊、高耗電設備進行汰換評估。 (2) 定期檢視辦公場域之用電情形，並執行節電作業。 (3) 以高效節能之設備作為採購之優先考量。 (4) 以競賽形式鼓勵同仁們節約用電。 (5) 擴大採購油電車作為勤務及公務用車。","1. 外購電力：2023年提前達成總用電度數低於2020年用電度數，減少6.596%之目標，但近期因標的建物重新規劃配置及重新嚴格檢視各據點用電度數與公共用電度數，導致用電量增加，仍持續擬定相關政策措施進行管理，預計2030年前達成低於2020年用電度數90%（低於8,593,540KWh）之目標。 2. 油料： 2024年每百萬公里油料碳排量為300.49公噸，尚未達成預計2025年前降低至275公噸之目標，顯見油料管理仍有進步空間。為降低油料碳排量，逐步擴大採購油電車作為勤務車使用，目前自有純電車1輛、油電車72輛、電動機車30輛，透過車輛汰換與管理策略，達成減碳目標。"
"=""9918""","欣天然","510.6320","已完成合併財務報表之母子公司","N/A","","237.3527","已完成合併財務報表之母子公司","N/A","","31.8930","員工通勤","已完成合併財務報表之母子公司","N/A","","0.3791","溫室氣體減量基準年為民國113年，範疇一及範疇二之溫室氣體排放量為747.9847公噸CO₂e，目標逐年減排1%溫室氣體。","提昇能源使用效率： 事務機器優先選購具環保標章或節能標章之產品。 空調系統改善： 1. 下班時間提早關閉冷氣主機，連假及少數人加班時盡量不開中央空調，避免主機低負載、低效率、高成本運轉。空調區域由使用單位負責調整適當冷房溫度。 2. 定期清洗空氣濾網、冷卻水塔、水管及主機熱交換器，保持主機效率。定期執行系統檢測，如發現設備效率低落，即設法改善。 照明系統改善： 採購高效率照明燈具、感應燈具，並逐步汰換低效率耗電燈具。各區域依作息時間，調整、關閉公共區域燈光。加強宣導同仁隨手關燈之習慣。 裝設智慧型電梯： 指派適當的電梯，節省能源及運輸時間。 裝置、更換節水設施： 更新洗手台水龍頭換裝成省水裝置、裝設省水式馬桶、定期檢查用水設備等。","113年為初次溫室氣體盤查，將持續檢視達成情形。"
"=""9919""","康那香","1,621.7474","已完成合併財務報表之母子公司","已完成母公司","合理保證等級","12,025.0653","已完成合併財務報表之母子公司","已完成母公司","合理保證等級","1,798.7158","購買之商品及勞務,與燃料及能源相關活動（未納入範疇1或範疇2）,上游運輸及配送,營運中產生之廢棄物,商務旅行,員工通勤","已完成合併財務報表之母子公司","已完成母公司","合理保證等級","6.9415","","",""
"=""9921""","巨大","10,908.8702","台灣母子公司","台灣母子公司","合理保證等級","15,451.4574","台灣母子公司","台灣母子公司","合理保證等級","56,515.8916","購買之商品及勞務,資本財,與燃料及能源相關活動（未納入範疇1或範疇2）,上游運輸及配送,營運中產生之廢棄物,商務旅行,員工通勤,上游租賃資產,下游運輸及配送,已銷售產品之加工,已銷售產品之使用,已銷售產品生命週期結束之處理,下游租賃資產,加盟,投資","台灣母子公司","台灣母子公司","有限保證等級","1.2793","巨大集團以2021年作為基準年，制定短期目標為2023年範疇一、二排放量減少3%，2025年範疇一、二排放量減少9%，2030年範疇一、二排放量減少25%。 與基準年2021年相比，2024年巨大集團台灣據點和中國大陸據點絕對強度減量28.48%，台灣據點絕對強度減量22.51%，中國大陸據點絕對強度減量31.08%。 詳細內容請參考：2024年永續報告書，第四章 創新低碳生活，(4.1.1.2)溫室氣體和能源使用。","巨大集團致力於減少能耗和產品碳足跡。 巨大集團製造工廠之能源使用以電力和蒸汽為主，燃料耗用則包含：天然氣、汽柴油和少量液化石油氣。巨大集團自2021年開始自建太陽能光電設備，截至2024年總計七個廠區，2024年的再生能源總發電量達25,655,103 kWh，綠電使用佔比為15.6%。 巨大集團導入ISO 50001進行能源審查，以鑑別節能機會點。擬定溫室氣體減量相關方案，以減少電力、天然氣、蒸氣為要項，逐年在減少溫室氣體排放量。 減少溫室氣體排放量之計畫中我們透過製程優化、設備汰換/技改/升級、行為管理、能源轉型、照明等管理等方式進行節約能源，以達到減少溫室氣體排放之目標。 詳細內容請參考：2024年永續報告書，第四章 創新低碳生活，(4.1.1.2)溫室氣體和能源使用。","與基準年2021年相比，2024年巨大集團台灣據點和中國大陸據點絕對強度減量28.48%，台灣據點絕對強度減量22.51%，中國大陸據點絕對強度減量31.08%。全數達標。 詳細內容請參考：2024年永續報告書，第四章 創新低碳生活，(4.1.1.2)溫室氣體和能源使用。"
"=""9924""","福興","262.9088","已完成母公司","已完成母公司","合理保證等級","5,618.7960","已完成母公司","已完成母公司","合理保證等級","30,416.5342","營運中產生之廢棄物","已完成母公司","已完成母公司","有限保證等級","0.7316","請參閱113年報-頁數58","請參閱113年報-頁數58","請參閱113年報-頁數58"
"=""9925""","新保","2,011.3416","已完成母公司","已完成母公司","合理保證等級","2,360.9075","已完成母公司","已完成母公司","合理保證等級","3,357.2894","與燃料及能源相關活動（未納入範疇1或範疇2）,商務旅行,員工通勤,下游租賃資產","已完成母公司","已完成母公司","有限保證等級","201.5700","2022年、7940.1462(ton-CO2e)、每年較前一年降低0.5%之能源績效指標","冰水主機汰換","較2023年之210.61 公CO₂e/百萬元下降約4.3%"
"=""9926""","新海","127.1400","已完成母公司","N/A","","405.1800","已完成母公司","N/A","","239.5900","購買之商品及勞務,與燃料及能源相關活動（未納入範疇1或範疇2）,營運中產生之廢棄物,員工通勤","已完成母公司","N/A","","0.2200","","",""
"=""9927""","泰銘","13,568.0611","已完成母公司","N/A","","4,862.8608","已完成母公司","N/A","","892.2745","上游運輸及配送","已完成母公司","N/A","","3.3065","溫室氣體排放總量與生產量成正相關，本公司持續改善生產設備，減少能源耗用，透過工廠管理，使 熔爐與輸送設備運轉更有效率，進而減少用水用電及瓦斯量。 本公司二氧化碳排放量90%以上來自水、電、瓦斯，因此水、電、瓦斯的節約為節能減碳的首要目標 ，以2024年為基準年，目標2030年用電減少5%，持續減少溫室氣體總排放量。","本公司為符合「溫室氣體減量及管理法」，推動各項節能節水減碳方案，以降低溫室氣體排放量與廢棄物的產生量。本公司溫室氣體排放來自於外購瓦斯及電力，及緊急發電機用之柴油及公務車用汽油。因生產製造使用瓦斯及電力，所產生之二氧化碳排放為本公司主要溫室氣體排放來源，節能減碳以節約用瓦斯、用電為主，善盡企業社會責任，落實企業永續發展。宣導公司同仁儘量透過網路接洽業務，減少使用公務車洽公次數，進而降低汽油之溫室氣體排放；另汰換公務車，宜優先考量油電混合車或電動車，亦可減少溫室氣體之排放。","改善製程使用之馬達，使用IE3高效率馬達，節電成效764,568.65度，113年度節電率6.94%"
"=""9928""","中視","N/A","N/A","N/A","","N/A","N/A","N/A","","N/A","","N/A","N/A","","N/A","","",""
"=""9929""","秋雨","N/A","N/A","N/A","","N/A","N/A","N/A","","N/A","","N/A","N/A","","N/A","無","無","無"
"=""9930""","中聯資源","59,314.1250","已完成母公司","已完成母公司","合理保證等級","68,010.6671","已完成母公司","已完成母公司","合理保證等級","311,124.0090","下游運輸及配送","已完成母公司","已完成母公司","協議程序","10.7091","基準年(2018年):排放量142,501噸CO2e(範疇1+範疇2); 減量目標:2025年(較基準年減量15%)->2030年(較基準年減量25%)->2050年(達到碳中和)","自2007年起即開始進行溫室氣體盤查及第三方查證， 2025年減量措施及行動計畫(南部研磨廠燃料替代、購買再生能源(總用電1%、汰舊換新設備) 2030年減量措施及行動計畫(中部研磨廠燃料替代、購買再生能源(總用電2%)、深化能效提升智慧分析控制) 2050年減量措施及行動計畫(碳捕捉利用封存、燃料無碳化(氫能/生質能)、配合政府使用100%去碳電力)","113年南部研磨廠燃料完全轉換為天然氣，較112年共減少約5,684噸以上之二氧化碳排放量；購買綠電及憑證共2,669,124度(2,670 RECs)，並持續強化製程節能減碳、全面進行老舊耗能設備更新，強化設備節能及效率，共減少約1,627噸以上之二氧化碳排放量。 113年排放量127,325噸二氧化碳當量，較基準年(2018)減少二氧化碳排放量約10.65%。"
"=""9931""","欣高","231.7800","已完成母公司","N/A","","140.3600","已完成母公司","N/A","","17.0900","購買之商品及勞務,與燃料及能源相關活動（未納入範疇1或範疇2）,營運中產生之廢棄物","已完成母公司","N/A","","N/A","","",""
"=""9933""","中鼎","8,589.9452","已完成合併財務報表之母子公司","已完成合併財務報表之母子公司","合理保證等級","10,122.8158","已完成合併財務報表之母子公司","已完成合併財務報表之母子公司","合理保證等級","1,061,277.7583","購買之商品及勞務,資本財,與燃料及能源相關活動（未納入範疇1或範疇2）,上游運輸及配送,營運中產生之廢棄物,員工通勤,上游租賃資產,投資","已完成合併財務報表之母子公司","已完成合併財務報表之母子公司","有限保證等級","0.1600","-基準年排放量(基準年為2022年) 1.範疇一排放量=9388.4710(TonCO2e)；排放強度=0.10(TonCO2e/百萬元) 2.範疇二排放量=13111.4600(TonCO2e)；排放強度=0.14(TonCO2e/百萬元) 3.範疇三排放量=1022065.2237(TonCO2e)；排放強度=11(TonCO2e/百萬元) -減碳目標(範疇一及範疇二)(基準年為2022年) 1.2030年溫室氣體排放減量達45% 2.2050達淨零 -減碳目標(範疇三) 1.2023-2028達成供應鏈議合 2.2050達淨零","A.短期減碳策略（2024~2030）：綠色技術、智能化和 CCUS 技術研發及提高再生能源的使用；2024年已執行的3大策略包含： I.加強能源管理(導入ISO 50001並成立工地永續淨零小組) II.落實減量措施(內部碳定價及最佳專案評選項目) III.盤查系統化(導入報銷系統資訊，智慧化溫室氣體盤查)。 B.長期減碳策略（2030-2050）：採用儲能技術、使用去碳能源及CCUS技術的應用，在投入各項減量及碳移除技術後，如仍有當前技術限制而無法削減的碳排放量，將適度購買碳權作為抵換（少於10%基準年排放量），以達淨零目標。","2024年減碳達成狀況 1.範疇一及範疇二減量16.8% 2.範疇三排放強度減少17.7%"
"=""9934""","成霖","23.0696","已完成母公司,A.1.3僅母公司數據 B.子公司(山東美林衛浴有限公司)-25003.6434公噸CO₂e","N/A","","369.9570","已完成母公司,A.2.3僅母公司數據 B.子公司(山東美林衛浴有限公司)-27285.5239公噸CO₂e","N/A","","18,647.1128","下游運輸及配送","已完成母公司,A.3.3僅母公司數據 B.子公司(山東美林衛浴有限公司)-2035.3114(上游與下游之運輸及配送)","N/A","","0.0522","","",""
"=""9935""","慶豐富","155.9952","已完成母公司","已完成母公司","合理保證等級","1,956.6179","已完成母公司","已完成母公司","合理保證等級","3,438.1937","上游運輸及配送","已完成母公司","已完成母公司","有限保證等級","N/A","基準年數據： 範疇一189  tonCO2e 範疇二1,588  tonCO2e 範疇三2,828  tonCO2e 總計4,605 tonCO2e","1.進行廠區、機台共用整併，以減少能源輸出。 2.優化供應鏈管理：透過MOQ及就近區域遴選供應商及外包商，採用生產低碳產品的廠商，降低間接溫室氣體排放。 3.優化空調系統：依季節氣溫進行廠區空調溫度之調整設定 ，並定期進行保養和維護，以降低能耗及用電量。 4.應用科技手段，以視訊會議、線上工具及遠距工作等，替代需出差的會議與團隊成員間的討論，降低廠區間的移動及出差頻率，降低範疇三的溫室氣體排放。 5.鼓勵員工共乘通勤，減少因運輸所產生的間接溫室氣體排放。","無"
"=""9937""","全國","260.8900","已完成合併財務報表之母子公司","N/A","","4,477.6500","已完成合併財務報表之母子公司","N/A","","215.0200","已銷售產品之使用","已完成合併財務報表之母子公司","N/A","","0.1961","","",""
"=""9938""","百和","65,668.6576","本公司、越南百和責任有限公司、印尼百和股份有限公司、江蘇百宏複合材料股份有限公司、東莞百宏實業有限公司及越南百宏責任有限公司","本公司、越南百和責任有限公司、江蘇百宏複合材料股份有限公司、東莞百宏實業有限公司及越南百宏責任有限公司","合理保證等級","95,314.6381","本公司、越南百和責任有限公司、印尼百和股份有限公司、江蘇百宏複合材料股份有限公司、東莞百宏實業有限公司及越南百宏責任有限公司","本公司、越南百和責任有限公司、江蘇百宏複合材料股份有限公司、東莞百宏實業有限公司及越南百宏責任有限公司","合理保證等級","36,462.0328","與燃料及能源相關活動（未納入範疇1或範疇2）,上游運輸及配送,營運中產生之廢棄物,商務旅行,員工通勤,下游運輸及配送","本公司、越南百和責任有限公司、江蘇百宏複合材料股份有限公司、東莞百宏實業有限公司及越南百宏責任有限公司","本公司、越南百和責任有限公司、江蘇百宏複合材料股份有限公司、東莞百宏實業有限公司及越南百宏責任有限公司","有限保證等級","10.6039","以2023年為基準年，至2030年減量20%，至2050年達成淨零碳排。","1. 廠區設備改善：汰換傳統燈具為LED節電燈具或採用太陽能供電之戶外照明燈具，並調整各區域照明配置；採購機械設備優先評估節能效益。2024年度製造單位已陸續汰換部分傳統燈具。 2. 製程優化：調整機械設備本體運作或優化現有機械設備，汰換老舊機械設備為節能型，並進行排程控管，避免損耗。於2024年度進行提高射出鈎幅寬運用之製程效率、新增冰水管路配管工程以提升空調效率，並評估鍋爐製程優化，和老舊空調或公務車汰舊換新時程等專案。 3. 行政管理：定期舉辦節能減碳教育訓練、持續宣導及張貼節能減碳標示，加強監督及控管力道，同時進行作業流程化及標準化。2024年度製造單位在不影響排程下已進行機械設備集中使用及開關機管理，同時各製造單位訂立節能KPI目標，落實目標管理。 4. 再生能源使用：於廠區建置太陽能發電設施，持續提高再生能源使用比例。2024年共取得867張再生能源憑證(T-REC)。 5. 開發綠色產品：開發生物可降解射出鈎產品，使用尼龍回收料製作射出鈎產品，使用環保、回收原料紗線(PET回收紗等)製作產品。2024年度環保紗採購量維持15％以上，並以2030年關鍵客戶特多龍紗線60%使用環保紗線為目標推進。 6. 進行循環經濟：將廠內紡織殘料製成固體再生燃料(SRF)，提高廠內廢棄物再利用比率。2024年度廢棄物再利用率維持80%以上。","本公司2024年溫室氣體排放密集度(公噸CO₂e/百萬元營業額)相較基準年(2023年)下降11.08％。"
"=""9939""","宏全","15,880.3859","已完成母公司","已完成母公司","合理確信","78,856.3963","已完成母公司","已完成母公司","合理保證等級","218,572.2957","上游運輸及配送,商務旅行,下游運輸及配送","已完成母公司","已完成母公司","合理保證等級","32.1912","基準年 :  2022年  碳排放量 :  台中二廠年排放量 33,663.194噸CO2e  減量目標： 2025 ~ 2030年預計共減少 10,470噸CO2e 2025年1,037噸CO2e 2026年1,778噸CO2e 2027年1,827噸CO2e 2028年1,877噸CO2e 2029年1,926噸CO2e 2030年2,025噸CO2e","減量策略： 1. 冰水主機汰舊換新 2. 水泵汰舊換新 3. 建置太陽能發電轉供自用 4. 採購再生能源(太陽能)  具體行動計畫： 1. 冰水主機汰舊換新    台中二廠汰換冰水主機1台。  2. 水泵汰舊換新    台中二廠汰換冰水泵3台、冷卻泵2台。  3. 建置太陽能發電轉供自用    計劃於梧棲自貿/冷凍廠屋頂，建置1,600 kWp太陽能發電系統。  4. 採購再生能源(太陽能)    採購再生能源轉供至台中二廠，逐年提升再生能源採購度數，減少高碳能源使用並降低用電碳排放量。","具體行動計畫： 1. 冰水主機汰舊換新     預估年減碳量約648.351 噸CO2e。  2. 水泵汰舊換新     預估年減碳量約76.366 噸CO2e。  3. 建置太陽能發電轉供自用     建置1,600 kWp太陽能發電系統，預估年減碳量約905.1818 噸CO2e。  4. 採購再生能源(太陽能)     2026年開始採購再生能源轉供至台中二廠。 2025 ~ 2030年再生能源電力採購計畫(度/年): 2026年300,000度，預估可減少149噸溫室氣體排放 2027年400,000度，預估可減少198噸溫室氣體排放 2028年500,000度，預估可減少248噸溫室氣體排放 2029年600,000度，預估可減少297噸溫室氣體排放 2030年800,000度，預估可減少396噸溫室氣體排放"
"=""9940""","信義","412.6104","已完成母公司","已完成母公司","合理保證等級","4,177.5962","已完成母公司","已完成母公司","合理保證等級","2,765.5460","購買之商品及勞務,上游運輸及配送,商務旅行,員工通勤,下游租賃資產","已完成母公司","已完成母公司","AUP","0.4031","信義房屋依據科學方法學，設定了2030年的溫室氣體減量目標，並已通過SBTi審核，符合1.5°C減碳路徑。我們展開了全面的淨零轉型策略，並設定了明確的短、中、長期目標：  短期目標 (2025年)：再生能源比例提升至30%，溫室氣體排放量（範疇一+二）減少4.2%。 中期目標 (2030年)：達成信義房屋淨零排放，再生能源比例提高至100%，溫室氣體排放量（範疇一+二）較基準年2017年大幅減少90%。 2017年範疇(一+二)排放量為6506.895公噸CO2e。  長期目標 (2050年)：達成信義企業集團的全面淨零排放。","溫室氣體減量策略 信義房屋將永續發展視為核心職責，並積極與巴黎協定1.5°C目標接軌，將「邁向永續淨零」的原則轉化為具體行動，承諾於2030年達成淨零排放。根據ISO 14064-1:2018的盤查結果顯示，能源間接排放（範疇二）是我們溫室氣體排放的大宗，佔範疇一與範疇二總排放量的九成以上，因此，我們的溫室氣體減量策略主要聚焦於提升能源績效。 具體行動計畫 為達成減量目標，信義房屋的行動方案包括：導入ISO 50001能源管理系統，以此系統化地降低能耗並提高能源效率。同時，我們正逐步提高再生能源的使用比例，並擴大轉供範圍，從總部大樓延伸至全台各分店。全面實踐能源轉型。","2024年範疇(一+二)排放量為4,590.2066公噸CO2e，較前一年減少14.3%、較基準年2017年減少29.5%。 備註：範疇二採市場基礎(market based)計算"
"=""9941""","裕融","146.2271","本公司+子公司新鑫、裕富全台辦公室據點","本公司+子公司新鑫、裕富全台辦公室據點","合理保證等級","1,196.3808","本公司+子公司新鑫、裕富全台辦公室據點","本公司+子公司新鑫、裕富全台辦公室據點","合理保證等級","2,393.2360","購買之商品及勞務,商務旅行","本公司+子公司新鑫、裕富全台辦公室據點","本公司+子公司新鑫、裕富全台辦公室據點","AUP協議程序","0.0720","1. 逐步完成所有子公司之溫室氣體盤查與確信，優先規劃範疇一、二的減碳方向，設定短、中、長期溫室氣體減量目標，目標於2050年達到企業淨零永續。 2-1 第一階段 : 以 2022 年為基準年， 訂定範疇一、範疇二的溫室氣體排放量，每年較前一年碳排放量減 3%。 2-2 第二階段 : 考量盤查比較基礎一致性與代表性，故調整 2024 年為本公司溫室氣體盤查基準年 ，並訂定範疇一、範疇二的溫室氣體排放量在 2025 年~2027 年，每年較前一年碳排放量減 3%目標；2028 至 2030 年逐步增加碳排放量低減 3-5%，以達 2030年達成減量20% 。","1. 透過永續發展委員會及執行小組進行盤查計畫與減量追蹤，優先自環境管理採取節能減碳政策，汰換耗能設備、節約能源與資源使用，逐年擴大再生能源採購及使用比例等。 2. 順應全球再生能源政策，裕融企業以子公司發展綠能事業外，並逐年擴大再生能源之採購量，訂定每年綠電使用量較前一年增加 3~5%，預估 2030 年達使用再生能源比例 30% 之目標，以響應2050 淨零政策。","1. 為達成減碳目標，本公司依據 ISO 14064 1: 2018 標準，盤查邊界為本公司全台營運辦公室，使用營運控制權法盤查溫室氣體；依據盤查結果設定與檢視每年減量目標。  2. 2024年範疇一與範疇二的碳排總量，較去年同期大幅低減近20% ，2024年相較第一階段的2022年基準年(707.177 公噸 CO₂e) 減量近25%，超越原設定目標。"
"=""9942""","茂順","977.6698","已完成母公司","已完成母公司","合理確信","9,295.3024","已完成母公司","已完成母公司","合理確信","11,522.4760","營運中產生之廢棄物,商務旅行","已完成母公司","已完成母公司","合理確信","N/A","","",""
"=""9943""","好樂迪","769.4400","已完成合併財務報表之母子公司","N/A","","17,737.8600","已完成合併財務報表之母子公司","N/A","","N/A","","N/A","N/A","","7.1000","好樂迪自 2023 年起開始進行自願性溫室氣體盤查，採簡易式盤查方式，收集用電、燃料油的數據為主，盤查據 點以 46 間營運門市為主，尚未經第三方機構驗證。後續將陸續納入總公司、子公司等據點。依據金管會制定的「上 市上櫃公司永續發展路徑圖」規範，本公司預計於2025年正式導入ISO 14604-1 組織型溫室氣體盤查系統，於2026 年度完成母公司及子公司之溫室氣體盤查，待溫盤系統建立後，再訂定減碳策略與目標。","好樂迪自 2023 年起開始進行自願性溫室氣體盤查，採簡易式盤查方式，收集用電、燃料油的數據為主，盤查據 點以 46 間營運門市為主，尚未經第三方機構驗證。後續將陸續納入總公司、子公司等據點。依據金管會制定的「上 市上櫃公司永續發展路徑圖」規範，本公司預計於2025年正式導入ISO 14604-1 組織型溫室氣體盤查系統，於2026 年度完成母公司及子公司之溫室氣體盤查，待溫盤系統建立後，再訂定減碳策略與目標。","1. 季節轉換時調整空調溫度設定標準，並檢查空調送風機欠通閥是否正常運作。 2. 針對營業樓層，預冷空調箱及抽風機皆須開放，並根據季節調整送風機溫控面板之設定溫度。 125 3. 針對未營業之樓層，將送風機溫控面板設定同營業樓層；抽風機及預冷空調箱需維持關閉狀態，待開場前半小時前 才開啟。 4. 隨時檢視包廂的感溫棒是否位於正確位置，以檢測包廂設定溫度與實際溫度是否相差正負 1 度以內；如超出此範圍 即需查原因。如門市包廂無溫度感測設備，只須於未帶客狀態下，將送風機設於低弱速即可。 5. 冰水主機依據溫度感測設備之有無及季節變化進行溫度調控。 6. 優先採購綠建材、節能標章設備與環保無線麥克風。"
"=""9944""","新麗","1,362.0956","已完成母公司","已完成母公司","有限確信","1,844.8498","已完成母公司","已完成母公司","有限確信","7,486.6020","購買之商品及勞務,上游運輸及配送,營運中產生之廢棄物,員工通勤","已完成母公司","已完成母公司","有限確信","2.1890","","",""
"=""9945""","潤泰新","597,907.7473","已完成合併財務報表之母子公司","已完成母公司","有限確信","74,012.9330","已完成合併財務報表之母子公司","已完成母公司","有限確信","N/A","","N/A","N/A","","17.8488","以民國113年為基準，目標至民國119年逐步減量達5%。","潤泰創新於本年度依據GHG Protocol準則進行溫室氣體盤查，並已通過第三方驗證。集團子公司 (潤泰精材、潤德、潤弘精密) 亦獨立執行溫室氣體盤查與通過外部驗證。未來我們每年度皆會執行集團溫室氣體盤查，越詳細的盤查，越能掌握集團溫室氣體排放狀況。因本年度盤查之組織邊界擴增，故重新調整集團溫室氣體減量目標，建設業以2024年為基準年，2025年減少7% 溫室氣體排放量，2030年減少11% 溫室氣體排放量；百貨服務業為以2024年為基準年，範疇一、二溫室氣體排放強度降低5% 公噸CO2e/ 新台幣百萬元營收。將針對集團需加強之處提出相對應之行動，為永續生活盡一份心力。  潤泰創新本年度已完成溫室氣體盤查（包含合併財務報告子公司）。2024年潤泰創新集團溫室氣體總排放量為671,920.6803 公噸CO2e，其中範疇一排放量為597,907.7473公噸CO2e；範疇二排放量為74,012.9330 公噸CO2e。詳細溫室氣體盤查結果請參考下表及潤泰精材2024年永續報告書、潤德2024年永續報告書、潤弘精密2024年永續報告書。  依據盤查結果，潤泰創新集團以範疇一直接排放為主，因子公司潤泰精材之工廠營運需使用大量燃料，以維持鍋爐運作，而原物料在加工過程中亦會顯著產生溫室氣體排放，使得直接溫室氣體排放量佔比大。為減少營運產生之溫室氣體排放量，將針對加工製程制定相關策略，如使用替代原物料、選用低碳燃料、提升設備效率等，持續優化低碳製程。其餘建設業據點與百貨服務業據點皆以外購電力產生之溫室氣體排放量為主，對此除了加強人員節約能源的觀念以外，我們也擬定未來在各據點導入能源管理系統，及裝設太陽能板增加再生能源使用比例等，以減少外購電力造成的溫室氣體排放。","減少部分電燈照明時數、調升室內溫度，並減少電扶梯、貨梯及部分電腦主機之運行時數以降低溫室氣體排放。"
"=""9946""","三發地產","32.7823","已完成合併財務報表之母子公司","已完成合併財務報表之母子公司","有限確信","262.7676","已完成合併財務報表之母子公司","已完成合併財務報表之母子公司","有限確信","N/A","","N/A","N/A","","0.1500","2023","1.油量 -盡量使用大眾運輸交通工具 -公務車逐步汰換為電動車 2用電 -工務所逐步汰換舊型冷氣，改採節能一級標章冷氣機 -工務所設置灑水設備及天花板導流風扇、遮陽窗簾，降低冷氣耗能 -施工階段臨時照明採用節能燈具，裝設控制器依季節調整照明開啟時間 -辦公室更換為節能燈管 -辦公室冷氣溫度設定為26度，搭配循環扇使用，降低冷氣耗能 3.冷媒 -定期維養，避免洩漏，如有汰換冷氣設備，改採較環保之冷媒機型","1.為響應節能減排，營建工地於夜間未施工時段實施撙節用電措施，除建地之警衛區照明設備外，其他區域皆關閉照明電源，以減少非必要之用電。照明並採用節能燈具可減少用電量。 2.辦公室加裝循環扇幫助室內降溫，可減少冷氣使用需求，減少耗能與碳排，本集團透過以上措施，2024年度範疇二對比基準年約減少12.7% 碳排放量。 3.將永續概念融合在建築當中，例如建築設計多採用通風採光天井以及配備電動車充電設備，促進節能減碳；詳細建築物永續概念內容請參閱本報告書「永續價值」章節。"
"=""9955""","佳龍","199.8766","已完成母公司","N/A","","912.4748","已完成母公司","N/A","","N/A","","N/A","N/A","","0.9395","","",""
"=""9958""","世紀鋼","4,442.4129","已完成合併財務報表之母子公司","已完成母公司,母公司及子公司世紀離岸風電設備股份有限公司均取得2024年ISO 14064認證，其他子公司皆為自主盤查","合理保證等級","13,999.3936","已完成合併財務報表之母子公司","已完成母公司,母公司及子公司世紀離岸風電設備股份有限公司均取得2024年ISO 14064認證，其他子公司皆為自主盤查","合理保證等級","5,628.0947","商務旅行","已完成母公司","已完成母公司","合理保證等級","0.8583","母公司為規劃溫室氣體減量策略，2024年基準年，其範疇一及範疇二排放量分別為1358.9664公噸CO2e及3096.6031公噸CO2e，希望透過具體行動進一步落實2030年較基準年減量24%，並自基準年起每年至少減量4%，以達成2037年減量50%之目標。 另訂定全集團內部減碳目標，以基準年2024年（18,441.8065噸CO2e／範疇一及範疇二總碳排放量）為主，每年目標為溫室氣體排放降幅達1%，子公司將持續積極推動淨零碳排放策略與具體目標，強化能源效率、優化製程。","1.合併公司將碳管理融入營運策略之中，導入能源管理系統全面性檢視能源現況，具策略之節能規劃、持續性的改善能源績效，對多項溫室氣體減量計畫展開全方面監管，包含提高能源效率、購買節能機台、考量購買綠電及評估建置太陽能發電系統並依此作為減碳管理與規劃之參考。 2.近年來持續推行ISO 50001能源管理系統，並提出節能改善計畫，逐步將燈具更換為節能燈具、新購節能標章水冷式箱型機(能源效率為第1級)、定期向同仁宣導節能減碳相關議題，從而降低能耗，達成平均年節電率要達1%之目標，提升能源效率，確保節能措施有效落實。 3.針對廠內老舊設備過度耗能項目分別為電銲機、火焰切割機、四軸鑽孔機，啟動汰舊換新節能計畫。 ","1.配合ISO 50001能源管理系統2023年節電率目標為「每年節電率1％」，提出能源管理行動計畫-水冷式箱型機汰舊換新，舊機與新機產品型號分別為TC-20M(定頻)與TCV-20PNX(變頻)，以電流鉤錶量測並比較溫度、機型的差異，且購入節能標章水冷式箱型機(TCV-20PNX) ，額定冷氣能力消耗電功率17.1kW，能源效率為第一級，提高效能，減少用電，依行動計畫進度管制進度追蹤並完成目標。 2.目前子公司世紀離岸風電設備股份有限公司已導入ISO 50001能源管理系統，未來將持續推展到其他子公司。"