"報告年度:2023","議題:溫室氣體排放"
"公司代號","公司名稱","直接(範疇一)溫室氣體排放量-數據(公噸CO₂e)","直接(範疇一)溫室氣體排放量-資料邊界","直接(範疇一)溫室氣體排放量-確信範圍","能源間接(範疇二)溫室氣體排放量-數據(公噸CO₂e)","能源間接(範疇二)溫室氣體排放量-資料邊界","能源間接(範疇二)溫室氣體排放量-確信範圍","其他間接(範疇三)溫室氣體排放量-數據(公噸CO₂e)","其他間接(範疇三)溫室氣體排放量-資料邊界","其他間接(範疇三)溫室氣體排放量-確信範圍","溫室氣體排放密集度-密集度(公噸CO₂e/百萬元營業額)"
"=""1101""","台泥","3,526,429.6562","母公司及2023年取得ISO 14064認證之子公司，包含台灣通運倉儲公司、台捷通運公司、台泥綠能公司、達和航運公司、達和航運控股公司、巴商德熙國際公司、達和航運(香港)公司、達和航運(新加坡)公司、台泥資訊公司、和平工業區專用港實業公司、萬青水泥公司、鳳勝實業公司、台泥儲能科技公司、能元超商公司、能元科技公司","母公司及2023年取得ISO 14064認證之子公司，包含台灣通運倉儲公司、台捷通運公司、台泥綠能公司、達和航運公司、達和航運控股公司、巴商德熙國際公司、達和航運(香港)公司、達和航運(新加坡)公司、台泥資訊公司、和平工業區專用港實業公司、萬青水泥公司、鳳勝實業公司、台泥儲能科技公司、能元超商公司、能元科技公司","224,308.1432","母公司及2023年取得ISO 14064認證之子公司，包含台灣通運倉儲公司、台捷通運公司、台泥綠能公司、達和航運公司、達和航運控股公司、巴商德熙國際公司、達和航運(香港)公司、達和航運(新加坡)公司、台泥資訊公司、和平工業區專用港實業公司、萬青水泥公司、鳳勝實業公司、台泥儲能科技公司、能元超商公司、能元科技公司","母公司及2023年取得ISO 14064認證之子公司，包含台灣通運倉儲公司、台捷通運公司、台泥綠能公司、達和航運公司、達和航運控股公司、巴商德熙國際公司、達和航運(香港)公司、達和航運(新加坡)公司、台泥資訊公司、和平工業區專用港實業公司、萬青水泥公司、鳳勝實業公司、台泥儲能科技公司、能元超商公司、能元科技公司","6,977,983.2949","母公司及2023年取得ISO 14064認證之子公司，包含台灣通運倉儲公司、台捷通運公司、台泥綠能公司、達和航運公司、達和航運控股公司、巴商德熙國際公司、達和航運(香港)公司、達和航運(新加坡)公司、台泥資訊公司、和平工業區專用港實業公司、萬青水泥公司、鳳勝實業公司、台泥儲能科技公司、能元超商公司、能元科技公司","母公司及2023年取得ISO 14064認證之子公司，包含台灣通運倉儲公司、台捷通運公司、台泥綠能公司、達和航運公司、達和航運控股公司、巴商德熙國際公司、達和航運(香港)公司、達和航運(新加坡)公司、台泥資訊公司、和平工業區專用港實業公司、萬青水泥公司、鳳勝實業公司、台泥儲能科技公司、能元超商公司、能元科技公司","140.4042"
"=""1102""","亞泥","2,639,181.6900","亞洲水泥個體公司","亞洲水泥個體公司","167,144.1000","亞洲水泥個體公司","亞洲水泥個體公司","103,836.5300","亞洲水泥個體公司","亞洲水泥個體公司","251.9100"
"=""1103""","嘉泥","972.7627","合併財報100%範圍","合併財報100%範圍","7,015.3239","合併財報100%範圍","合併財報100%範圍","2,496.1826","合併財報100%範圍","合併財報100%範圍","2.7435"
"=""1104""","環泥","36,156.3199","母公司","母公司","19,673.9336","母公司","母公司","12,636.2711","母公司","母公司","12.0000"
"=""1108""","幸福","572,909.7800","僅母公司","僅母公司","46,704.2000","僅母公司","僅母公司","N/A","N/A","N/A","165.2337"
"=""1109""","信大","552,623.0400","母公司包含台北總公司、宜蘭南聖湖工廠、太白山礦區","母公司包含台北總公司、宜蘭南聖湖工廠、太白山礦區","41,137.3600","母公司包含台北總公司、宜蘭南聖湖工廠、太白山礦區","母公司包含台北總公司、宜蘭南聖湖工廠、太白山礦區","15,311.3800","母公司包含台北總公司、宜蘭南聖湖工廠、太白山礦區","母公司包含台北總公司、宜蘭南聖湖工廠、太白山礦區","97.3000"
"=""1110""","東泥","2,206.9361","僅母公司","僅母公司","11,202.1136","僅母公司","僅母公司","N/A","N/A","N/A","6.5500"
"=""1201""","味全","12,315.6907"," 母公司 ","N/A","20,552.4606","母公司","N/A","N/A","N/A","N/A","4.1302"
"=""1203""","味王","6,510.6800","僅母公司","N/A","4,049.2820","僅母公司","N/A","N/A","N/A","N/A","4.7980"
"=""1210""","大成","27,781.2010","肉品事業處、飼料事業處、養豬事業處等10個邊界","N/A","46,852.5860","肉品事業處、飼料事業處、養豬事業處等10個邊界","N/A","1,368,468.2620","肉品事業處、飼料事業處、養豬事業處等10個邊界","N/A","N/A"
"=""1213""","大飲","N/A","N/A","N/A","N/A","N/A","N/A","N/A","N/A","N/A","N/A"
"=""1215""","卜蜂","25,269.7200","南投肉食品加工廠、台中飼料廠、高雄飼料廠、雲林飼料廠","N/A","39,966.1400","南投肉食品加工廠、台中飼料廠、高雄飼料廠、雲林飼料廠","N/A","N/A","N/A","N/A","3.9200"
"=""1216""","統一","64,903.0000","母公司","母公司","104,018.0000","母公司","母公司","1,398,218.0000","母公司","母公司","3.4763"
"=""1217""","愛之味","1,762.1271","愛之味股份有限公司","N/A","5,535.5538","愛之味股份有限公司","N/A","2,346.9950","愛之味股份有限公司","愛之味股份有限公司","N/A"
"=""1218""","泰山","4,441.7620","泰山企業所屬田中油脂廠、田中食品廠、水產飼料廠、田中行政大樓、台北總公司。","N/A","6,498.6001","泰山企業所屬田中油脂廠、田中食品廠、水產飼料廠、田中行政大樓、台北總公司。","N/A","3,861.3735","泰山企業所屬田中油脂廠、田中食品廠、水產飼料廠、田中行政大樓、台北總公司。","N/A","1.1251"
"=""1219""","福壽","7,546.4591","母公司(沙鹿廠、台中港廠、鹿港廠與高雄廠)","母公司(沙鹿廠、台中港廠、鹿港廠與高雄廠)","12,151.6851","母公司(沙鹿廠、台中港廠、鹿港廠與高雄廠)","母公司(沙鹿廠、台中港廠、鹿港廠與高雄廠)","4,437.6011","母公司(沙鹿廠、台中港廠、鹿港廠與高雄廠)","母公司(沙鹿廠、台中港廠、鹿港廠與高雄廠)","1.6100"
"=""1220""","台榮","22,252.1175","本公司雲林廠","本公司雲林廠","13,601.5349","本公司雲林廠","本公司雲林廠","N/A","N/A","N/A","20.2448"
"=""1225""","福懋油","2,772.2445","母公司","N/A","2,582.9363","母公司","N/A","5,437.2475","母公司","N/A","0.4966"
"=""1227""","佳格","12,435.2359","佳格食品集團台北總公司及6處營業所、佳格食品股份有限公司大園廠(含宿舍)、佳格食品股份有限公司中壢廠及佳乳食品股份有限公司湖口廠","佳格食品集團台北總公司及6處營業所、佳格食品股份有限公司大園廠(含宿舍)、佳格食品股份有限公司中壢廠及佳乳食品股份有限公司湖口廠","15,588.6567","佳格食品集團台北總公司及6處營業所、佳格食品股份有限公司大園廠(含宿舍)、佳格食品股份有限公司中壢廠及佳乳食品股份有限公司湖口廠","佳格食品集團台北總公司及6處營業所、佳格食品股份有限公司大園廠(含宿舍)、佳格食品股份有限公司中壢廠及佳乳食品股份有限公司湖口廠","95,523.4371","佳格食品集團台北總公司及6處營業所、佳格食品股份有限公司大園廠(含宿舍)、佳格食品股份有限公司中壢廠及佳乳食品股份有限公司湖口廠","佳格食品集團台北總公司及6處營業所、佳格食品股份有限公司大園廠(含宿舍)、佳格食品股份有限公司中壢廠及佳乳食品股份有限公司湖口廠","1.7507"
"=""1229""","聯華","1,675.7200","母公司-聯華投控、子公司-聯華置產、聯華製粉、聯華實業、華成投資、聯瑞投資、駱駝鈴、歐奇餐飲、神通資科、新達電腦、肇源、神通光通信、神資電腦、和利投資","母公司-聯華投控、子公司-聯華置產、聯華製粉、聯華實業、華成投資、聯瑞投資、駱駝鈴、歐奇餐飲","18,066.0541","母公司-聯華投控、子公司-聯華置產、聯華製粉、聯華實業、華成投資、聯瑞投資、駱駝鈴、歐奇餐飲、神通資科、新達電腦、肇源、神通光通信、神資電腦、和利投資","母公司-聯華投控、子公司-聯華置產、聯華製粉、聯華實業、華成投資、聯瑞投資、駱駝鈴、歐奇餐飲","3,223.5749","母公司-聯華投控、子公司-聯華置產、聯華製粉 含 用水、廢棄物和商務差旅","母公司-聯華投控、子公司-聯華置產、聯華製粉 含 用水、廢棄物和商務差旅","1.2237"
"=""1231""","聯華食","8,055.7200","本公司在臺灣的各工廠為主","N/A","15,541.2600","本公司在臺灣的各工廠為主","N/A","N/A","N/A","N/A","2.1700"
"=""1232""","大統益","12,072.1393","僅母公司","僅母公司","97,318.6852","僅母公司","僅母公司","N/A","N/A","N/A","5.9170"
"=""1233""","天仁","1,217.5274","母公司【盤查邊界以天仁茶業總公司、香山製茶總廠、台北發貨中心、台灣直營據點(包含百貨賣場門市)與業務中心，共計108處】","N/A","3,612.5402","母公司【盤查邊界以天仁茶業總公司、香山製茶總廠、台北發貨中心、台灣直營據點(包含百貨賣場門市)與業務中心，共計108處】","N/A","N/A","N/A","N/A","2.3095"
"=""1234""","黑松","9,555.8489","母公司(含台北總公司、中壢廠、斗六廠)","母公司(含台北總公司、中壢廠、斗六廠)","14,736.9689","母公司(含台北總公司、中壢廠、斗六廠)","母公司(含台北總公司、中壢廠、斗六廠)","6,588.3778","母公司(含台北總公司、中壢廠、斗六廠)","母公司(含台北總公司、中壢廠、斗六廠)","2.6457"
"=""1235""","興泰","866.9747","依108年製成排放量檢測結果換算112年母子公司排放量","N/A","255.9150","依112年台灣電力公司記錄排放量資訊之母子公司排放量","N/A","N/A","N/A","N/A","14.8297"
"=""1236""","宏亞","2,451.0000","母子公司","N/A","7,810.0000","母子公司","N/A","N/A","N/A","N/A","4.8400"
"=""1256""","鮮活果汁-KY","2,418.4747","本溫室氣體盤查以鮮活控股股份有限公司旗下主要營運所在地之蘇州鮮活飲品股份有限公司之工廠，並將位於上海青浦等外租倉庫納入組織邊界範疇。","N/A","15,745.0206","本溫室氣體盤查以鮮活控股股份有限公司旗下主要營運所在地之蘇州鮮活飲品股份有限公司之工廠，並將位於上海青浦等外租倉庫納入組織邊界範疇。","N/A","N/A","N/A","N/A","4.6638"
"=""1301""","台塑","3,542,116.0000","母公司2023年經第三方查證數據，請參閱本公司2023年永續報告書P.91","母公司","4,463,433.0000","母公司2023年經第三方查證數據，請參閱本公司2023年永續報告書P.91","母公司","11,845,359.0000","母公司2023年經第三方查證數據，請參閱本公司2023年永續報告書P.91","母公司","53.2422"
"=""1303""","南亞","1,410,260.0000","僅母公司","僅母公司","2,398,374.0000","僅母公司","僅母公司","11,608,872.0000","僅母公司","僅母公司","31.4700"
"=""1304""","台聚","21,074.0900","個體公司","個體公司","121,600.9700","個體公司","個體公司","493,680.0500","個體公司(購買之商品及勞務、燃料和能源相關活動、營運中產生之廢棄物、員工通勤、商務旅行)","個體公司(購買之商品及勞務、燃料和能源相關活動、營運中產生之廢棄物、員工通勤、商務旅行)","12.4600"
"=""1305""","華夏","151,301.4400","合併財務報表母子公司","合併財務報表母子公司","168,305.0000","合併財務報表母子公司","合併財務報表母子公司","319,606.4400","合併財務報表母子公司(購買之商品及勞務、上游運輸及配送、商務旅行、員工通勤、營運中產生之廢棄物、下游運輸及配送)","合併財務報表母子公司(購買之商品及勞務、上游運輸及配送、商務旅行、員工通勤、營運中產生之廢棄物、下游運輸及配送)","23.3200"
"=""1307""","三芳","2,930.6000","僅母公司範疇一2,930.6 ","母公司","15,924.4000","僅母公司範疇二15,924.4","母公司","N/A","N/A","N/A","29.5200"
"=""1308""","亞聚","9,920.0000","合併財務報表母子公司","N/A","98,816.0000","合併財務報表母子公司","N/A","223,065.0000","個體公司 (購買之商品及勞務、燃料和能源相關活動、上游運輸及配送)","N/A","16.1900"
"=""1309""","台達化","15,747.9900","合併財務報表母子公司","N/A","60,473.7600","合併財務報表母子公司","N/A","82,200.2900","合併財務報表母子公司(購買之商品及勞務、燃料和能源相關活動、上游運輸及配送、營運中產生之廢棄物、商務旅行、員工通勤、下游運輸及配送)","N/A","5.0100"
"=""1310""","台苯","174,823.1376","台苯高雄廠","高雄市林園區工業一路7號","25,923.7536","台苯高雄廠","高雄市林園區工業一路7號","532,749.2169","台苯高雄廠","N/A","21.0400"
"=""1312""","國喬","412,173.0000","僅母公司","僅母公司","20,396.0000","僅母公司","僅母公司","N/A","N/A","N/A","32.2620"
"=""1313""","聯成","39,048.3763","母公司","母公司","15,640.2853","母公司","母公司","N/A","N/A","N/A","9.8880"
"=""1314""","中石化","712,338.0000","母公司個體(台北總公司及生產廠區)","母公司個體(台北總公司及生產廠區)","180,691.0000","母公司個體(台北總公司及生產廠區)","母公司個體(台北總公司及生產廠區)","1,426,722.0000","母公司個體(台北總公司及生產廠區)","母公司個體(台北總公司及生產廠區)","33.8100"
"=""1315""","達新","3,187.4700","已完成合併財務報表之母子公司","已完成合併財務報表之母子公司","2,909.9900","已完成合併財務報表之母子公司  ","已完成合併財務報表之母子公司","997.6400","已完成合併財務報表之母子公司","已完成合併財務報表之母子公司","3.9000"
"=""1316""","上曜","6.6390","包含本公司及營造業子公司上裕營造和永輝室內裝修辦公室、建案接待中心、建案未售房屋及工務所","N/A","97.8530","包含本公司及營造業子公司上裕營造和永輝室內裝修辦公室、建案接待中心、建案未售房屋及工務所","N/A","N/A","N/A","N/A","N/A"
"=""1319""","東陽","11,642.8100","台灣營運地區（台南總部、桃園觀音廠、台北辦事處）","N/A","53,156.8600","台灣營運地區（台南總部、桃園觀音廠、台北辦事處）","N/A","N/A","N/A","N/A","3.5594"
"=""1321""","大洋","3,159.0000","母公司","N/A","43,344.0000","母公司","N/A","13,823.0000","母公司","N/A","0.4394"
"=""1323""","永裕","309.0600","合併財務報表之母公司","N/A","11,284.2500","合併財務報表之母公司","N/A","N/A","N/A","N/A","6.8790"
"=""1324""","地球","3,780.1076","母公司","N/A","1,948.2052","母公司","N/A","N/A","N/A","N/A","6.2196"
"=""1325""","恆大","N/A","N/A","N/A","N/A","N/A","N/A","N/A","N/A","N/A","N/A"
"=""1326""","台化","5,143,026.0000","台化母公司及台灣醋酸公司2023年經第三方查證數據，請參閱本公司2023年永續報告書P.70","台化母公司及台灣醋酸公司","3,016,074.0000","台化母公司及台灣醋酸公司2023年經第三方查證數據，請參閱本公司2023年永續報告書P.70","台化母公司及台灣醋酸公司","14,640,213.0000","台化母公司2023年經第三方查證數據，請參閱本公司2023年永續報告書P.70","台化母公司","37.5052"
"=""1337""","再生-KY","N/A","N/A","N/A","N/A","N/A","N/A","N/A","N/A","N/A","N/A"
"=""1338""","廣華-KY","1,503.9900","子公司東莞廣澤汽車飾件有限公司","子公司東莞廣澤汽車飾件有限公司","27,200.5000","子公司東莞廣澤汽車飾件有限公司","子公司東莞廣澤汽車飾件有限公司","25,407.0700","東莞廣澤汽車飾件有限公司","子公司東莞廣澤汽車飾件有限公司","60.6200"
"=""1339""","昭輝","N/A","N/A","N/A","N/A","N/A","N/A","N/A","N/A","N/A","N/A"
"=""1340""","勝悅-KY","N/A","N/A","N/A","N/A","N/A","N/A","N/A","N/A","N/A","N/A"
"=""1341""","富林-KY","25,985.2346","僅本公司之子公司越南海防廠及同奈廠","僅本公司之子公司越南同奈廠","19,587.7507","僅本公司之子公司越南海防廠及同奈廠","僅本公司之子公司越南同奈廠","N/A","N/A","N/A","18.1129"
"=""1342""","八貫","3,164.6843","111年","111年","4,296.9425","111年","111年","1,562.3219","111年","111年","N/A"
"=""1402""","遠東新","1,025,202.0000","母公司及合併財務報告部分子公司（70家）","母公司及合併財務報告部分子公司（70家）","1,156,734.0000","母公司及合併財務報告部分子公司（70家）","母公司及合併財務報告部分子公司（70家）","11,685,654.0000","母公司及合併財務報告部分子公司（70家）","母公司及合併財務報告部分子公司（70家）","6.8300"
"=""1409""","新纖","106,566.0000","僅母公司","僅母公司","180,973.0000","僅母公司","僅母公司","N/A","N/A","N/A","13.1772"
"=""1410""","南染","N/A","N/A","N/A","N/A","N/A","N/A","N/A","N/A","N/A","N/A"
"=""1413""","宏洲","9,046.8522","宏洲纖維工業股份有限公司桃園工廠","宏洲纖維工業股份有限公司桃園工廠","17,539.8988","宏洲纖維工業股份有限公司桃園工廠","宏洲纖維工業股份有限公司桃園工廠","N/A","N/A","N/A","13.3266"
"=""1414""","東和","58.4625","台北辦公室+麻豆廠區","台北辦公室+麻豆廠區","10,951.3215","台北辦公室+麻豆廠區","台北辦公室+麻豆廠區","2,298.0421","台北辦公室+麻豆廠區","台北辦公室+麻豆廠區","23.4847"
"=""1416""","廣豐","N/A","N/A","N/A","N/A","N/A","N/A","N/A","N/A","N/A","N/A"
"=""1417""","嘉裕","N/A","N/A","N/A","N/A","N/A","N/A","N/A","N/A","N/A","N/A"
"=""1418""","東華","3.9930","水肥、天然氣(台北總公司+新竹廠區)","N/A","388.0604","用電量(台北總公司+新竹廠區)","N/A","N/A","N/A","N/A","19.0407"
"=""1419""","新紡","2,471.8957","母公司與生產單位","N/A","15,968.7775","母公司與生產單位","N/A","78.6868","母公司與生產單位","N/A","5.8335"
"=""1423""","利華","N/A","N/A","N/A","N/A","N/A","N/A","N/A","N/A","N/A","0.0005"
"=""1432""","大魯閣","N/A","N/A","N/A","N/A","N/A","N/A","N/A","N/A","N/A","N/A"
"=""1434""","福懋","78,690.0000","母公司","母公司","83,080.0000","母公司","母公司","N/A","N/A","N/A","7.3500"
"=""1435""","中福","N/A","N/A","N/A","59.5260","全公司","N/A","8.0610","本公司個體財務報表","N/A","N/A"
"=""1436""","華友聯","N/A","N/A","N/A","52.8000","僅母公司","N/A","N/A","N/A","N/A","N/A"
"=""1437""","勤益控","2.3270","母公司及部分子公司","N/A","33.6753","母公司及部分子公司","N/A","N/A","N/A","N/A","0.0417"
"=""1438""","三地開發","N/A","N/A","N/A","N/A","N/A","N/A","N/A","N/A","N/A","N/A"
"=""1439""","雋揚","N/A","N/A","N/A","7.5529","母公司","N/A","N/A","N/A","N/A","N/A"
"=""1440""","南紡","49,774.6178","本公司個體","本公司個體","74,661.4739","本公司個體","本公司個體","574,617.2277","本公司個體","本公司個體","13.2280"
"=""1441""","大東","N/A","N/A","N/A","N/A","N/A","N/A","N/A","N/A","N/A","N/A"
"=""1442""","名軒","N/A","N/A","N/A","28.3100","母公司","N/A","N/A","N/A","N/A","0.5408"
"=""1443""","立益物流","N/A","N/A","N/A","N/A","N/A","N/A","N/A","N/A","N/A","N/A"
"=""1444""","力麗","48,638.0218","化纖總廠、假撚總廠","N/A","107,421.9970","化纖總廠、假撚總廠","N/A","N/A","N/A","N/A","24.0535"
"=""1445""","大宇","16,774.5720","僅母公司","N/A","770.6160","母公司","N/A","N/A","N/A","N/A","N/A"
"=""1446""","宏和","4.1044","母公司","N/A","179.5612","母公司","N/A","N/A","N/A","N/A","0.3205"
"=""1447""","力鵬","127,606.0952","楊梅廠區、彰化尼龍總廠","N/A","80,508.7687","楊梅廠區、彰化尼龍總廠","N/A","N/A","N/A","N/A","23.1342"
"=""1449""","佳和","8,513.0299","僅母公司 台南市官田區工業路11號B區","N/A","65,027.5578","僅母公司 台南市官田區工業路11號B區","N/A","2,222.9327","僅母公司 台南市官田區工業路11號B區","N/A","28.1231"
"=""1451""","年興","5,290.4064","台北辦公室+後龍本廠+後龍二廠","台北辦公室+後龍本廠+後龍二廠","15,626.1860","台北辦公室+後龍本廠+後龍二廠","台北辦公室+後龍本廠+後龍二廠","N/A","N/A","N/A","3.2894"
"=""1452""","宏益","62.4141","包含合併財務報表之母子公司","N/A","17,106.5566","包含合併財務報表之母子公司","N/A","N/A","N/A","N/A","14.3162"
"=""1453""","大將","N/A","N/A","N/A","N/A","N/A","N/A","N/A","N/A","N/A","N/A"
"=""1454""","台富","N/A","N/A","N/A","N/A","N/A","N/A","N/A","N/A","N/A","N/A"
"=""1455""","集盛","23,882.6048","一至五廠區、台北辦事處、子公司蘇州弘又盛","一至五廠區、台北辦事處、子公司蘇州弘又盛","101,061.5811","一至五廠區、台北辦事處、子公司蘇州弘又盛","一至五廠區、台北辦事處、子公司蘇州弘又盛","18,486.5795","一至五廠區、台北辦事處","一至五廠區、台北辦事處","16.1400"
"=""1456""","怡華","7,880.0963","台南官田廠","台南官田廠","25,850.1634","台南官田廠","台南官田廠","N/A","N/A","N/A","N/A"
"=""1457""","宜進","14.5073","以「宜進公司及子公司(光明絲織廠股份有限公司、宏洲纖維工業股份有限公司、億東纖維股份有限公司、欣懋投資股份有限公司、大田國際開發股份有限公司、大宜國際開發股份有限公司)台北公司」為盤查範圍。","以「宜進公司及子公司(光明絲織廠股份有限公司、宏洲纖維工業股份有限公司、億東纖維股份有限公司、欣懋投資股份有限公司、大田國際開發股份有限公司、大宜國際開發股份有限公司)台北公司」為盤查範圍","53.1140","以「宜進公司及子公司(光明絲織廠股份有限公司、宏洲纖維工業股份有限公司、億東纖維股份有限公司、欣懋投資股份有限公司、大田國際開發股份有限公司、大宜國際開發股份有限公司)台北公司」為盤查範圍","以「宜進公司及子公司(光明絲織廠股份有限公司、宏洲纖維工業股份有限公司、億東纖維股份有限公司、欣懋投資股份有限公司、大田國際開發股份有限公司、大宜國際開發股份有限公司)台北公司」為盤查範圍","1,594.5188","以「宜進公司及子公司(光明絲織廠股份有限公司、宏洲纖維工業股份有限公司、億東纖維股份有限公司、欣懋投資股份有限公司、大田國際開發股份有限公司、大宜國際開發股份有限公司)台北公司」為盤查範圍","以「宜進公司及子公司(光明絲織廠股份有限公司、宏洲纖維工業股份有限公司、億東纖維股份有限公司、欣懋投資股份有限公司、大田國際開發股份有限公司、大宜國際開發股份有限公司)台北公司」為盤查範圍","0.0717"
"=""1459""","聯發","0.0000","工廠","N/A","12,518.0000","工廠","N/A","N/A","N/A","N/A","19.5600"
"=""1460""","宏遠","52,461.5271","母公司","涵蓋宏遠興業股份有限公司(工廠登記編號: 99659051，管制編號: R0500240)：台南市山上區明和里256號擁有與經營之1家紡織廠，共計1處設施。","43,475.7015","母公司","涵蓋宏遠興業股份有限公司(工廠登記編號: 99659051，管制編號: R0500240)：台南市山上區明和里256號擁有與經營之1家紡織廠，共計1處設施。","N/A","N/A","N/A","18.4607"
"=""1463""","強盛","18,788.0000","母公司","N/A","204.0000","母公司","N/A","N/A","N/A","N/A","1.0830"
"=""1464""","得力","36,913.3921","僅母公司","僅母公司","26,393.7240","僅母公司","僅母公司","N/A","N/A","N/A","1.7439"
"=""1465""","偉全","6,830.0000","僅母公司","N/A","N/A","N/A","N/A","N/A","N/A","N/A","N/A"
"=""1466""","聚隆","965.9688","涵蓋聚隆纖維股份有限公司「埔鹽廠」、「芳苑廠」、「斗六廠」，地理位置範圍分別為「彰化縣埔鹽鄉永樂村番金路 94 號」、「彰化縣芳苑鄉後寮村工區路 45 號」、「雲林縣斗六市斗工十路 150 號」所有運營相關設施。","N/A","38,566.8538","設定涵蓋聚隆纖維股份有限公司「埔鹽廠」、「芳苑廠」、「斗六廠」，地理位置範圍分別為「彰化縣埔鹽鄉永樂村番金路 94 號」、「彰化縣芳苑鄉後寮村工區路 45 號」、「雲林縣斗六市斗工十路 150 號」所有運營相關設施。","N/A","N/A","N/A","N/A","20.1125"
"=""1467""","南緯","113.5500","台灣總部、越南產區","N/A","2,014.0100","台灣總部、越南產區","N/A","N/A","N/A","N/A","1.4300"
"=""1468""","昶和","0.0000","母公司","N/A","827.0000","母公司","N/A","N/A","N/A","N/A","N/A"
"=""1470""","大統新創","9,785.0300","合併財務報表之母子公司之桃園廠區	","合併財務報表之母子公司之桃園廠區	","4,008.7100","合併財務報表之母子公司之桃園廠區	","合併財務報表之母子公司之桃園廠區	","N/A","N/A","N/A","21.0500"
"=""1471""","首利","N/A","N/A","N/A","N/A","N/A","N/A","N/A","N/A","N/A","N/A"
"=""1472""","三洋實業","N/A","N/A","N/A","N/A","N/A","N/A","N/A","N/A","N/A","N/A"
"=""1473""","台南","121.0881","台南企業總部","N/A","384.9742","台南企業總部","N/A","116.9031","台南企業總部","N/A","0.0095"
"=""1474""","弘裕","1,440.0000","弘裕企業公司(伸港廠、全興廠、和美廠、台北辦公室)","N/A","13,290.4000","弘裕企業公司(伸港廠、全興廠、和美廠、台北辦公室)","N/A","18,296.2000","弘裕企業公司(伸港廠、全興廠、和美廠、台北辦公室)","N/A","5.4841"
"=""1475""","業旺","N/A","N/A","N/A","N/A","N/A","N/A","N/A","N/A","N/A","N/A"
"=""1476""","儒鴻","28,225.1678","包含合併財務報表之母子公司","包含合併財務報表之母子公司 ","90,560.7466","包含合併財務報表之母子公司","包含合併財務報表之母子公司","9,881.7272","包含合併財務報表之母子公司","包含合併財務報表之母子公司","3.8578"
"=""1477""","聚陽","15,415.3480","聚陽實業股份有限公司(總公司)、 Leader Garments Corp.、 Moha Garments Co., Ltd.、 Triple Garment(Vietnam) Co., Ltd.、 Makalot Garments(Vietnam) Co., Ltd.、 Makalot Garments(Cambodia) Co., Ltd.、 PT. Glory Industrial Semarang、  PT. Starlight Garment Semarang、 Leader Garment(Vietnam) Co., Ltd.、 Jiaxing Ruiyang Garment Co., Ltd.、 Jiaxing Rising Garment Co.,Ltd、 Jiaxing Suntex Garment Co., Ltd ","- 已完成： 聚陽實業股份有限公司(總公司)、 Jiaxing Rising Garment Co., Ltd. - 將於2024年底前完成驗證： Makalot Garments(Vietnam) Co., Ltd.、  Leader Garment(Vietnam) Co., Ltd.、  PT. Glory Industrial Semarang Demak、  Moha Garments Co.、  Ltd., Leader Garments Corp.","15,050.5251","聚陽股份有限公司(總公司)、 Leader Garments Corp.、 Moha Garments Co., Ltd.、 Triple Garment(Vietnam) Co., Ltd.、 Makalot Garments(Vietnam) Co., Ltd.、 Makalot Garments(Cambodia) Co., Ltd.、 PT. Glory Industrial Semarang、  PT. Starlight Garment Semarang、 Leader Garment(Vietnam) Co., Ltd.、 Jiaxing Ruiyang Garment Co., Ltd、 Jiaxing Rising Garment Co.,Ltd、 Jiaxing Suntex Garment Co.,Ltd ","- 已完成:  聚陽實業股份有限公司(總公司) 、Jiaxing Rising Garment Co., Ltd. - 將於2024年底前完成驗證:  Makalot Garments(Vietnam) Co., Ltd.、  Leader Garment(Vietnam) Co., Ltd.、  PT. Glory Industrial Semarang Demak、  Moha Garments Co., Ltd.、  Leader Garments Corp.","12,312.3478","聚陽股份有限公司(總公司)、Jiaxing Rising Garment Co., Ltd.","聚陽股份有限公司(總公司)、Jiaxing Rising Garment Co., Ltd.","0.9386"
"=""1503""","士電","7,088.5832","採營運控制法，涵蓋台灣(含案場)、大陸地區及越南地區之子公司。","僅母公司(不包含案場)","39,276.9790","採營運控制法，涵蓋台灣(含案場)、大陸地區及越南地區之子公司。","僅母公司(不包含案場)","N/A","N/A","N/A","N/A"
"=""1504""","東元","13,132.3244","東元母公司個體(包含:總公司、中壢廠、觀音二廠、湖口廠、淡水廠、觀音廠及七個營業站所)及關係企業子公司（台灣地區、大陸/越南地區 、美國地區 、義大利地區）","東元母公司個體(包含:總公司、中壢廠、觀音二廠、湖口廠、淡水廠、觀音廠及七個營業站所)BSI及關係企業子公司（台灣地區BSI/金工/TUV NORD、大陸/越南地區CQC 、美國地區SGS 、義大利地區TUV）","44,470.3293","東元母公司個體(包含:總公司、中壢廠、觀音二廠、湖口廠、淡水廠、觀音廠及七個營業站所)及關係企業子公司（台灣地區、大陸/越南地區 、美國地區 、義大利地區）","東元母公司個體(包含:總公司、中壢廠、觀音二廠、湖口廠、淡水廠、觀音廠及七個營業站所)BSI及關係企業子公司（台灣地區BSI/金工/TUV NORD、大陸/越南地區CQC 、美國地區SGS 、義大利地區TUV）","63,955,674.0928","東元母公司個體(包含:總公司、中壢廠、觀音二廠、湖口廠、淡水廠、觀音廠及七個營業站所)及關係企業子公司（台灣地區、大陸/越南地區 、美國地區 、義大利地區）","東元母公司個體(包含:總公司、中壢廠、觀音二廠、湖口廠、淡水廠、觀音廠及七個營業站所)BSI及關係企業子公司（台灣地區BSI/金工/TUV NORD、大陸/越南地區CQC 、美國地區SGS 、義大利地區TUV）","1.1464"
"=""1506""","正道","1,484.8907","正道工業(股)公司台灣仁德廠區及馬來西亞廠區","正道工業(股)公司台灣仁德廠區及馬來西亞廠區","5,749.0115","正道工業(股)公司台灣仁德廠區及馬來西亞廠區","正道工業(股)公司台灣仁德廠區及馬來西亞廠區","N/A","N/A","N/A","6.3400"
"=""1512""","瑞利","N/A","N/A","N/A","N/A","N/A","N/A","N/A","N/A","N/A","N/A"
"=""1513""","中興電","34.3462","林口廠(石化燃料用量)","N/A","5,531.7548","林口廠及南科廠(用電量)","N/A","4.1530","林口廠及南科廠(自來水用量)","N/A","0.2630"
"=""1514""","亞力","909.8253","僅母公司，其中含總公司、新莊廠、楊梅廠","僅母公司楊梅廠","2,126.0176","僅母公司，其中含總公司、新莊廠、楊梅廠","僅母公司楊梅廠","501.7348","僅母公司，其中含總公司、新莊廠、楊梅廠","僅母公司楊梅廠","0.3893"
"=""1515""","力山","426.1051","母公司","母公司","3,043.2969","母公司","母公司","71,374.5798","母公司","母公司","14.9350"
"=""1516""","川飛","N/A","N/A","N/A","N/A","N/A","N/A","N/A","N/A","N/A","N/A"
"=""1517""","利奇","569.5408","利奇機械工業股份有限公司 總公司：彰化市石牌里石牌路一段112號 南崗廠：南投縣南投市南崗工業區工業南五路8號  ","利奇機械工業股份有限公司 總公司：彰化市石牌里石牌路一段112號 南崗廠：南投縣南投市南崗工業區工業南五路8號 ","2,530.2024","利奇機械工業股份有限公司 總公司：彰化市石牌里石牌路一段112號 南崗廠：南投縣南投市南崗工業區工業南五路8號 ","利奇機械工業股份有限公司 總公司：彰化市石牌里石牌路一段112號 南崗廠：南投縣南投市南崗工業區工業南五路8號 ","2,376.5446","利奇機械工業股份有限公司 總公司：彰化市石牌里石牌路一段112號 南崗廠：南投縣南投市南崗工業區工業南五路8號 ","利奇機械工業股份有限公司 總公司：彰化市石牌里石牌路一段112號 南崗廠：南投縣南投市南崗工業區工業南五路8號 ","2.2732"
"=""1519""","華城","39,476.5460","包含合併財務報表之母子公司","包含合併財務報表之母子公司","7,485.8850","包含合併財務報表之母子公司","包含合併財務報表之母子公司","42,755.6120","包含合併財務報表之母子公司","包含合併財務報表之母子公司","0.7060"
"=""1521""","大億","588.5109","總公司：台南市南區新信路11號 金茂廠：台南市南區新樂路39號1-3樓","N/A","16,190.3664","總公司：台南市南區新信路11號 金茂廠：台南市南區新樂路39號1-3樓","N/A","301.4225","總公司：台南市南區新信路11號 金茂廠：台南市南區新樂路39號1-3樓","N/A","3.4833"
"=""1522""","堤維西","366.2400","母公司","母公司","16,748.3900","母公司","母公司","6,105.4900","母公司-類別3及類別4","母公司-類別3及類別4","1.3514"
"=""1524""","耿鼎","N/A","N/A","N/A","5,452.2970","母公司","N/A","N/A","N/A","N/A","2.0212"
"=""1525""","江申","1,102.1045","母公司","N/A","2,527.5492","母公司","N/A","N/A","N/A","N/A","2.2700"
"=""1526""","日馳","110.0400","日馳企業股份有限公司","N/A","594.4000","日馳企業股份有限公司","N/A","N/A","N/A","N/A","0.7938"
"=""1527""","鑽全","10,028.8600","一廠：407288台中市西屯區工業36路24號 二廠：407021台中市西屯區工業36路17號 三廠：407021台中市西屯區工業34路22號 五廠：407021台中市西屯區工業35路16號 六廠：407021台中市西屯區工業34路20號 七廠：407020台中市西屯區工業37路33號 八廠：407021台中市西屯區工業36路22號","一廠：407288台中市西屯區工業36路24號 二廠：407021台中市西屯區工業36路17號 三廠：407021台中市西屯區工業34路22號 五廠：407021台中市西屯區工業35路16號 六廠：407021台中市西屯區工業34路20號 七廠：407020台中市西屯區工業37路33號 八廠：407021台中市西屯區工業36路22號","7,408.0401","一廠：407288台中市西屯區工業36路24號 二廠：407021台中市西屯區工業36路17號 三廠：407021台中市西屯區工業34路22號 五廠：407021台中市西屯區工業35路16號 六廠：407021台中市西屯區工業34路20號 七廠：407020台中市西屯區工業37路33號 八廠：407021台中市西屯區工業36路22號","一廠：407288台中市西屯區工業36路24號 二廠：407021台中市西屯區工業36路17號 三廠：407021台中市西屯區工業34路22號 五廠：407021台中市西屯區工業35路16號 六廠：407021台中市西屯區工業34路20號 七廠：407020台中市西屯區工業37路33號 八廠：407021台中市西屯區工業36路22號","32,757.8309","一廠：407288台中市西屯區工業36路24號 二廠：407021台中市西屯區工業36路17號 三廠：407021台中市西屯區工業34路22號 五廠：407021台中市西屯區工業35路16號 六廠：407021台中市西屯區工業34路20號 七廠：407020台中市西屯區工業37路33號 八廠：407021台中市西屯區工業36路22號","一廠：407288台中市西屯區工業36路24號 二廠：407021台中市西屯區工業36路17號 三廠：407021台中市西屯區工業34路22號 五廠：407021台中市西屯區工業35路16號 六廠：407021台中市西屯區工業34路20號 七廠：407020台中市西屯區工業37路33號 八廠：407021台中市西屯區工業36路22號","6.2633"
"=""1528""","恩德","322.0204","組織邊界設定涵蓋「恩德科技股份有限公司」之主要營運地點，包含地理位置範圍為「苗栗縣後龍鎮中華路1498號(後龍廠)及員工宿舍、台中市梧棲區經二路33號(梧棲廠)","N/A","963.7571","組織邊界設定涵蓋「恩德科技股份有限公司」之主要營運地點，包含地理位置範圍為「苗栗縣後龍鎮中華路1498號(後龍廠)及員工宿舍、台中市梧棲區經二路33號(梧棲廠)","N/A","17,063.5325","組織邊界設定涵蓋「恩德科技股份有限公司」之主要營運地點，包含地理位置範圍為「苗栗縣後龍鎮中華路1498號(後龍廠)及員工宿舍、台中市梧棲區經二路33號(梧棲廠)","N/A","N/A"
"=""1529""","樂事綠能","N/A","N/A","N/A","N/A","N/A","N/A","N/A","N/A","N/A","N/A"
"=""1530""","亞崴","N/A","N/A","N/A","N/A","N/A","N/A","N/A","N/A","N/A","N/A"
"=""1531""","高林股","267.7427","以「高林股份有限公司」總公司、「高林股份有限公司」桃園廠、「寧波高林銀箭機電有限公司」高銀廠為盤查範圍。","N/A","4,599.0128","以「高林股份有限公司」總公司、「高林股份有限公司」桃園廠、「寧波高林銀箭機電有限公司」高銀廠為盤查範圍。","N/A","587,620.6184","以「高林股份有限公司」總公司、「高林股份有限公司」桃園廠、「寧波高林銀箭機電有限公司」高銀廠為盤查範圍。","N/A","2.2655"
"=""1532""","勤美","4,012.7028","勤美金屬成型事業處、蘇州勤美達精密機械有限公司(CMS)、勤威(天津)工業有限公司(CMW)、蘇州勤堡精密機械有限公司(CMB)及勤美達（武漢）精密機械有限公司(CMH)","勤美金屬成型事業處、蘇州勤美達精密機械有限公司(CMS)、勤威(天津)工業有限公司(CMW)、蘇州勤堡精密機械有限公司(CMB)及勤美達（武漢）精密機械有限公司(CMH)","192,633.5486","勤美金屬成型事業處、蘇州勤美達精密機械有限公司(CMS)、勤威(天津)工業有限公司(CMW)、蘇州勤堡精密機械有限公司(CMB)及勤美達（武漢）精密機械有限公司(CMH)","勤美金屬成型事業處、蘇州勤美達精密機械有限公司(CMS)、勤威(天津)工業有限公司(CMW)、蘇州勤堡精密機械有限公司(CMB)及勤美達（武漢）精密機械有限公司(CMH)","N/A","N/A","N/A","21.4449"
"=""1533""","車王電","266.2433","車王電子股份有限公司(總公司)第一廠、車王電子股份有限公司第二廠、車王電子股份有限公司中港廠及宿舍","第一廠、中港廠","1,663.7213","車王電子股份有限公司(總公司)第一廠、車王電子股份有限公司第二廠、車王電子股份有限公司中港廠及宿舍","第一廠、中港廠","327.5588","車王電子股份有限公司(總公司)第一廠、車王電子股份有限公司第二廠、車王電子股份有限公司中港廠及宿舍","第一廠、中港廠","0.0114"
"=""1535""","中宇","250.9727","包含合併財務報表之母子公司","包含合併財務報表之母子公司","418.5601","包含合併財務報表之母子公司","包含合併財務報表之母子公司","6,216.4131","包含合併財務報表之母子公司","包含合併財務報表之母子公司","0.7056"
"=""1536""","和大","2,706.3717","僅母公司","N/A","40,622.6475","僅母公司","N/A","1,231.3619","僅母公司","N/A","7.9900"
"=""1537""","廣隆","6,849.7300","包含合併財務報表之母子公司","N/A","66,577.5400","包含合併財務報表之母子公司","N/A","N/A","N/A","N/A","N/A"
"=""1538""","正峰","N/A","N/A","N/A","151.8000","間接用電,電費單","N/A","N/A","N/A","N/A","N/A"
"=""1539""","巨庭","135.7033","母公司","N/A","712.7073","母公司","N/A","42.6295","母公司","N/A","0.5534"
"=""1540""","喬福","50.9430","母公司","N/A","267.5503","母公司","N/A","16.0031","母公司","N/A","0.2077"
"=""1541""","錩泰","1,677.6800","包含合併財務報表之母子公司","N/A","3,389.9300","包含合併財務報表之母子公司","N/A","57,581.4900","母公司","N/A","15.5200"
"=""1558""","伸興","1,515.0000","合併財務報表之母子公司(不含宇隆)","台灣母公司","11,297.0000","合併財務報表之母子公司(不含宇隆)","台灣母公司","50,698.0000","合併財務報表之母子公司(不含宇隆)","台灣母公司","1.6885"
"=""1560""","中砂","8,333.8700","母公司","母公司","34,084.6000","母公司","母公司","7,574.6900","母公司","母公司","7.1656"
"=""1563""","巧新","22,597.5517","僅母公司","僅母公司","60,647.9001","僅母公司","僅母公司","13,582.1115","僅母公司","僅母公司","10.7013"
"=""1568""","倉佑","210.5228","僅母公司          ","N/A","3,460.5382","僅母公司          ","N/A","1,144.0826","僅母公司    ","N/A","4.7700"
"=""1582""","信錦","31.6430","母公司","範疇一 + 二 + 三","316.9240","母公司","範疇一 +  二 +  三","455.1169","母公司","範疇一 +  二 +  三","0.2275"
"=""1583""","程泰","376.4657","程泰機械(全公司,含中科廠/嘉義廠/工業區廠)","N/A","2,041.0716","程泰機械(全公司,含中科廠/嘉義廠/工業區廠)","N/A","6,723.4749","程泰機械(全公司,含中科廠/嘉義廠/工業區廠)","N/A","N/A"
"=""1587""","吉茂","N/A","N/A","N/A","N/A","N/A","N/A","N/A","N/A","N/A","N/A"
"=""1589""","永冠-KY","6,071.2636","合併財務報表之母子公司","N/A","118,256.4212","合併財務報表之母子公司","N/A","N/A","N/A","N/A","14.3383"
"=""1590""","亞德客-KY","13,943.0000","考量揭露訊息之重大性以及實際管理需求，涵蓋主要銷售據點、主要生產基地和營運總部，合計揭露比重佔 2023 年合併營業收入達96%，亦達2023年度生產產值100%。","N/A","98,053.0000","考量揭露訊息之重大性以及實際管理需求，涵蓋主要銷售據點、主要生產基地和營運總部，合計揭露比重佔 2023 年合併營業收入達96%，亦達2023年度生產產值100%。","N/A","N/A","N/A","N/A","3.7549"
"=""1597""","直得","12.5624","母公司","N/A","4,408.6536","母公司","N/A","705.2812","母公司","N/A","6.4405"
"=""1598""","岱宇","522.6757","彰化本廠、二廠、五廠；台北辦公室；台中辦公室","類別1+2+3+4","1,606.1177","彰化本廠、二廠、五廠；台北辦公室；台中辦公室","類別1+2+3+4","9,188.8517","彰化本廠、二廠、五廠；台北辦公室；台中辦公室","類別1+2+3+4","0.2734"
"=""1603""","華電","N/A","N/A","N/A","N/A","N/A","N/A","N/A","N/A","N/A","N/A"
"=""1604""","聲寶","1,437.4657","聲寶股份有限公司及德寶家電股份有限公司","N/A","4,127.1077","聲寶股份有限公司及德寶家電股份有限公司","N/A","1,119.6800","聲寶股份有限公司及德寶家電股份有限公司","N/A","0.7520"
"=""1605""","華新","203,986.1900","華新麗華股份有限公司個體公司及子公司( 包括東莞華新、上海華新、江陰華新、江陰合金、煙台華新、常熟華新、華新精密)","華新麗華股份有限公司個體公司及子公司( 包括東莞華新、上海華新、江陰華新、江陰合金、煙台華新、常熟華新、華新精密)","326,624.3953","華新麗華股份有限公司個體公司及子公司( 包括東莞華新、上海華新、江陰華新、江陰合金、煙台華新、常熟華新、華新精密)","華新麗華股份有限公司個體公司及子公司( 包括東莞華新、上海華新、江陰華新、江陰合金、煙台華新、常熟華新、華新精密)","4,322,646.8253","華新麗華股份有限公司個體公司及子公司( 包括東莞華新、上海華新、江陰華新、江陰合金、煙台華新、常熟華新、華新精密)","華新麗華股份有限公司個體公司及子公司( 包括東莞華新、上海華新、江陰華新、江陰合金、煙台華新、常熟華新、華新精密)","0.5200"
"=""1608""","華榮","1,049.8026","以華榮電線電纜股份有限公司廠區為邊界範圍，包含總公司、高楠廠生產工廠、台北分公司、台中業務處","N/A","14,352.8062","以華榮電線電纜股份有限公司廠區為邊界範圍，包含總公司、高楠廠生產工廠、台北分公司、台中業務處","N/A","1,695.8994","以華榮電線電纜股份有限公司廠區為邊界範圍，包含總公司、高楠廠生產工廠、台北分公司、台中業務處","N/A","2.1648"
"=""1609""","大亞","414.3786","2023/1/1-12/31","大亞公司(個體)","20,123.3143","2023/1/1-12/31","大亞公司(個體)","336,741.4633","2023/1/1-12/31","大亞公司(個體)","1.3995"
"=""1611""","中電","N/A","N/A","N/A","N/A","N/A","N/A","N/A","N/A","N/A","N/A"
"=""1612""","宏泰","767.9000","僅母公司","N/A","8,969.9600","僅母公司","N/A","N/A","N/A","N/A","1.5700"
"=""1614""","三洋電","2,432.5513","台灣三洋電機股份有限公司及三洋全能股份有限公司","N/A","4,166.2176","台灣三洋電機股份有限公司及三洋全能股份有限公司","N/A","85,030.2617","台灣三洋電機股份有限公司及三洋全能股份有限公司","N/A","1.1465"
"=""1615""","大山","N/A","N/A","N/A","N/A","N/A","N/A","N/A","N/A","N/A","N/A"
"=""1616""","億泰","0.4700","台北辦公室及中壢工廠","N/A","5,198.3600","台北辦公室及中壢工廠","N/A","5,724.8000","台北辦公室及中壢工廠","N/A","1.2888"
"=""1617""","榮星","669.8195","台南市仁德區中正路三段231號、台北市松山區復興北路181號13樓之3所有管理製程及設施，包括辦公區、生產線及倉儲等","N/A","6,797.4525","台南市仁德區中正路三段231號、台北市松山區復興北路181號13樓之3所有管理製程及設施，包括辦公區、生產線及倉儲等","N/A","508.1403","台南市仁德區中正路三段231號、台北市松山區復興北路181號13樓之3所有管理製程及設施，包括辦公區、生產線及倉儲等","N/A","5.3148"
"=""1618""","合機","N/A","N/A","N/A","N/A","N/A","N/A","N/A","N/A","N/A","N/A"
"=""1626""","艾美特-KY","779.2800","主要營運據點艾美特電器（深圳）有限公司、艾美特電器（九江）有限公司","主要營運據點艾美特電器（深圳）有限公司、艾美特電器（九江）有限公司","21,932.8800","主要營運據點艾美特電器（深圳）有限公司、艾美特電器（九江）有限公司","主要營運據點艾美特電器（深圳）有限公司、艾美特電器（九江）有限公司","N/A","N/A","N/A","2.8700"
"=""1702""","南僑","91,214.2600","涵蓋台灣、中國大陸、泰國地區之製造單位及台灣、中國大陸餐飲事業","N/A","103,692.4700","涵蓋台灣、中國大陸、泰國地區之製造單位及台灣、中國大陸餐飲事業","N/A","N/A","N/A","N/A","4.2950"
"=""1707""","葡萄王","6,248.0709","台灣區(葡萄王生技+葡眾企業)","僅母公司進行確信","16,394.4788","台灣區(葡萄王生技+葡眾企業)","僅母公司進行確信","21,517.4474","台灣區(葡萄王生技+葡眾企業)，類別 4 組織使用的產品之間接溫室氣體排放(購買產品及服務+燃料能源相關+營運產生之廢棄物處理) ","僅母公司進行確信","2.1300"
"=""1708""","東鹼","46,962.5543","僅母公司","僅母公司","8,928.9892","僅母公司","僅母公司","N/A","N/A","N/A","9.5100"
"=""1709""","和益","62,979.1067","包含母公司及部分子公司聯超、和協，依據ISO 14064盤查","確信範圍-僅母公司，子公司為自盤數據","25,692.2472","包含母公司及部分子公司聯超、和協，依據ISO 14064盤查","確信範圍-僅母公司，子公司為自盤數據","92,280.8438","包含母公司及部分子公司聯超、和協，依據ISO 14064盤查","確信範圍-僅母公司，子公司為自盤數據","9.4000"
"=""1710""","東聯","28,258.1804","東聯化學股份有限公司高雄林園廠","高雄市林園區工業三路三、五號","317,216.8315","東聯化學股份有限公司高雄林園廠","高雄市林園區工業三路三、五號","39,436.1944","東聯化學股份有限公司高雄林園廠","高雄市林園區工業三路三、五號","86.3378"
"=""1711""","永光","17,997.0000","桃園地區四個廠區、新竹全通科技、大陸地區的蘇州永光，已取得ISO 14001認證之生產型廠區及子公司","桃園地區四個廠區、新竹全通科技、大陸地區的蘇州永光，已取得ISO 14001認證之生產型廠區及子公司","47,336.0000","桃園地區四個廠區、新竹全通科技、大陸地區的蘇州永光，已取得ISO 14001認證之生產型廠區及子公司","桃園地區四個廠區、新竹全通科技、大陸地區的蘇州永光，已取得ISO 14001認證之生產型廠區及子公司","N/A","N/A","N/A","9.0000"
"=""1712""","興農","12,300.9931","母公司王田廠、王田二廠、王田三廠、生物工廠、大肚廠、彰濱廠","母公司王田廠、王田二廠、王田三廠、生物工廠、大肚廠、彰濱廠","22,418.2116","母公司王田廠、王田二廠、王田三廠、生物工廠、大肚廠、彰濱廠","母公司王田廠、王田二廠、王田三廠、生物工廠、大肚廠、彰濱廠","39,561.2375","母公司王田廠、王田二廠、王田三廠、生物工廠、大肚廠、彰濱廠","母公司王田廠、王田二廠、王田三廠、生物工廠、大肚廠、彰濱廠","1.8165"
"=""1713""","國化","N/A","N/A","N/A","N/A","N/A","N/A","N/A","N/A","N/A","10.1146"
"=""1714""","和桐","15,741.1397","母公司","母公司(包含:高雄廠區、台北辦公室)","3,652.9437","母公司","母公司(包含:高雄廠區、台北辦公室)","66.4095","母公司","母公司(包含:高雄廠區、台北辦公室)","5.5570"
"=""1717""","長興","81,591.0000","母公司個體(包含母公司個體之生產據點)、大陸子公司、馬來西亞子公司生產廠區。","母公司個體(包含母公司個體之生產據點)、大陸子公司、馬來西亞子公司生產廠區。","157,448.0000","母公司個體(包含母公司個體之生產據點)、大陸子公司、馬來西亞子公司生產廠區。","母公司個體(包含母公司個體之生產據點)、大陸子公司、馬來西亞子公司生產廠區。","1,885,519.0000","母公司個體(包含母公司個體之生產據點)、大陸子公司、馬來西亞子公司生產廠區。","母公司個體(包含母公司個體之生產據點)、大陸子公司、馬來西亞子公司生產廠區。","5.5300"
"=""1718""","中纖","395,245.4066","母公司中國人造纖維股份有限公司高雄總廠(含汽電二廠)","母公司中國人造纖維股份有限公司高雄總廠(含汽電二廠)","15,411.7663","母公司中國人造纖維股份有限公司高雄總廠(含汽電二廠)","母公司中國人造纖維股份有限公司高雄總廠(含汽電二廠)","N/A","N/A","N/A","99.4958"
"=""1720""","生達","1,426.4816","生達一廠+生達二廠","生達一廠+生達二廠","7,072.1525","生達一廠+生達二廠","生達一廠+生達二廠","216.6663","生達一廠+生達二廠","生達一廠+生達二廠","2.8400"
"=""1721""","三晃","8,972.0000","僅母公司","N/A","16,787.0000","僅母公司 ","N/A","N/A","N/A","N/A","1.7000"
"=""1722""","台肥","377,763.0000","台肥母公司之台中廠及苗栗廠","台肥母公司之台中廠","45,625.0000","台肥母公司之台中廠及苗栗廠","台肥母公司之台中廠","N/A","N/A","N/A","28.1981"
"=""1723""","中碳","27,186.0000","母公司","母公司","76,481.0000","母公司","母公司","N/A","N/A","N/A","12.8100"
"=""1725""","元禎","378.8300","母公司","N/A","132.1000","母公司","N/A","N/A","N/A","N/A","0.0681"
"=""1726""","永記","1,921.9300","範圍包含高雄總公司及工廠，以及台北、五股、台中、高雄、麥竂五個營業所。","母公司  ","4,126.5100","範圍包含高雄總公司及工廠，以及台北、五股、台中、高雄、麥竂五個營業所。","母公司","1,598.8000","範圍包含高雄總公司及工廠，以及台北、五股、台中、高雄、麥竂五個營業所。","母公司  ","1.1241"
"=""1727""","中華化","555.8405","固定式燃燒排放源、移動式燃燒排放源、製程排放源、逸散排放源","N/A","9,405.4594","能源間接排放","N/A","N/A","N/A","N/A","0.0578"
"=""1730""","花仙子","N/A","N/A","N/A","N/A","N/A","N/A","N/A","N/A","N/A","N/A"
"=""1731""","美吾華","211.7358","台北總公司、台中及高雄服務中心及楊梅工廠及物流中心","N/A","824.4593","台北總公司、台中及高雄服務中心及楊梅工廠及物流中心","N/A","288.9968","台北總公司、台中及高雄服務中心及楊梅工廠及物流中心","N/A","N/A"
"=""1732""","毛寶","156.0932","母公司","N/A","405.6500","母公司","N/A","114.5886","母公司(電力(間接)、柴油、汽油(未燃燒)使用之間接排放、購買(影印紙)使用","N/A","1.2200"
"=""1733""","五鼎","24.9104","僅母公司","N/A","9,642.3860","僅母公司","N/A","N/A","N/A","N/A","5.7664"
"=""1734""","杏輝","1,140.2100","母公司","N/A","8,590.6500","母公司","N/A","N/A","N/A","N/A","N/A"
"=""1735""","日勝化","3,380.2080","僅母公司","N/A","4,991.5290","僅母公司","N/A","N/A","N/A","N/A","5.6642"
"=""1736""","喬山","4,422.0833","2023年度本公司組織邊界設定為集團總部、臺灣廠、龍井廠、雷射切割廠、臺北東大分公司、臺北內湖辦公室、上海朱橋廠、上海興順廠、越南廠共9處據點，本公司溫室氣體組織邊界設定方法採用營運控制法，於組織邊界範圍內所涵蓋之排放源皆100 %為本公司所擁有與控制。","2023年溫室氣體盤查有限確信範疇涵蓋據點為集團總部、臺灣廠、上海朱橋廠、上海興順廠及越南廠。","13,647.5550","2023年度本公司組織邊界設定為集團總部、臺灣廠、龍井廠、雷射切割廠、臺北東大分公司、臺北內湖辦公室、上海朱橋廠、上海興順廠、越南廠共9處據點，本公司溫室氣體組織邊界設定方法採用營運控制法，於組織邊界範圍內所涵蓋之排放源皆100 %為本公司所擁有與控制。","2023年溫室氣體盤查有限確信範疇涵蓋據點為集團總部、臺灣廠、上海朱橋廠、上海興順廠及越南廠。","N/A","N/A","N/A","0.7291"
"=""1737""","臺鹽","24,583.7744","資料邊界僅限通霄精鹽廠 ","資料邊界僅限通霄精鹽廠 ","891.6700","資料邊界僅限通霄精鹽廠 ","資料邊界僅限通霄精鹽廠 ","N/A","N/A","N/A","8.0393"
"=""1752""","南光","3,068.3027","總公司與台北辦公室之範疇一直接溫室氣體排放","N/A","9,967.6957","總公司與台北辦公室之能源間接溫室氣體排放 ","N/A","N/A","N/A","N/A","6.0633"
"=""1760""","寶齡富錦","275.0364","總公司(含龍潭研發中心)+汐止廠+汐科廠+平鎮廠+正峰大園廠","寶齡富錦生技與子公司正峰化學","4,818.9628","總公司(含龍潭研發中心)+汐止廠+汐科廠+平鎮廠+正峰大園廠","寶齡富錦生技與子公司正峰化學","972.8500","總公司(含龍潭研發中心)+汐止廠+汐科廠+平鎮廠+正峰大園廠","寶齡富錦生技與子公司正峰化學","3.2200"
"=""1762""","中化生","5,471.7164","「中化合成生技股份有限公司」的生產製程、生產設施及營業活動之溫室氣體排放之責任界限","「中化合成生技股份有限公司」的生產製程、生產設施及營業活動之溫室氣體排放之責任界限","11,438.8190","「中化合成生技股份有限公司」的生產製程、生產設施及營業活動之溫室氣體排放之責任界限","「中化合成生技股份有限公司」的生產製程、生產設施及營業活動之溫室氣體排放之責任界限","14,749.9280","「中化合成生技股份有限公司」的生產製程、生產設施及營業活動之溫室氣體排放之責任界限","「中化合成生技股份有限公司」的生產製程、生產設施及營業活動之溫室氣體排放之責任界限","8.2950"
"=""1773""","勝一","51,199.1676","母公司","N/A","8,471.9218","母公司","N/A","338,318.9263","母公司","N/A","6.6382"
"=""1776""","展宇","836.6279","僅母公司","僅母公司","1,125.8260","僅母公司","僅母公司","356.0129","僅母公司","僅母公司","3.9163"
"=""1783""","和康生","N/A","N/A","N/A","N/A","N/A","N/A","N/A","N/A","N/A","N/A"
"=""1786""","科妍","N/A","N/A","N/A","N/A","N/A","N/A","N/A","N/A","N/A","N/A"
"=""1789""","神隆","4,292.5430","僅母公司，含南科廠(台南市善化區南科八路一號)及台北辦公室(台北市中山區中山北路二段129號7樓之2)","N/A","17,067.9658","僅母公司，含南科廠(台南市善化區南科八路一號)及台北辦公室(台北市中山區中山北路二段129號7樓之2)","N/A","N/A","N/A","N/A","7.1100"
"=""1795""","美時","3,310.3169","台灣及韓國之生產工廠及辦公室","台灣及韓國之生產工廠及辦公室","12,129.5761","台灣及韓國之生產工廠及辦公室","台灣及韓國之生產工廠及辦公室","N/A","N/A","N/A","0.9104"
"=""1802""","台玻","387,212.5800","母公司","母公司","221,766.8300","母公司","母公司","N/A","N/A","N/A","N/A"
"=""1805""","寶徠","N/A","N/A","N/A","N/A","N/A","N/A","N/A","N/A","N/A","N/A"
"=""1806""","冠軍","61,784.6477","苗栗縣造橋鄉豐湖村一鄰乳姑山2號","苗栗縣造橋鄉豐湖村一鄰乳姑山2號","26,632.1880","苗栗縣造橋鄉豐湖村一鄰乳姑山2號","苗栗縣造橋鄉豐湖村一鄰乳姑山2號","N/A","N/A","N/A","29.4600"
"=""1808""","潤隆","6.6000","本公司3輛公務車(其中1輛公務車於112年5月份出售)","N/A","96.2800","本公司台北辦公區域的外購電力(台電購電)","N/A","N/A","N/A","N/A","0.0033"
"=""1809""","中釉","2,522.9737","竹東廠：地址位於新竹縣竹東鎮頭重里中興路四段136號、竹東廠附設宿舍：新竹縣竹東鎮民生路86號、鶯歌廠：桃園市八德區興豐路2345巷86號、苗栗廠及苗栗廠辦公室：苗栗縣通霄鎮通灣里65之18號。","N/A","3,694.1553","竹東廠：地址位於新竹縣竹東鎮頭重里中興路四段136號、竹東廠附設宿舍：新竹縣竹東鎮民生路86號、鶯歌廠：桃園市八德區興豐路2345巷86號、苗栗廠及苗栗廠辦公室：苗栗縣通霄鎮通灣里65之18號。","N/A","2,354.7598","竹東廠：地址位於新竹縣竹東鎮頭重里中興路四段136號、竹東廠附設宿舍：新竹縣竹東鎮民生路86號、鶯歌廠：桃園市八德區興豐路2345巷86號、苗栗廠及苗栗廠辦公室：苗栗縣通霄鎮通灣里65之18號。","N/A","N/A"
"=""1810""","和成","N/A","N/A","N/A","7,309.6700","母公司","N/A","N/A","N/A","N/A","2.3300"
"=""1817""","凱撒衛","215.2000","台灣地區","N/A","208.4000","台灣地區","N/A","N/A","N/A","N/A","0.1690"
"=""1903""","士紙","N/A","N/A","N/A","N/A","N/A","N/A","N/A","N/A","N/A","N/A"
"=""1904""","正隆","1,124,541.8928","母公司","母公司","241,600.1558","母公司","母公司","404,481.7242","母公司","母公司","46.9048"
"=""1905""","華紙","740,886.0000","母公司個體中華紙漿臺灣生產據點(觀音廠、久堂廠、花蓮廠、台東廠及營業據點)及海外子公司(廣東鼎豐紙業、肇慶鼎豐林業、貴州元豐林業有限公司)","確信範圍包含母公司個體中華紙漿臺灣生產據點(觀音廠、久堂廠、花蓮廠、台東廠及營業據點)及海外子公司(廣東鼎豐紙業、肇慶鼎豐林業、貴州元豐林業有限公司)","202,505.0000","母公司個體中華紙漿臺灣生產據點(觀音廠、久堂廠、花蓮廠、台東廠及營業據點)及海外子公司(廣東鼎豐紙業、肇慶鼎豐林業、貴州元豐林業有限公司)","確信範圍包含母公司個體中華紙漿臺灣生產據點(觀音廠、久堂廠、花蓮廠、台東廠及營業據點)及海外子公司(廣東鼎豐紙業、肇慶鼎豐林業、貴州元豐林業有限公司)","30,680.0000","台灣地區上下游原物料採購運輸及產品輸出","N/A","45.0189"
"=""1906""","寶隆","0.0000","本公司從事代理銷售業務，無生產及營運據點。","N/A","18.5000","本公司","N/A","N/A","N/A","N/A","N/A"
"=""1907""","永豐餘","1,299,833.0000","永豐餘投控(個體母公司)與旗下林漿紙、工紙紙器、消費品三大事業群之台灣生產據點。","範疇一溫室氣體排放量中，永豐餘投控(個體母公司)的範疇一排放量已100%執行確信完成，投控旗下三大事業群的確信尚在規劃執行中，確信進度將揭露於永續報告書或官網。","267,813.0000","永豐餘投控(個體母公司)與旗下林漿紙、工紙紙器、消費品三大事業群之台灣生產據點。","範疇二溫室氣體排放量中，永豐餘投控(個體母公司)的範疇二排放量已100%執行確信完成，投控旗下三大事業群的確信尚在規劃執行中，確信進度將揭露於永續報告書或官網。","35.0000","永豐餘投控(個體母公司)的採購電力/燃料等商品之排放量。","永豐餘投控(個體母公司)的範疇三排放量已100%執行確信完成，投控旗下三大事業群的盤查和確信尚在評估規劃中。","21.2000"
"=""1909""","榮成","493,591.4638","母公司(含台北總處、南崁廠、龍潭廠、神岡廠、二林廠、雲林廠、路竹廠)","母公司(含台北總處、南崁廠、龍潭廠、神岡廠、二林廠、雲林廠、路竹廠)","39,560.3193","母公司(含台北總處、南崁廠、龍潭廠、神岡廠、二林廠、雲林廠、路竹廠)","母公司(含台北總處、南崁廠、龍潭廠、神岡廠、二林廠、雲林廠、路竹廠)","76,085.2730","母公司(含台北總處、南崁廠、龍潭廠、神岡廠、二林廠、雲林廠、路竹廠)","母公司(含台北總處、南崁廠、龍潭廠、神岡廠、二林廠、雲林廠、路竹廠)","10.0700"
"=""2002""","中鋼","16,809,455.0000","母公司","母公司","1,249,102.0000","母公司","母公司","11,317,609.0000","母公司：僅包含納入查證項目，統計「營運產生的廢棄物處理」、「商務旅行」、「燃料與能源相關活動廢棄物處理」及「上游運送與貨物配送」等四項","母公司：僅包含納入查證項目，統計「營運產生的廢棄物處理」、「商務旅行」、「燃料與能源相關活動廢棄物處理」及「上游運送與貨物配送」等四項","91.6000"
"=""2006""","東和鋼鐵","222,242.0000","母公司","母公司","601,851.0000","母公司","母公司","1,521,825.0000","母公司","母公司","16.7000"
"=""2007""","燁興","16,036.0965","本公司","本公司","20,123.7914","本公司","本公司","N/A","N/A","N/A","7.2100"
"=""2008""","高興昌","2,833.4400","個別財報(本公司無子公司) 高雄總公司、屏東分公司、台北分公司","個別財報(本公司無子公司) 高雄總公司、屏東分公司、台北分公司","3,470.3354","個別財報(本公司無子公司) 高雄總公司、屏東分公司、台北分公司","個別財報(本公司無子公司) 高雄總公司、屏東分公司、台北分公司","2,028.8057","個別財報(本公司無子公司) 高雄總公司、屏東分公司、台北分公司","個別財報(本公司無子公司) 高雄總公司、屏東分公司、台北分公司","5.7061"
"=""2009""","第一銅","3,110.6873","第一伸銅科技股份有限公司個體，包含總公司、臨海廠、台北分公司、台中營業處。","第一伸銅科技股份有限公司個體","15,238.0279","第一伸銅科技股份有限公司個體，包含總公司、臨海廠、台北分公司、台中營業處。","第一伸銅科技股份有限公司個體","4,059.8418","第一伸銅科技股份有限公司個體，包含總公司、臨海廠、台北分公司、台中營業處。","N/A","6.9341"
"=""2010""","春源","4,077.5433","春源鋼鐵母公司在台灣具百分百控制權營運單位","春源鋼鐵母公司在台灣營運的12個據點","8,594.4947","春源鋼鐵母公司在台灣具百分百控制權營運單位","春源鋼鐵母公司在台灣營運的12個據點","828,369.6963","春源鋼鐵母公司在台灣具百分百控制權營運單位","春源鋼鐵母公司在台灣營運的12個據點","0.7582"
"=""2012""","春雨","13,215.5833","母公司","母公司","15,875.1995","母公司","母公司","90,547.7006","母公司","母公司","8.6017"
"=""2013""","中鋼構","2,323.1800","母公司","母公司(涵蓋本公司所轄之國內廠區)","6,475.3500","母公司","母公司(涵蓋本公司所轄之國內廠區)","234,312.0400","母公司","「商務旅行」、「營運產生的廢棄物處理」、「上游運輸與貨物配送」以及「原物料與能源相關活動」共四項目","0.4670"
"=""2014""","中鴻","146,771.5100","母公司個體(中鴻公司熱軋廠、冷軋廠、鋼管廠及橋頭行政大樓)","母公司個體(中鴻公司熱軋廠、冷軋廠、鋼管廠及橋頭行政大樓)","130,405.2630","母公司個體(中鴻公司熱軋廠、冷軋廠、鋼管廠及橋頭行政大樓)","母公司個體(中鴻公司熱軋廠、冷軋廠、鋼管廠及橋頭行政大樓)","4,171,940.4750","範疇3採中鴻公司進行鑑別，並依所訂「重大間接排 放源鑑別準則」評估各類間接溫室氣體排放之重要性，依所列四大項評估準則，評估結果如屬四大項其中一項，則列為重大間接排放，但排除報告邊界內(中鴻內部)廠區間移撥等使用。包含：類別3(運輸)-3.1上游運輸、類別4(組織使用的產品)-4.1請購商品、類別4(組織使用的產品)-4.3燃料及能源相關、類別4(組織使用的產品)-4.4廢棄物處置。","範疇3採中鴻公司進行鑑別，並依所訂「重大間接排 放源鑑別準則」評估各類間接溫室氣體排放之重要性，依所列四大項評估準則，評估結果如屬四大項其中一項，則列為重大間接排放，但排除報告邊界內(中鴻內部)廠區間移撥等使用。包含：類別3(運輸)-3.1上游運輸、類別4(組織使用的產品)-4.1請購商品、類別4(組織使用的產品)-4.3燃料及能源相關、類別4(組織使用的產品)-4.4廢棄物處置。","7.3399"
"=""2015""","豐興","197,345.9560","僅母公司","僅母公司","499,394.2680","僅母公司","僅母公司","119,771.1420","僅盤查與母公司直接關係項目，燃料和能源有關的活動(外購電力)和廢棄物處理與運輸。","僅確信與母公司直接關係項目，燃料和能源有關的活動(外購電力)和廢棄物處理與運輸。","19.9742"
"=""2017""","官田鋼","2,394.4900","僅母公司","僅母公司","13,414.7490","僅母公司","僅母公司","N/A","N/A","N/A","6.9802"
"=""2020""","美亞","3,666.4064","母公司","母公司","5,601.0257","母公司","母公司","9,999.0000","母公司","母公司","1.3200"
"=""2022""","聚亨","1,288.6203","母公司(一廠、二廠、三廠)","母公司(一廠、二廠、三廠)","9,003.4560","母公司(一廠、二廠、三廠)","母公司(一廠、二廠、三廠)","1,274.2148","母公司(一廠、二廠、三廠)","母公司(一廠、二廠、三廠)","N/A"
"=""2023""","燁輝","64,285.0000","母公司","母公司","88,067.0000","母公司","母公司","N/A","N/A","N/A","6.1800"
"=""2024""","志聯","1,848.0000","志聯公司（總公司＋新屋廠）：桃園市新屋區中興路480號，本公司目前無子公司。","志聯公司（總公司＋新屋廠）：桃園市新屋區中興路480號，本公司目前無子公司。","3,222.0000","志聯公司（總公司＋新屋廠）：桃園市新屋區中興路480號，本公司目前無子公司。","志聯公司（總公司＋新屋廠）：桃園市新屋區中興路480號，本公司目前無子公司。","31,395.0000","志聯公司（總公司＋新屋廠）：桃園市新屋區中興路480號，本公司目前無子公司。","志聯公司（總公司＋新屋廠）：桃園市新屋區中興路480號，本公司目前無子公司。","5.5323"
"=""2025""","千興","3,589.3255","僅母公司","僅母公司","4,305.5064","僅母公司","僅母公司","N/A","N/A","N/A","10.6876"
"=""2027""","大成鋼","1,347.1867","母公司","母公司","9,762.2988","母公司","母公司","N/A","N/A","N/A","1.1639"
"=""2028""","威致","86,682.6000","個別公司","個別公司","162,234.3000","個別公司","個別公司","N/A","N/A","N/A","23.7422"
"=""2029""","盛餘","27,121.5649","僅母公司","僅母公司","47,437.7884","僅母公司","僅母公司","6,857.6102","僅母公司","N/A","6.3569"
"=""2030""","彰源","4,969.5027","母公司個體之各廠區及營運據點","母公司個體之各廠區及營運據點","11,932.7814","母公司個體之各廠區及營運據點","母公司個體之各廠區及營運據點","337,423.5901","母公司個體之各廠區及營運據點","母公司個體之各廠區及營運據點","1.8254"
"=""2031""","新光鋼","4,313.0606","新光鋼鐵股份有限公司(台北總公司、觀音廠、彰濱廠、高雄廠)","新光鋼鐵股份有限公司(台北總公司、觀音廠、彰濱廠、高雄廠)","2,715.8192","新光鋼鐵股份有限公司(台北總公司、觀音廠、彰濱廠、高雄廠)","新光鋼鐵股份有限公司(台北總公司、觀音廠、彰濱廠、高雄廠)","827,455.3307","新光鋼鐵股份有限公司(台北總公司、觀音廠、彰濱廠、高雄廠)","新光鋼鐵股份有限公司(台北總公司、觀音廠、彰濱廠、高雄廠)","0.5173"
"=""2032""","新鋼","358.7777","母公司個體(包含:新莊廠、大園廠、台中營業所、高雄營業所、台南辦事處等)","母公司個體(包含:新莊廠、大園廠、台中營業所、高雄營業所、台南辦事處等)","548.2272","母公司個體(包含:新莊廠、大園廠、台中營業所、高雄營業所、台南辦事處等)","母公司個體(包含:新莊廠、大園廠、台中營業所、高雄營業所、台南辦事處等)","2,138.9970","母公司個體(包含:新莊廠、大園廠、台中營業所、高雄營業所、台南辦事處等)","N/A","0.3170"
"=""2033""","佳大","784.1754","母公司","母公司","2,731.4907","母公司","母公司","698.4493","母公司 ","母公司","7.1846"
"=""2034""","允強","1,885.4219","僅母公司，天然氣、汽柴油、焊接、冷媒逸散及其他生產中直接排放","僅母公司","17,355.5369","僅母公司，外購電力。","僅母公司","8,526.3033","僅母公司，過程(外購電力、自來水、藥劑使用)、運輸、廢水排放、廢棄物處理及其他間接排放。","僅母公司","0.1488"
"=""2038""","海光","58,385.4114","僅母公司","僅母公司","127,002.0465","僅母公司","僅母公司","N/A","N/A","N/A","20.0267"
"=""2049""","上銀","6,219.0261","台北辦公室、營運總部、工二廠、工三廠、精科二廠、精科三廠、工七廠、雲科一廠、雲科二廠、雲科三廠、雲科四廠、雲科五廠、大埔美一廠、大埔美三廠、精科宿舍、大北勢宿舍","N/A","115,638.4641","台北辦公室、營運總部、工二廠、工三廠、精科二廠、精科三廠、工七廠、雲科一廠、雲科二廠、雲科三廠、雲科四廠、雲科五廠、大埔美一廠、大埔美三廠、精科宿舍、大北勢宿舍","N/A","131,125.6894","1.台北辦公室、營運總部、工二廠、工三廠、精科二廠、精科三廠、工七廠、雲科一廠、雲科二廠、雲科三廠、雲科四廠、雲科五廠、大埔美一廠、大埔美三廠、精科宿舍、大北勢宿舍 2.範疇三共15項，查證8項","N/A","6.9000"
"=""2059""","川湖","669.5070","母公司及子公司川益科技(股)公司兩個廠區","N/A","8,595.3087"," 母公司及子公司川益科技(股)公司兩個廠區","N/A","N/A","N/A","N/A","15.2382"
"=""2062""","橋椿","703.3800","中科分公司、烏日倉、鹿港倉、營運總部","N/A","14,191.7800","中科分公司、烏日倉、鹿港倉、營運總部","N/A","N/A","N/A","N/A","2.2297"
"=""2069""","運錩","83.4251","母公司","母公司","1,095.2816","母公司","母公司","181,808.5475","母公司","母公司","0.1324"
"=""2101""","南港","12,672.2950","南港輪胎股份有限公司新豐廠(新竹縣新豐鄉新興路399號)","南港輪胎股份有限公司新豐廠(新竹縣新豐鄉新興路399號)","26,301.1528","南港輪胎股份有限公司新豐廠(新竹縣新豐鄉新興路399號)","南港輪胎股份有限公司新豐廠(新竹縣新豐鄉新興路399號)","N/A","N/A","N/A","9.9776"
"=""2102""","泰豐","N/A","N/A","N/A","N/A","N/A","N/A","N/A","N/A","N/A","N/A"
"=""2103""","台橡","139,249.7796","採營運控制法，涵蓋範圍包含母公司及8家實質營運子公司(含貿易子公司)","依ISO14064-1規範確信2023年度母公司及實質營運子公司(申華、南通實業、台橡宇部、上海實業、TSRC(Vietnam)、TSM、Polybus、TSRC(LUX))範疇一資訊","374,918.7031","採營運控制法，涵蓋範圍包含母公司及8家實質營運子公司(含貿易子公司)","依ISO14064-1規範確信2023年度母公司及實質營運子公司(申華、南通實業、台橡宇部、上海實業、TSRC(Vietnam)、TSM、Polybus、TSRC(LUX))範疇二資訊","1,332,772.0531","採營運控制法，涵蓋範圍包含母公司及實質營運子公司(含營運及貿易子公司)","2023年度其他間接(範疇三)溫室氣體資訊，包含母公司及實質營運子公司，依ISO14064-1規範，確信類別3-上游運輸和配送產生之排放(主要原物料)、類別4-採購產品產生之排放(主要原物料)、使用的能資源相關活動之排放(類別1及類別2以外)、營運過程產生廢棄物清運與處置之排放","16.3608"
"=""2104""","國際中橡","204,790.9563","國際中橡及子公司林園先進","國際中橡及子公司林園先進","26,196.1006","國際中橡及子公司林園先進","國際中橡及子公司林園先進","58.6425","國際中橡","國際中橡","60.1216"
"=""2105""","正新","42,670.5037","母公司","母公司","79,131.4331","母公司","母公司","306,173.6380","母公司","N/A","6.9812"
"=""2106""","建大","17,824.7800","台灣地區(雲林廠、斗六廠、研發總部、台北辦公室、總公司/員林廠)","雲林廠，其餘區域安排中","21,576.7700","台灣地區(雲林廠、斗六廠、研發總部、台北辦公室、總公司/員林廠)","雲林廠，其餘區域安排中","N/A","N/A","N/A","1.1400"
"=""2107""","厚生","604.8180","母公司","N/A","3,141.3330","母公司","N/A","N/A","N/A","N/A","2.7545"
"=""2108""","南帝","1,387.5875","僅母公司","僅母公司","20,302.5002","僅母公司","僅母公司","92,490.1659","僅母公司","僅母公司","2.4600"
"=""2109""","華豐","N/A","N/A","N/A","N/A","N/A","N/A","N/A","N/A","N/A","N/A"
"=""2114""","鑫永銓","2,268.8400","母公司","N/A","5,112.8300","母公司","N/A","N/A","N/A","N/A","N/A"
"=""2115""","六暉-KY","2,587.0828","包含合併財務報表之母子公司","N/A","20,602.2547","包含合併財務報表之母子公司","N/A","54,511.9028","包含合併財務報表之母子公司","N/A","29.9723"
"=""2201""","裕隆","6,054.7888","裕隆汽車母公司個體營運據點(三義廠區)","裕隆汽車母公司個體營運據點(三義廠區)","4,930.9186","裕隆汽車母公司個體營運據點(三義廠區)","裕隆汽車母公司個體營運據點(三義廠區)","3,223.7693","裕隆汽車母公司個體營運據點(三義廠區)","裕隆汽車母公司個體營運據點(三義廠區)","0.4356"
"=""2204""","中華","8,552.8945","組織邊界(楊梅廠、新竹廠、幼獅廠倉庫)","組織邊界(楊梅廠、新竹廠、幼獅廠倉庫)","12,190.7061","組織邊界(楊梅廠、新竹廠、幼獅廠倉庫)","組織邊界(楊梅廠、新竹廠、幼獅廠倉庫)","2,553,457.1000","組織邊界(楊梅廠、新竹廠、幼獅廠倉庫)外之上下游活動(景綸大樓8F用電、台北辦公室11樓用電)","組織邊界(楊梅廠、新竹廠、幼獅廠倉庫)外之上下游活動(景綸大樓8F用電、台北辦公室11樓用電)","0.5387"
"=""2206""","三陽工業","11,872.5100","新竹廠、新豐廠、零件業務部、宿舍","新竹廠、新豐廠、零件業務部、宿舍","28,764.8500","新竹廠、新豐廠、零件業務部、宿舍","新竹廠、新豐廠、零件業務部、宿舍","8,349.9300","新竹廠、新豐廠、零件業務部、宿舍","新竹廠、新豐廠、零件業務部、宿舍","0.9900"
"=""2207""","和泰車","N/A","N/A","N/A","N/A","N/A","N/A","N/A","N/A","N/A","N/A"
"=""2208""","台船","12,772.2745","台船公司高雄廠區、基隆廠區","台船公司高雄廠區、基隆廠區","27,684.1018","台船公司高雄廠區、基隆廠區","台船公司高雄廠區、基隆廠區","N/A","N/A","N/A","1.7718"
"=""2211""","長榮鋼","3,874.3844","僅母公司(長榮鋼鐵)","僅母公司(長榮鋼鐵)","7,726.1365","僅母公司(長榮鋼鐵)","僅母公司(長榮鋼鐵)","245,474.9649","僅母公司(長榮鋼鐵)-上、下游的運輸與配送、購買商品排放、燃料和能資源相關活動","僅母公司(長榮鋼鐵)-上、下游的運輸與配送、購買商品排放、燃料和能資源相關活動","1.4160"
"=""2227""","裕日車","318.0000","本公司三義廠區範圍及台北INFINITI事業部","N/A","685.7000","本公司三義廠區範圍及台北INFINITI事業部","N/A","N/A","N/A","N/A","0.0420"
"=""2228""","劍麟","176.2577","僅母公司","N/A","4,502.4695","僅母公司","N/A","4,826.6182","僅母公司","N/A","2.6155"
"=""2231""","為升","36.7651","僅母公司","N/A","3,266.0773","僅母公司","N/A","N/A","N/A","N/A","0.7500"
"=""2233""","宇隆","171.9806","母公司","母公司","2,523.8522","母公司","母公司","1,060.8352","僅母公司","N/A","1.7073"
"=""2236""","百達-KY","N/A","N/A","N/A","N/A","N/A","N/A","N/A","N/A","N/A","N/A"
"=""2239""","英利-KY","22.8798","本公司和臺灣子公司","N/A","62.2314","本公司和臺灣子公司","N/A","N/A","N/A","N/A","N/A"
"=""2241""","艾姆勒","218.9200","母公司","N/A","4,073.7200","母公司","N/A","N/A","N/A","N/A","5.0576"
"=""2243""","宏旭-KY","N/A","N/A","N/A","N/A","N/A","N/A","N/A","N/A","N/A","N/A"
"=""2247""","汎德永業","369.1226","總公司、保時捷體系全據點及汎德台北濱江據點","N/A","7,628.7350","合併財務報表全據點","N/A","N/A","N/A","N/A","0.1573"
"=""2250""","IKKA-KY","N/A","N/A","N/A","N/A","N/A","N/A","N/A","N/A","N/A","N/A"
"=""2254""","巨鎧精密-創","N/A","N/A","N/A","N/A","N/A","N/A","N/A","N/A","N/A","N/A"
"=""2258""","鴻華先進-創","170.5341","僅母公司(鴻華先進台灣辦公室)及以下辦公室及宿舍： 裕隆汽車城、寶高園區、三義實驗室、觀音實驗室、彰化整車實驗室、彰化宿舍","僅母公司（鴻華先進台灣地區）","938.4218","僅母公司(鴻華先進台灣辦公室)及以下辦公室及宿舍： 裕隆汽車城、寶高園區、三義實驗室、觀音實驗室、彰化整車實驗室、彰化宿舍","僅母公司(鴻華先進台灣地區)","N/A","N/A","N/A","1.0703"
"=""2301""","光寶科","6,713.4303","光寶科技股份有限公司(光寶科技中和廠、光寶科技新莊辦公室、光寶科技內湖大樓、光寶科技高雄營運中心)、光寶科技(常州)有限公司、光寶光電(常州)有限公司、光寶電子(天津)有限公司、光寶網絡通訊(東莞)有限公司、惠州市力信電子有限公司、光寶電子(東莞)有限公司、光寶電源科技(東莞)有限公司、旭麗電子(東莞)有限公司、建興光電科技(北海)有限公司、光寶電子(廣州)有限公司、敦揚（廣州）汽車電子有限公司、光寶智能汽車(廣州)有限公司、Lite-On Electronics (Thailand) Co., Ltd.、LITE-ON AUTOMOTIVE ELECTRONICS MEXICO, S.A. DE C.V.、LITE-ON VIETNAM CO., LTD.","光寶科技股份有限公司(光寶科技中和廠、光寶科技新莊辦公室、光寶科技內湖大樓、光寶科技高雄營運中心)、光寶科技(常州)有限公司、光寶光電(常州)有限公司、光寶電子(天津)有限公司、光寶網絡通訊(東莞)有限公司、惠州市力信電子有限公司、光寶電子(東莞)有限公司、光寶電源科技(東莞)有限公司、旭麗電子(東莞)有限公司、建興光電科技(北海)有限公司、光寶電子(廣州)有限公司、敦揚（廣州）汽車電子有限公司、光寶智能汽車(廣州)有限公司、Lite-On Electronics (Thailand) Co., Ltd.、LITE-ON AUTOMOTIVE ELECTRONICS MEXICO, S.A. DE C.V.、LITE-ON VIETNAM CO., LTD.","141,874.1551","光寶科技股份有限公司(光寶科技中和廠、光寶科技新莊辦公室、光寶科技內湖大樓、光寶科技高雄營運中心)、光寶科技(常州)有限公司、光寶光電(常州)有限公司、光寶電子(天津)有限公司、光寶網絡通訊(東莞)有限公司、惠州市力信電子有限公司、光寶電子(東莞)有限公司、光寶電源科技(東莞)有限公司、旭麗電子(東莞)有限公司、建興光電科技(北海)有限公司、光寶電子(廣州)有限公司、敦揚（廣州）汽車電子有限公司、光寶智能汽車(廣州)有限公司、Lite-On Electronics (Thailand) Co., Ltd.、LITE-ON AUTOMOTIVE ELECTRONICS MEXICO, S.A. DE C.V.、LITE-ON VIETNAM CO., LTD.","光寶科技股份有限公司(光寶科技中和廠、光寶科技新莊辦公室、光寶科技內湖大樓、光寶科技高雄營運中心)、光寶科技(常州)有限公司、光寶光電(常州)有限公司、光寶電子(天津)有限公司、光寶網絡通訊(東莞)有限公司、惠州市力信電子有限公司、光寶電子(東莞)有限公司、光寶電源科技(東莞)有限公司、旭麗電子(東莞)有限公司、建興光電科技(北海)有限公司、光寶電子(廣州)有限公司、敦揚（廣州）汽車電子有限公司、光寶智能汽車(廣州)有限公司、Lite-On Electronics (Thailand) Co., Ltd.、LITE-ON AUTOMOTIVE ELECTRONICS MEXICO, S.A. DE C.V.、LITE-ON VIETNAM CO., LTD.","13,063,175.5025","光寶科技股份有限公司(光寶科技中和廠、光寶科技新莊辦公室、光寶科技內湖大樓、光寶科技高雄營運中心)、光寶科技(常州)有限公司、光寶光電(常州)有限公司、光寶電子(天津)有限公司、光寶網絡通訊(東莞)有限公司、惠州市力信電子有限公司、光寶電子(東莞)有限公司、光寶電源科技(東莞)有限公司、旭麗電子(東莞)有限公司、建興光電科技(北海)有限公司、光寶電子(廣州)有限公司、敦揚（廣州）汽車電子有限公司、光寶智能汽車(廣州)有限公司、Lite-On Electronics (Thailand) Co., Ltd.、LITE-ON AUTOMOTIVE ELECTRONICS MEXICO, S.A. DE C.V.、LITE-ON VIETNAM CO., LTD.","光寶科技股份有限公司(光寶科技中和廠、光寶科技新莊辦公室、光寶科技內湖大樓、光寶科技高雄營運中心)、光寶科技(常州)有限公司、光寶光電(常州)有限公司、光寶電子(天津)有限公司、光寶網絡通訊(東莞)有限公司、惠州市力信電子有限公司、光寶電子(東莞)有限公司、光寶電源科技(東莞)有限公司、旭麗電子(東莞)有限公司、建興光電科技(北海)有限公司、光寶電子(廣州)有限公司、敦揚（廣州）汽車電子有限公司、光寶智能汽車(廣州)有限公司、Lite-On Electronics (Thailand) Co., Ltd.、LITE-ON AUTOMOTIVE ELECTRONICS MEXICO, S.A. DE C.V.、LITE-ON VIETNAM CO., LTD.","1.0835"
"=""2302""","麗正","25.3729","母子公司","N/A","434.2884","母子公司","N/A","N/A","N/A","N/A","1.8313"
"=""2303""","聯電","509,555.0000","合併財務報表之母子公司","合併財務報表之母子公司","1,636,208.0000","合併財務報表之母子公司","合併財務報表之母子公司","1,893,167.0000","母公司(含新加坡分公司) ","母公司(含新加坡分公司) ","9.6500"
"=""2305""","全友","4.1737","母公司","N/A","584.1090","母公司","N/A","N/A","N/A","N/A","6.4462"
"=""2308""","台達電","26,283.0000","全球據點包含本公司及子公司","全球據點包含本公司及子公司","105,992.0000","全球據點包含本公司及子公司 ","全球據點包含本公司及子公司 ","7,160,049.0000","全球據點包含本公司及子公司 ","全球據點包含本公司及子公司 ","0.3300"
"=""2312""","金寶","4,871.0000","合併財務報表之母子公司","合併財務報表之母子公司","170,246.0000","合併財務報表之母子公司","合併財務報表之母子公司","1,461.0000","台灣廠區","台灣廠區","1.1000"
"=""2313""","華通","17,633.0000","包含合併財務報表之母子公司","台灣(母公司個體蘆竹廠及大園廠)及惠州電腦、惠州精密","437,897.0000","包含合併財務報表之母子公司","台灣(母公司個體蘆竹廠及大園廠)及惠州電腦、惠州精密","139,232.0000","包含合併財務報表之母子公司","台灣(母公司個體蘆竹廠及大園廠)及惠州電腦、惠州精密","7.6673"
"=""2314""","台揚","572.4700","新竹(台揚)+無錫(江揚)","N/A","4,653.4800","新竹(台揚)+無錫(江揚)","N/A","N/A","N/A","N/A","1.2313"
"=""2316""","楠梓電","1,337.8490","僅母公司","僅母公司","38,991.8246","僅母公司","僅母公司","N/A","N/A","N/A","20.5097"
"=""2317""","鴻海","258,108.1800","合併財務報表之母子公司","母公司","2,421,127.0000","合併財務報表之母子公司","母公司","27,175,368.0000","2022年合併財務報表之母子公司，2023年還在盤查中。","N/A","0.4350"
"=""2321""","東訊","125.9073","1-1  柴油發電機   1-2  公務車、中油車隊卡   1-3  無   1-4  空調、飲水機、冰箱、溫濕度試驗機、公務車空調、氣體斷路器、滅火器  "" ","1-1  柴油發電機   1-2  公務車、中油車隊卡   1-3  無   1-4  空調、飲水機、冰箱、溫濕度試驗機、公務車空調、氣體斷路器、滅火器  "" ","567.7671","外購電力","1-1  柴油發電機   1-2  公務車、中油車隊卡   1-3  無   1-4  空調、飲水機、冰箱、溫濕度試驗機、公務車空調、氣體斷路器、滅火器  "" ","N/A","N/A","N/A","N/A"
"=""2323""","中環","103.0052","僅母公司","僅母公司","81,118.3592","僅母公司","僅母公司","110.7731","僅母公司","N/A","26.5890"
"=""2324""","仁寶","19,862.8440","母公司、仁寶(越南)、仁寶電腦(重慶)、仁寶電腦(成都)及仁寶視訊電子(昆山)、仁寶電子科技(昆山)、仁寶資訊工業(昆山)、仁寶信息技術(昆山)、仁寶數碼科技（昆山）、吉寶通訊（南京），重慶翊寶智慧電子裝置 、Compal Wise Electronic (Vietnam) ","母公司、仁寶(越南)、仁寶電腦(重慶)、仁寶電腦(成都)及仁寶視訊電子(昆山)、仁寶電子科技(昆山)、仁寶資訊工業(昆山)、仁寶信息技術(昆山)、仁寶數碼科技（昆山）、吉寶通訊（南京），重慶翊寶智慧電子裝置 、Compal Wise Electronic (Vietnam) ","104,415.5400","母公司、仁寶(越南)、仁寶電腦(重慶)、仁寶電腦(成都)及仁寶視訊電子(昆山)、仁寶電子科技(昆山)、仁寶資訊工業(昆山)、仁寶信息技術(昆山)、仁寶數碼科技（昆山）、吉寶通訊（南京），重慶翊寶智慧電子裝置 、Compal Wise Electronic (Vietnam) ","母公司、仁寶(越南)、仁寶電腦(重慶)、仁寶電腦(成都)及仁寶視訊電子(昆山)、仁寶電子科技(昆山)、仁寶資訊工業(昆山)、仁寶信息技術(昆山)、仁寶數碼科技（昆山）、吉寶通訊（南京），重慶翊寶智慧電子裝置 、Compal Wise Electronic (Vietnam) ","7,347.0290","1. 母公司、仁寶(越南)、仁寶電腦(重慶)、仁寶電腦(成都)及仁寶視訊電子(昆山)、仁寶電子科技(昆山)、仁寶資訊工業(昆山)、仁寶信息技術(昆山)、仁寶數碼科技（昆山）、吉寶通訊（南京），重慶翊寶智慧電子裝置 、Compal Wise Electronic (Vietnam) 之水生命週期排放 2. 重慶員工宿舍區之溫室氣體排放","1. 母公司、仁寶(越南)、仁寶電腦(重慶)、仁寶電腦(成都)及仁寶視訊電子(昆山)、仁寶電子科技(昆山)、仁寶資訊工業(昆山)、仁寶信息技術(昆山)、仁寶數碼科技（昆山）、吉寶通訊（南京），重慶翊寶智慧電子裝置 、Compal Wise Electronic (Vietnam) 之水生命週期排放 2. 重慶員工宿舍區之溫室氣體排放","0.1560"
"=""2327""","國巨","5,888.6411","母公司","母公司","106,768.5843","母公司","母公司","37,768.7723","母公司","母公司","3.8226"
"=""2328""","廣宇","4.2687","母公司","N/A","52.0005","母公司","N/A","N/A","N/A","N/A","0.0060"
"=""2329""","華泰","588.5115","母公司","母公司","83,815.0850","母公司","母公司","56,411.4182","母公司","母公司","5.0570"
"=""2330""","台積電","1,596,031.2036","母公司個體(台灣廠區)、台積電（中國）、台積電（南京）、TSMC Washington, LLC、采鈺公司","母公司個體(台灣廠區)、台積電（中國）、台積電（南京）、TSMC Washington, LLC、采鈺公司","10,187,386.7231","母公司個體(台灣廠區)、台積電（中國）、台積電（南京）、TSMC Washington, LLC、采鈺公司","母公司個體(台灣廠區)、台積電（中國）、台積電（南京）、TSMC Washington, LLC、采鈺公司","7,616,654.7896","母公司個體(台灣廠區)、台積電（中國）、台積電（南京）、TSMC Washington, LLC、采鈺公司","母公司個體(台灣廠區)、台積電（中國）、台積電（南京）、TSMC Washington, LLC、采鈺公司","5.2239"
"=""2331""","精英","5,800.0000","精英電腦臺灣總部、興英數位科技(深圳)有限公司及精強科技股份有限公司","精英電腦臺灣總部、興英數位科技(深圳)有限公司及精強科技股份有限公司","75,848.0000","精英電腦臺灣總部、興英數位科技(深圳)有限公司、精英科技(泰國)股份有限公司及精強科技股份有限公司","精英電腦臺灣總部、興英數位科技(深圳)有限公司、精英科技(泰國)股份有限公司及精強科技股份有限公司","24,043.7500","精英電腦臺灣總部、興英數位科技(深圳)有限公司及精強科技股份有限公司","精英電腦臺灣總部、興英數位科技(深圳)有限公司及精強科技股份有限公司","4.6500"
"=""2332""","友訊","119.9000","D-Link總部大樓","D-Link總部大樓","1,148.8800","D-Link總部大樓","D-Link總部大樓","419,593.4400","購買商品 / 產品使用","購買商品 / 產品使用","26.4000"
"=""2337""","旺宏","120,502.2254","母公司","母公司範疇一","254,499.0547","母公司","母公司範疇二","245,775.8993","母公司","母公司範疇三","13.6000"
"=""2338""","光罩","165.1700","母公司","N/A","17,641.0000","每公司","N/A","3,868.4149","母公司","N/A","247.0000"
"=""2340""","台亞","2,822.8188","台亞公司之組織邊界包含創新廠（新竹科學園區新竹縣創新一路8號）及力行廠（新竹科學園區新竹市力行五路1號），不含轉投資公司、子公司及海外公司。","溫室氣體種類: CO2, CH4, N2O, HFCs, PFCs, SF6, NF3 查驗數據年度或區間: 2023年01月01日至2023年12月31日","32,732.9569","台亞公司之組織邊界包含創新廠（新竹科學園區新竹縣創新一路8號）及力行廠（新竹科學園區新竹市力行五路1號），不含轉投資公司、子公司及海外公司。","溫室氣體種類: CO2, CH4, N2O, HFCs, PFCs, SF6, NF3 查驗數據年度或區間: 2023年01月01日至2023年12月31日","7,000.0405","台亞公司之組織邊界包含創新廠（新竹科學園區新竹縣創新一路8號）及力行廠（新竹科學園區新竹市力行五路1號），不含轉投資公司、子公司及海外公司。","溫室氣體種類: CO2, CH4, N2O, HFCs, PFCs, SF6, NF3 查驗數據年度或區間: 2023年01月01日至2023年12月31日","10.7155"
"=""2342""","茂矽","96,367.8457","僅母公司","僅母公司","45,194.1569","僅母公司","僅母公司","N/A","N/A","N/A","N/A"
"=""2344""","華邦電","44,149.0000","母公司","母公司","356,535.0000","母公司","母公司","454,221.0000","母公司","母公司","10.6675"
"=""2345""","智邦","667.0000","母公司","智邦科技股份有限公司新竹總部(一廠)、新竹二廠、竹南廠","16,639.0000","母公司","智邦科技股份有限公司新竹總部(一廠)、新竹二廠、竹南廠","39,593.0000","母公司，說明如下： 新竹一廠及竹南廠(3.1上游貨物運輸/3.3員工通勤/3.5商務旅/4.1外購電力及氮氣/4.3一般廢棄物處理及4.5自來水) 新竹二廠(3.3員工通勤/4.1外購電力/4.3一般廢棄物處理及4.5自來水)	","N/A","0.1811"
"=""2347""","聯強","1,485.3184","涵蓋聯強國際集團及子公司嘉榮行銷股份有限公司，部分子公司通達運籌股份有限公司","涵蓋聯強國際集團及子公司嘉榮行銷股份有限公司，部分子公司通達運籌股份有限公司","1,886.4435","涵蓋聯強國際集團及子公司嘉榮行銷股份有限公司，部分子公司通達運籌股份有限公司","涵蓋聯強國際集團及子公司嘉榮行銷股份有限公司，部分子公司通達運籌股份有限公司","728.2632","涵蓋聯強國際集團及子公司嘉榮行銷股份有限公司，部分子公司通達運籌股份有限公司","涵蓋聯強國際集團及子公司嘉榮行銷股份有限公司，部分子公司通達運籌股份有限公司","0.0247"
"=""2348""","海悅","N/A","N/A","N/A","N/A","N/A","N/A","N/A","N/A","N/A","N/A"
"=""2349""","錸德","63.1680","僅母公司","N/A","14,608.4960","僅母公司","N/A","N/A","N/A","N/A","0.0058"
"=""2351""","順德","2,236.9850","母公司","母公司","27,727.2419","母公司","母公司","15,375.7196","母公司","母公司","3.5630"
"=""2352""","佳世達","3,501.0375","佳世達個體公司","佳世達個體公司(台灣、蘇州、越南)","48,404.8585","佳世達個體公司","佳世達個體公司(台灣、蘇州、越南)","1,755.8415","佳世達個體公司","台灣、蘇州、越南","0.6650"
"=""2353""","宏碁","2,339.3083","含合併財務報表之母子公司","含合併財務報表之母子公司","8,219.6504","含合併財務報表之母子公司","含合併財務報表之母子公司","5,794,134.6193","含合併財務報表之母子公司","含合併財務報表之母子公司","0.0438"
"=""2354""","鴻準","19.1324","母公司","母公司","311.7193","母公司","母公司","N/A","N/A","N/A","0.0044"
"=""2355""","敬鵬","7,388.7050","2023/01/01~2023/12/31","台灣公司、常熟公司","159,704.6721","2023/01/01~2023/12/31","台灣公司、常熟公司","83,651.6629","2023/01/01~2023/12/31","台灣公司、常熟公司","16.2797"
"=""2356""","英業達","8,407.7209","英業達2023年度溫室氣體排放盤查之營運據點涵蓋個體公司、合併報表子公司共計16個營運據點。如下所列： 個體公司：英業達股份有限公司，含士林總部(IET)、桃科廠(TAO)、電腦廠(ITO)、台北辦公室(TPE)、台南建物(TNN)。 合併報表子公司：英業達(重慶)有限公司(ICC)、英業達科技有限公司(IPT)、上海順詮科技有限公司(SQT)、Inventec (Czech) S.R.O(ICZ)、IEC Technologies, S. de R.L. De C.V.(IMX)、Inventec Japan Corporation (IJC)、英華達股份有限公司(IACT/IATY)、英華達(上海)科技有限公司(IACP)、英華達(南京)科技有限公司(IACJ)、Inventec Appliances (Malaysia) SDN. BHD.(IACM)、Inventec Appliances(Vietnam) Company Limited(IACV)。  ","同盤查邊界 ","123,194.2831","英業達2023年度溫室氣體排放盤查之營運據點涵蓋個體公司、合併報表子公司共計16個營運據點。如下所列： 個體公司：英業達股份有限公司，含士林總部(IET)、桃科廠(TAO)、電腦廠(ITO)、台北辦公室(TPE)、台南建物(TNN)。 合併報表子公司：英業達(重慶)有限公司(ICC)、英業達科技有限公司(IPT)、上海順詮科技有限公司(SQT)、Inventec (Czech) S.R.O(ICZ)、IEC Technologies, S. de R.L. De C.V.(IMX)、Inventec Japan Corporation (IJC)、英華達股份有限公司(IACT/IATY)、英華達(上海)科技有限公司(IACP)、英華達(南京)科技有限公司(IACJ)、Inventec Appliances (Malaysia) SDN. BHD.(IACM)、Inventec Appliances(Vietnam) Company Limited(IACV)。  ","同盤查邊界 ","844,495.6759","英業達2023年度溫室氣體排放盤查之營運據點涵蓋個體公司、合併報表子公司共計16個營運據點。如下所列： 個體公司：英業達股份有限公司，含士林總部(IET)、桃科廠(TAO)、電腦廠(ITO)、台北辦公室(TPE)、台南建物(TNN)。 合併報表子公司：英業達(重慶)有限公司(ICC)、英業達科技有限公司(IPT)、上海順詮科技有限公司(SQT)、Inventec (Czech) S.R.O(ICZ)、IEC Technologies, S. de R.L. De C.V.(IMX)、Inventec Japan Corporation (IJC)、英華達股份有限公司(IACT/IATY)、英華達(上海)科技有限公司(IACP)、英華達(南京)科技有限公司(IACJ)、Inventec Appliances (Malaysia) SDN. BHD.(IACM)、Inventec Appliances(Vietnam) Company Limited(IACV)。  ","同盤查邊界 ","0.3000"
"=""2357""","華碩","1,517.6000","合併營收之母子公司（依據ISO 14064實質性定義排除不具控制權的子公司）","合併營收之母子公司（依據ISO 14064實質性定義排除不具控制權的子公司）","13,807.7500","合併營收之母子公司（依據ISO 14064實質性定義排除不具控制權的子公司）","合併營收之母子公司（依據ISO 14064實質性定義排除不具控制權的子公司）","1,905,467.4600","供應鏈、採購資本財、燃料與能源相關活動、零件上游運輸、營運廢棄物處理、商務旅行、員工通勤、產品下游運輸、售出產品之使用、售出產品的最終處置","合併營收之母子公司（依據ISO 14064實質性定義排除不具控制權的子公司）","149.1400"
"=""2359""","所羅門","235.6581","所羅門集團(涵蓋子公司)","N/A","4,374.6020","所羅門集團(涵蓋子公司)","N/A","6,090.7595","所羅門集團(涵蓋子公司)","N/A","2.5358"
"=""2360""","致茂","465.3452","致茂電子總部、華亞廠、致茂電子新竹分公司、致茂電子高雄分公司","致茂電子總部、華亞廠、致茂電子新竹分公司、致茂電子高雄分公司","8,310.0056","致茂電子總部、華亞廠、致茂電子新竹分公司、致茂電子高雄分公司","致茂電子總部、華亞廠、致茂電子新竹分公司、致茂電子高雄分公司","124.1844","致茂電子總部、華亞廠、致茂電子新竹分公司、致茂電子高雄分公司","致茂電子總部、華亞廠、致茂電子新竹分公司、致茂電子高雄分公司","0.0470"
"=""2362""","藍天","393.3600","台北總部、昆山工廠","僅昆山工廠","4,139.8000","台北總部、昆山工廠","僅昆山工廠","N/A","N/A","N/A","0.0213"
"=""2363""","矽統","N/A","N/A","N/A","N/A","N/A","N/A","N/A","N/A","N/A","N/A"
"=""2364""","倫飛","17.0066","總公司、高雄廠、昆山倫騰、美國DURABOOK","N/A","694.3185","總公司、高雄廠、昆山倫騰、美國DURABOOK","N/A","N/A","N/A","N/A","0.6580"
"=""2365""","昆盈","33.0854","台北總公司及東莞廠","N/A","636.4997","台北總公司及東莞廠","N/A","N/A","N/A","N/A","0.8701"
"=""2367""","燿華","3,133.4686","燿華電子股份有限公司-全廠區","燿華電子股份有限公司-全廠區","98,570.9362","燿華電子股份有限公司-全廠區","燿華電子股份有限公司-全廠區","31,728.4443","燿華電子股份有限公司-全廠區","燿華電子股份有限公司-全廠區","7.3200"
"=""2368""","金像電","49,830.1679","本次盤查邊界包含台灣母公司以及大陸三個子公司","包含台灣母公司以及大陸三個子公司","226,627.2986","本次盤查邊界包含台灣母公司以及大陸三個子公司","包含台灣母公司以及大陸三個子公司","49,830.1679","本次盤查邊界包含台灣母公司以及大陸三個子公司","包含台灣母公司以及大陸三個子公司","31.8077"
"=""2369""","菱生","1,690.9313","菱生T1~T6廠及T6宿舍","菱生T1~T6廠及T6宿舍","59,980.8035","菱生T1~T6廠及T6宿舍","菱生T1~T6廠及T6宿舍","12,235.6261","菱生T1~T6廠及T6宿舍","菱生T1~T6廠及T6宿舍","13.0500"
"=""2371""","大同","13,181.3188","僅母公司","僅母公司","19,171.8131","僅母公司","僅母公司","N/A","N/A","N/A","1.7080"
"=""2373""","震旦行","937.8700","僅母公司","N/A","1,365.8000","僅母公司","N/A","N/A","N/A","N/A","0.7000"
"=""2374""","佳能","31.2299","佳能企業股份有限公司","佳能企業股份有限公司","1,011.9569","佳能企業股份有限公司","佳能企業股份有限公司","7,541.8005","佳能企業股份有限公司","佳能企業股份有限公司","0.2115"
"=""2375""","凱美","1,166.3780","子公司","N/A","9,659.0860","子公司","N/A","4,658.2300","子公司","N/A","3.8511"
"=""2376""","技嘉","832.8622","技嘉科技營運總部、臺北矽谷園區辦公室、桃園南平廠、中國東莞廠和中國寧波廠，其中營運總部涵蓋子公司技鋼科技，臺北矽谷園區辦公室涵蓋子公司百事益國際、盈嘉科技、智力精密工業及孫公司技宸","技嘉科技營運總部、臺北矽谷園區辦公室、桃園南平廠、中國東莞廠和中國寧波廠，其中營運總部涵蓋子公司技鋼科技，臺北矽谷園區辦公室涵蓋子公司百事益國際、盈嘉科技、智力精密工業及孫公司技宸","26,606.4019","技嘉科技營運總部、臺北矽谷園區辦公室、桃園南平廠、中國東莞廠和中國寧波廠，其中營運總部涵蓋子公司技鋼科技，臺北矽谷園區辦公室涵蓋子公司百事益國際、盈嘉科技、智力精密工業及孫公司技宸","N/A","5,751,348.1098","技嘉科技營運總部、臺北矽谷園區辦公室、桃園南平廠、中國東莞廠和中國寧波廠，其中營運總部涵蓋子公司技鋼科技，臺北矽谷園區辦公室涵蓋子公司百事益國際、盈嘉科技、智力精密工業及孫公司技宸","類別3運輸產生的間接溫室氣體排放-商業旅行、員工通勤；類別4組織使用產品相關間接溫室氣體排放-購入料件、營運廢棄物；類別5使用組織產品相關間接溫室氣體排放-已售產品使用、已售產品終端處置。2023年除了類別4營運廢棄物盤查邊界未納入臺北矽谷園區辦公室之外，其餘類別的確信範圍皆與範疇一和範疇二一致。","0.2006"
"=""2377""","微星","1,533.0526","微星科技股份有限公司中和廠(微星台北)、微星科技股份有限公司桃園廠(微星桃園)、恩斯邁電子(深圳)有限公司(恩斯邁電子)及微盟電子(昆山)有限公司(微盟電子)","微星科技股份有限公司中和廠(微星台北)、微星科技股份有限公司桃園廠(微星桃園)、恩斯邁電子(深圳)有限公司(恩斯邁電子)及微盟電子(昆山)有限公司(微盟電子)","40,777.9628","微星科技股份有限公司中和廠(微星台北)、微星科技股份有限公司桃園廠(微星桃園)、恩斯邁電子(深圳)有限公司(恩斯邁電子)及微盟電子(昆山)有限公司(微盟電子)","微星科技股份有限公司中和廠(微星台北)、微星科技股份有限公司桃園廠(微星桃園)、恩斯邁電子(深圳)有限公司(恩斯邁電子)及微盟電子(昆山)有限公司(微盟電子)","1,403,962.4685","微星科技股份有限公司中和廠(微星台北)、微星科技股份有限公司桃園廠(微星桃園)、恩斯邁電子(深圳)有限公司(恩斯邁電子)及微盟電子(昆山)有限公司(微盟電子)","微星科技股份有限公司中和廠(微星台北)、微星科技股份有限公司桃園廠(微星桃園)、恩斯邁電子(深圳)有限公司(恩斯邁電子)及微盟電子(昆山)有限公司(微盟電子)","0.2313"
"=""2379""","瑞昱","1,143.5717","新竹一、二、三廠；台北、南科辦公室。","新竹一、二、三廠；台北、南科辦公室。","26,074.0438","新竹一、二、三廠；台北、南科辦公室。","新竹一、二、三廠；台北、南科辦公室。","392,952.6607","新竹一、二、三廠；台北、南科辦公室。","新竹一、二、三廠；台北、南科辦公室。","0.2860"
"=""2380""","虹光","84.5940","僅母公司","N/A","753.9530","僅母公司","N/A","N/A","N/A","N/A","2.6800"
"=""2382""","廣達","23,549.7270","母公司個體(含臺灣總部QRDC及廣達台灣製造城QTMC)，以及其他子公司(廣達上海製造城QSMC、廣達重慶製造城QCMC、廣達泰國廠QMB)","母公司個體(含臺灣總部QRDC及廣達台灣製造城QTMC)，以及其他子公司(廣達上海製造城QSMC、廣達重慶製造城QCMC、廣達泰國廠QMB)","242,685.3483","母公司個體(含臺灣總部QRDC及廣達台灣製造城QTMC)，以及其他子公司(廣達上海製造城QSMC、廣達重慶製造城QCMC、廣達泰國廠QMB)","母公司個體(含臺灣總部QRDC及廣達台灣製造城QTMC)，以及其他子公司(廣達上海製造城QSMC、廣達重慶製造城QCMC、廣達泰國廠QMB)","30,703.3053"," 廣達電腦(股)公司臺灣總部QRDC及廣達台灣製造城QTMC、廣達上海製造城QSMC、廣達重慶製造城QCMC、廣達泰國廠QMB","廣達電腦(股)公司臺灣總部QRDC及廣達台灣製造城QTMC、廣達上海製造城QSMC、廣達重慶製造城QCMC、廣達泰國廠QMB","0.2450"
"=""2383""","台光電","70,402.8200","合併財務報表之母子公司(不含美國子公司)","合併財務報表之母子公司(不含美國子公司)","102,879.6500","合併財務報表之母子公司(不含美國子公司)","合併財務報表之母子公司(不含美國子公司)","11,453.6700","合併財務報表之母子公司(不含美國子公司)","合併財務報表之母子公司(不含美國子公司)","4.1961"
"=""2385""","群光","6,827.8877","母公司(台北總部)、合併財務報表之子公司(東莞清溪廠、東莞茂瑞廠、蘇州吳江廠、重慶江津廠、泰國廠)","合併財務報表之子公司(東莞清溪廠、東莞茂瑞廠、蘇州吳江廠、重慶江津廠、泰國廠)","52,060.3596","母公司(台北總部)、合併財務報表之子公司(東莞清溪廠、東莞茂瑞廠、蘇州吳江廠、重慶江津廠、泰國廠)","合併財務報表之子公司(東莞清溪廠、東莞茂瑞廠、蘇州吳江廠、重慶江津廠、泰國廠)","626,878.4462","母公司(台北總部)、合併財務報表之子公司(東莞清溪廠、東莞茂瑞廠、蘇州吳江廠、重慶江津廠、泰國廠)","合併財務報表之子公司(東莞清溪廠、東莞茂瑞廠、蘇州吳江廠、重慶江津廠、泰國廠)","0.5989"
"=""2387""","精元","N/A","N/A","N/A","N/A","N/A","N/A","N/A","N/A","N/A","N/A"
"=""2388""","威盛","61.8533","威盛電子台北總公司，新竹，高雄","威盛電子台北總公司，新竹，高雄","1,171.9012","威盛電子台北總公司，新竹，高雄","威盛電子台北總公司，新竹，高雄","282.5997","威盛電子台北總公司，新竹，高雄","威盛電子台北總公司，新竹，高雄","0.1200"
"=""2390""","云辰","N/A","N/A","N/A","N/A","N/A","N/A","N/A","N/A","N/A","N/A"
"=""2392""","正崴","5,982.0000","包含合併財務報表之母子公司 ","營運控制權和財務活動的活動和設施","107,341.0000","包含合併財務報表之母子公司 ","營運控制權和財務活動的活動和設施","640,008.0000","包含合併財務報表之母子公司","營運控制權和財務活動的活動和設施","1.2500"
"=""2393""","億光","1,011.2030","苗栗苑裡、苗栗銅鑼、蘇州吳江、廣東中山","N/A","81,935.9265","苗栗苑裡、苗栗銅鑼、蘇州吳江、廣東中山","N/A","N/A","N/A","N/A","5.7581"
"=""2395""","研華","615.4740","邊界範圍包含研華科技台灣四個地點：瑞光總部（台北市內湖區瑞光路26巷20弄1號 ）、陽光大樓（台北市內湖區陽光街365巷33號 ）、東湖廠（新北市汐止區康寧街169巷1號B1, 5~7樓）及林口園區（桃園市龜山區文德路27及27-3號）。","合理保證(涵蓋週期為2023.01.01-2023.12.31)","9,723.0184","邊界範圍包含研華科技台灣四個地點：瑞光總部（台北市內湖區瑞光路26巷20弄1號 ）、陽光大樓（台北市內湖區陽光街365巷33號 ）、東湖廠（新北市汐止區康寧街169巷1號B1, 5~7樓）及林口園區（桃園市龜山區文德路27及27-3號）。","合理保證(涵蓋週期為2023.01.01-2023.12.31)","946,060.0220","邊界範圍包含研華科技台灣四個地點：瑞光總部（台北市內湖區瑞光路26巷20弄1號 ）、陽光大樓（台北市內湖區陽光街365巷33號 ）、東湖廠（新北市汐止區康寧街169巷1號B1, 5~7樓）及林口園區（桃園市龜山區文德路27及27-3號）。","有限保證(涵蓋週期為2023.01.01-2023.12.31)","0.4626"
"=""2397""","友通","150.2630","營運控制","汐止總部、桃園工廠、新店研發辦公室","3,114.4308","營運控制","汐止總部、桃園工廠、新店研發辦公室","1,108.6164","營運控制","汐止總部、桃園工廠、新店研發辦公室","0.8140"
"=""2399""","映泰","32.4818","母公司","母公司","256.2035","母公司","母公司","90.6542","母公司","母公司","0.1274"
"=""2401""","凌陽","2.7660","新竹科學園區新一路19號、19-1號及研發五路6號","N/A","3,381.7640","新竹科學園區新一路19號、19-1號及研發五路6號","N/A","N/A","N/A","N/A","0.6114"
"=""2402""","毅嘉","33.4480","母公司","母公司","8,934.4200","母公司","母公司","1,204.0270","母公司","母公司","1.5523"
"=""2404""","漢唐","15.2300","台灣總部大樓及工程處","N/A","673.2600","台灣總部大樓及工程處","N/A","N/A","N/A","N/A","0.0288"
"=""2405""","輔信","5.7400","母公司","N/A","382.6800","母公司","N/A","N/A","N/A","N/A","0.2300"
"=""2406""","國碩","30.3047","國碩二廠及國碩新豐廠","N/A","3,610.1375","國碩二廠及國碩新豐廠","N/A","N/A","N/A","N/A","4.0333"
"=""2408""","南亞科","56,654.0000","母公司","母公司","373,670.0000","母公司","母公司","816,878.0000","母公司 (類別：「購買的商品與服務、範疇一或範疇二未包括的燃料和能源相關活動、上游運輸及分銷、員工通勤、商務旅行、營運產生的廢棄物、銷售產品的使用、下游運輸及分銷、銷售產品加工產生的排放、資產設備」10項)","母公司 (類別：「購買的商品與服務、範疇一或範疇二未包括的燃料和能源相關活動、上游運輸及分銷、員工通勤、商務旅行、營運產生的廢棄物、銷售產品的使用」7 項排放量(676,388公噸CO₂e)通過查證)","14.4000"
"=""2409""","友達","66,809.1900","全球營運據點","全球營運據點","2,361,055.7300","全球營運據點","全球營運據點","2,170,554.1800","全球營運據點","全球營運據點","9.8377"
"=""2412""","中華電","18,874.8892","母公司","母公司","645,490.6474","母公司","母公司","1,814,662.2596","母公司","母公司","3.5202"
"=""2413""","環科","257.2996","母公司","母公司","3,246.4865","母公司","母公司","700.1349","母公司","母公司","0.8203"
"=""2414""","精技","N/A","N/A","N/A","755.7516","僅母公司","N/A","N/A","N/A","N/A","0.0369"
"=""2415""","錩新","1,086.2300","母公司及子公司錩新越南廠","母公司及子公司錩新越南廠","10,119.8300","母公司及子公司錩新越南廠","母公司及子公司錩新越南廠","14,689.5300","母公司及子公司錩新越南廠","母公司及子公司錩新越南廠","26,615.5900"
"=""2417""","圓剛","35.0280","組織邊界的各據點內所擁有的排放源，移動源包含公務車。","組織邊界的各據點內所擁有的排放源，移動源包含公務車。","474.4539","輸入電力排放","輸入電力排放","2,219.2058","上下游的運輸與配送 購買的商品 產品使用","上下游的運輸與配送 購買的商品 產品使用","0.1572"
"=""2419""","仲琦","270.8842","仲琦新竹總部和越南廠","含母公司及越南子公司，越南子公司由BSI進行確信","6,134.1108","仲琦新竹總部和越南廠","含母公司及越南子公司，越南子公司由BSI進行確信","19,981.4611","仲琦新竹總部和越南廠","含母公司及越南子公司，越南子公司由BSI進行確信","0.6744"
"=""2420""","新巨","156.0000","包含合併財務報表之母子公司","N/A","4,151.0000","包含合併財務報表之母子公司","N/A","N/A","N/A","N/A","2.0300"
"=""2421""","建準","2,337.8273","建準電機工業股份有限公司(高雄總部及工廠、台北辦事處) 昆山廣興電子有限公司 北海建準電子有限公司 北海立準電子有限公司 Sunon Electronics Philippines Corp. Sunon Inc. Sunon SAS Sunon Electronics India Private Limited","建準電機工業股份有限公司(高雄總部及工廠、台北辦事處) 昆山廣興電子有限公司 北海建準電子有限公司 北海立準電子有限公司 Sunon Electronics Philippines Corp. Sunon Inc. Sunon SAS Sunon Electronics India Private Limited","20,473.7966","建準電機工業股份有限公司(高雄總部及工廠、台北辦事處) 昆山廣興電子有限公司 北海建準電子有限公司 北海立準電子有限公司 Sunon Electronics Philippines Corp. Sunon Inc. Sunon SAS Sunon Electronics India Private Limited","建準電機工業股份有限公司(高雄總部及工廠、台北辦事處) 昆山廣興電子有限公司 北海建準電子有限公司 北海立準電子有限公司 Sunon Electronics Philippines Corp. Sunon Inc. Sunon SAS Sunon Electronics India Private Limited","230,220.8818","建準電機工業股份有限公司(高雄總部及工廠、台北辦事處) 昆山廣興電子有限公司 北海建準電子有限公司 北海立準電子有限公司 Sunon Electronics Philippines Corp. Sunon Inc. Sunon SAS Sunon Electronics India Private Limited","建準電機工業股份有限公司(高雄總部及工廠、台北辦事處) 昆山廣興電子有限公司 北海建準電子有限公司 北海立準電子有限公司 Sunon Electronics Philippines Corp. Sunon Inc. Sunon SAS Sunon Electronics India Private Limited","1.7660"
"=""2423""","固緯","48.4912","母公司","N/A","1,314.7316","母公司","N/A","N/A","N/A","N/A","0.4500"
"=""2424""","隴華","72.8400","僅母公司","N/A","N/A","N/A","N/A","N/A","N/A","N/A","N/A"
"=""2425""","承啟","N/A","N/A","N/A","N/A","N/A","N/A","N/A","N/A","N/A","N/A"
"=""2426""","鼎元","7,286.1743","僅母公司","僅母公司","16,136.2320","僅母公司","僅母公司","3,758.8150","僅母公司","僅母公司","11.7000"
"=""2427""","三商電","400.8970","公務車","N/A","303.8750","總公司及桃園倉庫","N/A","N/A","N/A","N/A","0.1790"
"=""2428""","興勤","1,309.6520","本公司所有廠區及子公司元耀科技股份有限公司、興勤(常州)電子有限公司、東莞為勤電子有限公司、興勤(宜昌)電子有限公司及江西興勤電子有限公司","僅子公司東莞為勤電子有限公司","47,089.0810","本公司所有廠區及子公司元耀科技股份有限公司、興勤(常州)電子有限公司、東莞為勤電子有限公司、興勤(宜昌)電子有限公司及江西興勤電子有限公司","僅子公司東莞為勤電子有限公司","1,362.8080","本公司所有廠區及子公司元耀科技股份有限公司、興勤(常州)電子有限公司、東莞為勤電子有限公司、興勤(宜昌)電子有限公司及江西興勤電子有限公司","僅子公司東莞為勤電子有限公司","6.8300"
"=""2429""","銘旺科","12.1145","母公司","N/A","1,188.7920","母公司","N/A","N/A","N/A","N/A","N/A"
"=""2430""","燦坤","N/A","N/A","N/A","N/A","N/A","N/A","N/A","N/A","N/A","N/A"
"=""2431""","聯昌","10.6685","母公司","N/A","65.8427","母公司","N/A","15.4937","母公司","N/A","N/A"
"=""2432""","倚天酷碁-創","0.2535","含合併財務報表之母子公司 ","含合併財務報表之母子公司 ","36.0865","含合併財務報表之母子公司","含合併財務報表之母子公司 ","74.5100","類別3、類別5、類別7 ","類別3、類別5、類別7","0.0174"
"=""2433""","互盛電","229.0000","僅母公司","N/A","216.0000","僅母公司","N/A","N/A","N/A","N/A","0.3114"
"=""2434""","統懋","N/A","N/A","N/A","533.7309","母公司","N/A","N/A","N/A","N/A","N/A"
"=""2436""","偉詮電","55.0629","偉詮電子(股)有限公司及偉詮電子(股)公司高雄分公司","N/A","1,440.7278","偉詮電子(股)有限公司及偉詮電子高雄分公司","N/A","297.5160","偉詮電子(股)有限公司及偉詮電子(股)公司高雄分公司","N/A","0.5184"
"=""2438""","翔耀","N/A","N/A","N/A","N/A","N/A","N/A","N/A","N/A","N/A","N/A"
"=""2439""","美律","1,591.6200","母公司與部分合併財務報表之子公司","台灣總部、美律深圳、美律越南、美律新加坡、美律香港、美律美國、美律北美、美律馬來西亞","16,669.7600","母公司與部分合併財務報表之子公司","台灣總部、美律深圳、美律越南、美律新加坡、美律香港、美律美國、美律北美、美律馬來西亞","14,692.0700","母公司與部分合併財務報表之子公司","台灣總部、美律深圳、美律越南、美律新加坡、美律香港、美律美國、美律北美、美律馬來西亞","0.4977"
"=""2440""","太空梭","N/A","N/A","N/A","N/A","N/A","N/A","N/A","N/A","N/A","N/A"
"=""2441""","超豐","1,687.4488","母公司","母公司","99,493.9506","母公司","母公司","25,112.1780","母公司","母公司","7.4590"
"=""2442""","新美齊","N/A","N/A","N/A","80.3900","僅母公司","N/A","N/A","N/A","N/A","N/A"
"=""2444""","兆勁","402.2242","僅母公司-兆勁公司","N/A","2,671.2556","僅母公司- 兆勁公司","N/A","110.3003","僅母公司- 兆勁公司","N/A","2.0447"
"=""2449""","京元電子","6,489.2001","包含合併財務報表之母子公司","包含合併財務報表之母子公司","411,907.5648","包含合併財務報表之母子公司","包含合併財務報表之母子公司","96,329.9948","包含合併財務報表之母子公司","包含合併財務報表之母子公司","1,558.5973"
"=""2450""","神腦","550.1651","神腦全據點(含辦公室、特約門市、維修門市及倉儲中心)","神腦全據點(含辦公室、特約門市、維修門市及倉儲中心)","5,030.9494","神腦全據點(含辦公室、特約門市、維修門市及倉儲中心)","神腦全據點(含辦公室、特約門市、維修門市及倉儲中心)","1,148.7514","神腦全據點(含辦公室、特約門市、維修門市及倉儲中心)","神腦全據點(含辦公室、特約門市、維修門市及倉儲中心)","0.2274"
"=""2451""","創見","33.6300","僅母公司","N/A","4,166.1100","僅母公司","N/A","N/A","N/A","N/A","0.4000"
"=""2453""","凌群","N/A","N/A","N/A","1,142.0000","母公司","N/A","N/A","N/A","N/A","0.1868"
"=""2454""","聯發科","4,001.1056","母公司個體之全台營運據點","母公司個體之全台營運據點","88,299.4474","母公司個體之全台營運據點","母公司個體之全台營運據點","N/A","N/A","N/A","0.2129"
"=""2455""","全新","514.0876","平鎮廠、平鎮二廠","N/A","15,024.0420","平鎮廠、平鎮二廠","N/A","2,956.0470","平鎮廠、平鎮二廠","N/A","5.7677"
"=""2457""","飛宏","727.7034","飛宏科技(股)公司(PHT)/馳諾瓦科技(股)公司(ZTM)/飛宏(東莞)電子有限公司(PHC)/飛宏(東莞)電子有限公司鐵松廠區(PHCJ)/越南飛宏有限公司(PHV)","固定/移動/製程/逸散","23,853.6698","飛宏科技(股)公司(PHT)/馳諾瓦科技(股)公司(ZTM)/飛宏(東莞)電子有限公司(PHC)/飛宏(東莞)電子有限公司鐵松廠區(PHCJ)/越南飛宏有限公司(PHV)","電力","2,966.0199","飛宏科技(股)公司(PHT)/馳諾瓦科技(股)公司(ZTM)/飛宏(東莞)電子有限公司(PHC)/飛宏(東莞)電子有限公司鐵松廠區(PHCJ)/越南飛宏有限公司(PHV)","3.3員工通勤 3.5商務旅行 4.1購買商品上游排放 4.3廢棄物處置(含運輸)","1.9932"
"=""2458""","義隆","378.3724","僅母公司","僅母公司","2,483.0743","僅母公司","僅母公司","521.5260","僅母公司","僅母公司","0.2533"
"=""2459""","敦吉","N/A","N/A","N/A","341.0000","母公司及子公司敦吉檢測科技股份有限公司台北商辦大樓","N/A","N/A","N/A","N/A","N/A"
"=""2460""","建通","N/A","N/A","N/A","N/A","N/A","N/A","N/A","N/A","N/A","N/A"
"=""2461""","光群雷","9.7800","僅母公司","N/A","1,870.3000","僅母公司","N/A","N/A","N/A","N/A","1.3293"
"=""2462""","良得電","N/A","N/A","N/A","N/A","N/A","N/A","N/A","N/A","N/A","N/A"
"=""2464""","盟立","N/A","N/A","N/A","N/A","N/A","N/A","N/A","N/A","N/A","N/A"
"=""2465""","麗臺","N/A","N/A","N/A","N/A","N/A","N/A","N/A","N/A","N/A","N/A"
"=""2466""","冠西電","56.2000","母公司總公司、母公司宜蘭廠","N/A","1,958.1390","母公司總公司、母公司宜蘭廠","N/A","N/A","N/A","N/A","5.3518"
"=""2467""","志聖","485.1800","母公司","母公司","1,297.5100","母公司","母公司","413.0500","母公司","母公司","0.9000"
"=""2468""","華經","7.3200","統計範圍以台灣營運據點，包含本公司及各地分公司及子公司","N/A","331.8080","統計範圍以台灣營運據點，包含本公司及各地分公司及子公司","N/A","N/A","N/A","N/A","0.1420"
"=""2471""","資通","N/A","N/A","N/A","N/A","N/A","N/A","215.3600","包含合併財務報表之母子公司","N/A","N/A"
"=""2472""","立隆電","3,061.0000","立隆電子、立隆(蘇州)、立隆(惠州)、立隆(蘇州)科技","N/A","30,136.0000","立隆電子、立隆(蘇州)、立隆(惠州)、立隆(蘇州)科技","N/A","N/A","N/A","N/A","N/A"
"=""2474""","可成","6,159.8583","母公司台南廠區","母公司台南廠區","41,563.8630","母公司台南廠區","母公司台南廠區","130,026.1848","母公司台南廠區","母公司台南廠區","10.2450"
"=""2476""","鉅祥","288.9610","鉅祥公司「新屋廠」桃園市新屋區九洲路1號、「新屋廠廠外宿舍」桃園市新屋區校前路143巷35,37號及鉅祥公司「八德廠」桃園市八德區榮興路73巷32號","N/A","4,925.8604","鉅祥公司「新屋廠」桃園市新屋區九洲路1號、「新屋廠廠外宿舍」桃園市新屋區校前路143巷35,37號及鉅祥公司「八德廠」桃園市八德區榮興路73巷32號","N/A","1,286.6090","鉅祥公司「新屋廠」桃園市新屋區九洲路1號、「新屋廠廠外宿舍」桃園市新屋區校前路143巷35,37號及鉅祥公司「八德廠」桃園市八德區榮興路73巷32號","N/A","2.6841"
"=""2477""","美隆電","36.4313","僅母公司","N/A","353.2320","僅母公司","N/A","N/A","N/A","N/A","0.1800"
"=""2478""","大毅","499.8662","母公司","母公司","24,484.4184","母公司","母公司","17,507.1715","母公司","母公司","5.4375"
"=""2480""","敦陽科","93.0881","敦陽科技新竹總公司及牛埔倉庫","N/A","418.0737","敦陽科技新竹總公司及牛埔倉庫","N/A","N/A","N/A","N/A","0.2902"
"=""2481""","強茂","385.3014","岡山廠","岡山廠","22,981.7208","岡山廠","岡山廠","16,074.4528","岡山廠","岡山廠","4.9989"
"=""2482""","連宇","N/A","N/A","N/A","768.3580","僅母公司","N/A","N/A","N/A","N/A","N/A"
"=""2483""","百容","208.0000","僅母公司","N/A","3,049.0000","僅母公司","N/A","N/A","N/A","N/A","0.2962"
"=""2484""","希華","443.4200","母公司","N/A","14,153.0000","母公司","N/A","N/A","N/A","N/A","6.4567"
"=""2485""","兆赫","916.2705","僅母公司","N/A","5,482.0067","僅母公司","N/A","532.8200","僅母公司","N/A","1.0999"
"=""2486""","一詮","166.3408","母公司","母公司 ","12,807.3946","母公司","母公司","24,838.5777","母公司","母公司","14.5517"
"=""2488""","漢平","N/A","N/A","N/A","N/A","N/A","N/A","N/A","N/A","N/A","0.1250"
"=""2489""","瑞軒","717.1800","母公司與部分合併報表子公司","N/A","21,386.0900","母公司與部分合併報表子公司","N/A","N/A","N/A","N/A","1.3328"
"=""2491""","吉祥全","78.5530","母公司","N/A","N/A","N/A","N/A","N/A","N/A","N/A","N/A"
"=""2492""","華新科","6,207.3297","母公司及主要生產基地之子公司(東莞華科/蘇州華科/廣州匯僑)","母公司及主要生產基地之子公司(東莞華科/蘇州華科/廣州匯僑)","189,960.3641","母公司及主要生產基地之子公司(東莞華科/蘇州華科/廣州匯僑)","母公司及主要生產基地之子公司(東莞華科/蘇州華科/廣州匯僑)","25,345.7886","母公司及主要生產基地之子公司(東莞華科/蘇州華科/廣州匯僑)","母公司及主要生產基地之子公司(東莞華科/蘇州華科/廣州匯僑)","6.7539"
"=""2493""","揚博","177.9705","母公司孫公司","N/A","954.3853","母公司孫公司","N/A","N/A","N/A","N/A","0.3380"
"=""2495""","普安","1.9400","母公司","N/A","2,269.0000","母公司","N/A","N/A","N/A","N/A","1.6000"
"=""2496""","卓越","N/A","N/A","N/A","N/A","N/A","N/A","N/A","N/A","N/A","N/A"
"=""2497""","怡利電","148.6757","僅母公司","N/A","2,215.3800","僅母公司","N/A","550.6266","僅母公司","N/A","1.0775"
"=""2498""","宏達電","163.5400","涵蓋範圍包含宏達國際電子股份有限公司及其子公司（部分子公司為BVI，不納入盤查範疇）","涵蓋範圍包含宏達國際電子股份有限公司及其子公司（部分子公司為BVI，不納入盤查範疇）","7,841.9770","涵蓋範圍包含宏達國際電子股份有限公司及其子公司（部分子公司為BVI，不納入盤查範疇）","涵蓋範圍包含宏達國際電子股份有限公司及其子公司（部分子公司為BVI，不納入盤查範疇）","2,974.1320","涵蓋範圍包含宏達國際電子股份有限公司及其子公司（部分子公司為BVI，不納入盤查範疇）","涵蓋範圍包含宏達國際電子股份有限公司及其子公司（部分子公司為BVI，不納入盤查範疇）","1.8100"
"=""2501""","國建","325.4339","僅母公司","僅母公司","1,412.0324","僅母公司","僅母公司","282.4280","僅母公司","僅母公司","0.2958"
"=""2504""","國產","10,156.2165","母公司個體(國產總公司、台南分公司、營運生 產之 29 個預拌廠區)","母公司個體(國產總公司、台南分公司、營運生 產之 29 個預拌廠區)","9,094.4340","母公司個體(國產總公司、台南分公司、營運生 產之 29 個預拌廠區)","母公司個體(國產總公司、台南分公司、營運生 產之 29 個預拌廠區)","1,271,622.3638","母公司個體(國產總公司、台南分公司、營運生 產之 29 個預拌廠區)","母公司個體(國產總公司、台南分公司、營運生 產之 29 個預拌廠區)","72.2369"
"=""2505""","國揚","N/A","N/A","N/A","N/A","N/A","N/A","N/A","N/A","N/A","N/A"
"=""2506""","太設","N/A","N/A","N/A","N/A","N/A","N/A","N/A","N/A","N/A","0.0000"
"=""2509""","全坤建","N/A","N/A","N/A","94.9800","母公司","N/A","N/A","N/A","N/A","0.4250"
"=""2511""","太子","477.3469","母公司","母公司","3,335.0765","母公司","母公司","675.1436","母公司","母公司","N/A"
"=""2514""","龍邦","N/A","N/A","N/A","28.4221","僅母公司","N/A","N/A","N/A","N/A","0.5156"
"=""2515""","中工","1,250.7767","母公司","母公司","6,634.0501","母公司","母公司","N/A","N/A","N/A","0.4095"
"=""2516""","新建","687.7500","公司總部及全國各專案工程施工單位均列入","N/A","1,743.4900","公司總部及全國各專案工程施工單位均列入","N/A","N/A","N/A","N/A","0.2669"
"=""2520""","冠德","37.6077","柴油、車用汽油、冷媒設備逸散、化糞池、滅火器","公司總部（台北市大安區和平東路三段131號）B3-B1, 1-4樓, 8-10樓","156.0202","外購電力","公司總部（台北市大安區和平東路三段131號）B3-B1, 1-4樓, 8-10樓","75.0075","員工通勤、購買產品及原物料","公司總部（台北市大安區和平東路三段131號）B3-B1, 1-4樓, 8-10樓","0.0410"
"=""2524""","京城","17.9390","京城建設股份有限公司總部","N/A","798.8790","京城建設股份有限公司總部 包含本公司餘屋","N/A","184.3964","京城建設股份有限公司總部 包含本公司餘屋","N/A","N/A"
"=""2527""","宏璟","11.3500","包含合併財務報表之境內母子公司","N/A","5,739.9000","包含合併財務報表之境內母子公司","N/A","N/A","N/A","N/A","2.4839"
"=""2528""","皇普","5.9971","本公司","N/A","15.5895","本公司","N/A","N/A","N/A","N/A","21.5866"
"=""2530""","華建","10.6990","大華建設台北及台中辦公室、華建開發辦公室及子公司華鑑營造工地區域","N/A","1,645.6416","大華建設台北及台中辦公室、華建開發辦公室及子公司華鑑營造工地區域","N/A","N/A","N/A","N/A","0.8488"
"=""2534""","宏盛","N/A","N/A","N/A","N/A","N/A","N/A","N/A","N/A","N/A","N/A"
"=""2535""","達欣工","416.9112","全據點(總部大樓及工地)","N/A","3,056.6205","全據點(總部大樓及工地)","N/A","169.8676","總部大樓(員工通勤、商業旅行)","N/A","0.2314"
"=""2536""","宏普","16.1231","僅母公司","N/A","33.4401","母公司","N/A","N/A","N/A","N/A","0.0049"
"=""2537""","聯上發","N/A","N/A","N/A","N/A","N/A","N/A","N/A","N/A","N/A","N/A"
"=""2538""","基泰","N/A","N/A","N/A","N/A","N/A","N/A","N/A","N/A","N/A","N/A"
"=""2539""","櫻花建","25.6700","母公司","N/A","1,647.9000","母公司","N/A","N/A","N/A","N/A","0.0362"
"=""2540""","愛山林","N/A","N/A","N/A","N/A","N/A","N/A","N/A","N/A","N/A","N/A"
"=""2542""","興富發","110.4596","母公司","母公司","1,030.5981","母公司","母公司","N/A","N/A","N/A","0.0862"
"=""2543""","皇昌","N/A","N/A","N/A","44,253.0000","皇昌營造總部營運據點","N/A","N/A","N/A","N/A","3.9249"
"=""2545""","皇翔","23.0417","母公司及子公司北昌營造股份有限公司的公務用車","N/A","768.3700","母公司及子公司北昌營造股份有限公司","N/A","N/A","N/A","N/A","N/A"
"=""2546""","根基","561.4911","公司總部及全國在建工地","2023年1月1日至2023年12月31日","2,828.6991","公司總部及全國在建工地","2023年1月1日至2023年12月31日","210,910.9868","公司總部及全國在建工地","2023年1月1日至2023年12月31日","0.2372"
"=""2547""","日勝生","38.5598","母公司","母公司","138.5000","母公司","母公司","37.0000","母公司","母公司","0.1400"
"=""2548""","華固","10.8614","總公司7樓辦公區域","N/A","68.3825","總公司7樓辦公區域","N/A","N/A","N/A","N/A","0.0042"
"=""2597""","潤弘","535.3324","(1) 台北總公司辦公室：台北市中山區八德路二段10樓、12樓(潤弘精密工程事業股份有限公司及潤陽營造股份有限公司) (2) 楊梅預鑄廠：桃園市楊梅區泰圳路1442號","N/A","1,013.0498","(1) 台北總公司辦公室：台北市中山區八德路二段10樓、12樓(潤弘精密工程事業股份有限公司及潤陽營造股份有限公司) (2) 楊梅預鑄廠：桃園市楊梅區泰圳路1442號","N/A","1,615.4934","(1) 台北總公司辦公室：台北市中山區八德路二段10樓、12樓(潤弘精密工程事業股份有限公司及潤陽營造股份有限公司) (2) 楊梅預鑄廠：桃園市楊梅區泰圳路1442號","N/A","0.0900"
"=""2601""","益航","0.5008","益航及大洋商業集團台北辦公室","N/A","64,116.2273","益航及大洋商業集團","N/A","N/A","N/A","N/A","11.6534"
"=""2603""","長榮","9,601,110.3370","長榮海運母公司暨合併財報子公司所營運之貨櫃船舶以及國內外營業據點","長榮海運母公司暨合併財報子公司所營運之貨櫃船舶以及國內外營業據點","64,724.3993","長榮海運母公司暨合併財報子公司所營運之貨櫃船舶以及國內外營業據點","長榮海運母公司暨合併財報子公司所營運之貨櫃船舶以及國內外營業據點","3,494,577.2410","長榮海運母公司暨合併財報子公司所營運之貨櫃船舶以及國內外營業據點，範疇三C2/C3/C4/C5/C6/C7。","長榮海運母公司暨合併財報子公司所營運之貨櫃船舶以及國內外營業據點，範疇三C2/C3/C4/C5/C6/C7。","34.9306"
"=""2605""","新興","287,918.0000","包含合併財務報表之母子公司","包含合併財務報表之母子公司","21.3000","僅母公司","N/A","N/A","N/A","N/A","0.3500"
"=""2606""","裕民","490,629.2847","合併財務報表之母子公司","合併財務報表之母子公司","107.0986","合併財務報表之母子公司","合併財務報表之母子公司","566,166.0114","合併財務報表之母子公司","合併財務報表之母子公司","0.0341"
"=""2607""","榮運","24,203.8752","長榮國際儲運股份有限公司營運場址","長榮國際儲運股份有限公司營運場址","5,516.2966","長榮國際儲運股份有限公司營運場址","長榮國際儲運股份有限公司營運場址","63,700.9459","長榮國際儲運股份有限公司營運場址","長榮國際儲運股份有限公司營運場址","6.2846"
"=""2608""","嘉里大榮","46,936.2667","僅母公司","僅母公司","23,490.2713","僅母公司","僅母公司","14,912.6000","僅母公司","僅母公司","8.9900"
"=""2609""","陽明","4,194,024.6190","僅母公司 ","僅母公司","9,209.9341","僅母公司","僅母公司","1,509,563.5484","僅母公司 ","僅母公司","100.0593"
"=""2610""","華航","6,052,838.1480","母公司個體(包含台灣各地區辦公室、修護廠區及海外分公司/辦事處)","2023年度母公司個體之航機飛航作業及地面作業","16,839.3588","母公司個體(包含台灣各地區辦公室、修護廠區及海外分公司/辦事處)","2023年度母公司個體之航機飛航作業及地面作業","1,389,210.5196","母公司個體(包含台灣各地區辦公室、修護廠區及海外分公司/辦事處)","2023年度母公司個體之航機飛航作業及地面作業","37.4400"
"=""2611""","志信","N/A","N/A","N/A","N/A","N/A","N/A","N/A","N/A","N/A","N/A"
"=""2612""","中航","26,427.4400","本公司採用ISO14064-1為溫室氣體排放之盤查標準，並以海岬型散裝輪船隊、貨櫃運輸曳引車及倉儲物流機具為盤查範疇(亦即涵蓋子公司-海運、陸運及倉儲物流)","N/A","1,416.8700","本公司採用ISO14064-1為溫室氣體排放之盤查標準，並以海岬型散裝輪船隊、貨櫃運輸曳引車及倉儲物流機具為盤查範疇(亦即涵蓋子公司-海運、陸運及倉儲物流)","N/A","363,225.6300","本公司採用ISO14064-1為溫室氣體排放之盤查標準，並以海岬型散裝輪船隊、貨櫃運輸曳引車及倉儲物流機具為盤查範疇(亦即涵蓋子公司-海運、陸運及倉儲物流)","N/A","6.9400"
"=""2613""","中櫃","3,789.6000","基隆站、五堵站、台中站、31W、76W柴油耗用","N/A","8,580.8000","總公司、基隆站、五堵站、台中站、31W、財會部用電","N/A","N/A","N/A","N/A","4.2300"
"=""2614""","東森","109.8090","僅母公司","僅母公司","10,582.4938","僅母公司","僅母公司","2,120.5984","僅母公司","僅母公司","2.1934"
"=""2615""","萬海","4,454,874.8300","集團（含合併報表子公司）","集團（含合併報表子公司）","19,982.1100","集團（含合併報表子公司）","集團（含合併報表子公司）","1,991,247.6500","集團（含合併報表子公司）之營運產生之廢棄物、資本財、燃料及能源相關活動","集團（含合併報表子公司）之營運產生之廢棄物、資本財、燃料及能源相關活動","44.6500"
"=""2616""","山隆","22,818.7000","涵蓋範圍合併財務報表之母子公司","涵蓋範圍合併財務報表之母子公司","2,371.9884","涵蓋範圍合併財務報表之母子公司","涵蓋範圍合併財務報表之母子公司","324,899.2750","涵蓋範圍合併財務報表之母子公司","涵蓋範圍合併財務報表之母子公司","21.3200"
"=""2617""","台航","N/A","N/A","N/A","N/A","N/A","N/A","N/A","N/A","N/A","N/A"
"=""2618""","長榮航","6,501,992.2258","母公司個體之全球營運據點（包含國內外各場站及市區辦公室等處）。","母公司個體之全球營運據點（包含國內外各場站及市區辦公室等處）。","13,737.1761","母公司個體之全球營運據點（包含國內外各場站及市區辦公室等處）。","母公司個體之全球營運據點（包含國內外各場站及市區辦公室等處）。","1,572,838.8037","母公司個體之全球營運據點（包含國內各場站及市區辦公室等處）。","母公司個體之全球營運據點（包含國內各場站及市區辦公室等處）。","34.6200"
"=""2630""","亞航","333.1960","松山廠、台中廠、台南廠(含歸仁場站)、屏東廠、空勤外站(高雄、花蓮、台東機場)、停機線維修(桃園、台中、台南、高雄機場)","N/A","3,403.6170","松山廠、台中廠、台南廠(含歸仁場站)、屏東廠、空勤外站(高雄、花蓮、台東機場)、停機線維修(桃園、台中、台南、高雄機場)","N/A","5,390.2460","台南廠","N/A","1.8766"
"=""2633""","台灣高鐵","8,373.3549","範圍為全公司","全公司","318,094.6858","範圍為全公司","全公司","125,532.6692","範圍為全公司","全公司","6.5540"
"=""2634""","漢翔","6,763.1747","母公司及子公司(美國子公司、翔園文旅子公司)","母公司及子公司(美國子公司、翔園文旅子公司)","68,010.6615","母公司及子公司(美國子公司、翔園文旅子公司)","母公司及子公司(美國子公司、翔園文旅子公司)","28,291.2917","母公司及子公司(美國子公司、翔園文旅子公司)","母公司及子公司(美國子公司、翔園文旅子公司)","1.9124"
"=""2636""","台驊投控","1,107.6390","台灣區母子公司相關移動源及逸散源","N/A","57,448.5820","台灣區母子公司間接溫室氣體排放(輸入電力+商務旅行)","N/A","N/A","N/A","N/A","N/A"
"=""2637""","慧洋-KY","27,638.0000","包含合併財務報表之母子公司","N/A","104.0000","包含合併財務報表之母子公司","N/A","1,358,022.0000","包含合併財務報表之母子公司","N/A","81.5395"
"=""2642""","宅配通","13,051.5530","組織邊界中各據點之固定燃料燃燒源、移動燃燒源、逸散排放源","N/A","4,578.8730","組織邊界中各據點之電力使用統計","N/A","N/A","N/A","N/A","5.1150"
"=""2645""","長榮航太","2,978.9110","維修廠、製造廠、桃園機場租賃辦公室、松山維修部固定源、移動源、製程排放及逸散源排放","維修廠、製造廠、桃園機場租賃辦公室、松山維修部","14,975.6703","維修廠、製造廠、桃園機場租賃辦公室、松山維修部外購能源間接排放","維修廠、製造廠、桃園機場租賃辦公室、松山維修部","N/A","N/A","N/A","1.2200"
"=""2646""","星宇航空","589,857.3800","已完成合併財務報表之母子公司","已完成合併財務報表之母子公司","6,594.2700","已完成合併財務報表之母子公司","已完成合併財務報表之母子公司 ","4,290.0400","已完成合併財務報表之母子公司","已完成合併財務報表之母子公司","41.9500"
"=""2701""","萬企","N/A","N/A","N/A","380.0500","以萬華企業為主體","N/A","N/A","N/A","N/A","1.2800"
"=""2702""","華園","12.1447","華園飯店草衙館","N/A","571.2696","華園飯店草衙館","N/A","N/A","N/A","N/A","7.3284"
"=""2704""","國賓","1,721.0000","台北館、新竹館","N/A","6,411.0000","台北館、新竹館","N/A","N/A","N/A","N/A","6.3622"
"=""2705""","六福","1,613.5381","母公司","N/A","6,528.2510","母公司","N/A","N/A","N/A","N/A","3.6839"
"=""2706""","第一店","N/A","N/A","N/A","N/A","N/A","N/A","N/A","N/A","N/A","N/A"
"=""2707""","晶華","5,845.2300","僅母公司","N/A","9,859.2100","僅母公司","N/A","281.8100","僅母公司","N/A","4.1600"
"=""2712""","遠雄來","304,097.7949","母公司","N/A","4,213.8360","母公司","N/A","N/A","N/A","N/A","469.9872"
"=""2722""","夏都","548.7975","包含合併財務報表之母子公司","N/A","4,483.7456","包含合併財務報表之母子公司","N/A","N/A","N/A","N/A","6.5800"
"=""2723""","美食-KY","N/A","N/A","N/A","N/A","N/A","N/A","N/A","N/A","N/A","N/A"
"=""2727""","王品","5,908.0000","含王品、王莆(子公司)、群品(子公司)、萬鮮(子公司)","固定燃料燃燒源:  餐廳瓦斯爐使用，天然氣","54,246.0000","含王品、王莆(子公司)、群品(子公司)、萬鮮(子公司)","王品總部及門店、王莆(子公司)、群品(子公司)、萬鮮(子公司)所有用電量","N/A","N/A","N/A","3.4811"
"=""2731""","雄獅","113.8697","總公司及桃園分公司等21處，包含來自固定式燃燒源之直接排放發電機、員工餐廳設備、公務車、住宅及商業建築冷氣、家用冷凍、冷藏設備、獨立商用冷凍、冷藏設備等。","總公司及桃園分公司等21處範疇相關設備數據。","1,896.9545","總公司及桃園分公司等21處，來自輸入電力的間接排放，包含有關組織生產與消耗輸入電力之溫室氣體排放。","總公司及桃園分公司等21處,範疇二相關數據。","57.2298","總公司及桃園分公司等21處，處置固體與液體廢棄物產生之排放，係依廢棄物與其處理之特性而定。典型的處理型式為掩埋、焚化、生物處理或循環再利用過程。","總公司及桃園分公司等21處，範疇四_三相關數據。","2,010.8242"
"=""2739""","寒舍","4,825.1023","母公司","N/A","15,126.2100","母公司","N/A","N/A","N/A","N/A","4.1565"
"=""2748""","雲品","1,958.0000","總管理處、君品酒店、雲品溫泉酒店(營業場域+員工宿舍)、頤品大飯店、淡水豪邸嘉廬","N/A","8,380.0000","總管理處、君品酒店、雲品溫泉酒店(營業場域+員工宿舍)、頤品大飯店、淡水豪邸嘉廬","N/A","N/A","N/A","N/A","4.3800"
"=""2753""","八方雲集","7,916.6371","2023年溫室氣體盤查與量化之範圍包含總公司與各生產廠區(研發中心、總廠、北新廠、屯山廠、三芝倉、瓦磘坑倉、淡金倉、員工休閒中心、西螺廠、二崙倉、良星倉、高雄一廠、高雄二廠及總公司辦公室)；不包含各區辦公室與直營門市。","N/A","6,464.8467","2023年溫室氣體盤查與量化之範圍包含總公司與各生產廠區(研發中心、總廠、北新廠、屯山廠、三芝倉、瓦磘坑倉、淡金倉、員工休閒中心、西螺廠、二崙倉、良星倉、高雄一廠、高雄二廠及總公司辦公室)；不包含各區辦公室與直營門市。","N/A","2,797.3427","2023年溫室氣體盤查與量化之範圍包含總公司與各生產廠區(研發中心、總廠、北新廠、屯山廠、三芝倉、瓦磘坑倉、淡金倉、員工休閒中心、西螺廠、二崙倉、良星倉、高雄一廠、高雄二廠及總公司辦公室)；不包含各區辦公室與直營門市。","N/A","1.9594"
"=""2762""","世界健身-KY","N/A","N/A","N/A","N/A","N/A","N/A","N/A","N/A","N/A","N/A"
"=""2801""","彰銀","2,133.5664","合併財務報表之母子公司","合併財務報表之母子公司","13,008.7116","合併財務報表之母子公司","合併財務報表之母子公司","14,676.5658","母公司之國內全數營運據點，盤查內容包含員工通勤、商務旅行、貨物運輸、採購商品、購買資本財、廢棄物處理、生產之產品(信用卡及金融卡等)之碳排放量","母公司之國內全數營運據點，盤查內容包含員工通勤、商務旅行、貨物運輸、採購商品、購買資本財、廢棄物處理、生產之產品(信用卡及金融卡等)之碳排放量","0.3926"
"=""2812""","台中銀","741.3850","母公司個體之全台及海外營運據點","母公司個體之全台及海外營運據點","5,197.5774","母公司個體之全台及海外營運據點","母公司個體之全台及海外營運據點","N/A","N/A","N/A","0.3651"
"=""2816""","旺旺保","N/A","N/A","N/A","524.6000","旺旺友聯搜集了15個營運據點（包含總公司、14家分公司）的能源使用資訊","N/A","N/A","N/A","N/A","0.0515"
"=""2820""","華票","52.0500","包含母公司個體之全台營運據點(總公司及高雄、台南、台中、桃園、板橋分公司共6個營運據點)","包含母公司個體之全台營運據點(總公司及高雄、台南、台中、桃園、板橋分公司共6個營運據點)","311.1900","包含母公司個體之全台營運據點(總公司及高雄、台南、台中、桃園、板橋分公司共6個營運據點)","包含母公司個體之全台營運據點(總公司及高雄、台南、台中、桃園、板橋分公司共6個營運據點)","1,290,326.4400","範疇三資料範圍為員工通勤及投融資，盤查範圍包含母公司個體之全台營運據點(總公司及高雄、台南、台中、桃園、板橋分公司共6個營運據點)","範疇三資料範圍為員工通勤及投融資，盤查範圍包含母公司個體之全台營運據點(總公司及高雄、台南、台中、桃園、板橋分公司共6個營運據點)","0.1799"
"=""2832""","台產","87.6838","本公司所有營運據點","N/A","786.8314","本公司所有營運據點","N/A","201.7099","本公司所有營運據點","N/A","0.1292"
"=""2834""","臺企銀","1,155.2012","合併財務報表之母子公司","合併財務報表之母子公司","10,428.8174","合併財務報表之母子公司","合併財務報表之母子公司","2,918.2215","合併財務報表之母子公司","合併財務報表之母子公司","0.4540"
"=""2836""","高雄銀","239.4851","母公司","母公司","2,263.7876","母公司","母公司","495.4677","母公司","母公司","0.6552"
"=""2838""","聯邦銀","439.3939","包含母公司個體之全台營運據點","包含母公司個體之全台營運據點","7,995.1342","包含母公司個體之全台營運據點","包含母公司個體之全台營運據點","1,629.9371","包含母公司個體之全台營運據點","包含母公司個體之全台營運據點","0.6566"
"=""2845""","遠東銀","306.8858","包含合併財務報表之母子公司","包含合併財務報表之母子公司","5,151.6182","包含合併財務報表之母子公司","包含合併財務報表之母子公司","9,150,810.0000","除類別15（投資類）為本行國內據點及香港分行，其它14項類別為包含合併財務報表之母子公司","N/A","0.4266"
"=""2849""","安泰銀","151.2843","安泰商業銀行股份有限公司(53個據點)","安泰商業銀行股份有限公司(53個據點)","3,518.2016","安泰商業銀行股份有限公司(53個據點)","安泰商業銀行股份有限公司(53個據點)","767.1301","安泰商業銀行股份有限公司(53個據點)","安泰商業銀行股份有限公司(53個據點)","0.7619"
"=""2850""","新產","N/A","N/A","N/A","N/A","N/A","N/A","N/A","N/A","N/A","N/A"
"=""2851""","中再保","6.5976","母公司","中央再保險股份有限公司 台北市中山區南京東路二段53號6F、10F、11F、12F、13F","238.4489","母公司","中央再保險股份有限公司 台北市中山區南京東路二段53號6F、10F、11F、12F、13F","132.1977","母公司","中央再保險股份有限公司 台北市中山區南京東路二段53號6F、10F、11F、12F、13F","0.0111"
"=""2852""","第一保","93.9062","本次指標揭露之邊界為總公司及金保大樓等2個據點","N/A","487.1283","本次指標揭露之邊界為總公司及金保大樓等2個據點","N/A","N/A","N/A","N/A","0.0657"
"=""2855""","統一證","266.0800","包含合併財務報表之母子公司","包含合併財務報表之母子公司","2,785.5100","包含合併財務報表之母子公司","包含合併財務報表之母子公司","646.4700","商務旅行(飛機、高鐵)、電力上游相關活動(未包含在類別2之排放)、一般廢棄物清運與處置、資源回收","包含合併財務報表之母子公司","0.3516"
"=""2867""","三商壽","518.2509","母公司個體之全台營運據點","母公司個體之全台營運據點","7,377.0633","母公司個體之全台營運據點","母公司個體之全台營運據點","36,478,507.5600","投融資部位：三商美邦人壽總公司持有之資產(上市櫃股票、非上市櫃股票、公司債、抵押貸款、主權債)　","同資料邊界","0.4382"
"=""2880""","華南金","2,331.5119","母公司個體及合併財務報表子公司(集團各公司所有據點共311處2023年溫室氣體排放量)","母公司個體及合併財務報表子公司(集團各公司所有據點共311處2023年溫室氣體排放量)","20,590.1191","母公司個體及合併財務報表子公司(集團各公司所有據點共311處2023年溫室氣體排放量)","母公司個體及合併財務報表子公司(集團各公司所有據點共311處2023年溫室氣體排放量)","8,225.2056","員工通勤、商務旅行、購買電力/汽油/柴油/天然氣/用水等上游排放、行政用紙、廢棄物處理、銀行信用卡。","集團各公司所有據點共311處2023年溫室氣體排放量","0.3854"
"=""2881""","富邦金","8,808.2933","包含 : 富邦金控、富邦人壽、台北富邦銀行、富邦產險、富邦證券、富邦投信、富邦期貨、富邦投顧、北富銀創投、富邦育樂、富邦運動場館、日盛銀行(2023年併入台北富邦銀行)、日盛證券(2023年併入富邦證券) 、富邦銀行(香港)、富邦華一銀行、富邦私募股權(2023年納入)、富邦財險(廈門)(2023年納入)。","包含 : 富邦金控、富邦人壽、台北富邦銀行、富邦產險、富邦證券、富邦投信、富邦期貨、富邦投顧、北富銀創投、富邦育樂、富邦運動場館、日盛銀行(2023年併入台北富邦銀行)、日盛證券(2023年併入富邦證券) 、富邦銀行(香港)、富邦華一銀行、富邦私募股權(2023年納入)、富邦財險(廈門)(2023年納入)。","48,423.0326","包含 : 富邦金控、富邦人壽、台北富邦銀行、富邦產險、富邦證券、富邦投信、富邦期貨、富邦投顧、北富銀創投、富邦育樂、富邦運動場館、日盛銀行(2023年併入台北富邦銀行)、日盛證券(2023年併入富邦證券) 、富邦銀行(香港)、富邦華一銀行、富邦私募股權(2023年納入)、富邦財險(廈門)(2023年納入)。","包含 : 富邦金控、富邦人壽、台北富邦銀行、富邦產險、富邦證券、富邦投信、富邦期貨、富邦投顧、北富銀創投、富邦育樂、富邦運動場館、日盛銀行(2023年併入台北富邦銀行)、日盛證券(2023年併入富邦證券) 、富邦銀行(香港)、富邦華一銀行、富邦私募股權(2023年納入)、富邦財險(廈門)(2023年納入)。","342,469.1843","包含 : 富邦金控、富邦人壽、台北富邦銀行、富邦產險、富邦證券、富邦投信、富邦期貨、富邦投顧、北富銀創投、富邦育樂、富邦運動場館、日盛銀行(2023年併入台北富邦銀行)、日盛證券(2023年併入富邦證券) 、富邦銀行(香港)、富邦華一銀行、富邦私募股權(2023年納入)、富邦財險(廈門)(2023年納入)。前揭範疇三排放量中，共33,464.0070噸CO2e經BSI、SGS及香港品質保證局確信。","包含 : 富邦金控、富邦人壽、台北富邦銀行、富邦產險、富邦證券、富邦投信、富邦期貨、富邦投顧、北富銀創投、富邦育樂、富邦運動場館、日盛銀行(2023年併入台北富邦銀行)、日盛證券(2023年併入富邦證券) 、富邦銀行(香港)、富邦華一銀行、富邦私募股權(2023年納入)、富邦財險(廈門)(2023年納入)。","0.0809"
"=""2882""","國泰金","5,455.9747","包含集團(金控、人壽、銀行、產險、證券、投信、投顧、創投、期貨、私募、電業)之國內據點，以及部份海外分支機構數據。","同資料邊界","51,916.9489","包含集團(金控、人壽、銀行、產險、證券、投信、投顧、創投、期貨、私募、電業)之國內據點，以及部份海外分支機構數據。","同資料邊界","10,905,030.9151","【營運端排放】包含集團(金控、人壽、銀行、產險、證券、投信、投顧、創投、期貨、私募、電業)之國內據點，以及部份海外分支機構數據。  【金融資產排放】 國泰金控及旗下子公司參考PCAF設計「投融資組合財務碳排放計算基準」，對國泰集團「科學基礎減碳目標」目標涵蓋各資產類別進行財務碳排放編制及揭露。 投資組合總碳排編制範疇：國泰集團對2023年12月31日所持有之自有投資資產內的上市櫃股票及公司債進行盤查，範疇包括國泰人壽、國泰證券、國泰產險及國泰世華銀行「透過損益按公允價值衡量之金融資產(FVTPL)」、「透過其他綜合損益按公允價值衡量之金融資產(FVTOCI)」、「按攤銷後成本衡量之金融資產(AC)」三個會計科目之自操及委外投資部位。 授信組合總碳排編制範疇：國泰世華銀行2023年12月31日之發電專案融資、商業不動產抵押貸款，以及企業貸款部位(不包含短期貸款及中小企業貸款)。","【營運端排放】類別3~6 【金融資產端排放】同資料邊界","1.1100"
"=""2883""","開發金","1,452.6700","包含母公司個體之全台營運據點、子公司國內所有據點、凱基人壽北京代表處與凱基證券香港及新加坡分公司","包含母公司個體之全台營運據點、子公司國內所有據點、凱基人壽北京代表處與凱基證券香港及新加坡分公司。凱基人壽確信機構為BSI。","20,415.2400","包含母公司個體之全台營運據點、子公司國內所有據點、凱基人壽北京代表處與凱基證券香港及新加坡分公司","包含母公司個體之全台營運據點、子公司國內所有據點、凱基人壽北京代表處與凱基證券香港及新加坡分公司。凱基人壽確信機構為BSI。","7,811.8600","包含母公司個體之全台營運據點、子公司國內所有據點、凱基人壽北京代表處與凱基證券香港及新加坡分公司","包含母公司個體之全台營運據點、子公司國內所有據點、凱基人壽北京代表處與凱基證券香港及新加坡分公司。凱基人壽確信機構為BSI。","0.5500"
"=""2884""","玉山金","2,160.5305","100%持有合併財務報表之母子公司","100%持有合併財務報表之母子公司","24,338.5093","100%持有合併財務報表之母子公司","100%持有合併財務報表之母子公司","46,436.4899","100%持有合併財務報表之母子公司","100%持有合併財務報表之母子公司","0.3017"
"=""2885""","元大金","1,359.6396","元大金控暨子公司(國內營運邊界)","本公司112年度溫室氣體盤查及確信範圍，包含： 1.本公司及各子公司之營運據點。 2.合併報表之各子公司國內轉投資子公司。   (1)元大證券股份有限公司含元大證券金融股份有限公司、元大國際保險經紀人股份有限公司。   (2)元大創業投資股份有限公司含元大壹創業投資股份有限公司。   (3)元大期貨股份有限公司含勝元期資訊股份有限公司。 3.本公司揭露溫室氣體總排放量中，1,359.6396公噸CO2e(佔總排放之7.3%)經確信機構採ISO 14064-3準則確信，確信意見為合理保證。","17,254.2269","元大金控暨子公司(國內營運邊界)","本公司112年度溫室氣體盤查及確信範圍，包含： 本公司112年度溫室氣體盤查及確信範圍，包含： 1.本公司及各子公司之營運據點。 2.合併報表之各子公司國內轉投資子公司。   (1)元大證券股份有限公司含元大證券金融股份有限公司、元大國際保險經紀人股份有限公司。   (2)元大創業投資股份有限公司含元大壹創業投資股份有限公司。   (3)元大期貨股份有限公司含勝元期資訊股份有限公司。 3.本公司揭露溫室氣體總排放量中，17,254.2269公噸CO2e(佔總排放之92.7%)經確信機構採ISO 14064-3準則確信，確信意見為合理保證。","5,345.9549","CAT4-輸入電力、CAT4-廢棄物處置、CAT3-商務旅行、CAT5-出租使用","CAT4-輸入電力、CAT4-廢棄物處置、CAT3-商務旅行、CAT5-出租使用","0.1898"
"=""2886""","兆豐金","2,264.1800","合併財務報表之母子公司","合併財務報表之母子公司","18,779.2200","合併財務報表之母子公司","合併財務報表之母子公司","8,947,787.5200","合併財務報表之母子公司，僅包含燃料上游、商務差旅、財務碳排放、自身廢棄物處理","合併財務報表之母子公司，包含燃料上游、商務差旅、財務碳排放、自身廢棄物處理","0.2721"
"=""2887""","台新金","1,465.2412","全金控含子公司，包含台新金控，台新銀行(共 106 個據點與 5 個海外據點)，以及台新證券、台新資產管理、台新投信、台新創投、台新投顧、台新人壽共43個子公司據點","全金控含子公司，包含台新金控，台新銀行(共 106 個據點與 5 個海外據點)，以及台新證券、台新資產管理、台新投信、台新創投、台新投顧、台新人壽共43個子公司據點","16,465.6051","全金控含子公司，包含台新金控，台新銀行(共 106 個據點與 5 個海外據點)，以及台新證券、台新資產管理、台新投信、台新創投、台新投顧、台新人壽共43個子公司據點","全金控含子公司，包含台新金控，台新銀行(共 106 個據點與 5 個海外據點)，以及台新證券、台新資產管理、台新投信、台新創投、台新投顧、台新人壽共43個子公司據點","1,339,545.1886","全金控含子公司，包含台新金控，台新銀行(共 106 個據點與 5 個海外據點)，以及台新證券、台新資產管理、台新投信、台新創投、台新投顧、台新人壽共43個子公司據點；範疇三查證項目包含：燃料和能源相關活動、產業投資與產品使用(飲水機、ATM、信用卡製造、信用卡使用與廢棄及採購紙張)，其餘項目為內部統計，未經ISO查證","全金控含子公司，包含台新金控，台新銀行(共 106 個據點與 5 個海外據點)，以及台新證券、台新資產管理、台新投信、台新創投、台新投顧、台新人壽共43個子公司據點；範疇三查證項目包含：燃料和能源相關活動、產業投資與產品使用(飲水機、ATM、信用卡製造、信用卡使用與廢棄及採購紙張)，其餘項目為內部統計，未經ISO查證","0.2565"
"=""2889""","國票金","349.0806","設定涵蓋國票金融控股(股)公司、國際票券金融股份有限公司(9個據點)、國票綜合證券股份有限公司(26個據點)、國票證券投資顧問股份有限公司、國票期貨股份有限公司、國票證創業投資股份有限公司、國票創業投資股份有限公司、國旺國際融資租賃有限公司(7個據點)、IBF Financial Holding Co., Ltd.，共計48個據點。另因樂天網銀不在國票金控合併財報內，為符合金管會要求，故將樂天網銀移出組織邊界外，但將樂天網銀排放量依投資比例(49%)納入國票金間接排放中。","設定涵蓋國票金融控股(股)公司、國際票券金融股份有限公司(9個據點)、國票綜合證券股份有限公司(26個據點)、國票證券投資顧問股份有限公司、國票期貨股份有限公司、國票證創業投資股份有限公司、國票創業投資股份有限公司、國旺國際融資租賃有限公司(7個據點)、IBF Financial Holding Co., Ltd.，共計48個據點。另因樂天網銀不在國票金控合併財報內，為符合金管會要求，故將樂天網銀移出組織邊界外，但將樂天網銀排放量依投資比例(49%)納入國票金間接排放中。","3,058.3283","設定涵蓋國票金融控股(股)公司、國際票券金融股份有限公司(9個據點)、國票綜合證券股份有限公司(26個據點)、國票證券投資顧問股份有限公司、國票期貨股份有限公司、國票證創業投資股份有限公司、國票創業投資股份有限公司、國旺國際融資租賃有限公司(7個據點)、IBF Financial Holding Co., Ltd.，共計48個據點。另因樂天網銀不在國票金控合併財報內，為符合金管會要求，故將樂天網銀移出組織邊界外，但將樂天網銀排放量依投資比例(49%)納入國票金間接排放中。","設定涵蓋國票金融控股(股)公司、國際票券金融股份有限公司(9個據點)、國票綜合證券股份有限公司(26個據點)、國票證券投資顧問股份有限公司、國票期貨股份有限公司、國票證創業投資股份有限公司、國票創業投資股份有限公司、國旺國際融資租賃有限公司(7個據點)、IBF Financial Holding Co., Ltd.，共計48個據點。另因樂天網銀不在國票金控合併財報內，為符合金管會要求，故將樂天網銀移出組織邊界外，但將樂天網銀排放量依投資比例(49%)納入國票金間接排放中。","790.9953","設定涵蓋國票金融控股(股)公司、國際票券金融股份有限公司(9個據點)、國票綜合證券股份有限公司(26個據點)、國票證券投資顧問股份有限公司、國票期貨股份有限公司、國票證創業投資股份有限公司、國票創業投資股份有限公司、國旺國際融資租賃有限公司(7個據點)、IBF Financial Holding Co., Ltd.，共計48個據點。另因樂天網銀不在國票金控合併財報內，為符合金管會要求，故將樂天網銀移出組織邊界外，但將樂天網銀排放量依投資比例(49%)納入國票金間接排放中。","設定涵蓋國票金融控股(股)公司、國際票券金融股份有限公司(9個據點)、國票綜合證券股份有限公司(26個據點)、國票證券投資顧問股份有限公司、國票期貨股份有限公司、國票證創業投資股份有限公司、國票創業投資股份有限公司、國旺國際融資租賃有限公司(7個據點)、IBF Financial Holding Co., Ltd.，共計48個據點。另因樂天網銀不在國票金控合併財報內，為符合金管會要求，故將樂天網銀移出組織邊界外，但將樂天網銀排放量依投資比例(49%)納入國票金間接排放中。","0.5918"
"=""2890""","永豐金","1,508.2000","金控及旗下5家主要子公司（永豐銀行、永豐金證券、永豐投信、永豐金租賃、永豐創業投資)之國內外所有營運據點納入統計範疇(包含合併財務報表之母子公司)。","包含合併財務報表之母子公司","15,401.4500","金控及旗下5家主要子公司（永豐銀行、永豐金證券、永豐投信、永豐金租賃、永豐創業投資)之國內外所有營運據點納入統計範疇(包含合併財務報表之母子公司)。","包含合併財務報表之母子公司","3,384,058.4500","資料邊界： 1.上游運輸與配送、採購的產品與服務及營運過程產生的廢棄物等3項邊界包括金控及旗下5家主要子公司（永豐銀行、永豐金證券、永豐投信、永豐金租賃、永豐創業投資）之國內所有營運據點，其餘項目包括國內外所有營運據點(包含合併財務報表之母子公司)。 2.範疇三上游運輸與配送、下游運輸與配送、商務旅行、採購的產品與服務、燃燒與能源相關活動、營運過程產生的廢棄物、上游資產租賃、銷售產品與服務的使用及銷售產品與服務的生命終期處理等9項，經BSI 依ISO14064-3驗證標準驗證通過，排放量為9,316.17 t-CO2e；範疇三投融資部位之碳排放經經BSI 依ISO14064-3驗證標準驗證通過，排放量為3,374,742.28t-CO2e，依循「碳會計金融聯盟（PCAF）」2022年12月30日所發布之《投融資組合財務碳排放：全球溫室氣體盤查和報告準則》（Financed Emissions: The Global GHG Accounting and Reporting Standard Part A）、銀行公會2023年10月發布之《本國銀行投融資組合財務碳排放(範疇三)實務手冊》以及PCAF 2023年12月1日發布《資本市場促進碳排放：全球溫室氣體盤查和報告準則》（Facilitated Emissions: The Global GHG Accounting and Reporting Standard Part Ｂ），以2023年12月29日之自有資金投融資、投信資產管理業務以及2023年度資本市場促進金額進行碳盤查，並於今年度導入ISO 14064溫室氣體排放查證。盤查範疇涵蓋房屋貸款、商業貸款、公司債投資、主權債務、專案投融資、商業不動產投融資、上市櫃/未上市櫃股權投資、機動車貸款等資產類別。 ","上游運輸與配送、採購的產品與服務及營運過程產生的廢棄物等3項邊界包括金控及旗下5家主要子公司（永豐銀行、永豐金證券、永豐投信、永豐金租賃、永豐創業投資）之國內所有營運據點，其餘項目包括國內外所有營運據點(包含合併財務報表之母子公司)","0.3140"
"=""2891""","中信金","4,132.0000","中信金控、中信銀行、台灣彩券、中信保全、台灣人壽(含子公司中信產險及日月行館)、中信資產管理、中信創投(含子公司中信育樂、中信資本及和順興)、中信投信、中信證券(含子公司中信證投顧及中信證創投)及中信資融。","中信金控、中信銀行、台灣彩券、中信保全、台灣人壽(含子公司中信產險及日月行館)、中信資產管理、中信創投(含子公司中信育樂、中信資本及和順興)、中信投信、中信證券(含子公司中信證投顧及中信證創投)及中信資融。","40,044.0000","中信金控、中信銀行、台灣彩券、中信保全、台灣人壽(含子公司中信產險及日月行館)、中信資產管理、中信創投(含子公司中信育樂、中信資本及和順興)、中信投信、中信證券(含子公司中信證投顧及中信證創投)及中信資融。","中信金控、中信銀行、台灣彩券、中信保全、台灣人壽(含子公司中信產險及日月行館)、中信資產管理、中信創投(含子公司中信育樂、中信資本及和順興)、中信投信、中信證券(含子公司中信證投顧及中信證創投)及中信資融。","20,162,923.0000","1.員工差旅：中信金控及中信銀行，包含高鐵、飛機、計程車。 2.員工通勤：中信金控、中信銀行、台灣人壽(含中信產險)、中信證券(含中信證投顧、中信證創投)、中信資產管理、中信創投(含和順興)、中信投信、台灣彩券、中信資融之臺灣地區正式員工。 3.營運中產生的廢物：中信金控、中信銀行全據點及金控轄下各子公司之總部(不含總部園區商家)。 4.與燃料和能源有關的活動：中信金控、中信銀行、台灣彩券、中信保全、台灣人壽(含子公司中信產險及日月行館)、中信資產管理、中信創投(含子公司中信育樂、中信資本及和順興)、中信投信、中信證券(含子公司中信證投顧及中信證創投)及中信資融。 5.投融資： (1)法人授信：中信銀國內外分子行、台灣人壽； (2)股權及公司債投資：中信銀國內外分子行、中信證券及其子公司、台灣人壽及其子公司； (3)電廠專案融資：中信銀國內外分子行、台灣人壽； (4)國內個金房貸：中信銀國內外分子行； (5)商業不動產授信：中信銀國內外分子行、台灣人壽； (6)主權國家債務：投資：中信銀國內外分子行、中信證券及其子公司、台灣人壽及其子公司；授信：中信銀國內外分行。","1.員工差旅：中信金控及中信銀行，包含高鐵、飛機、計程車。 2.員工通勤：中信金控、中信銀行、台灣人壽(含中信產險)、中信證券(含中信證投顧、中信證創投)、中信資產管理、中信創投(含和順興)、中信投信、台灣彩券、中信資融之臺灣地區正式員工。 3.營運中產生的廢物：中信金控、中信銀行全據點及金控轄下各子公司之總部(不含總部園區商家)。 4.與燃料和能源有關的活動：中信金控、中信銀行、台灣彩券、中信保全、台灣人壽(含子公司中信產險及日月行館)、中信資產管理、中信創投(含子公司中信育樂、中信資本及和順興)、中信投信、中信證券(含子公司中信證投顧及中信證創投)及中信資融。 5.投融資：涵蓋高碳排產業暴險、PCAF財務碳排放、暴雨淹水風險與坡地災害風險暴險。","0.3200"
"=""2892""","第一金","2,809.0000","包含合併財務報表之母子公司","包含合併財務報表之母子公司","16,431.0000","包含合併財務報表之母子公司","包含合併財務報表之母子公司","12,925,535.0000","類別三：運輸中的間接溫室氣體排放(上游運輸配送、商務旅行、員工通勤、下游運輸配送) 類別四：組織使用產品造成之間接溫室氣體排放(購買的商品及服務、資本貨物、燃料與能源相關活動、營運中產生的廢棄物) 類別五：使用來自組織之產品造成之間接溫室氣體排放 (銷售產品加工、銷售產品使用、 銷售產品終端處理、下游租賃資產)、投資","商務旅行、員工通勤、下游運輸配送、 燃料與能源相關活動、營運中產生的廢棄物、 銷售產品終端處理、 購買的商品及服務(自來水)","0.2900"
"=""2897""","王道銀行","287.0700","包含母公司個體之全球營運據點","包含母公司個體之全球營運據點","2,471.5900","包含母公司個體之全球營運據點","包含母公司個體之全球營運據點","1,487.1800","包含母公司個體之全球營運據點","包含母公司個體之全球營運據點","0.4000"
"=""2901""","欣欣","N/A","N/A","N/A","2,626,431.0000","本公司賣場大樓(含影城)","N/A","N/A","N/A","N/A","N/A"
"=""2903""","遠百","5,512.2852","遠百母公司及2023年取得ISO 14064認證之子公司，包含遠百各營運據點","遠百母公司及2023年取得ISO 14064認證之子公司，包含遠百各營運據點","72,050.0577","遠百母公司及2023年取得ISO 14064認證之子公司，包含遠百各營運據點","遠百母公司及2023年取得ISO 14064認證之子公司，包含遠百各營運據點","73,049.0714","第4 類：組織使用產品產生之間接溫室氣體排放 (台電、柴油、車用汽油、液化石油氣、水) 第5類：與組織的產品使用相關之間接溫室氣體排放 (台電、水、液化石油氣、天然氣)","遠東百貨組織邊界14大區域地址","12.7570"
"=""2904""","匯僑","N/A","N/A","N/A","N/A","N/A","N/A","N/A","N/A","N/A","N/A"
"=""2905""","三商","1.2555","母公司","母公司","93.7530","母公司","母公司","19.0042","母公司","N/A","0.0006"
"=""2906""","高林","6.5568","本公司依ISO 14064-1:2018組織邊界採營運控制權方法，針對公司2023年度溫室氣體排放或移除量進行彙總。G2000門市佈局全台，其用途為銷售產品之零售門市，溫室氣體盤查推行小組決議22家具代表性之路邊 店門市，以利推動公司減碳業務。","本公司依ISO 14064-1:2018組織邊界採營運控制權方法，針對公司2023年度溫室氣體排放或移除量進行彙總。G2000門市佈局全台，其用途為銷售產品之零售門市，溫室氣體盤查推行小組決議22家具代表性之路邊 店門市，以利推動公司減碳業務。","605.3163","本公司依ISO 14064-1:2018組織邊界採營運控制權方法，針對公司2023年度溫室氣體排放或移除量進行彙總。G2000門市佈局全台，其用途為銷售產品之零售門市，溫室氣體盤查推行小組決議22家具代表性之路邊 店門市，以利推動公司減碳業務。","本公司依ISO 14064-1:2018組織邊界採營運控制權方法，針對公司2023年度溫室氣體排放或移除量進行彙總。G2000門市佈局全台，其用途為銷售產品之零售門市，溫室氣體盤查推行小組決議22家具代表性之路邊 店門市，以利推動公司減碳業務。","119.7459","本公司依ISO 14064-1:2018組織邊界採營運控制權方法，針對公司2023年度溫室氣體排放或移除量進行彙總。G2000門市佈局全台，其用途為銷售產品之零售門市，溫室氣體盤查推行小組決議22家具代表性之路邊 店門市，以利推動公司減碳業務。","本公司依ISO 14064-1:2018組織邊界採營運控制權方法，針對公司2023年度溫室氣體排放或移除量進行彙總。G2000門市佈局全台，其用途為銷售產品之零售門市，溫室氣體盤查推行小組決議22家具代表性之路邊 店門市，以利推動公司減碳業務。","N/A"
"=""2908""","特力","N/A","N/A","N/A","N/A","N/A","N/A","N/A","N/A","N/A","N/A"
"=""2910""","統領","N/A","N/A","N/A","N/A","N/A","N/A","N/A","N/A","N/A","N/A"
"=""2911""","麗嬰房","470.0000","僅母公司","N/A","N/A","N/A","N/A","N/A","N/A","N/A","N/A"
"=""2912""","統一超","30,177.0300","母公司，盤查範圍涵蓋7,009 個據點，包含門市、總公司、商場及地區辦公室、訓練中心用電等，溫室氣體盤查邊界涵蓋率99.45%。","母公司，盤查範圍涵蓋7,009 個據點，包含門市、總公司、商場及地區辦公室、訓練中心用電等，溫室氣體盤查邊界涵蓋率99.45%。","513,790.6000","母公司，盤查範圍涵蓋7,009 個據點，包含門市、總公司、商場及地區辦公室、訓練中心用電等，溫室氣體盤查邊界涵蓋率99.45%。","母公司，盤查範圍涵蓋7,009 個據點，包含門市、總公司、商場及地區辦公室、訓練中心用電等，溫室氣體盤查邊界涵蓋率99.45%。","4,556,627.9300","母公司，包含採購商品、電力上游排放、上游運輸、廢棄物處理、商務旅行、員工通勤、銷售產品廢棄物處理排放。","母公司","2.7500"
"=""2913""","農林","N/A","N/A","N/A","N/A","N/A","N/A","N/A","N/A","N/A","N/A"
"=""2915""","潤泰全","271.9799","母公司","母公司","3,091.3628","母公司","母公司","616.0647","母公司","母公司-有限保證","1.2545"
"=""2923""","鼎固-KY","1,527.0000","包含母子公司主要項目據點、上海打浦橋日月光中心、上海嘉定日月光中心、上海嘉定日月光辦公樓、上海御華山以及重慶日月光中心。","鼎固控股有限公司2023年度母公司個體","39,094.0000","包含母子公司主要項目據點、上海打浦橋日月光中心、上海嘉定日月光中心、上海嘉定日月光辦公樓、上海御華山以及重慶日月光中心。","鼎固控股有限公司2023年度母公司個體","N/A","N/A","N/A","3.4600"
"=""2929""","淘帝-KY","N/A","N/A","N/A","N/A","N/A","N/A","N/A","N/A","N/A","N/A"
"=""2939""","凱羿-KY","N/A","N/A","N/A","N/A","N/A","N/A","N/A","N/A","N/A","N/A"
"=""2945""","三商家購","N/A","N/A","N/A","N/A","N/A","N/A","N/A","N/A","N/A","N/A"
"=""3002""","歐格","N/A","N/A","N/A","37.1715","母公司","N/A","N/A","N/A","N/A","0.0923"
"=""3003""","健和興","70.3466","母公司","N/A","5,244.0698","母公司","N/A","N/A","N/A","N/A","1.9575"
"=""3004""","豐達科","419.1942","豐達科技股份有限公司母公司(TW一、二、三、四廠) 及 其主要子公司(大陸昆山)","豐達科技股份有限公司 母公司(TW一、二、三、四廠) 及 其主要子公司(大陸昆山)皆達合理保證等級之確信","11,697.5422","豐達科技股份有限公司母公司(TW一、二、三、四廠) 及 其主要子公司(大陸昆山)","豐達科技股份有限公司 母公司(TW一、二、三、四廠) 及 其主要子公司(大陸昆山)皆達合理保證等級之確信","9,104.1944","豐達科技股份有限公司母公司(TW一、二、三、四廠) 及 其主要子公司(大陸昆山)","豐達科技股份有限公司 母公司(TW一、二、三、四廠) 及 其主要子公司(大陸昆山)皆查證確信","3.9460"
"=""3005""","神基","13,223.7538","涵蓋神基投控暨其八家子公司","涵蓋神基投控暨其八家子公司","93,958.5677","涵蓋神基投控暨其八家子公司","涵蓋神基投控暨其八家子公司","233,235.3608","涵蓋神基投控暨其八家子公司","涵蓋神基投控暨其八家子公司","3.0806"
"=""3006""","晶豪科","55.8122","台灣辦公室(新竹、台北南港、台南)","N/A","3,896.5984","台灣辦公室(新竹、台北南港、台南)","N/A","N/A","N/A","N/A","0.3326"
"=""3008""","大立光","N/A","N/A","N/A","N/A","N/A","N/A","N/A","N/A","N/A","N/A"
"=""3010""","華立","2,786.3571","母公司華立及子公司全順、國軒 ","N/A","1,248.6473","母公司華立及子公司全順、國軒  ","N/A","973.2811","母公司華立及子公司全順、國軒 ","N/A","13.0000"
"=""3011""","今皓","N/A","N/A","N/A","N/A","N/A","N/A","N/A","N/A","N/A","N/A"
"=""3013""","晟銘電","5,449.8400","包含合併財務報表之母子公司","母公司-內部依據科學園區排放標準係數自行計算影響金額 子公司-東莞成銘電子有限公司-揭露溫室氣體總排放量中，4,501.81公噸CO2e經確信機構採ISO14064-3準則確信，確信意見為合理保證等級確信。 子公司-晟銘電子(寧波)有限公司-揭露溫室氣體總排放量中，192.85公噸CO2e經確信機構採ISO14064-3準則確信，確信意見為合理保證等級確信。","14,670.0200","包含合併財務報表之母子公司","母公司-內部依據科學園區排放標準係數自行計算影響金額 子公司-東莞成銘電子有限公司-揭露溫室氣體總排放量中，7,229.01公噸CO2e經確信機構採ISO14064-3準則確信，確信意見為合理保證等級確信。 子公司-晟銘電子(寧波)有限公司-揭露溫室氣體總排放量中，7.007.20公噸CO2e經確信機構採ISO14064-3準則確信，確信意見為合理保證等級確信。","N/A","N/A","N/A","N/A"
"=""3014""","聯陽","168.4000","母公司","N/A","1,231.0000","母公司","N/A","N/A","N/A","N/A","0.2200"
"=""3015""","全漢","1,141.5335","時間為2023年1月1日~12月31日；廠區包含全漢企業股份有限公司總部、桃二廠區與桃三廠、全漢企業股份有限公司高雄分公司、輝力廠、仲漢電子(深圳)有限公司、深圳市眾漢科技有限公司福永廠、無錫全漢科技有限公司","時間為2023年1月1日~12月31日；廠區包含全漢企業股份有限公司總部、桃二廠區與桃三廠、全漢企業股份有限公司高雄分公司、輝力廠、仲漢電子(深圳)有限公司、深圳市眾漢科技有限公司福永廠、無錫全漢科技有限公司","14,920.9434","時間為2023年1月1日~12月31日；廠區包含全漢企業股份有限公司總部、桃二廠區與桃三廠、全漢企業股份有限公司高雄分公司、輝力廠、仲漢電子(深圳)有限公司、深圳市眾漢科技有限公司福永廠、無錫全漢科技有限公司","時間為2023年1月1日~12月31日；廠區包含全漢企業股份有限公司總部、桃二廠區與桃三廠、全漢企業股份有限公司高雄分公司、輝力廠、仲漢電子(深圳)有限公司、深圳市眾漢科技有限公司福永廠、無錫全漢科技有限公司","49.2337","時間為2023年1月1日~12月31日；廠區包含全漢企業股份有限公司總部、桃二廠區與桃三廠、全漢企業股份有限公司高雄分公司、輝力廠、仲漢電子(深圳)有限公司、深圳市眾漢科技有限公司福永廠、無錫全漢科技有限公司","時間為2023年1月1日~12月31日；廠區包含全漢企業股份有限公司總部、桃二廠區與桃三廠、全漢企業股份有限公司高雄分公司、輝力廠、仲漢電子(深圳)有限公司、深圳市眾漢科技有限公司福永廠、無錫全漢科技有限公司","1.2200"
"=""3016""","嘉晶","602.9000","僅母公司","僅母公司","42,517.1000","僅母公司","僅母公司","8,796.0000","僅母公司","僅母公司","10.2000"
"=""3017""","奇鋐","6,084.1900","台灣、深圳奇宏/興奇宏、東莞明鑫/興奇宏、成都奇宏、武漢奇宏/興奇宏、嘉善萬順達、越南","深圳奇宏/興奇宏-BV 東莞明鑫/興奇宏-BV 成都奇宏-Intertek 武漢奇宏/興奇宏-BV 嘉善萬順達-TUV Rheinland 越南-TUV Nord","96,846.0900","台灣、深圳奇宏/興奇宏、東莞明鑫/興奇宏、成都奇宏、武漢奇宏/興奇宏、嘉善萬順達、越南","深圳奇宏/興奇宏-BV 東莞明鑫/興奇宏-BV 成都奇宏-Intertek 武漢奇宏/興奇宏-BV 嘉善萬順達-TUV Rheinland 越南-TUV Nord","251,081.3000","台灣、深圳奇宏/興奇宏、東莞明鑫/興奇宏、成都奇宏、武漢奇宏/興奇宏、嘉善萬順達、越南","深圳奇宏/興奇宏-BV 東莞明鑫/興奇宏-BV 成都奇宏-Intertek 武漢奇宏/興奇宏-BV 嘉善萬順達-TUV Rheinland 越南-TUV Nord","5.9805"
"=""3018""","隆銘綠能","N/A","N/A","N/A","N/A","N/A","N/A","N/A","N/A","N/A","N/A"
"=""3019""","亞光","177.0520","母公司","母公司","9,411.3251","母公司","母公司","1,853.6881","母公司","母公司","0.5378"
"=""3021""","鴻名","26.1987","母公司(辦公室/泰山工廠)","N/A","163.1997","母公司(辦公室/泰山工廠)","N/A","61.9148","母公司(辦公室/泰山工廠)","N/A","N/A"
"=""3022""","威強電","173.6215","母公司","母公司","1,714.6078","母公司","母公司","1,842.0415","母公司","母公司","0.3802"
"=""3023""","信邦","2,838.3800","本公司、100%持股子公司","本公司、100%持股子公司","18,135.9500","本公司、100%持股子公司","本公司、100%持股子公司","128,715.9000","本公司、100%持股子公司","本公司、100%持股子公司","4.5700"
"=""3024""","憶聲","N/A","N/A","N/A","N/A","N/A","N/A","N/A","N/A","N/A","N/A"
"=""3025""","星通","N/A","N/A","N/A","N/A","N/A","N/A","N/A","N/A","N/A","N/A"
"=""3026""","禾伸堂","367.6258","母公司","母公司","29,670.8726","母公司","母公司","6,865.4039","母公司","母公司","N/A"
"=""3027""","盛達","68.9552","盛達電業、盛齊綠能、盛威儲能、晉好能源及盛智達科技","盛達電業、盛齊綠能、盛威儲能、晉好能源及盛智達科技","312.7713","盛達電業、盛齊綠能、盛威儲能、晉好能源及盛智達科技","盛達電業、盛齊綠能、盛威儲能、晉好能源及盛智達科技","262.1372","盛達電業、盛齊綠能、盛威儲能、晉好能源及盛智達科技","盛達電業、盛齊綠能、盛威儲能、晉好能源及盛智達科技","0.4100"
"=""3028""","增你強","101.2400","台北總公司、新竹、台中及高雄營運據點 ","N/A","574.0800","台北總公司、新竹、台中及高雄營運據點","N/A","N/A","N/A","N/A","0.0470"
"=""3029""","零壹","N/A","N/A","N/A","N/A","N/A","N/A","N/A","N/A","N/A","N/A"
"=""3030""","德律","788.0550","僅母公司","N/A","1,556.9830","僅母公司","N/A","2,208.2300","僅母公司","N/A","1.0266"
"=""3031""","佰鴻","N/A","N/A","N/A","N/A","N/A","N/A","N/A","N/A","N/A","N/A"
"=""3032""","偉訓","5.6000","僅母公司","N/A","476.6300","僅母公司","N/A","150.5200","僅母公司","N/A","0.0751"
"=""3033""","威健","104.4325","母公司營運據點(含香港,大陸)","N/A","369.1078","母公司營運據點(含香港,大陸)","N/A","1,011.4285","母公司營運據點(含香港,大陸)","N/A","0.0143"
"=""3034""","聯詠","750.0743","母公司,子公司(蘇州 , 西安)","母公司,子公司(蘇州 , 西安)","17,913.7282","母公司,子公司(蘇州 , 西安)","母公司,子公司(蘇州 , 西安)","1,646,004.3340","母公司","母公司","0.1666"
"=""3035""","智原","237.3393","僅母公司(新竹營運據點、台北及台南辦公室)為統計邊界","僅母公司(新竹營運據點、台北及台南辦公室)","3,229.0882","僅母公司(新竹營運據點、台北及台南辦公室)為統計邊界","僅母公司(新竹營運據點、台北及台南辦公室)","71,497.3059","僅母公司(新竹營運據點、台北及台南辦公室)為統計邊界","僅母公司(新竹營運據點、台北及台南辦公室)","0.2897"
"=""3036""","文曄","110.0573","個體公司及合併報表台灣子公司","個體公司及合併報表台灣子公司","1,431.8865","個體公司及合併報表台灣子公司","個體公司及合併報表台灣子公司","373.4026","個體公司及合併報表台灣子公司","個體公司及合併報表台灣子公司","0.0041"
"=""3037""","欣興","39,771.0000","母公司及部分子公司","母公司及部分子公司","930,311.0000","母公司及部分子公司","母公司及部分子公司","228,929.0000","母公司及部分子公司","母公司及部分子公司","9.3200"
"=""3038""","全台","98.0000","母公司及東莞廠","N/A","10,492.6900","母公司及東莞廠","N/A","50,520.0100","母公司","N/A","13.9300"
"=""3040""","遠見","0.0000","母公司","N/A","20.0000","母公司","N/A","N/A","N/A","N/A","N/A"
"=""3041""","揚智","0.0000","合併財報之母子公司","N/A","1,442.1100","合併財報之母子公司","N/A","N/A","N/A","N/A","0.0352"
"=""3042""","晶技","1,441.3380","平鎮廠","平鎮廠","21,774.9341","平鎮廠","平鎮廠","4,394.9502","平鎮廠","平鎮廠","3.1366"
"=""3043""","科風","N/A","N/A","N/A","N/A","N/A","N/A","N/A","N/A","N/A","N/A"
"=""3044""","健鼎","68,479.0000","包含合併財務報表之母子公司","無錫及湖北廠區","670,980.0000","包含合併財務報表之母子公司","無錫及湖北廠區。","12,997.0000","無錫廠","N/A","12.5600"
"=""3045""","台灣大","6,098.4759","含合併財務報表之母子公司共30家","含合併財務報表之母子公司共30家","285,603.6986","含合併財務報表之母子公司共30家","含合併財務報表之母子公司共30家","341,603.4850","含合併財務報表之母子公司共30家","含合併財務報表之母子公司共30家","3.9363"
"=""3046""","建碁","0.0000","含合併財務報表之母子公司","含合併財務報表之母子公司","6.6919","含合併財務報表之母子公司","含合併財務報表之母子公司","93.9600","類別3、類別5、類別7","類別3、類別5、類別7","0.0012"
"=""3047""","訊舟","39.1096","母公司(台北總公司) ","N/A","814.0330","母公司(台北總公司)","N/A","515.2385","母公司(台北總公司)","N/A","0.2592"
"=""3048""","益登","N/A","N/A","N/A","N/A","N/A","N/A","N/A","N/A","N/A","0.0045"
"=""3049""","精金","5,757.1929","母公司","母公司","40,356.7506","母公司","母公司","12,264.3630","母公司","母公司","0.0001"
"=""3050""","鈺德","73.4873","僅母公司","N/A","6,080.6072","僅母公司","N/A","N/A","N/A","N/A","N/A"
"=""3051""","力特","4,362.9236","母公司","N/A","9,746.3320","母公司","N/A","N/A","N/A","N/A","7.0405"
"=""3052""","夆典","97.7594","包含 1.夆典科技開發集團總部辦公室，97.5339 tCO2e 2.昌吉營造總部辦公室，0.2256 tCO2e","夆典科技開發集團總部辦公室(新民街)、昌吉營造總部辦公室(中正路)之溫室氣體排放量(範疇一、範疇二)。","162.6840","包含 1.夆典科技開發集團總部辦公室，157.9369 tCO2e 2.昌吉營造總部辦公室，4.7471 tCO2e","夆典科技開發集團總部辦公室(新民街)、昌吉營造總部辦公室(中正路)之溫室氣體排放量(範疇一、範疇二)。","593.9575","夆典科技開發集團總部辦公室、昌吉營造總部辦公室","N/A","0.0748"
"=""3054""","立萬利","N/A","N/A","N/A","N/A","N/A","N/A","N/A","N/A","N/A","N/A"
"=""3055""","蔚華科","N/A","N/A","N/A","1,867.0000","僅母公司","N/A","N/A","N/A","N/A","1.3905"
"=""3056""","富華新","20.0000","資料涵蓋母公司及子公司總太營造","N/A","749.0000","資料涵蓋母公司及子公司總太營造 ","N/A","N/A","N/A","N/A","0.5052"
"=""3057""","喬鼎","21.2200","母公司","N/A","958.4200","母公司","N/A","N/A","N/A","N/A","1.6746"
"=""3058""","立德","N/A","N/A","N/A","N/A","N/A","N/A","N/A","N/A","N/A","N/A"
"=""3059""","華晶科","23.8390","新竹總部、台北辦公室","N/A","1,267.5020","新竹總部、台北辦公室","N/A","N/A","N/A","N/A","0.1420"
"=""3060""","銘異","50.1230","僅母公司桃園市龜山區範疇","N/A","3,836.3990","僅母公司桃園市龜山區範疇","N/A","N/A","N/A","N/A","N/A"
"=""3062""","建漢","145.8026","母公司(含創新廠)","N/A","499.7304","母公司(含創新廠)","N/A","3,850.6649","母公司(含創新廠)","N/A","16.9636"
"=""3090""","日電貿","60.4900","盤查範圍為日電貿公司(僅母公司)/新店、中和","N/A","115.2500","盤查範圍為日電貿公司(僅母公司)/新店、中和","N/A","281.5300","盤查範圍為日電貿公司(僅母公司)","N/A","0.2500"
"=""3092""","鴻碩","1,260.9700","合併財務報表之重要子公司-鴻碩蘇州公司及鴻碩湖北公司","合併財務報表之重要子公司-鴻碩蘇州公司及鴻碩湖北公司","16,792.0800","合併財務報表之重要子公司-鴻碩蘇州公司及鴻碩湖北公司","合併財務報表之重要子公司-鴻碩蘇州公司及鴻碩湖北公司","20,766.3000","合併財務報表之重要子公司-鴻碩蘇州公司及鴻碩湖北公司","合併財務報表之重要子公司-鴻碩蘇州公司及鴻碩湖北公司","17.9793"
"=""3094""","聯傑","87.7770","聯傑大樓(排除出租樓層並且不含公共區域)+台南兩間辦公室","N/A","399.8872","聯傑大樓(排除出租樓層並且不含公共區域)+台南兩間辦公室","N/A","830.9600","母公司","N/A","2.1022"
"=""3130""","一零四","98.1005","包含全集團。","N/A","1,069.5302","包含合併財務報表之母子公司。","N/A","N/A","N/A","N/A","0.5013"
"=""3138""","耀登","14.9659","母公司","母公司","118.7835","母公司","母公司","61.9204","母公司","母公司","0.1400"
"=""3149""","正達","218.0300","母子公司(台灣地區)","N/A","14,914.7000","母子公司(台灣地區)","N/A","4,664.1800","母子公司(台灣地區)","N/A","18.5300"
"=""3150""","鈺寶-創","N/A","N/A","N/A","N/A","N/A","N/A","N/A","N/A","N/A","N/A"
"=""3164""","景岳","239.1000","製程用:112年鍋爐天然氣使用量","N/A","1,859.2400","112年全廠用電","N/A","N/A","N/A","N/A","6.7810"
"=""3167""","大量","85.3079","僅母公司","N/A","475.9706","僅母公司","N/A","N/A","N/A","N/A","N/A"
"=""3168""","眾福科","68.9641","合併財務報表之母子公司","N/A","5,414.7424","合併財務報表之母子公司","N/A","N/A","N/A","N/A","N/A"
"=""3189""","景碩","13,287.0570","母公司","母公司","224,552.9364","母公司","母公司","108,854.4258","母公司","母公司","12.2959"
"=""3209""","全科","N/A","N/A","N/A","245.9400","本公司台灣總部、台灣的各點辦公室及物流倉儲。","N/A","N/A","N/A","N/A","0.0044"
"=""3229""","晟鈦","N/A","N/A","N/A","4,149.0000","合併財務報表之母子公司","N/A","N/A","N/A","N/A","4.4700"
"=""3231""","緯創","15,378.0100","緯創資通股份有限公司、緯創資通(昆山)有限公司、緯創資通(中山)有限公司、緯創資通(重慶)有限公司、緯創資通(成都)有限公司、Wistron InfoComm Mexico S.A. de C.V. 、Wistron InfoComm (Czech Republic) s.r.o. 、緯視晶光電(昆山)有限公司、Wistron Technology (Malaysia) Sdn. Bhd. 、Wistron InfoComm (Vietnam) Co., Ltd、高雄晶傑達光電科技股份有限公司、緯潤高新材料(昆山)有限公司、蔚隆(昆山)汽車電子有限公司及2023年報中之專業投資/控股事業(鼎創有限公司除外）","同資料邊界","246,984.1800","緯創資通股份有限公司、緯創資通(昆山)有限公司、緯創資通(中山)有限公司、緯創資通(重慶)有限公司、緯創資通(成都)有限公司、Wistron InfoComm Mexico S.A. de C.V. 、Wistron InfoComm (Czech Republic) s.r.o. 、緯視晶光電(昆山)有限公司、Wistron Technology (Malaysia) Sdn. Bhd. 、Wistron InfoComm (Vietnam) Co., Ltd、高雄晶傑達光電科技股份有限公司、緯潤高新材料(昆山)有限公司、蔚隆(昆山)汽車電子有限公司及2023年報中之專業投資/控股事業(鼎創有限公司除外）","同資料邊界","7,901,089.8500","緯創資通股份有限公司、緯創資通(昆山)有限公司、緯創資通(中山)有限公司、緯創資通(重慶)有限公司、緯創資通(成都)有限公司、Wistron InfoComm Mexico S.A. de C.V. 、Wistron InfoComm (Czech Republic) s.r.o. 、緯視晶光電(昆山)有限公司、Wistron Technology (Malaysia) Sdn. Bhd. 、Wistron InfoComm (Vietnam) Co., Ltd、高雄晶傑達光電科技股份有限公司、緯潤高新材料(昆山)有限公司、蔚隆(昆山)汽車電子有限公司及2023年報中之專業投資/控股事業(鼎創有限公司除外）","同資料邊界","0.4000"
"=""3257""","虹冠電","927.0000","母公司或包含合併財務報表之母子公司","N/A","N/A","N/A","N/A","N/A","N/A","N/A","0.8664"
"=""3266""","昇陽","N/A","N/A","N/A","95.7780","僅母公司辦公區域的外購電力(台電購電)","N/A","N/A","N/A","N/A","0.0252"
"=""3296""","勝德","311.2050","採營運控制權法定義 包含勝德國際研發股份有限公司、東莞詮盛電器有限公司、勝興(越南-海陽)科技責任有限公司","N/A","3,502.2998","採營運控制權法定義 包含勝德國際研發股份有限公司、東莞詮盛電器有限公司、勝興(越南-海陽)科技責任有限公司","N/A","N/A","N/A","N/A","N/A"
"=""3305""","昇貿","N/A","N/A","N/A","N/A","N/A","N/A","N/A","N/A","N/A","N/A"
"=""3308""","聯德","N/A","N/A","N/A","N/A","N/A","N/A","N/A","N/A","N/A","N/A"
"=""3311""","閎暉","N/A","N/A","N/A","N/A","N/A","N/A","N/A","N/A","N/A","N/A"
"=""3312""","弘憶股","N/A","N/A","N/A","N/A","N/A","N/A","N/A","N/A","N/A","N/A"
"=""3321""","同泰","14.6070","母公司","N/A","8,725.3439","母公司","N/A","N/A","N/A","N/A","6.7500"
"=""3338""","泰碩","N/A","N/A","N/A","N/A","N/A","N/A","N/A","N/A","N/A","N/A"
"=""3346""","麗清","19.5000","母公司","N/A","2,129.5000","母公司","N/A","N/A","N/A","N/A","1.1900"
"=""3356""","奇偶","N/A","N/A","N/A","N/A","N/A","N/A","N/A","N/A","N/A","N/A"
"=""3376""","新日興","676.3528","母公司(台北總部)、合併財務報表之子公司(蘇州欣日興廠、昆山呈越廠、東莞呈越廠、福清呈杰廠及重慶欣日興廠)","母公司(台北總部)、合併財務報表之子公司(蘇州欣日興廠、昆山呈越廠、東莞呈越廠、福清呈杰廠及重慶欣日興廠)","23,899.6227","母公司(台北總部)、合併財務報表之子公司(蘇州欣日興廠、昆山呈越廠、東莞呈越廠、福清呈杰廠及重慶欣日興廠)","母公司(台北總部)、合併財務報表之子公司(蘇州欣日興廠、昆山呈越廠、東莞呈越廠、福清呈杰廠及重慶欣日興廠)","66,916.1431","母公司(台北總部)、合併財務報表之子公司(蘇州欣日興廠、昆山呈越廠、東莞呈越廠、福清呈杰廠及重慶欣日興廠)","母公司(台北總部)、合併財務報表之子公司(蘇州欣日興廠、昆山呈越廠、東莞呈越廠、福清呈杰廠及重慶欣日興廠)","2.4411"
"=""3380""","明泰","85.5502","採取營運控制權法。盤查範圍為明泰科技股份有限公司新竹廠","採取營運控制權法。盤查範圍為明泰科技股份有限公司新竹廠","4,791.7539","採取營運控制權法。盤查範圍為明泰科技股份有限公司新竹廠","採取營運控制權法。盤查範圍為明泰科技股份有限公司新竹廠","549.1743","採取營運控制權法。盤查範圍為明泰科技股份有限公司新竹廠","採取營運控制權法。盤查範圍為明泰科技股份有限公司新竹廠","0.2672"
"=""3406""","玉晶光","N/A","N/A","N/A","N/A","N/A","N/A","N/A","N/A","N/A","N/A"
"=""3413""","京鼎","469.3281","1.京鼎精密科技、承鼎精密、凱諾科技股份有限公司(科中廠) 2.京鼎精密科技、承鼎精密股份有限公司竹南科研廠(科研廠) 3.銓冠半導體科技股份有限公司 4.凱樺康半導體設備南京有限公司 5.Foxsemicon LLC. 6.Foxsemicon Integrated Technology Inc. (SAMOA) 7.Success Praise Corporation. 8.Mindtech Corp. (SAMOA)","1.京鼎&承鼎&凱諾(股)公司 (苗栗縣竹南鎮科中路16號) 2.京鼎&承鼎(股)公司竹南科研廠 (苗栗縣竹南鎮科研路70號) 3.Foxsemicon LLC (96 Bonaventura Dr, San Jose, CA, USA.) 4.公司員工宿舍 (頭份幼英、頭份文化、頭份八德、竹南天仁、南科陽光)","19,709.6434","1.京鼎精密科技、承鼎精密、凱諾科技股份有限公司(科中廠) 2.京鼎精密科技、承鼎精密股份有限公司竹南科研廠(科研廠) 3.銓冠半導體科技股份有限公司 4.凱樺康半導體設備南京有限公司 5.Foxsemicon LLC. 6.Foxsemicon Integrated Technology Inc. (SAMOA) 7.Success Praise Corporation. 8.Mindtech Corp. (SAMOA) 9.富士邁半導體精密工業(上海)有限公司 10.富曜半導體(昆山)有限公司","1.京鼎&承鼎&凱諾(股)公司 (苗栗縣竹南鎮科中路16號) 2.京鼎&承鼎(股)公司竹南科研廠 (苗栗縣竹南鎮科研路70號) 3.Foxsemicon LLC (96 Bonaventura Dr, San Jose, CA, USA.) 4.公司員工宿舍 (頭份幼英、頭份文化、頭份八德、竹南天仁、南科陽光)","13,227.6677","1.京鼎精密科技、承鼎精密、凱諾科技股份有限公司(科中廠) 2.京鼎精密科技、承鼎精密股份有限公司竹南科研廠(科研廠) 3.銓冠半導體科技股份有限公司 4.凱樺康半導體設備南京有限公司 5.Foxsemicon LLC. 6.Foxsemicon Integrated Technology Inc. (SAMOA) 7.Success Praise Corporation. 8.Mindtech Corp. (SAMOA)","1.京鼎&承鼎&凱諾(股)公司 (苗栗縣竹南鎮科中路16號) 2.京鼎&承鼎(股)公司竹南科研廠 (苗栗縣竹南鎮科研路70號) 3.Foxsemicon LLC (96 Bonaventura Dr, San Jose, CA, USA.) 4.公司員工宿舍 (頭份幼英、頭份文化、頭份八德、竹南天仁、南科陽光)","0.2437"
"=""3416""","融程電","126.0106","僅母公司","N/A","717.0748","僅母公司","N/A","N/A","N/A","N/A","0.3400"
"=""3419""","譁裕","107.8000","僅母公司","N/A","729.1500","僅母公司","N/A","891.1100","僅母公司","N/A","0.7300"
"=""3432""","台端","0.0000","合併財務報表之母子公司","N/A","97.0514","合併財務報表之母子公司","N/A","N/A","N/A","N/A","N/A"
"=""3437""","榮創","256.7300","母公司(湖口/四維廠區)","N/A","7,130.6100","母公司(湖口/四維廠區)","N/A","N/A","N/A","N/A","3.7449"
"=""3443""","創意","933.0934","包含合併財務報表之母子公司","包含合併財務報表之母子公司","9,417.9627","包含合併財務報表之母子公司","包含合併財務報表之母子公司","195,464.2331","包含合併財務報表之母子公司","包含合併財務報表之母子公司","7.8400"
"=""3447""","展達","114.1688","母公司(台北總部)、合併財務報表之子公司(蘇州工廠、泰國工廠)","母公司(台北總部)、合併財務報表之子公司(蘇州工廠、泰國工廠)","3,180.5641","母公司(台北總部)、合併財務報表之子公司(蘇州工廠、泰國工廠)","母公司(台北總部)、合併財務報表之子公司(蘇州工廠、泰國工廠)","614,115.3071","母公司(台北總部)、合併財務報表之子公司(蘇州工廠、泰國工廠)","母公司(台北總部)、合併財務報表之子公司(蘇州工廠、泰國工廠)","1.1485"
"=""3450""","聯鈞","481.2078","母公司","N/A","7,138.0792","母公司","N/A","2,953.6889","母公司","N/A","1.4112"
"=""3481""","群創","109,369.5540","合併財務報表之母子公司","合併財務報表之母子公司","2,493,974.3640","合併財務報表之母子公司","合併財務報表之母子公司","1,647,629.9180","合併財務報表之母子公司","合併財務報表之母子公司","12.2100"
"=""3494""","誠研","15.6408","公務車（汽油）、噴燈瓦斯（PLG）、桶裝瓦斯、化糞池、飲水機、冷氣機、恆溫恆溼機、冰水主機、冰箱、冷凍式乾燥機、滅火設備滅火器","N/A","722.8742","外購電力","N/A","N/A","N/A","N/A","1.0925"
"=""3501""","維熹","1,117.0000","合併財務報表之母子公司(不含美日子公司)","N/A","12,922.0000","合併財務報表之母子公司(不含美日子公司)","N/A","3,366.0000","合併財務報表之母子公司(不含美日子公司)","N/A","N/A"
"=""3504""","揚明光","804.9287","新竹科學園區新安路7號地下1樓至3樓","合理保證等級","11,314.7798","新竹科學園區新安路7號地下1樓至3樓","合理保證等級","4,642.2007","新竹科學園區新安路7號地下1樓至3樓","有限保證等級","4.4087"
"=""3515""","華擎","266.1030","母公司(台灣)","N/A","609.9100","母公司(台灣)","N/A","N/A","N/A","N/A","0.0610"
"=""3518""","柏騰","N/A","N/A","N/A","N/A","N/A","N/A","N/A","N/A","N/A","N/A"
"=""3528""","安馳","N/A","N/A","N/A","N/A","N/A","N/A","N/A","N/A","N/A","N/A"
"=""3530""","晶相光","4.9868","母公司","母公司","109.1356","母公司","母公司","0.5768","母公司","母公司","114.6992"
"=""3532""","台勝科","5,914.8200","母公司","母公司","224,035.6500","母公司","母公司","5,359,211.0700","母公司","母公司","375.7200"
"=""3533""","嘉澤","3,381.1400","本公司廣州廠、中山廠、蘇州廠、越南廠","本公司廣州廠、中山廠、蘇州廠、越南廠","42,159.7400","本公司廣州廠、中山廠、蘇州廠、越南廠","本公司廣州廠、中山廠、蘇州廠、越南廠","110,854.0730","本公司廣州廠、中山廠、蘇州廠","本公司廣州廠、中山廠、蘇州廠","1.6805"
"=""3535""","晶彩科","N/A","N/A","N/A","296,837.0930","竹北總公司","N/A","N/A","N/A","N/A","N/A"
"=""3543""","州巧","1,068.8781","盤查相關資訊為2023年1月1日至2023年12月31日期間之溫室氣體排放;對象以100 %營運控制權設定組織邊界。組織邊界為本公司總部暨工廠包括新竹廠,台南廠,蘇州廠,廈門廠","1-1. 固定燃燒源 1-2. 移動燃燒源 1-3. 製程排放源 1-4. 逸散性排放源","10,313.3231","盤查相關資訊為2023年1月1日至2023年12月31日期間之溫室氣體排放;對象以100 %營運控制權設定組織邊界。組織邊界為本公司總部暨工廠包括新竹廠,台南廠,蘇州廠,廈門廠","能源間接排放：來自於輸入的電力所產生之溫室氣體排放，但不包含能源生命週期上游之排放。","N/A","N/A","N/A","3.4997"
"=""3545""","敦泰","1,706.0270","合併財報範圍公司(部分營運據點如美國、韓國因人數少，2023年尚未納入)","N/A","1,126.4332","合併財報範圍公司(部分營運據點如美國、韓國因人數少，2023年尚未納入)","N/A","176,811.6072","合併財報範圍公司(部分營運據點如美國、韓國因人數少，2023年尚未納入)","N/A","13.2403"
"=""3550""","聯穎","N/A","N/A","N/A","N/A","N/A","N/A","N/A","N/A","N/A","N/A"
"=""3557""","嘉威","330.1600","母公司及大陸子公司","N/A","24,454.6900","母公司及大陸子公司","N/A","N/A","N/A","N/A","5.2152"
"=""3563""","牧德","53.4362","新竹工業東二路2之3號、新竹市展業一路1號1F、新竹市展業一路3號1F、新竹市展業一路1號2F 子公司黑澤科技 新竹市工業東二路2之3號3F(部份區域)","N/A","803.0994","新竹工業東二路2之3號、新竹市展業一路1號1F、新竹市展業一路3號1F、新竹市展業一路1號2F 子公司黑澤科技 新竹市工業東二路2之3號3F(部份區域)","N/A","N/A","N/A","N/A","0.4864"
"=""3576""","聯合再生","1,182.4803","母公司個體（包含台北總部、竹科廠、竹南廠、台南廠及高雄辦公室）","母公司個體（包含台北總部、竹科廠、竹南廠、台南廠及高雄辦公室）","41,774.5072","母公司個體（包含台北總部、竹科廠、竹南廠、台南廠及高雄辦公室）","母公司個體（包含台北總部、竹科廠、竹南廠、台南廠及高雄辦公室）","966.7468","母公司個體（包含台北總部、竹科廠、竹南廠、台南廠及高雄辦公室）","母公司個體（包含台北總部、竹科廠、竹南廠、台南廠及高雄辦公室）","5.1403"
"=""3583""","辛耘","886.3177","母公司-湖口廠","母公司-湖口廠","9,523.6020","母公司-湖口廠","母公司-湖口廠","N/A","N/A","N/A","N/A"
"=""3588""","通嘉","N/A","N/A","N/A","N/A","N/A","N/A","721.1900","竹北市母公司所在地、新北市板橋及台南市辦公室","N/A","0.7021"
"=""3591""","艾笛森","151.3186","艾笛森(含子公司艾特光電)於台灣所有廠區","N/A","1,514.8957","艾笛森(含子公司艾特光電)於台灣所有廠區","N/A","1,077.7078","艾笛森(含子公司艾特光電)於台灣所有廠區","N/A","1.2203"
"=""3592""","瑞鼎","128.7600","母公司","母公司","1,222.1363","母公司","母公司","N/A","N/A","N/A","0.0740"
"=""3593""","力銘","N/A","N/A","N/A","N/A","N/A","N/A","N/A","N/A","N/A","N/A"
"=""3596""","智易","738.6000","1.智易科技股份有限公司 2.仁寶網路資訊(昆山)有限公司 3.Arcadyan Technology (Vietnam) Co., Ltd. 4.上海廣智技術發展有限公司","1.智易科技股份有限公司 2.仁寶網路資訊(昆山)有限公司 3.Arcadyan Technology (Vietnam) Co., Ltd.","24,297.1900","1.智易科技股份有限公司 2.仁寶網路資訊(昆山)有限公司 3.Arcadyan Technology (Vietnam) Co., Ltd. 4.上海廣智技術發展有限公司","1.智易科技股份有限公司 2.仁寶網路資訊(昆山)有限公司 3.Arcadyan Technology (Vietnam) Co., Ltd.","3,304,633.6300","1.智易科技股份有限公司 2.仁寶網路資訊(昆山)有限公司 3.Arcadyan Technology (Vietnam) Co., Ltd. 4.上海廣智技術發展有限公司","1.智易科技股份有限公司 2.仁寶網路資訊(昆山)有限公司 3.Arcadyan Technology (Vietnam) Co., Ltd.","0.4880"
"=""3605""","宏致","238.4736","1.東園總部：桃園市中壢區東園路 13 號 2.精工中心：桃園市中壢區過嶺路二段 530 -6 號，並包含所有宏致電子製造流程及管理設施。並排除於組織邊界中子公司（廣迎新、龍翰控制所屬之排放源及自動販賣機、桶裝飲水機。","由第三方查證機構 UL依據 ISO 14064-1 2018、 ISO 14064-3 2019查證，直接溫 室氣體排放及移除量以及能源間接溫室氣體排放之查證等級為合理保證等級；其他間接溫室氣體排放之查證等級為有限保證等級， 實質性門檻為 5%，於 2024年 5月通過。","4,216.9170","1.東園總部：桃園市中壢區東園路 13 號 2.精工中心：桃園市中壢區過嶺路二段 530 -6 號，並包含所有宏致電子製造流程及管理設施。並排除於組織邊界中子公司（廣迎新、龍翰控制所屬之排放源及自動販賣機、桶裝飲水機。","由第三方查證機構 UL依據 ISO 14064-1 2018、 ISO 14064-3 2019查證，直接溫 室氣體排放及移除量以及能源間接溫室氣體排放之查證等級為合理保證等級；其他間接溫室氣體排放之查證等級為有限保證等級， 實質性門檻為 5%，於 2024年 5月通過。","1,529.9477","1.東園總部：桃園市中壢區東園路 13 號 2.精工中心：桃園市中壢區過嶺路二段 530 -6 號，並包含所有宏致電子製造流程及管理設施。並排除於組織邊界中子公司（廣迎新、龍翰控制所屬之排放源及自動販賣機、桶裝飲水機。","由第三方查證機構 UL依據 ISO 14064-1 2018、 ISO 14064-3 2019查證，直接溫 室氣體排放及移除量以及能源間接溫室氣體排放之查證等級為合理保證等級；其他間接溫室氣體排放之查證等級為有限保證等級， 實質性門檻為 5%，於 2024年 5月通過。","1.4688"
"=""3607""","谷崧","N/A","N/A","N/A","N/A","N/A","N/A","N/A","N/A","N/A","N/A"
"=""3617""","碩天","128.8677","僅母公司資料","僅母公司資料","678.1014","僅母公司資料","僅母公司資料","147.2243","僅母公司資料","僅母公司資料","0.1381"
"=""3622""","洋華","4,798.5800","母公司","N/A","2,002.9400","母公司","N/A","N/A","N/A","N/A","4.1498"
"=""3645""","達邁","15,027.4700","母公司","N/A","26,813.6800","母公司","N/A","N/A","N/A","N/A","26.8900"
"=""3652""","精聯","N/A","N/A","N/A","404.0000","僅母公司","N/A","N/A","N/A","N/A","0.2161"
"=""3653""","健策","433.3670","母公司","母公司","27,289.7650","母公司","母公司","904.4024","母公司","母公司","2.5509"
"=""3661""","世芯-KY","8.0252","台北及新竹營運據點 ","N/A","226.6843","台北及新竹營運據點 ","N/A","N/A","N/A","N/A","0.0150"
"=""3665""","貿聯-KY","4,371.5300","全球34個生產廠區: 昆山貿聯廠、昆山翔光廠、常州廠、常州BCNC廠、深圳通盈廠、翔耀廠、康聯廠、廈門新視廠、百事聯廠、佛山城鉞廠、新加坡加冷廠、馬來西亞柔佛廠、馬來西亞檳城廠、台灣台南廠、加州廠、密西根廠、德州廠、墨西哥廠、加拿大廠、塞爾維亞廠、斯洛伐克廠、德國廠、法國廠、捷克廠、義大利廠等。","全球34個生產廠區: 昆山貿聯廠、昆山翔光廠、常州廠、常州BCNC廠、深圳通盈廠、翔耀廠、康聯廠、廈門新視廠、百事聯廠、佛山城鉞廠、新加坡加冷廠、馬來西亞柔佛廠、馬來西亞檳城廠、台灣台南廠、加州廠、密西根廠、德州廠、墨西哥廠、加拿大廠、塞爾維亞廠、斯洛伐克廠、德國廠、法國廠、捷克廠、義大利廠等。","31,512.4500","全球34個生產廠區: 昆山貿聯廠、昆山翔光廠、常州廠、常州BCNC廠、深圳通盈廠、翔耀廠、康聯廠、廈門新視廠、百事聯廠、佛山城鉞廠、新加坡加冷廠、馬來西亞柔佛廠、馬來西亞檳城廠、台灣台南廠、加州廠、密西根廠、德州廠、墨西哥廠、加拿大廠、塞爾維亞廠、斯洛伐克廠、德國廠、法國廠、捷克廠、義大利廠等。","全球34個生產廠區: 昆山貿聯廠、昆山翔光廠、常州廠、常州BCNC廠、深圳通盈廠、翔耀廠、康聯廠、廈門新視廠、百事聯廠、佛山城鉞廠、新加坡加冷廠、馬來西亞柔佛廠、馬來西亞檳城廠、台灣台南廠、加州廠、密西根廠、德州廠、墨西哥廠、加拿大廠、塞爾維亞廠、斯洛伐克廠、德國廠、法國廠、捷克廠、義大利廠等。","6,247.1700","全球34個生產廠區: 昆山貿聯廠、昆山翔光廠、常州廠、常州BCNC廠、深圳通盈廠、翔耀廠、康聯廠、廈門新視廠、百事聯廠、佛山城鉞廠、新加坡加冷廠、馬來西亞柔佛廠、馬來西亞檳城廠、台灣台南廠、加州廠、密西根廠、德州廠、墨西哥廠、加拿大廠、塞爾維亞廠、斯洛伐克廠、德國廠、法國廠、捷克廠、義大利廠等。","全球34個生產廠區: 昆山貿聯廠、昆山翔光廠、常州廠、常州BCNC廠、深圳通盈廠、翔耀廠、康聯廠、廈門新視廠、百事聯廠、佛山城鉞廠、新加坡加冷廠、馬來西亞柔佛廠、馬來西亞檳城廠、台灣台南廠、加州廠、密西根廠、德州廠、墨西哥廠、加拿大廠、塞爾維亞廠、斯洛伐克廠、德國廠、法國廠、捷克廠、義大利廠等。","0.7030"
"=""3669""","圓展","108.2275","母公司 ","母公司 ","1,969.0840","合併財務報表之母子公司","合併財務報表之母子公司 ","52,567.1269","母公司","母公司 ","21.9915"
"=""3673""","TPK-KY","8,234.3683","包含合併財務報表之母子公司","宸鴻科技(廈門)有限公司、祥達光學(廈門)有限公司集美分公司；固定燃燒排放、移動式燃燒、過程排放（制程排放）、逸散排放","177,489.1744","包含合併財務報表之母子公司","宸鴻科技(廈門)有限公司、祥達光學(廈門)有限公司集美分公司；外購電力的間接排放","427,566.7433","包含合併財務報表之母子公司","宸鴻科技(廈門)有限公司、祥達光學(廈門)有限公司集美分公司；運輸中的間接溫室氣體排放、組織使用的產品的間接溫室氣體排放、與使用組織產品有關的間接溫室氣體排放","2.6585"
"=""3679""","新至陞","265.7020","新至陞台灣總部、昆山廠、深圳廠及越南廠","N/A","28,586.8620","新至陞台灣總部、昆山廠、深圳廠及越南廠","N/A","N/A","N/A","N/A","8.2262"
"=""3686""","達能","0.0000","包含合併財務報表之母子公司","N/A","28.8000","包含合併財務報表之母子公司","N/A","N/A","N/A","N/A","0.7000"
"=""3694""","海華","129.7300","子公司之上海廠區","N/A","8,510.6700","子公司之上海廠區","N/A","10.5200","子公司之上海廠區","N/A","0.9076"
"=""3701""","大眾控","489.9999","母公司及部分合併財務報表之子公司 大眾全球投資控股股份有限公司、大眾電腦股份有限公司、英屬開曼群島商眾大科技股份有限公司台灣分公司、攸泰科技股份有限公司、睿剛電訊股份有限公司、眾晶科技股份有限公司、3CEMS Corp.(Cayman)、廣上科技（廣州）有限公司、才眾電腦(深圳)有限公司 ","母公司及部分合併財務報表之子公司 大眾全球投資控股股份有限公司、大眾電腦股份有限公司、英屬開曼群島商眾大科技股份有限公司台灣分公司、攸泰科技股份有限公司、睿剛電訊股份有限公司、廣上科技（廣州）有限公司、才眾電腦(深圳)有限公司","20,344.4705","母公司及部分合併財務報表之子公司 大眾全球投資控股股份有限公司、大眾電腦股份有限公司、英屬開曼群島商眾大科技股份有限公司台灣分公司、攸泰科技股份有限公司、睿剛電訊股份有限公司、眾晶科技股份有限公司、3CEMS Corp.(Cayman)、廣上科技（廣州）有限公司、才眾電腦(深圳)有限公司 ","母公司及部分合併財務報表之子公司 大眾全球投資控股股份有限公司、大眾電腦股份有限公司、英屬開曼群島商眾大科技股份有限公司台灣分公司、攸泰科技股份有限公司、睿剛電訊股份有限公司、廣上科技（廣州）有限公司、才眾電腦(深圳)有限公司","95,911.9209","母公司及部分合併財務報表之子公司 大眾全球投資控股股份有限公司、大眾電腦股份有限公司、英屬開曼群島商眾大科技股份有限公司台灣分公司、攸泰科技股份有限公司、睿剛電訊股份有限公司、眾晶科技股份有限公司、3CEMS Corp.(Cayman)、廣上科技（廣州）有限公司、才眾電腦(深圳)有限公司 ","母公司及部分合併財務報表之子公司 大眾全球投資控股股份有限公司、大眾電腦股份有限公司、英屬開曼群島商眾大科技股份有限公司台灣分公司、攸泰科技股份有限公司、睿剛電訊股份有限公司、廣上科技（廣州）有限公司、才眾電腦(深圳)有限公司","0.4621"
"=""3702""","大聯大","1,250.8417","包含大聯大控股股份有限公司合併財務報表之母子公司(惟不包含鑫聯大控股之鑫加淘（上海）實業發展有限公司)。","大聯大控股股份有限公司及部分列入合併財務報表之子公司(涵蓋臺灣地區、中國大陸地區、韓國地區、新加坡地區及馬來西亞地區)。","6,158.7427","包含大聯大控股股份有限公司合併財務報表之母子公司(惟不包含鑫聯大控股之鑫加淘（上海）實業發展有限公司)。","大聯大控股股份有限公司及部分列入合併財務報表之子公司(涵蓋臺灣地區、中國大陸地區、韓國地區、新加坡地區及馬來西亞地區)。","75,533.6497","盤查類別：上、下游運輸、商務差旅、採購商品/服務使用、銷售產品使用(限捷元之自有品牌產品)、下游資產租賃、銷售產品最終處理(限捷元之自有品牌產品)。 盤查範圍：大聯大控股股份有限公司及部分合併財務報表之子公司(涵蓋部分臺灣地區、全部中國大陸地區及全部海外地區的辦公室及自有倉庫)。","確信類別：上、下游運輸、商務差旅、採購商品/服務使用、銷售產品使用(限捷元之自有品牌產品)、下游資產租賃、銷售產品最終處理(限捷元之自有品牌產品)。 確信範圍：大聯大控股股份有限公司及部分合併財務報表之子公司(涵蓋部分臺灣地區、全部中國大陸地區及全部海外地區辦公室及自有倉庫)。","0.0110"
"=""3703""","欣陸","4,001.6200","母公司及主要營運子公司","母公司及欣陸管顧公司","48,496.3400","母公司及主要營運子公司","母公司及欣陸管顧公司","18,335.1200","集團總部大樓、淡水/橋頭/鳳山/安平/臨海水資中心及欣達環工工程營造據點","母公司及欣陸管顧公司","1.7152"
"=""3704""","合勤控","631.6077","合勤投控及其子公司合勤科技、兆勤科技及盟創科技於台灣廠區","合勤投控及其子公司合勤科技、兆勤科技及盟創科技於台灣廠區","5,564.0418","合勤投控及其子公司合勤科技、兆勤科技及盟創科技於台灣廠區","合勤投控及其子公司合勤科技、兆勤科技及盟創科技於台灣廠區","957,556.1948","合勤投控及其子公司合勤科技、兆勤科技及盟創科技於台灣廠區","合勤投控及其子公司合勤科技、兆勤科技及盟創科技於台灣廠區","0.2039"
"=""3705""","永信","8,391.1539","永信國際投資控股股份有限公司、永信藥品工業股份有限公司","N/A","19,009.4465","永信國際投資控股股份有限公司、永信藥品工業股份有限公司","N/A","43,996.8740","永信國際投資控股股份有限公司、永信藥品工業股份有限公司","N/A","3.8988"
"=""3706""","神達","3,159.4168","(集團營收95%以上之主要據點) 神達控股股份有限公司，神達電腦股份有限公司，神雲科技股份有限公司，神達數位股份有限公司，昆達電腦科技（昆山）有限公司，璽達信息科技(昆山)有限公司，佛山市順德區順達電腦廠有限公司，MiTAC Information Systems Corp. 內的直接排放源","(集團營收95%以上之主要據點) 神達控股股份有限公司，神達電腦股份有限公司，神雲科技股份有限公司，神達數位股份有限公司，昆達電腦科技（昆山）有限公司，璽達信息科技(昆山)有限公司，佛山市順德區順達電腦廠有限公司，MiTAC Information Systems Corp. 內的直接排放源","33,979.3179","(集團營收95%以上之主要據點) 神達控股股份有限公司，神達電腦股份有限公司，神雲科技股份有限公司，神達數位股份有限公司，昆達電腦科技（昆山）有限公司，璽達信息科技(昆山)有限公司，佛山市順德區順達電腦廠有限公司，MiTAC Information Systems Corp. 內的能源間接排放源","(集團營收95%以上之主要據點) 神達控股股份有限公司，神達電腦股份有限公司，神雲科技股份有限公司，神達數位股份有限公司，昆達電腦科技（昆山）有限公司，璽達信息科技(昆山)有限公司，佛山市順德區順達電腦廠有限公司，MiTAC Information Systems Corp. 內的能源間接排放源","186,281.7105","(集團營收95%以上之主要據點) 神達控股股份有限公司，神達電腦股份有限公司，神雲科技股份有限公司，神達數位股份有限公司，昆達電腦科技（昆山）有限公司，璽達信息科技(昆山)有限公司，佛山市順德區順達電腦廠有限公司，MiTAC Information Systems Corp. 的非能源間接排放源，包括: 跨國產品運輸、員工交通車、跨國商務旅行、購買原料、廢棄物清運及處理。","(集團營收95%以上之主要據點) 神達控股股份有限公司，神達電腦股份有限公司，神雲科技股份有限公司，神達數位股份有限公司，昆達電腦科技（昆山）有限公司，璽達信息科技(昆山)有限公司，佛山市順德區順達電腦廠有限公司，MiTAC Information Systems Corp. 的非能源間接排放源，包括: 跨國產品運輸、員工交通車、跨國商務旅行、購買原料、廢棄物清運及處理。","1.0451"
"=""3708""","上緯投控","1,715.6620","上緯國際投資控股股份有限公司、上緯創新育成股份有限公司、上緯興業股份有限公司、上偉碳纖複合材料股份有限公司、旺來企業股份有限公司、磁震科技開發股份有限公司","N/A","2,353.2910","上緯國際投資控股股份有限公司、上緯創新育成股份有限公司、上緯興業股份有限公司、上偉碳纖複合材料股份有限公司、旺來企業股份有限公司、磁震科技開發股份有限公司","N/A","N/A","N/A","N/A","1.1577"
"=""3711""","日月光投控","75,303.1781","母公司個體(台北辦公室)，以及三大子公司廠區(包含日月光半導體製造股份有限公司高雄廠、中壢廠、無錫廠、上海材料廠、上海月芯半導體、日本廠、韓國廠、新加坡廠、馬來西亞廠、ISE Labs；矽品精密工業股份有限公司大豐廠、中山廠、中科廠、中科二廠、中工廠、新竹廠、彰化廠、蘇州廠；環電股份有限公司：南投廠、張江廠、昆山廠、金橋廠、惠州廠、墨西哥廠、越南廠。)","母公司個體(台北辦公室)(28.7900 tCO2e)，以及三大子公司廠區(75274.3881 tCO2e)(包含日月光半導體製造股份有限公司高雄廠、中壢廠、無錫廠、上海材料廠、上海月芯半導體、日本廠、韓國廠、新加坡廠、馬來西亞廠、ISE Labs；矽品精密工業股份有限公司大豐廠、中山廠、中科廠、中科二廠、中工廠、新竹廠、彰化廠、蘇州廠；環電股份有限公司：南投廠、張江廠、昆山廠、金橋廠、惠州廠、墨西哥廠、越南廠。)","1,649,384.0461","母公司個體(台北辦公室)，以及三大子公司廠區(包含日月光半導體製造股份有限公司高雄廠、中壢廠、無錫廠、上海材料廠、上海月芯半導體、日本廠、韓國廠、新加坡廠、馬來西亞廠、ISE Labs；矽品精密工業股份有限公司大豐廠、中山廠、中科廠、中科二廠、中工廠、新竹廠、彰化廠、蘇州廠；環電股份有限公司：南投廠、張江廠、昆山廠、金橋廠、惠州廠、墨西哥廠、越南廠。)","母公司個體(台北辦公室)(37.1275 tCO2e)，以及三大子公司廠區(1649346.9186 tCO2e)(包含日月光半導體製造股份有限公司高雄廠、中壢廠、無錫廠、上海材料廠、上海月芯半導體、日本廠、韓國廠、新加坡廠、馬來西亞廠、ISE Labs；矽品精密工業股份有限公司大豐廠、中山廠、中科廠、中科二廠、中工廠、新竹廠、彰化廠、蘇州廠；環電股份有限公司：南投廠、張江廠、昆山廠、金橋廠、惠州廠、墨西哥廠、越南廠。)","9,892,016.5283","母公司個體(台北辦公室)，以及三大子公司廠區(包含日月光半導體製造股份有限公司高雄廠、中壢廠、無錫廠、上海材料廠、上海月芯半導體、日本廠、韓國廠、新加坡廠、馬來西亞廠、ISE Labs；矽品精密工業股份有限公司大豐廠、中山廠、中科廠、中科二廠、中工廠、新竹廠、彰化廠、蘇州廠；環電股份有限公司：南投廠、張江廠、昆山廠、金橋廠、惠州廠、墨西哥廠、越南廠。)","母公司個體(台北辦公室)(171.0377 tCO2e)，以及三大子公司廠區(9891845.49068 tCO2e)(包含日月光半導體製造股份有限公司高雄廠、中壢廠、無錫廠、上海材料廠、上海月芯半導體、日本廠、韓國廠、新加坡廠、馬來西亞廠、ISE Labs；矽品精密工業股份有限公司大豐廠、中山廠、中科廠、中科二廠、中工廠、新竹廠、彰化廠、蘇州廠；環電股份有限公司：南投廠、張江廠、昆山廠、金橋廠、惠州廠、墨西哥廠、越南廠。)","0.0908"
"=""3712""","永崴投控","0.3024","僅母公司","僅母公司","7.1168","僅母公司","僅母公司","3.8131","僅母公司","僅母公司","0.0193"
"=""3714""","富采","37,478.2712","包含：富采、晶元光電、隆達電子、晶成半導體、晶品光電(常州)、晶宇光電(廈門)、江蘇璨揚光電、達亮電子(滁州)","包含：富采、晶元光電、隆達電子、晶成半導體、晶品光電(常州)、晶宇光電(廈門)、江蘇璨揚光電、達亮電子(滁州)","246,976.2903","包含：富采、晶元光電、隆達電子、晶成半導體、晶品光電(常州)、晶宇光電(廈門)、江蘇璨揚光電、達亮電子(滁州)","包含：富采、晶元光電、隆達電子、晶成半導體、晶品光電(常州)、晶宇光電(廈門)、江蘇璨揚光電、達亮電子(滁州)","333,534.9443","包含：富采、晶元光電、隆達電子、晶成半導體、晶品光電(常州)、晶宇光電(廈門)、江蘇璨揚光電","包含：富采、晶元光電、隆達電子、晶成半導體、晶品光電(常州)、晶宇光電(廈門)、江蘇璨揚光電","12.7526"
"=""3715""","定穎投控","23,703.5556","包含合併財務報表之母子公司","包含合併財務報表之母子公司","165,097.5750","包含合併財務報表之母子公司","包含合併財務報表之母子公司","207,040.0813","包含合併財務報表之母子公司","包含合併財務報表之母子公司","12.0645"
"=""4104""","佳醫","48.8383","僅母公司","僅母公司","203.0317","僅母公司","僅母公司","490.2666","僅母公司","僅母公司","0.1414"
"=""4106""","雃博","N/A","N/A","N/A","N/A","N/A","N/A","N/A","N/A","N/A","N/A"
"=""4108""","懷特","114.7100","台北公司及楊梅精製廠","N/A","1,440.7500","台北公司及楊梅精製廠","N/A","N/A","N/A","N/A","N/A"
"=""4119""","旭富","2,416.0000","僅母公司","N/A","8,154.0000","僅母公司","N/A","90,134.7480","僅母公司","N/A","8.8000"
"=""4133""","亞諾法","N/A","N/A","N/A","N/A","N/A","N/A","N/A","N/A","N/A","N/A"
"=""4137""","麗豐-KY","439.5719","本公司盤查範圍採營運控制法，盤查範圍涵蓋上海總公司辦公室、微碩工廠及上海倫新診所。 預計於2024年開始全集團數據統計，並計算排放密集度。","N/A","1,568.8247","本公司盤查範圍採營運控制法，盤查範圍涵蓋上海總公司辦公室、微碩工廠及上海倫新診所。 預計於2024年開始全集團數據統計，並計算排放密集度。","N/A","N/A","N/A","N/A","N/A"
"=""4142""","國光生","4,499.7161","台中巿潭子區潭興路一段3號、台中市潭子區潭興路一段17巷5-12號","N/A","12,247.6860","台中巿潭子區潭興路一段3號 ","N/A","N/A","N/A","N/A","0.0094"
"=""4148""","全宇生技-KY","N/A","N/A","N/A","N/A","N/A","N/A","N/A","N/A","N/A","N/A"
"=""4155""","訊映","54.3240","僅母公司","N/A","588.3629","僅母公司","N/A","N/A","N/A","N/A","0.0456"
"=""4164""","承業醫","N/A","N/A","N/A","583.7490","包含合併財務報表之母子公司","N/A","N/A","N/A","N/A","0.1506"
"=""4190""","佐登-KY","N/A","N/A","N/A","N/A","N/A","N/A","N/A","N/A","N/A","N/A"
"=""4306""","炎洲","7,888.7700","僅母公司","N/A","24,939.3100","僅母公司","N/A","N/A","N/A","N/A","19.8640"
"=""4414""","如興","N/A","N/A","N/A","N/A","N/A","N/A","N/A","N/A","N/A","N/A"
"=""4426""","利勤","14,470.0000","母公司","N/A","4,731.0000","母公司","N/A","N/A","N/A","N/A","19,201.0000"
"=""4438""","廣越","2,050.3876","台灣內湖總部和中國廠區（嘉興廠）與越南廠區（古芝廠、前江廠、隆安廠）","N/A","5,736.7485","台灣內湖總部和中國廠區（嘉興廠）與越南廠區（古芝廠、前江廠、隆安廠）","N/A","2,292.5748","台灣內湖總部和中國廠區（嘉興廠）與越南廠區（古芝廠、前江廠、隆安廠）","N/A","N/A"
"=""4439""","冠星-KY","16,686.1720","TOP SPORTS TEXTILE LTD.","TOP SPORTS TEXTILE LTD.","15,802.0072","TOP SPORTS TEXTILE LTD.","TOP SPORTS TEXTILE LTD.","135,228.6450","TOP SPORTS TEXTILE LTD.","TOP SPORTS TEXTILE LTD.","9.1589"
"=""4440""","宜新實業","120.6368","台北公司與彰化廠區","N/A","12,955.5402","外購電力","N/A","0.7434","彰化廠區","N/A","13.1551"
"=""4526""","東台","269.6090","路科一廠","N/A","2,956.4240","路科一廠","N/A","N/A","N/A","N/A","1.2200"
"=""4532""","瑞智","3,841.7618","直接溫室氣體排放(類別1)：針對直接來自於本廠所擁有或控制的排放源。","瑞智精密股份有限公司觀音厰。本公司採用營運控制權法，邊界內所涵蓋之所有排放源組織擁有百分之百溫室氣體排放及／或削減量的控制權。","4,809.8957","能源間接溫室氣體排放(類別2)：組織使用進口/外購電力、熱或蒸氣產生有關的間接溫室氣體排放。","瑞智精密股份有限公司觀音厰。本公司採用營運控制權法，邊界內所涵蓋之所有排放源組織擁有百分之百溫室氣體排放及／或削減量的控制權。","3,880.6152","運輸間接排放源(類別3)：針對工廠之上游原料及下游產品運送所產生之排放，以及員工通勤、出差所造成之運輸間接溫室氣體排放。 原料/服務間接排放源(類別4)：與組織使用/服務有關而產生之上游開採、加工之溫室氣體排放、因組織使用/服務而產生之廢棄物處裡溫室氣體排放。","瑞智精密股份有限公司觀音厰。本公司採用營運控制權法，邊界內所涵蓋之所有排放源組織擁有百分之百溫室氣體排放及／或削減量的控制權。","1.9307"
"=""4536""","拓凱","713.6000","本排放量包含台灣廠區及大陸廈門新凱廠區","N/A","33,272.9000","本排放量包含台灣廠區及大陸廈門新凱廠區","N/A","N/A","N/A","N/A","N/A"
"=""4540""","全球傳動","386.8468","新北市樹林區三多路123號、125號、127號、129號","N/A","7,516.0800","新北市樹林區三多路123號、125號、127號、129號","N/A","1,979.8708","新北市樹林區三多路123號、125號、127號、129號","N/A","3.3303"
"=""4545""","銘鈺","1,074.2510","僅母公司(包含辦公室、工廠及員工宿舍)","僅母公司(包含辦公室、工廠及員工宿舍)","5,035.7141","僅母公司(包含辦公室、工廠及員工宿舍)","僅母公司(包含辦公室、工廠及員工宿舍)","1,400.0069","僅母公司(包含辦公室、工廠及員工宿舍)","N/A","5.8414"
"=""4551""","智伸科","898.6700","包含子公司：東莞海益機械配件有限公司、浙江智泓科技有限公司、旭申國際科技股份有限公司","僅子公司：浙江智泓科技有限公司","46,151.2500","包含母公司智伸科技股份有限公司，及子公司：東莞海益機械配件有限公司、浙江智泓科技有限公司、旭申國際科技股份有限公司、嘉興智興科技有限公司","僅子公司：浙江智泓科技有限公司","896,733.4100","包含子公司：東莞海益機械配件有限公司、浙江智泓科技有限公司、旭申國際科技股份有限公司","僅包含子公司浙江智泓科技有限公司","132.5167"
"=""4552""","力達-KY","N/A","N/A","N/A","N/A","N/A","N/A","N/A","N/A","N/A","2.4617"
"=""4555""","氣立","23.8570","僅母公司","僅母公司","516.7635","僅母公司","僅母公司","202.0514","僅母公司","僅母公司","1.2631"
"=""4557""","永新-KY","N/A","N/A","N/A","N/A","N/A","N/A","N/A","N/A","N/A","N/A"
"=""4560""","強信-KY","N/A","N/A","N/A","N/A","N/A","N/A","N/A","N/A","N/A","N/A"
"=""4562""","穎漢","165.9040","科技一廠","N/A","474.5660","科技一廠","N/A","N/A","N/A","N/A","0.9843"
"=""4564""","元翎","12,243.0260","母公司","N/A","9,125.7336","母公司","N/A","N/A","N/A","N/A","28.7604"
"=""4566""","時碩工業","755.3352","盤查範疇包含臺灣廠區(新屋廠、幼獅廠、汐止辦公室)、無錫廠區、西安廠區等","盤查範疇包含臺灣廠區(新屋廠、幼獅廠、汐止辦公室)、無錫廠區、西安廠區等","12,827.4009","盤查範疇包含臺灣廠區(新屋廠、幼獅廠、汐止辦公室)、無錫廠區、西安廠區等","盤查範疇包含臺灣廠區(新屋廠、幼獅廠、汐止辦公室)、無錫廠區、西安廠區等","2,800.8919","盤查範疇包含臺灣廠區(新屋廠、幼獅廠、汐止辦公室)、無錫廠區、西安廠區等","盤查範疇包含臺灣廠區(新屋廠、幼獅廠、汐止辦公室)、無錫廠區、西安廠區等之員工通勤、商務差旅、廢棄物、燃料及能源上游使用量。","3.2270"
"=""4569""","六方科-KY","200.0000","合併財務報表之母子公司","N/A","7,120.0000","合併財務報表之母子公司","N/A","2,485.0000","合併財務報表之母子公司","N/A","6.0200"
"=""4571""","鈞興-KY","N/A","N/A","N/A","N/A","N/A","N/A","N/A","N/A","N/A","N/A"
"=""4572""","駐龍","N/A","N/A","N/A","N/A","N/A","N/A","N/A","N/A","N/A","N/A"
"=""4576""","大銀微系統","490.0332","包含合併財務報表之母子公司","母公司總部及二廠","3,970.4868","包含合併財務報表之母子公司","母公司總部及二廠","1,031.3456","包含合併財務報表之母子公司","母公司總部及二廠","2.3800"
"=""4581""","光隆精密-KY","251.4500","包含合併財務報表之母子公司","N/A","2,362.8100","包含合併財務報表之母子公司","N/A","N/A","N/A","N/A","2.1833"
"=""4583""","台灣精銳","83.0000","母公司","N/A","11,341.0000","母公司","N/A","N/A","N/A","N/A","5.3583"
"=""4588""","玖鼎電力","30.9805","本公司","N/A","384.9300","本公司","N/A","81.0645","本公司","N/A","0.4011"
"=""4720""","德淵","962.4400","德淵企業桃園廠","N/A","1,895.5500","德淵企業總公司及桃園廠","N/A","N/A","N/A","N/A","0.8600"
"=""4722""","國精化","8,145.0000","母公司","N/A","6,347.0000","母公司","N/A","11.0000","母公司","N/A","4.7300"
"=""4736""","泰博","N/A","N/A","N/A","N/A","N/A","N/A","N/A","N/A","N/A","N/A"
"=""4737""","華廣","294.4033","母公司","母公司","5,895.5566","母公司","母公司","1,510.2712","母公司","母公司","N/A"
"=""4739""","康普","6,866.9500","康普材料科技股份有限公司 天弘化學股份有限公司 恆誼化工股份有限公司 ","康普材料科技股份有限公司 天弘化學股份有限公司 恆誼化工股份有限公司 ","16,895.3000","康普材料科技股份有限公司 天弘化學股份有限公司 恆誼化工股份有限公司 ","康普材料科技股份有限公司 天弘化學股份有限公司 恆誼化工股份有限公司 ","N/A","N/A","N/A","5.0100"
"=""4746""","台耀","8,444.8654","母公司","N/A","27,042.3504","母公司","N/A","20,611.5045","母公司","N/A","8.1650"
"=""4755""","三福化","2,638.3415","2023年 三福化工之善化廠、柳科廠、高雄廠、台北辦公室、竹北辦公室","三福化工之善化廠、柳科廠、高雄廠、台北辦公室、竹北辦公室","17,085.2004","2023年 三福化工之善化廠、柳科廠、高雄廠、台北辦公室、竹北辦公室","三福化工之善化廠、柳科廠、高雄廠、台北辦公室、竹北辦公室","3,998.9670","2023年 三福化工之善化廠、柳科廠、高雄廠、台北辦公室、竹北辦公室","三福化工之善化廠、柳科廠、高雄廠、台北辦公室、竹北辦公室","N/A"
"=""4763""","材料-KY","59,770.4300","合併財務報表之母子公司","合併財務報表之母子公司","50,227.6300","合併財務報表之母子公司","合併財務報表之母子公司","88,022.8000","合併財務報表之子公司","N/A","17.9600"
"=""4764""","雙鍵","2,319.1896","母公司","N/A","3,742.3948","母公司","N/A","N/A","N/A","N/A","2.7218"
"=""4766""","南寶","6,468.3900","母公司","N/A","10,075.3000","母公司","N/A","165,149.7800","母公司","N/A","2.7683"
"=""4770""","上品","646.4194","母公司範疇一範圍","N/A","7,180.9010","母公司範疇二範圍","N/A","1,772.8418","母公司部分範疇三範圍","N/A","1.6865"
"=""4771""","望隼","177.6609","母公司","母公司","6,867.1153","母公司","母公司","1,604.8949","母公司","母公司","5.0880"
"=""4807""","日成-KY","133.0000","1.重要子公司 Regal Jewelry Manufacture Co., Ltd. 2.重要子公司 Regal Plating Co., Ltd.","1.重要子公司 Regal Jewelry Manufacture Co., Ltd. 2.重要子公司 Regal Plating Co., Ltd.","3,239.0000","1.重要子公司 Regal Jewelry Manufacture Co., Ltd. 2.重要子公司 Regal Plating Co., Ltd.","1.重要子公司 Regal Jewelry Manufacture Co., Ltd. 2.重要子公司 Regal Plating Co., Ltd.","3,446.0000","1.重要子公司 Regal Jewelry Manufacture Co., Ltd. 2.重要子公司 Regal Plating Co., Ltd.","1.重要子公司 Regal Jewelry Manufacture Co., Ltd. 2.重要子公司 Regal Plating Co., Ltd.","2.9347"
"=""4904""","遠傳","7,115.6526","遠傳電信及合併報表子公司(含亞太電信)","遠傳電信及合併報表子公司(含亞太電信)","332,874.7498","遠傳電信及合併報表子公司(含亞太電信)","遠傳電信及合併報表子公司(含亞太電信)","121,899.2531","遠傳電信及合併報表子公司(含亞太電信)","遠傳電信及合併報表子公司(含亞太電信)","3.6289"
"=""4906""","正文","2,594.4772","台灣總部、昆山廠、常熟廠及越南廠","台灣總部、昆山廠、常熟廠及越南廠","28,795.7245","台灣總部、昆山廠、常熟廠及越南廠","台灣總部、昆山廠、常熟廠及越南廠","4,974.5884","台灣總部、昆山廠、常熟廠及越南廠","台灣總部、昆山廠、常熟廠及越南廠","1.2010"
"=""4912""","聯德控股-KY","481.6340","重要子公司聯德精密材料(中國)股份有限公司","N/A","4,447.3700","重要子公司聯德精密材料(中國)股份有限公司","N/A","973,721.2500","重要子公司聯德精密材料(中國)股份有限公司","N/A","0.0069"
"=""4915""","致伸","4,974.1238","包括子公司共11個據點","廠內固定、移動、逸散等排放源，如交通車、柴油發電機、空調、實驗設備、汙水處理池、化糞池…等","28,487.8554","包括子公司共11個據點","外購電力、自發自用太陽能、外購再生能源、購買再生能源憑證","1,973,519.6670","包括子公司共11個據點","上游運輸與配送、下游運輸與配送、商務旅行、員工通勤、購買的商品(原物料)、廠內廢棄物處理(含運輸)、資本財、電力燃料使用(上游)、產品使用、產品廢棄處理","0.5532"
"=""4916""","事欣科","N/A","N/A","N/A","N/A","N/A","N/A","N/A","N/A","N/A","N/A"
"=""4919""","新唐","39,793.9287","新唐科技股份有限公司(含合併財報子公司)","新唐科技股份有限公司(含合併財報子公司)","98,350.3600","新唐科技股份有限公司(含合併財報子公司)","新唐科技股份有限公司(含合併財報子公司)","724,911.3164","新唐科技股份有限公司(含合併財報子公司中之新唐日本)","新唐科技股份有限公司(含合併財報子公司中之新唐日本)","3.9081"
"=""4927""","泰鼎-KY","11,937.0100","合併財務報告子公司盤查","合併財務報告子公司確信","144,389.4500","合併財務報告子公司盤查","合併財務報告子公司確信","17,199.4400","合併財務報告子公司盤查","合併財務報告子公司確信","12.3800"
"=""4930""","燦星網","N/A","N/A","N/A","N/A","N/A","N/A","N/A","N/A","N/A","N/A"
"=""4934""","太極","88.9300","含合併財務報表之母子公司(台灣母公司+越南子公司) 僅有-生產製造地'越南""有數字","N/A","28,654.5331","含合併財務報表之母子公司(台灣母公司+越南子公司)","N/A","N/A","N/A","N/A","13.2193"
"=""4935""","茂林-KY","425.5756","台灣廠區","台灣廠區","7,964.4656","台灣廠區","台灣廠區","13,815.0337","台灣廠區","台灣廠區","N/A"
"=""4938""","和碩","33,097.7028","和碩聯合科技(股)公司、昌碩科技(上海)、世碩電子(昆山)、名碩電腦(蘇州)、康碩電子(蘇州)、凱碩電腦(蘇州)、旭碩科技(重慶)、凱全電子(重慶)、Pegatron Mexico S.A. de C.V.、PEGATRON Czech s.r.o.、PT. PEGATRON TECHNOLOGY INDONESIA、PEGATRON VIETNAM COMPANY LIMITED、PEGATRON TECHNOLOGY HAI PHONG COMPANY LIMITED、PEGATRON TECHNOLOGY INDIA PRIVATE LIMITED、Pegatron Japan Inc.、PEGATRON SERVICE SINGAPORE PTE. LTD.、PEGATRON SERVICE KOREA LLC.、PEGATRON TECHNOLOGY SERVICE INC.、PEGATRON SERVICE AUSTRALIA PTY. LTD","和碩聯合科技(股)公司、昌碩科技(上海)、世碩電子(昆山)、名碩電腦(蘇州)、康碩電子(蘇州)、凱碩電腦(蘇州)、旭碩科技(重慶)、凱全電子(重慶)、Pegatron Mexico S.A. de C.V.、PEGATRON Czech s.r.o.、PT. PEGATRON TECHNOLOGY INDONESIA、PEGATRON VIETNAM COMPANY LIMITED、PEGATRON TECHNOLOGY HAI PHONG COMPANY LIMITED、PEGATRON TECHNOLOGY INDIA PRIVATE LIMITED、Pegatron Japan Inc.、PEGATRON SERVICE SINGAPORE PTE. LTD.、PEGATRON SERVICE KOREA LLC.、PEGATRON TECHNOLOGY SERVICE INC.、PEGATRON SERVICE AUSTRALIA PTY. LTD","248,032.3529","和碩聯合科技(股)公司、昌碩科技(上海)、世碩電子(昆山)、名碩電腦(蘇州)、康碩電子(蘇州)、凱碩電腦(蘇州)、旭碩科技(重慶)、凱全電子(重慶)、Pegatron Mexico S.A. de C.V.、PEGATRON Czech s.r.o.、PT. PEGATRON TECHNOLOGY INDONESIA、PEGATRON VIETNAM COMPANY LIMITED、PEGATRON TECHNOLOGY HAI PHONG COMPANY LIMITED、PEGATRON TECHNOLOGY INDIA PRIVATE LIMITED、Pegatron Japan Inc.、PEGATRON SERVICE SINGAPORE PTE. LTD.、PEGATRON SERVICE KOREA LLC.、PEGATRON TECHNOLOGY SERVICE INC.、PEGATRON SERVICE AUSTRALIA PTY. LTD","和碩聯合科技(股)公司、昌碩科技(上海)、世碩電子(昆山)、名碩電腦(蘇州)、康碩電子(蘇州)、凱碩電腦(蘇州)、旭碩科技(重慶)、凱全電子(重慶)、Pegatron Mexico S.A. de C.V.、PEGATRON Czech s.r.o.、PT. PEGATRON TECHNOLOGY INDONESIA、PEGATRON VIETNAM COMPANY LIMITED、PEGATRON TECHNOLOGY HAI PHONG COMPANY LIMITED、PEGATRON TECHNOLOGY INDIA PRIVATE LIMITED、Pegatron Japan Inc.、PEGATRON SERVICE SINGAPORE PTE. LTD.、PEGATRON SERVICE KOREA LLC.、PEGATRON TECHNOLOGY SERVICE INC.、PEGATRON SERVICE AUSTRALIA PTY. LTD","N/A","N/A","N/A","0.2237"
"=""4942""","嘉彰","126.5634","盤查邊界：母公司","N/A","1,319.9670","盤查邊界：母公司","N/A","350.5776","盤查邊界：母公司","N/A","6.5432"
"=""4943""","康控-KY","N/A","N/A","N/A","N/A","N/A","N/A","N/A","N/A","N/A","N/A"
"=""4949""","有成精密","130.0000","總公司、新能源產線及半導體產線","N/A","3,021.1200","總公司、新能源產線及半導體產線","N/A","N/A","N/A","N/A","0.0026"
"=""4952""","凌通","48.5500","母公司","N/A","649.5400","母公司","N/A","2.9900","母公司","N/A","0.3235"
"=""4956""","光鋐","N/A","N/A","N/A","N/A","N/A","N/A","N/A","N/A","N/A","N/A"
"=""4958""","臻鼎-KY","79,045.0000","臻鼎科技控股股份有限公司及其合併財務報表之子公司(除Avary Technology (India) Private Limited、禮鼎半導體(深圳)有限公司、禮鼎半導體科技秦皇島有限公司及鵬鼎科技股份有限公司南科分公司)","臻鼎科技控股股份有限公司及其合併財務報表之子公司(除Avary Technology (India) Private Limited、禮鼎半導體(深圳)有限公司、禮鼎半導體科技秦皇島有限公司及鵬鼎科技股份有限公司南科分公司)","371,414.0000","臻鼎科技控股股份有限公司及其合併財務報表之子公司(除Avary Technology (India) Private Limited、禮鼎半導體(深圳)有限公司、禮鼎半導體科技秦皇島有限公司及鵬鼎科技股份有限公司南科分公司)","臻鼎科技控股股份有限公司及其合併財務報表之子公司(除Avary Technology (India) Private Limited、禮鼎半導體(深圳)有限公司、禮鼎半導體科技秦皇島有限公司及鵬鼎科技股份有限公司南科分公司)","23,726.0000","臻鼎科技控股股份有限公司及其合併財務報表之子公司(除Avary Technology (India) Private Limited、禮鼎半導體(深圳)有限公司、禮鼎半導體科技秦皇島有限公司及鵬鼎科技股份有限公司南科分公司)","臻鼎科技控股股份有限公司及其合併財務報表之子公司(除Avary Technology (India) Private Limited、禮鼎半導體(深圳)有限公司、禮鼎半導體科技秦皇島有限公司及鵬鼎科技股份有限公司南科分公司)","2.9800"
"=""4960""","誠美材","15,468.1503","僅母公司","N/A","30,914.1248","僅母公司","N/A","62,671.9167","僅母公司","N/A","5.3920"
"=""4961""","天鈺","N/A","N/A","N/A","658.0000","為總部篤行據點之數據","N/A","N/A","N/A","N/A","0.0404"
"=""4967""","十銓","98.6587","涵蓋範圍僅母公司","涵蓋範圍僅母公司","1,101.7961","涵蓋範圍僅母公司","涵蓋範圍僅母公司","803.4814","涵蓋範圍僅母公司","涵蓋範圍僅母公司","0.1210"
"=""4968""","立積","20.4260","母公司","母公司","554.3981","母公司","母公司","229.7762","母公司","母公司","0.1926"
"=""4976""","佳凌","392.0000","包括6大類別，排放源資訊","N/A","11,975.0000","包括6大類別，排放源資訊","N/A","N/A","N/A","N/A","N/A"
"=""4977""","眾達-KY","N/A","N/A","N/A","N/A","N/A","N/A","N/A","N/A","N/A","N/A"
"=""4989""","榮科","155.9997","李⾧榮科技股份有限公司銅箔廠","李長榮科技股份有限公司銅箔廠","58,681.3576","李長榮科技股份有限公司銅箔廠","李長榮科技股份有限公司銅箔廠","23,452.5357","李長榮科技股份有限公司銅箔廠","李長榮科技股份有限公司銅箔廠","16.5424"
"=""4994""","傳奇","N/A","N/A","N/A","N/A","N/A","N/A","N/A","N/A","N/A","N/A"
"=""4999""","鑫禾","153.1627","母公司","母公司","5,418.3228","母公司","母公司","2,368.0739","母公司","母公司","7.7305"
"=""5007""","三星","1,507.0000","母公司","母公司","16,039.0000","母公司","母公司","N/A","N/A","N/A","2.9998"
"=""5203""","訊連","18.2505","包含合併財務報表之母子公司","包含合併財務報表之母子公司","470.5045","包含合併財務報表之母子公司","包含合併財務報表之母子公司","292.3495","包含合併財務報表之母子公司","N/A","0.4188"
"=""5215""","科嘉-KY","0.0000","N/A","N/A","0.0000","N/A","N/A","N/A","N/A","N/A","N/A"
"=""5222""","全訊","195.3750","個別報表所有廠區","N/A","2,249.2816","個別報表所有廠區","N/A","N/A","N/A","N/A","1.9542"
"=""5225""","東科-KY","2,626.0245","EASTECH (不含ScS)","東聲惠州及其深圳分公司及越南EAVN","13,339.5231","EASTECH (不含ScS)","東聲惠州及其深圳分公司及越南EAVN","23,980.5096","EASTECH (不含ScS)","東聲惠州及其深圳分公司及越南EAVN","1.5005"
"=""5234""","達興材料","1,707.8950","與公司財務報表相同，總公司(中科廠、中港廠)及子公司，其中子公司因無實際營運，經查證機構確認後排除於盤查範圍","與公司財務報表相同，總公司(中科廠、中港廠)及子公司，其中子公司因無實際營運，經查證機構確認後排除於盤查範圍","6,135.9850","與公司財務報表相同，總公司(中科廠、中港廠)及子公司，其中子公司因無實際營運，經查證機構確認後排除於盤查範圍","與公司財務報表相同，總公司(中科廠、中港廠)及子公司，其中子公司因無實際營運，經查證機構確認後排除於盤查範圍","14,174.8360","與公司財務報表相同，總公司(中科廠、中港廠)及子公司，其中子公司因無實際營運，經查證機構確認後排除於盤查範圍","與公司財務報表相同，總公司(中科廠、中港廠)及子公司，其中子公司因無實際營運，經查證機構確認後排除於盤查範圍","1.8400"
"=""5243""","乙盛-KY","3,603.1282","包含合併財務報表之母子公司","包含合併財務報表之母子公司","26,292.6430","包含合併財務報表之母子公司","包含合併財務報表之母子公司","64,974.0616","包含合併財務報表之母子公司","包含合併財務報表之母子公司","2.5800"
"=""5244""","弘凱","41.9500","合併財務報表之母子公司","N/A","3,414.8200","合併財務報表之母子公司","N/A","N/A","N/A","N/A","N/A"
"=""5258""","虹堡","103.5573","母公司","母公司","683.1627","母公司","母公司","4,194.8387","母公司","母公司","0.9779"
"=""5269""","祥碩","24.4313","祥碩總公司辦公室","祥碩總公司辦公室","579.4698","祥碩總公司辦公室","祥碩總公司辦公室","16,546.9386","祥碩總公司辦公室(含供應鏈產品製造)","N/A","0.0943"
"=""5283""","禾聯碩","N/A","N/A","N/A","N/A","N/A","N/A","N/A","N/A","N/A","N/A"
"=""5284""","jpp-KY","1,199.5600","Jinpao Soi 11 + 12 廠區","Stationary, Mobile combustions, Industrial processes emission, fugitive emissions from anthropogenic systems iso","5,061.0400","Jinpao Soi 11 + 12 廠區","Purchased electricity","19,601.5600","Jinpao Soi 11 + 12 廠區","Upstream, downstream transportation & distribution, Business travel, wmployee commuting, used product.","7.2113"
"=""5285""","界霖","234.4319","母公司","母公司","5,589.4994","母公司","母公司","N/A","N/A","N/A","2.7536"
"=""5288""","豐祥-KY","9,595.7665","母公司開曼豐祥，子孫公司BVI、台灣豐祥、美國豐祥、香港豐祥及越南VPIC1","母公司開曼豐祥，子孫公司BVI、台灣豐祥、美國豐祥、香港豐祥及越南VPIC1","28,115.8831","母公司開曼豐祥，子孫公司BVI、台灣豐祥、美國豐祥、香港豐祥及越南VPIC1","母公司開曼豐祥，子孫公司BVI、台灣豐祥、美國豐祥、香港豐祥及越南VPIC1","125,225.2865","母公司開曼豐祥，子孫公司BVI、台灣豐祥、美國豐祥、香港豐祥及越南VPIC1","母公司開曼豐祥，子孫公司BVI、台灣豐祥、美國豐祥、香港豐祥及越南VPIC1","22.4205"
"=""5292""","華懋","61.0000","母公司工廠","N/A","148.0000","母公司工廠","N/A","N/A","N/A","N/A","0.0033"
"=""5306""","桂盟","52.6453","臺灣營運範圍(母公司+桂盟企業)","N/A","2,044.8178","臺灣營運範圍(母公司+桂盟企業)","N/A","4,427.4826","臺灣營運範圍(母公司+桂盟企業)","N/A","8.8684"
"=""5388""","中磊","559.4554","台北總部及竹南、蘇州、菲律賓生產基地","蘇州、菲律賓生產基地","27,176.1065","台北總部及竹南、蘇州、菲律賓生產基地","蘇州、菲律賓生產基地","6,775,982.0071","台北總部及竹南、蘇州、菲律賓生產基地","蘇州、菲律賓生產基地","0.4432"
"=""5434""","崇越","317.9018","母公司","母公司","789.3551","母公司","母公司","505,829.4671","母公司","母公司","0.0400"
"=""5469""","瀚宇博","5,952.6845","瀚宇博德股份有限公司","瀚宇博德股份有限公司 ","17,682.5906","瀚宇博德股份有限公司 ","瀚宇博德股份有限公司 ","15.2300","瀚宇博德股份有限公司 ","瀚宇博德股份有限公司 ","3.2358"
"=""5471""","松翰","N/A","N/A","N/A","696.0000","僅母公司","N/A","N/A","N/A","N/A","0.6271"
"=""5484""","慧友","250.3037","母公司112年度直接溫室氣體排放量","N/A","N/A","N/A","N/A","N/A","N/A","N/A","0.7402"
"=""5515""","建國","92.5278","建國工程總公司辦公室以及三處工地(新北市土城區頂福社宅工地、台北市北投區國泰華威豐年工地、高雄市左營區崇實安居工地)","建國工程總公司辦公室以及三處工地(分別位於新北市土城區、台北市北投區、高雄市左營區)","449.7330","建國工程總公司辦公室以及三處工地(分別位於新北市土城區、台北市北投區、高雄市左營區)","建國工程總公司辦公室以及三處工地(分別位於新北市土城區、台北市北投區、高雄市左營區)","21,616.5534","建國工程總公司辦公室以及三處工地(分別位於新北市土城區、台北市北投區、高雄市左營區)","建國工程總公司辦公室以及三處工地(分別位於新北市土城區、台北市北投區、高雄市左營區)","N/A"
"=""5519""","隆大","24.3600","僅母公司","N/A","297.1100","僅母公司","N/A","N/A","N/A","N/A","3.2471"
"=""5521""","工信","259.5151","僅母公司","N/A","1,200.5200","僅母公司","N/A","N/A","N/A","N/A","0.2748"
"=""5522""","遠雄","84.1823","包含合併財務報表之母子公司","包含合併財務報表之母子公司","2,614.3517","包含合併財務報表之母子公司","包含合併財務報表之母子公司","170,964.8647","包含合併財務報表之母子公司","包含合併財務報表之母子公司","7.9504"
"=""5525""","順天","37.8905","母公司","N/A","289.2127","母公司","N/A","24.1113","母公司","N/A","0.0738"
"=""5531""","鄉林","59.4117","僅母公司","僅母公司","271.7690","僅母公司","僅母公司","N/A","N/A","N/A","0.1432"
"=""5533""","皇鼎","N/A","N/A","N/A","60.2090","僅母公司","N/A","N/A","N/A","N/A","0.0176"
"=""5534""","長虹","N/A","N/A","N/A","19.7270","僅母公司","N/A","N/A","N/A","N/A","0.0782"
"=""5538""","東明-KY","1,425.0000","開曼東明、岡山東穎、Tongwin、浙江東明及浙江東和等5個營運主體","開曼東明及岡山東穎","12,912.0000","開曼東明、岡山東穎、Tongwin、浙江東明及浙江東和等5個營運主體","開曼東明及岡山東穎","896,520.0000","開曼東明、岡山東穎、Tongwin、浙江東明及浙江東和等5個營運主體","N/A","1.1057"
"=""5546""","永固-KY","N/A","N/A","N/A","N/A","N/A","N/A","N/A","N/A","N/A","N/A"
"=""5607""","遠雄港","2,366.2269","遠雄自貿港投資控股股份有限公司及其子公司","N/A","13,642.0424","遠雄自貿港投資控股股份有限公司及其子公司","N/A","8,976.1208","遠雄自貿港投資控股股份有限公司及其子公司","N/A","0.0055"
"=""5608""","四維航","14,453.0810","母公司辦公室+綠舞1 號及子孫公司船隊","母公司辦公室+綠舞1 號及子孫公司船隊","118.6690","母公司辦公室+綠舞1 號及子孫公司船隊","母公司辦公室+綠舞1 號及子孫公司船隊","361,015.8520","母公司辦公室+綠舞1 號及子孫公司船隊","母公司辦公室+綠舞1 號及子孫公司船隊","108.5199"
"=""5706""","鳳凰","N/A","N/A","N/A","N/A","N/A","N/A","N/A","N/A","N/A","N/A"
"=""5871""","中租-KY","4,469.4793","中租控股母公司個體(台灣內湖總公司)及台灣、中國大陸與東協地區旗下公司，包括： 1.台灣：中租迪和股份有限公司、合迪股份有限公司、仲信資融股份有限公司、中租汽車租賃股份有限公司、中租保險經紀人股份有限公司、中租能源開發股份有限公司、中租電力科技股份有限公司、仲行智能行動股份有限公司。 2.中國大陸：仲利國際融資租賃有限公司、仲利國際貿易(上海)有限公司、仲津國際租賃有限公司、仲利商業保理(上海)有限公司、仲津商業保理(天津)有限公司。 3.越南：仲利國際租賃有限公司、仲利國際貿易有限公司。 4.馬來西亞：仲利成功融資有限公司。 5.菲律賓：仲利成功財務金融公司。 6.印尼：仲利財務金融公司(印度尼西亞)。 7.泰國：亞洲興業租賃公司、盤銀中租租賃公司。 8.柬埔寨：仲利皇家企業租賃公司、仲利皇家融資公司。","中租控股母公司個體(台灣內湖總公司)及台灣與中國大陸旗下公司，包括： 1.台灣：中租迪和股份有限公司、合迪股份有限公司、仲信資融股份有限公司、中租汽車租賃股份有限公司、中租保險經紀人股份有限公司、中租能源開發股份有限公司共24個據點。 2.中國大陸：仲利國際融資租賃有限公司、仲利國際貿易(上海)有限公司、仲津國際租賃有限公司、吉榮置業(上海)有限公司、仲利商業保理(上海)有限公司、仲瑞租賃(天津)有限公司、仲津商業保理(天津)有限公司共39個據點。 本公司揭露溫室氣體總排放量中，3,683.910公噸CO2e，經確信機構採ISO 14064-3準則確信，確信意見為合理保證。","7,467.5332","中租控股母公司個體(台灣內湖總公司)及台灣、中國大陸與東協地區旗下公司，包括 1.台灣：中租迪和股份有限公司、合迪股份有限公司、仲信資融股份有限公司、中租汽車租賃股份有限公司、中租保險經紀人股份有限公司、中租能源開發股份有限公司、中租電力科技股份有限公司、仲行智能行動股份有限公司。 2.中國大陸：仲利國際融資租賃有限公司、仲利國際貿易(上海)有限公司、仲津國際租賃有限公司、仲利商業保理(上海)有限公司、仲津商業保理(天津)有限公司。 3.越南：仲利國際租賃有限公司、仲利國際貿易有限公司。 4.馬來西亞：仲利成功融資有限公司。 5.菲律賓：仲利成功財務金融公司。 6.印尼：仲利財務金融公司(印度尼西亞)。 7.泰國：亞洲興業租賃公司、盤銀中租租賃公司。 8.柬埔寨：仲利皇家企業租賃公司、仲利皇家融資公司。","中租控股母公司個體(台灣內湖總公司)及台灣與中國大陸旗下公司，包括： 1.台灣：中租迪和股份有限公司、合迪股份有限公司、仲信資融股份有限公司、中租汽車租賃股份有限公司、中租保險經紀人股份有限公司、中租能源開發股份有限公司共24個據點。 2.中國大陸：仲利國際融資租賃有限公司、仲利國際貿易(上海)有限公司、仲津國際租賃有限公司、吉榮置業(上海)有限公司、仲利商業保理(上海)有限公司、仲瑞租賃(天津)有限公司、仲津商業保理(天津)有限公司共39個據點。 本公司揭露溫室氣體總排放量中，5,538.220公噸CO2e，經確信機構採ISO 14064-3準則確信，確信意見為合理保證。","3,453.4495","1.類別3：商務旅行，共計1045.406公噸CO2e。項目包含飛行、高鐵(台灣)；飛行、高鐵、計程車(中國大陸)。範圍包括：中租控股母公司個體(台灣內湖總公司)及台灣與中國大陸旗下公司，包括：台灣：中租迪和股份有限公司、合迪股份有限公司、仲信資融股份有限公司、中租汽車租賃股份有限公司、中租保險經紀人股份有限公司、中租能源開發股份有限公司共24個據點。中國大陸：仲利國際融資租賃有限公司、仲利國際貿易(上海)有限公司、仲津國際租賃有限公司、吉榮置業(上海)有限公司、仲利商業保理(上海)有限公司、仲瑞租賃(天津)有限公司、仲津商業保理(天津)有限公司共39個據點。  2.類別4：購買商品或服務、廢棄物處置與燃料和能源有關的活動，共計2,483.78公噸CO2e。購買商品項目包含影印紙；燃料和能源相關活動的排放，包括汽油上游與電力上游；廢棄物處置項目包括廢棄物運送及焚化。  購買商品或服務，與燃料和能源有關的活動範圍：中租控股母公司個體(台灣內湖總公司)及台灣與中國大陸旗下公司，包括：台灣：中租迪和股份有限公司、合迪股份有限公司、仲信資融股份有限公司、中租汽車租賃股份有限公司、中租保險經紀人股份有限公司、中租能源開發股份有限公司共24個據點。中國大陸：仲利國際融資租賃有限公司、仲利國際貿易(上海)有限公司、仲津國際租賃有限公司、吉榮置業(上海)有限公司、仲利商業保理(上海)有限公司、仲瑞租賃(天津)有限公司、仲津商業保理(天津)有限公司共39個據點。  廢棄物處置範圍：中租控股母公司個體(台灣內湖總公司)及台灣、中國大陸與東協地區旗下公司，包括： 1.台灣：中租迪和股份有限公司、合迪股份有限公司、仲信資融股份有限公司、中租汽車租賃股份有限公司、中租保險經紀人股份有限公司、中租能源開發股份有限公司、中租電力科技股份有限公司、仲行智能行動股份有限公司。 2.中國大陸：仲利國際融資租賃有限公司、仲利國際貿易(上海)有限公司、仲津國際租賃有限公司、仲利商業保理(上海)有限公司、仲津商業保理(天津)有限公司。 3.越南：仲利國際租賃有限公司、仲利國際貿易有限公司。 4.馬來西亞：仲利成功融資有限公司。 5.菲律賓：仲利成功財務金融公司。 6.印尼：仲利財務金融公司(印度尼西亞)。 7.泰國：亞洲興業租賃公司、盤銀中租租賃公司。 8.柬埔寨：仲利皇家企業租賃公司、仲利皇家融資公司。  3.類別5：投融資，整體財務碳排放量為7,077,055.78公噸CO2e。中租控股依循「碳核算金融聯盟」（Partnership for Carbon Accounting Financials，簡稱PCAF）發布之方法學，盤點2023年12月資產部位，自身投資組合溫室氣體排放總量，盤查範圍完整涵蓋各資產組合，統計重要旗下公司投融資數據( 包含股權投資、公司債、一般企業授信及車貸)，揭露比率占總投資組合金額72.8%。範圍中租控股母公司旗下公司包括中租迪和股份有限公司、合迪股份有限公司、中租汽車租賃股份有限公司、仲利國際融資租賃有限公司(中國大陸)、仲利國際租賃有限公司(越南)。","1.類別3：商務旅行，共計819.465公噸CO2e。項目包含高鐵(台灣)；飛行、高鐵、計程車(中國大陸)。範圍包括：中租控股母公司個體(台灣內湖總公司)及台灣與中國大陸旗下公司，包括：台灣：中租迪和股份有限公司、合迪股份有限公司、仲信資融股份有限公司、中租汽車租賃股份有限公司、中租保險經紀人股份有限公司、中租能源開發股份有限公司共24個據點。中國大陸：仲利國際融資租賃有限公司、仲利國際貿易(上海)有限公司、仲津國際租賃有限公司、吉榮置業(上海)有限公司、仲利商業保理(上海)有限公司、仲瑞租賃(天津)有限公司、仲津商業保理(天津)有限公司共39個據點。  2.類別4：購買商品或服務、廢棄物處置與燃料和能源有關的活動，共計2,163.000公噸CO2e。購買商品項目包含影印紙；燃料和能源相關活動的排放，包括汽油上游與電力上游；廢棄物處置項目包含廢棄物運送及焚化。範圍：中租控股母公司個體(台灣內湖總公司)及台灣與中國大陸旗下公司，包括：台灣：中租迪和股份有限公司、合迪股份有限公司、仲信資融股份有限公司、中租汽車租賃股份有限公司、中租保險經紀人股份有限公司、中租能源開發股份有限公司共24個據點。中國大陸：仲利國際融資租賃有限公司、仲利國際貿易(上海)有限公司、仲津國際租賃有限公司、吉榮置業(上海)有限公司、仲利商業保理(上海)有限公司、仲瑞租賃(天津)有限公司、仲津商業保理(天津)有限公司共39個據點。","0.1224"
"=""5876""","上海商銀","1,069.0000","邊界涵蓋母公司個體臺灣總行、各分行與海外四家分行及四家辦事處（共118個營運據點）","邊界涵蓋母公司個體臺灣總行、各分行與海外四家分行及四家辦事處（共118個營運據點）","7,323.0000","邊界涵蓋母公司個體臺灣總行、各分行與海外四家分行及四家辦事處（共118個營運據點）","邊界涵蓋母公司個體臺灣總行、各分行與海外四家分行及四家辦事處（共118個營運據點）","2,841,476.3000","邊界涵蓋母公司個體臺灣總行、各分行與海外四家分行及四家辦事處（共118個營運據點）","1.涵蓋上母公司個體臺灣總行、各分行與辦事處（共118 個據點）。 2.員工通勤、商務旅行、電力上游、燃料上游、自來水、信用卡/金融卡生命週期排放、廢棄物處理等類別引用ISO 14064-1進行查證，共3618公噸CO2e。","0.1702"
"=""5880""","合庫金","2,781.5437","完成2023年金控母公司及旗下子公司國內外全數營運據點，共335處","完成2023年金控母公司及旗下子公司國內外全數營運據點，共335處","19,699.2647","完成2023年金控母公司及旗下子公司國內外全數營運據點，共335處","完成2023年金控母公司及旗下子公司國內外全數營運據點，共335處","14,231,773.8200","1~14項除上游租賃資產、銷售產品加工、加盟店／特許經銷商項目不適用於本公司，其餘皆以2023年國內外335處全據點進行溫盤，第15項投融資部分涵蓋總投融資組合68.87%。","經第三方查證的「範疇三」類別包含採購商品與服務、燃料與能源相關活動、上游運輸及配送、營運產生之廢棄物處理、商務差旅、下游運輸及配送、銷售產品使用、銷售產品終端處理等 8 種，涵蓋本公司335處全據點。","0.3663"
"=""5906""","台南-KY","N/A","N/A","N/A","N/A","N/A","N/A","N/A","N/A","N/A","N/A"
"=""5907""","大洋-KY","0.5008","大洋商業集團台北辦公室","N/A","64,056.0264","大洋商業大陸商場","N/A","N/A","N/A","N/A","11.6534"
"=""6005""","群益證","357.2313","母公司全台各營運據點","母公司全台各營運據點","4,858.6271","母公司全台各營運據點","母公司全台各營運據點","20.5891","母公司全台各營運據點","N/A","0.4918"
"=""6024""","群益期","36.4715","全台營運據點","全台營運據點","508.6562","全台營運據點","全台營運據點","1.7330","全台營運據點","N/A","0.2722"
"=""6108""","競國","347.0000","本公司","本公司直接排放量（範疇一，即直接來自於公司所擁有或控制之排放源）","14,303.0000","本公司","本公司能源間接排放量（範疇二，即來自於輸入電力、熱或蒸氣而造成間接之溫室氣體排放）","3,003.0000","本公司","本公司其他間接排放量（範疇三，即由公司活動產生之排放，非屬能源間接排放，而係來自於其他公司所擁有或控制之排放源）","13.7800"
"=""6112""","邁達特","160.6547","母公司及合併財報子公司，請詳見年報附表二之二之三","母公司及合併財報子公司，請詳見年報附表二之二之三","1,480.6951","母公司及合併財報子公司，請詳見年報附表二之二之三","母公司及合併財報子公司，請詳見年報附表二之二之三","661.6896","母公司及部分合併財報子公司，請詳見年報附表二之二之三","母公司及部分合併財報子公司，請詳見年報附表二之二之三","0.1162"
"=""6115""","鎰勝","786.7580","母公司及子公司","N/A","20,139.9030","母公司及子公司","N/A","5,039.8526","母公司及子公司","N/A","3.3065"
"=""6116""","彩晶","18,664.6400","母公司及子公司(南京瀚宇彩欣科技有限責任公司)","母公司及子公司(南京瀚宇彩欣科技有限責任公司)","261,086.6800","母公司及子公司(南京瀚宇彩欣科技有限責任公司)","母公司及子公司(南京瀚宇彩欣科技有限責任公司)","226,388.5900","母公司及子公司(南京瀚宇彩欣科技有限責任公司)","母公司及子公司(南京瀚宇彩欣科技有限責任公司)","22.6464"
"=""6117""","迎廣","963.9252","母公司","N/A","4,921.5524","母公司","N/A","18,739.7066","母公司","N/A","2.5701"
"=""6120""","達運","1,722.7518","本公司及子公司","本公司及子公司","58,852.6621","本公司及子公司","本公司及子公司","10,808.3948","盤查本公司及子公司上游能源/上游資源/固體和液體廢棄物運輸/固體和液體廢棄物處理","盤查本公司及子公司上游能源/上游資源/固體和液體廢棄物運輸/固體和液體廢棄物處理","3.4089"
"=""6128""","上福","14.2300","臺中市梧棲區關連工業區自強路50號、臺中市梧棲區港埠路一段517號、臺中市梧棲區永興路一段498號","N/A","1,650.3400","臺中市梧棲區關連工業區自強路50號、臺中市梧棲區港埠路一段517號、臺中市梧棲區永興路一段498號","N/A","N/A","N/A","N/A","1.3700"
"=""6133""","金橋","N/A","N/A","N/A","N/A","N/A","N/A","N/A","N/A","N/A","N/A"
"=""6136""","富爾特","N/A","N/A","N/A","119.3106","母公司","N/A","N/A","N/A","N/A","N/A"
"=""6139""","亞翔","362.1356","溫室氣體盤查主要為台灣地區有控制權的汐止 、新竹和台南辦公室，工地為非營運控制權故不納入盤查範疇。","N/A","352.5667","溫室氣體盤查主要為台灣地區有控制權的汐止 、新竹和台南辦公室，工地為非營運控制權故不納入盤查範疇。","N/A","N/A","N/A","N/A","0.0246"
"=""6141""","柏承","4,633.0000","昆山子公司廠區","昆山子公司廠區","34,726.0000","昆山子公司廠區","昆山子公司廠區","1,805.0000","昆山子公司廠區","昆山子公司廠區","2.7694"
"=""6142""","友勁","134.7923","母公司","母公司","3,678.9705","母公司","母公司","723.1592","母公司","母公司","1.7866"
"=""6152""","百一","378.6214","僅含母公司","N/A","328.8854","僅含母公司","N/A","496.1900","僅含母公司","N/A","1.7641"
"=""6153""","嘉聯益","13,303.3158","母公司","母公司","41,740.4660","母公司","母公司","N/A","N/A","N/A","5.5970"
"=""6155""","鈞寶","21.4088","母公司","N/A","5,945.1620","母公司","N/A","N/A","N/A","N/A","N/A"
"=""6164""","華興","N/A","N/A","N/A","N/A","N/A","N/A","N/A","N/A","N/A","N/A"
"=""6165""","浪凡","N/A","N/A","N/A","N/A","N/A","N/A","N/A","N/A","N/A","N/A"
"=""6166""","凌華","679.8600","僅母公司","N/A","5,081.8900","僅母公司","N/A","1,469.3700","僅母公司","N/A","0.7343"
"=""6168""","宏齊","258.5233","母公司","N/A","8,347.9622","母公司","N/A","487.4518","母公司","N/A","4.2300"
"=""6176""","瑞儀","2,055.1100","台灣廠區、吳江廠區、南京廠區及廣州廠區","台灣廠區","69,669.5700","台灣廠區、吳江廠區、南京廠區及廣州廠區","台灣廠區","62,044.7100","台灣廠區、吳江廠區、南京廠區及廣州廠區","台灣廠區","1.6268"
"=""6177""","達麗","15.9300","台北總部/台中辦公室/台南辦公室/高雄辦公室","N/A","1,230.9300","台北總部/台中辦公室/台南辦公室/高雄辦公室","N/A","N/A","N/A","N/A","0.0810"
"=""6183""","關貿","110.4312","本公司臺北南港軟體工業園區之總公司、臺中營運中心(含中部辦公室空間)及高雄營業部外、子公司貿鴻信息技術（上海）有限公司","N/A","1,199.5149","本公司臺北南港軟體工業園區之總公司、臺中營運中心(含中部辦公室空間)及高雄營業部外、子公司貿鴻信息技術（上海）有限公司","N/A","N/A","N/A","N/A","0.5702"
"=""6184""","大豐電","180.7047","大豐有線電視股份有限公司，未包含合併財務報表中之子公司","N/A","1,443.8890","大豐有線電視股份有限公司，未包含合併財務報表中之子公司","N/A","N/A","N/A","N/A","2.1298"
"=""6189""","豐藝","58.1658","僅母公司台北辦公室及桃園青埔倉儲。","僅母公司台北辦公室及桃園青埔倉儲。","369.7126","僅母公司台北辦公室及桃園青埔倉儲。","僅母公司台北辦公室及桃園青埔倉儲。","112.0163","僅母公司台北辦公室及桃園青埔倉儲。","僅母公司台北辦公室及桃園青埔倉儲。","0.0183"
"=""6191""","精成科","259.9742","包含合併財務報表之母子公司","N/A","255,926.5765","包含合併財務報表之母子公司","N/A","N/A","N/A","N/A","11.1973"
"=""6192""","巨路","378.6700","台灣所屬公司","N/A","637.8300","台灣所屬公司","N/A","N/A","N/A","N/A","N/A"
"=""6196""","帆宣","552.7936","組織邊界-帆宣各廠 選擇類型營運控制權；報告邊界-直接排放 類別：1。","查證聲明之保證等級，為合理保證等級。","9,520.9048","組織邊界-帆宣各廠 ；報告邊界-能源間接排放 類別：2。","查證聲明之保證等級，為合理保證等級。","0.0000","組織邊界-帆宣各廠 ；報告邊界-間接排放 類別：3、4、5。","查證聲明之保證等級，為合理保證等級。","0.1790"
"=""6197""","佳必琪","229.4200","台北廠(總部)、大陸東莞鴻富廠、華寶廠、大陸昆山廠、越南胡志明廠","N/A","3,086.5700","台北廠(總部)、大陸東莞鴻富廠、華寶廠、大陸昆山廠、越南胡志明廠","N/A","30,486.1400","台北廠(總部)、大陸東莞鴻富廠、華寶廠、大陸昆山廠、越南胡志明廠","N/A","N/A"
"=""6201""","亞弘電","N/A","N/A","N/A","N/A","N/A","N/A","N/A","N/A","N/A","N/A"
"=""6202""","盛群","36.6861","盛群半導體股份有限公司(含新竹總部、台北辦公室、漢磊辦公室及宿舍)","N/A","1,218.3060","盛群半導體股份有限公司(含新竹總部、台北辦公室、漢磊辦公室及宿舍)","N/A","N/A","N/A","N/A","0.4800"
"=""6205""","詮欣","39.7428","母公司","母公司","303.2140","母公司","母公司","110.9015","母公司","母公司","0.3227"
"=""6206""","飛捷","168.4156","僅母公司","N/A","1,480.8608","僅母公司","N/A","554.4727","僅母公司","N/A","0.7600"
"=""6209""","今國光","0.0000","僅母公司","N/A","12,283.0000","僅母公司","N/A","0.0000","僅母公司","N/A","12,283.0000"
"=""6213""","聯茂","59,895.0800","聯茂電子股份有限公司台灣廠及中國廠區(無錫廠、東莞廠、廣州廠及江西廠)","聯茂電子股份有限公司台灣廠及中國廠區(無錫廠、東莞廠、廣州廠及江西廠)","98,719.8600","聯茂電子股份有限公司台灣廠及中國廠區(無錫廠、東莞廠、廣州廠及江西廠)","聯茂電子股份有限公司台灣廠及中國廠區(無錫廠、東莞廠、廣州廠及江西廠)","561,046.3100","聯茂電子股份有限公司台灣廠及中國廠區(無錫廠、東莞廠、廣州廠及江西廠)","聯茂電子股份有限公司台灣廠及中國廠區(無錫廠、東莞廠、廣州廠及江西廠)","4.4753"
"=""6214""","精誠","20.4516","僅母公司","僅母公司","2,810.9551","僅母公司","僅母公司","643.4910","僅母公司","僅母公司","0.0988"
"=""6215""","和椿","21.4070","母公司(含台北總公司、桃園廠、台中及台南辦公室)","N/A","345.1430","母公司(含台北總公司、桃園廠、台中及台南辦公室)","N/A","N/A","N/A","N/A","0.5205"
"=""6216""","居易","N/A","N/A","N/A","461.9310","本公司","N/A","N/A","N/A","N/A","0.5960"
"=""6224""","聚鼎","216.3418","聚鼎台灣廠區","N/A","4,380.9185","聚鼎台灣廠區","N/A","918.6491","聚鼎台灣廠區","N/A","3.5296"
"=""6225""","天瀚","N/A","N/A","N/A","N/A","N/A","N/A","N/A","N/A","N/A","N/A"
"=""6226""","光鼎","N/A","N/A","N/A","N/A","N/A","N/A","N/A","N/A","N/A","N/A"
"=""6230""","尼得科超眾","91.0408","(1)新北市三重區中興北街184-3號(中興廠) (2)新北市三重區中興北街193-2號1,2,4,7F(陞泰廠)","2023年度溫室氣體查證作業，於類別1溫室氣體排放採「合理保證」等級","2,769.2821","(1)新北市三重區中興北街184-3號(中興廠) (2)新北市三重區中興北街193-2號1,2,4,7F(陞泰廠)","2023年度溫室氣體查證作業，於類別2溫室氣體排放採「合理保證」等級","303.8300","(1)新北市三重區中興北街184-3號(中興廠) (2)新北市三重區中興北街193-2號1,2,4,7F(陞泰廠)","2023年度溫室氣體查證作業，於類別3溫室氣體排放採「有限保證」等級","0.2590"
"=""6235""","華孚","11,584.2653","華孚科技股份有限公司、 昆山華復精密金屬有限公司、 華孚精密科技(馬鞍山)有限公司、 華譽精密科技(含山)有限公司。","華孚科技股份有限公司、 昆山華復精密金屬有限公司、 華孚精密科技(馬鞍山)有限公司、 華譽精密科技(含山)有限公司。","44,934.6679","華孚科技股份有限公司、 昆山華復精密金屬有限公司、 華孚精密科技(馬鞍山)有限公司、 華譽精密科技(含山)有限公司。","華孚科技股份有限公司、 昆山華復精密金屬有限公司、 華孚精密科技(馬鞍山)有限公司、 華譽精密科技(含山)有限公司。","N/A","N/A","N/A","9.7882"
"=""6239""","力成","14,381.3000","僅台灣地區力成科技","僅台灣地區力成科技","328,260.2900","僅台灣地區力成科技","僅台灣地區力成科技","314,328.8400","僅台灣地區力成科技","僅台灣地區力成科技","8.1000"
"=""6243""","迅杰","5.8993","母公司","N/A","128.8069","母公司","N/A","N/A","N/A","N/A","N/A"
"=""6257""","矽格","515.4814","北興廠、中興廠及湖口廠","北興廠、中興廠及湖口廠","73,830.0651","北興廠、中興廠及湖口廠","北興廠、中興廠及湖口廠","16,414.2750","北興廠、中興廠及湖口廠","北興廠、中興廠及湖口廠","8.7764"
"=""6269""","台郡","12,359.9392","母公司","N/A","47,319.0727","母公司","N/A","16,815.9308","母公司","N/A","2.3390"
"=""6271""","同欣電","717.9752","與合併報表一致","含合併報表之母子公司","62,880.7435","與合併報表一致","與合併報表一致","24,148.4971","與合併報表一致","與合併報表一致","7.5742"
"=""6277""","宏正","112.0319","本公司及汐萬廠區","本公司及汐萬廠區","2,055.4773","本公司及汐萬廠區","本公司及汐萬廠區","N/A","N/A","N/A","0.6450"
"=""6278""","台表科","1,289.2187","母公司及子公司-峻凌電子(蘇州)有限公司	","N/A","53,637.7060","母公司及子公司-峻凌電子(蘇州)有限公司	","N/A","N/A","N/A","N/A","1.5020"
"=""6281""","全國電","387.0977","母公司(個別財報)","母公司(個別財報)","18,429.3428","母公司(個別財報)","母公司(個別財報)","N/A","N/A","N/A","0.9213"
"=""6282""","康舒","1,688.6712","包含康舒科技/奇岩大樓/淡水廠/武漢廠/東莞廠/菲律賓廠. 以及滬華/吳江廠/銅梁廠/康華廠","ISO14064-1, 包含康舒科技/奇岩大樓/淡水廠/武漢廠/東莞廠/菲律賓廠. 以及滬華/吳江廠/銅梁廠/康華廠","31,478.3429","包含康舒科技/奇岩大樓/淡水廠/武漢廠/東莞廠/菲律賓廠. 以及滬華/吳江廠/銅梁廠/康華廠","ISO14064-1, 包含康舒科技/奇岩大樓/淡水廠/武漢廠/東莞廠/菲律賓廠. 以及滬華/吳江廠/銅梁廠/康華廠","1,421,345.7110","包含康舒科技/奇岩大樓/淡水廠/武漢廠/東莞廠/菲律賓廠. 以及滬華/吳江廠/銅梁廠/康華廠","ISO14064-1, 包含康舒科技/奇岩大樓/淡水廠/武漢廠/東莞廠/菲律賓廠. 以及滬華/吳江廠/銅梁廠/康華廠","1.5588"
"=""6283""","淳安","N/A","N/A","N/A","N/A","N/A","N/A","N/A","N/A","N/A","N/A"
"=""6285""","啟碁","1,831.5217","2023年溫室氣體排放量計算範圍為啓碁總部、力行廠、南科廠、啟佳、啟新、啟基永昌（昆山）、啟基永昌（南京）、越南廠。","根據營運控制權法確定組織邊界，範疇一範圍涵蓋啓碁總部、力行廠、南科廠、啟佳、啟新、啟基永昌（昆山）、啟基永昌（南京）、越南廠。","55,108.0721","2023年溫室氣體排放量計算範圍為啓碁總部、力行廠、南科廠、啟佳、啟新、啟基永昌（昆山）、啟基永昌（南京）、越南廠以及美國和英國子公司。","根據營運控制權法確定組織邊界，範疇二範圍涵蓋啓碁總部、力行廠、南科廠、啟佳、啟新、啟基永昌（昆山）、啟基永昌（南京）、越南廠以及美國和英國子公司。","3,708,933.6757","2023年範疇三盤查範疇涵蓋啓碁總部、力行廠、南科廠、啟佳、啟新、啟基永昌（昆山）、啟基永昌（南京）、越南廠，其中美國、德國、英國以及日本子公司僅先盤查「商務差旅」類別。","根據營運控制權法確定組織邊界，範疇三範圍涵蓋啓碁總部、力行廠、南科廠、啟佳、啟新、啟基永昌（昆山）、啟基永昌（南京）、越南廠，其中美國、德國、英國以及日本子公司僅先盤查「商務差旅」類別。","0.5140"
"=""6405""","悅城","0.6311","母公司","N/A","3,217.0000","母公司","N/A","N/A","N/A","N/A","N/A"
"=""6409""","旭隼","616.9552","包含本公司及子公司","1.旭隼科技股份有限公司及其子公司(旭隼集團)2023 年度盤查暨揭露合併報表母子公司溫室氣體範疇一及範疇二數據暨氣候相關資訊 2.為""合理確信""","10,582.8884","包含本公司及子公司","1.旭隼科技股份有限公司及其子公司(旭隼集團)2023 年度盤查暨揭露合併報表母子公司溫室氣體範疇一及範疇二數據暨氣候相關資訊 2.為""合理確信""","546,783.0000","包含本公司及子公司","1.旭隼科技股份有限公司及其子公司(旭隼集團)2023 年度合併報表母子公司溫室氣體範疇三 2.為""有限確信""","18.1647"
"=""6412""","群電","2,607.8600","台北總公司+東莞廠+蘇州廠+重慶廠","台北總公司+東莞廠+蘇州廠+重慶廠","30,394.8200","台北總公司+東莞廠+蘇州廠+重慶廠","台北總公司+東莞廠+蘇州廠+重慶廠","20,085,194.7400","台北總公司+東莞廠+蘇州廠+重慶廠","台北總公司+東莞廠+蘇州廠+重慶廠","0.9100"
"=""6414""","樺漢","21.1200","新北市中和區建康路10號3-6F ","N/A","339.4500","新北市中和區建康路10號3-6F ","N/A","2,873.9395","新北市中和區建康路10號3-6F ","N/A","0.0030"
"=""6415""","矽力*-KY","0.0000","母公司個體","母公司個體","0.0000","母公司個體","母公司個體","N/A","N/A","N/A","0.0000"
"=""6416""","瑞祺電通","49.7587","僅母公司","僅母公司","719.8018","僅母公司","僅母公司","1,545.4486","僅母公司","僅母公司","0.7420"
"=""6426""","統新","N/A","N/A","N/A","N/A","N/A","N/A","N/A","N/A","N/A","N/A"
"=""6431""","光麗-KY","N/A","N/A","N/A","N/A","N/A","N/A","N/A","N/A","N/A","N/A"
"=""6438""","迅得","318.4087","僅母公司","母公司中壢廠及楊梅廠","683.2188","僅母公司","母公司中壢廠及楊梅廠","444.5820","僅母公司","母公司中壢廠及楊梅廠","0.2841"
"=""6442""","光聖","128.5707","僅母公司","僅母公司","1,599.9239","僅母公司","僅母公司","506.2007","僅母公司","僅母公司","0.9315"
"=""6443""","元晶","7,634.8950","112年台北公司、新竹廠、屏東廠資料加總","N/A","52,035.2360","112年台北公司、新竹廠、屏東廠資料加總","N/A","1,080,010.6852","112年台北公司、新竹廠、屏東廠資料加總","N/A","7.2231"
"=""6446""","藥華藥","692.3900","藥華醫藥台中廠","N/A","2,905.9700","藥華醫藥台中廠 ","N/A","775.0400","藥華醫藥台中廠 ","N/A","0.8600"
"=""6449""","鈺邦","2.0000","僅母公司","N/A","726.7150","僅母公司","N/A","N/A","N/A","N/A","0.2961"
"=""6451""","訊芯-KY","295.1935","中國廣東省中山市火炬開發區建業東路9號；增設一處經營場所具體為:中山市火炬開發區建業東路9號之一2棟 中國廣東省中山市火炬開發區建業東路9號之一1棟 中國廣東省中山市火炬開發區科技東路35號電子基地生活配套區第一期第2A幢 中國廣東省中山市火炬開發區科技東路35號電子基地生活配套區第一期第3A幢","中國廣東省中山市火炬開發區建業東路9號；增設一處經營場所具體為:中山市火炬開發區建業東路9號之一2棟 中國廣東省中山市火炬開發區建業東路9號之一1棟 中國廣東省中山市火炬開發區科技東路35號電子基地生活配套區第一期第2A幢 中國廣東省中山市火炬開發區科技東路35號電子基地生活配套區第一期第3A幢","26,023.6960","中國廣東省中山市火炬開發區建業東路9號；增設一處經營場所具體為:中山市火炬開發區建業東路9號之一2棟 中國廣東省中山市火炬開發區建業東路9號之一1棟 中國廣東省中山市火炬開發區科技東路35號電子基地生活配套區第一期第2A幢 中國廣東省中山市火炬開發區科技東路35號電子基地生活配套區第一期第3A幢","中國廣東省中山市火炬開發區建業東路9號；增設一處經營場所具體為:中山市火炬開發區建業東路9號之一2棟 中國廣東省中山市火炬開發區建業東路9號之一1棟 中國廣東省中山市火炬開發區科技東路35號電子基地生活配套區第一期第2A幢 中國廣東省中山市火炬開發區科技東路35號電子基地生活配套區第一期第3A幢","10,383.4208","中國廣東省中山市火炬開發區建業東路9號；增設一處經營場所具體為:中山市火炬開發區建業東路9號之一2棟 中國廣東省中山市火炬開發區建業東路9號之一1棟 中國廣東省中山市火炬開發區科技東路35號電子基地生活配套區第一期第2A幢 中國廣東省中山市火炬開發區科技東路35號電子基地生活配套區第一期第3A幢","中國廣東省中山市火炬開發區建業東路9號；增設一處經營場所具體為:中山市火炬開發區建業東路9號之一2棟 中國廣東省中山市火炬開發區建業東路9號之一1棟 中國廣東省中山市火炬開發區科技東路35號電子基地生活配套區第一期第2A幢 中國廣東省中山市火炬開發區科技東路35號電子基地生活配套區第一期第3A幢","26.6141"
"=""6456""","GIS-KY","1,924.2665","業成控股股份有限公司、 業成科技(成都)有限公司、 業成光電(深圳)有限公司、 業成光電(無錫)有限公司(僅2022年進行確信)、 英特盛科技股份有限公司、 英特盛科技股份有限公司(后里廠)","同資料邊界","6,999.6045","業成控股股份有限公司、 業成科技(成都)有限公司、 業成光電(深圳)有限公司、 業成光電(無錫)有限公司(僅2022年進行確信)、 英特盛科技股份有限公司、 英特盛科技股份有限公司(后里廠)","同資料邊界","81,230.2296","業成控股股份有限公司、 業成科技(成都)有限公司、 業成光電(深圳)有限公司、 業成光電(無錫)有限公司(僅2022年進行確信)、 英特盛科技股份有限公司、 英特盛科技股份有限公司(后里廠)","同資料邊界","0.2085"
"=""6464""","台數科","1,546.8937","本公司溫室氣體盤查組織邊界之設定，採用ISO 14064-1:2018中營運控制權法訂定組織邊界，本次溫室氣體盤查之組織邊界為台灣數位光訊科技股份有限公司暨所屬營運公司。","台灣數位光訊科技股份有限公司暨所屬營運公司","9,626.1679","本公司溫室氣體盤查組織邊界之設定，採用ISO 14064-1:2018中營運控制權法訂定組織邊界，本次溫室氣體盤查之組織邊界為台灣數位光訊科技股份有限公司暨所屬營運公司。","台灣數位光訊科技股份有限公司暨所屬營運公司","2,240.4338","本公司溫室氣體盤查組織邊界之設定，採用ISO 14064-1:2018中營運控制權法訂定組織邊界，本次溫室氣體盤查之組織邊界為台灣數位光訊科技股份有限公司暨所屬營運公司。","台灣數位光訊科技股份有限公司暨所屬營運公司","2.6752"
"=""6472""","保瑞","9,687.5801"," 合併報表母子公司  "," 合併報表母子公司  ","19,678.2885","合併報表母子公司","部分合併報表母子公司","5,219.2935","部分合併報表母子公司","部分合併報表母子公司","2.0680"
"=""6477""","安集","N/A","N/A","N/A","N/A","N/A","N/A","N/A","N/A","N/A","N/A"
"=""6491""","晶碩","N/A","N/A","N/A","N/A","N/A","N/A","N/A","N/A","N/A","N/A"
"=""6504""","南六","5,858.9674","母公司","母公司","17,344.0592","母公司","母公司","N/A","N/A","N/A","N/A"
"=""6505""","台塑化","24,004,680.0000","母公司個體(以營運控制權設定組織邊界，包含：麥寮一廠、麥寮二廠、麥寮三廠、彰濱摻配廠、台北儲運站、桃園儲運站等)","同資料邊界","181,692.0000","母公司個體(以營運控制權設定組織邊界，包含：麥寮一廠、麥寮二廠、麥寮三廠、彰濱摻配廠、台北儲運站、桃園儲運站等)","同資料邊界","64,410,523.0000","母公司個體(以營運控制權設定組織邊界，包含：麥寮一廠、麥寮二廠、麥寮三廠、彰濱摻配廠、台北儲運站、桃園儲運站等)","同資料邊界","34.0504"
"=""6515""","穎崴","123.3301","母公司","N/A","4,702.4304","母公司","N/A","N/A","N/A","N/A","1.3100"
"=""6525""","捷敏-KY","240.6600","包含合併財務報表之母子公司","包含合併財務報表之母子公司","33,787.2100","包含合併財務報表之母子公司","包含合併財務報表之母子公司","5,048.3400","包含合併財務報表之母子公司","包含合併財務報表之母子公司","7.6459"
"=""6526""","達發","N/A","N/A","N/A","N/A","N/A","N/A","N/A","N/A","N/A","N/A"
"=""6531""","愛普*","14.6725","母公司，以及轉投資-愛普存儲技術(杭州)有限公司","N/A","360.3487","母公司，以及轉投資-愛普存儲技術(杭州)有限公司","N/A","N/A","N/A","N/A","0.0887"
"=""6533""","晶心科","N/A","N/A","N/A","430.9130","僅母公司","N/A","N/A","N/A","N/A","0.5240"
"=""6534""","正瀚-創","492.2169","正瀚生技股份有限公司企業總部暨研發中心（含宿舍）、彰濱廠、美國製造中心","正瀚生技股份有限公司企業總部暨研發中心（含宿舍）、彰濱廠、美國製造中心","3,126.1944","正瀚生技股份有限公司企業總部暨研發中心（含宿舍）、彰濱廠、美國製造中心","正瀚生技股份有限公司企業總部暨研發中心（含宿舍）、彰濱廠、美國製造中心","278.6544","正瀚生技股份有限公司企業總部暨研發中心（含宿舍）、彰濱廠、美國製造中心","正瀚生技股份有限公司企業總部暨研發中心（含宿舍）、彰濱廠、美國製造中心","2.5726"
"=""6541""","泰福-KY","N/A","N/A","N/A","N/A","N/A","N/A","N/A","N/A","N/A","N/A"
"=""6550""","北極星藥業-KY","N/A","N/A","N/A","N/A","N/A","N/A","N/A","N/A","N/A","N/A"
"=""6552""","易華電","198.7824","易華電子股份有限公司一廠(高雄市楠梓區新開發路6號1、2、3、4樓；8號1、2、3、4樓；10號1、2、3、4樓；12號1、2樓)","N/A","17,282.9126","易華電子股份有限公司一廠(高雄市楠梓區新開發路6號1、2、3、4樓；8號1、2、3、4樓；10號1、2、3、4樓；12號1、2樓)","N/A","N/A","N/A","N/A","0.0411"
"=""6558""","興能高","585.2200","合併財務報表之母子公司","合併財務報表之母子公司","8,172.8600","合併財務報表之母子公司","合併財務報表之母子公司","11,869.8700","合併財務報表之母子公司","合併財務報表之母子公司","7.1460"
"=""6573""","虹揚-KY","136.9167","包含合併財務報表之母子公司","N/A","6,895.8573","包含合併財務報表之母子公司","N/A","41.5921","母公司","N/A","N/A"
"=""6579""","研揚","135.9340","僅母公司","僅母公司","1,391.1907","僅母公司","僅母公司","74,520.7570","僅母公司","僅母公司","16.3034"
"=""6581""","鋼聯","73,130.9103","僅母公司","僅母公司","9,399.6703","僅母公司","僅母公司","61,053.5103","僅母公司","僅母公司，本公司亦於永續報告書中揭露溫室氣體範疇三排放量，範疇三主要計算上游原料之運輸、上游能源之運輸、下游產物之運輸以及購買原料開採之排放共三類，排放量約6.1萬噸CO2e，排放比例約佔總排放量（範疇一至範疇三）之42%，排放比例趨近於一半。相關資訊請參閱鋼聯永續報告書（5.3營運生態效率）及企業社會責任網站（網址：https://www.tsutw.com.tw/tsucsr/index.php）。","40.4276"
"=""6582""","申豐","4,678.7100","母公司","母公司","7,108.4464","母公司","母公司","1,986.2086","母公司","母公司","13.1847"
"=""6585""","鼎基","2,025.0000","高雄廠及屏東廠 ","N/A","19,052.0000","高雄廠及屏東廠 ","N/A","N/A","N/A","N/A","7.9640"
"=""6589""","台康生技","1,093.3688","汐止總公司、竹北分公司及德國子公司","N/A","10,350.7997","汐止總公司、竹北分公司及德國子公司","N/A","2,402.4110","汐止總公司、竹北分公司及德國子公司","N/A","10.1181"
"=""6591""","動力-KY","775.3108","合併財務報表之母子公司","合併財務報表之母子公司","1,928.4922","合併財務報表之母子公司","合併財務報表之母子公司","217.7972","合併財務報表之母子公司","合併財務報表之母子公司","N/A"
"=""6592""","和潤企業","1,440.4349","和潤企業股份有限公司、和運國際融資租賃有限公司、和勁企業股份有限公司、和潤電能股份有限公司","和潤企業股份有限公司、和運國際融資租賃有限公司、和勁企業股份有限公司、和潤電能股份有限公司共81個點","1,258.2608","和潤企業股份有限公司、和運國際融資租賃有限公司、和勁企業股份有限公司、和潤電能股份有限公司共81個點","和潤企業股份有限公司、和運國際融資租賃有限公司、和勁企業股份有限公司、和潤電能股份有限公司共81個點","586.0209","和潤企業股份有限公司、和運國際融資租賃有限公司、和勁企業股份有限公司、和潤電能股份有限公司共81個點","和潤企業股份有限公司、和運國際融資租賃有限公司、和勁企業股份有限公司、和潤電能股份有限公司共81個點","0.0492"
"=""6598""","ABC-KY","8.7996","包含合併財務報表之母子公司共三處據點，台灣辦公室、美國辦公室及美國廠區。","N/A","160.1060","包含合併財務報表之母子公司共三處據點，台灣辦公室、美國辦公室及美國廠區。","N/A","N/A","N/A","N/A","N/A"
"=""6605""","帝寶","1,191.0092","僅母公司","N/A","26,047.4113","僅母公司","N/A","N/A","N/A","N/A","1.9392"
"=""6606""","建德工業","N/A","N/A","N/A","N/A","N/A","N/A","N/A","N/A","N/A","N/A"
"=""6625""","必應","N/A","N/A","N/A","N/A","N/A","N/A","N/A","N/A","N/A","N/A"
"=""6641""","基士德-KY","139.8622","母公司(含BVI控股公司)、位於台灣地區之分公司及子公司、川源(中國)機械有限公司平湖廠區。","川源(中國)機械有限公司平湖廠區","395.4831","母公司(含BVI控股公司)、位於台灣地區之分公司及子公司、川源(中國)機械有限公司平湖廠區。","川源(中國)機械有限公司平湖廠區","616.3782","母公司(含BVI控股公司)、位於台灣地區之分公司及子公司、川源(中國)機械有限公司平湖廠區。","川源(中國)機械有限公司平湖廠區","0.3388"
"=""6645""","金萬林-創","N/A","N/A","N/A","N/A","N/A","N/A","N/A","N/A","N/A","N/A"
"=""6655""","科定","N/A","N/A","N/A","N/A","N/A","N/A","N/A","N/A","N/A","N/A"
"=""6657""","華安","N/A","N/A","N/A","N/A","N/A","N/A","N/A","N/A","N/A","N/A"
"=""6658""","聯策","N/A","N/A","N/A","N/A","N/A","N/A","N/A","N/A","N/A","N/A"
"=""6666""","羅麗芬-KY","N/A","N/A","N/A","N/A","N/A","N/A","N/A","N/A","N/A","N/A"
"=""6668""","中揚光","132.5951","中揚光電股份有限公司：台中市南屯區工業區二十二路21號","N/A","5,078.1026","中揚光電股份有限公司：台中市南屯區工業區二十二路21號","N/A","1,202.2307","中揚光電股份有限公司：台中市南屯區工業區二十二路21號","N/A","170.2904"
"=""6669""","緯穎","3,272.5527","包含合併財務報表之所有子(孫)公司","包含合併財務報表之所有子(孫)公司","12,978.5396","包含合併財務報表之所有子(孫)公司","包含合併財務報表之所有子(孫)公司","6,441,625.8800","包含合併財務報表之所有子(孫)公司","包含合併財務報表之所有子(孫)公司(未計算「員工通勤」及「售出產品的加工」)","0.0671"
"=""6670""","復盛應用","3,803.5269","母公司","合理保證","15,574.7800","母公司","合理保證","79,666.2230","母公司","合理保證","0.9923"
"=""6671""","三能-KY","2,284.5431","合併財務報表之母子公司","N/A","6,619.4996","合併財務報表之母子公司","N/A","N/A","N/A","N/A","4.6720"
"=""6672""","騰輝電子-KY","4,531.1125","合併財務報表之子公司生產型廠區","N/A","13,310.7552","合併財務報表之子公司生產型廠區","N/A","N/A","N/A","N/A","3.7638"
"=""6674""","鋐寶科技","17.6004","新竹縣竹北市台元一街1號13樓/新竹縣竹北市台元一街6號10樓","N/A","703.7524","新竹縣竹北市台元一街1號13樓/新竹縣竹北市台元一街6號10樓","N/A","N/A","N/A","N/A","N/A"
"=""6689""","伊雲谷","44.6611","全台營運據點，包含三重辦公室、士林辦公室、台中辦公室、高雄辦公室","N/A","186.4073","全台營運據點，包含三重辦公室、士林辦公室、台中辦公室、高雄辦公室","N/A","371.1060","全台營運據點，包含三重辦公室、士林辦公室、台中辦公室、高雄辦公室","N/A","0.1946"
"=""6691""","洋基工程","103.8500","台灣總公司、新竹、台中、台南營業據點","台灣總公司、新竹、台中、台南營業據點","216.0900","台灣總公司、新竹、台中、台南營業據點","台灣總公司、新竹、台中、台南營業據點","498.3100","台灣總公司、新竹、台中、台南營業據點","台灣總公司、新竹、台中、台南營業據點","0.0238"
"=""6695""","芯鼎","6.4244","母公司","N/A","411.9455","母公司","N/A","N/A","N/A","N/A","0.3801"
"=""6698""","旭暉應材","N/A","N/A","N/A","N/A","N/A","N/A","N/A","N/A","N/A","N/A"
"=""6706""","惠特","40.0974","包含合併財務報表之母子公司","N/A","4,346.3760","包含合併財務報表之母子公司","N/A","N/A","N/A","N/A","3.2882"
"=""6715""","嘉基","300.8184","包含合併財務報表之母子公司-台灣嘉基科技及蘇州嘉基","包含合併財務報表之母子公司-台灣嘉基科技及蘇州嘉基","1,885.3817","包含合併財務報表之母子公司-台灣嘉基科技及蘇州嘉基","包含合併財務報表之母子公司-台灣嘉基科技及蘇州嘉基","N/A","N/A","N/A","0.9622"
"=""6719""","力智","0.9900","母公司","N/A","886.8100","母公司","N/A","N/A","N/A","N/A","0.2900"
"=""6742""","澤米","669.3900","母公司全體廠區","N/A","6,700.1220","母公司全體廠區","N/A","N/A","N/A","N/A","13.9200"
"=""6743""","安普新","675.0000","包含合併財務報表之母子公司","N/A","15,471.0000","包含合併財務報表之母子公司","N/A","3,105.0000","包含合併財務報表之母子公司","N/A","4.1818"
"=""6753""","龍德造船","2,649.3100","僅母公司","N/A","1,903.2800","僅母公司","N/A","N/A","N/A","N/A","0.9128"
"=""6754""","匯僑設計","120.8500","總公司+中壢鴻僑","N/A","411.9500","總公司+中壢鴻僑","N/A","N/A","N/A","N/A","0.1150"
"=""6756""","威鋒電子","18.8440","威鋒電子(股)公司","N/A","209.2061","威鋒電子(股)公司","N/A","60.8336","威鋒電子(股)公司","N/A","N/A"
"=""6757""","台灣虎航-創","305,107.5698","本公司個體","本公司個體","223.4025","本公司個體","本公司個體","43.2150","本公司個體","本公司個體","N/A"
"=""6768""","志強-KY","19.8740","台灣總部辦公室 ","N/A","109.5456","台灣總部辦公室  ","N/A","25.0241","台灣總部辦公室_類別4_購買商品的上游排放 ","N/A","N/A"
"=""6770""","力積電","49,145.0000","包含合併財務報表之母子公司","僅母公司","534,354.0000","包含合併財務報表之母子公司","僅母公司","171,863.0000","僅母公司","僅母公司","583,499.0000"
"=""6771""","平和環保-創","N/A","N/A","N/A","N/A","N/A","N/A","N/A","N/A","N/A","N/A"
"=""6776""","展碁國際","34.1900","含合併財務報表之母子公司 ","含合併財務報表之母子公司 ","605.6300","含合併財務報表之母子公司 ","含合併財務報表之母子公司 ","N/A","N/A","N/A","0.0281"
"=""6781""","AES-KY","111.9152","資料涵蓋範圍包含合併財務報表之母子公司","資料涵蓋範圍包含合併財務報表之母子公司","1,987.6982","資料涵蓋範圍包含合併財務報表之母子公司","資料涵蓋範圍包含合併財務報表之母子公司","49,371.8244","資料涵蓋範圍包含合併財務報表之母子公司","資料涵蓋範圍包含合併財務報表之母子公司","0.2093"
"=""6782""","視陽","12.9600","包含合併財務報表之母子公司","包含合併財務報表之母子公司","18,217.2982","包含合併財務報表之母子公司","包含合併財務報表之母子公司","N/A","N/A","N/A","0.0054"
"=""6789""","采鈺","4,910.0000","采鈺公司新竹廠及龍潭廠","采鈺公司新竹廠及龍潭廠","37,135.0000","采鈺公司新竹廠及龍潭廠","采鈺公司新竹廠及龍潭廠","23,411.0000","采鈺公司新竹廠及龍潭廠","采鈺公司新竹廠及龍潭廠","5.8098"
"=""6790""","永豐實","63,624.5695","包含台灣及大陸之紙品及潔品全數生產據點","包含台灣及大陸之紙品及潔品全數生產據點","139,907.4808","包含台灣及大陸之紙品及潔品全數生產據點","包含台灣及大陸之紙品及潔品全數生產據點","N/A","N/A","N/A","19.7600"
"=""6792""","詠業","181.4694","合併報表之母子公司(本公司已完成111年度溫室氣體排放驗證，112年度資訊揭露係為內部盤查資料，預計於113年9月底前完成確信)","N/A","5,091.2815","合併報表之母子公司","N/A","1,660.2238","合併報表之母子公司","N/A","5.0207"
"=""6794""","向榮生技-創","N/A","N/A","N/A","N/A","N/A","N/A","N/A","N/A","N/A","N/A"
"=""6796""","晉弘","1,322.3100","母公司","N/A","520.1500","母公司","N/A","N/A","N/A","N/A","3.4700"
"=""6799""","來頡","N/A","N/A","N/A","37.2270","母公司","N/A","N/A","N/A","N/A","0.0365"
"=""6805""","富世達","N/A","N/A","N/A","N/A","N/A","N/A","N/A","N/A","N/A","N/A"
"=""6806""","森崴能源","62.0400","(一)組織邊界: 涵蓋頂埔大樓森崴能源總部及森崴台南歸仁辦公室。 1.頂埔大樓8樓森崴能源總部(僅包含森崴總部人員辦公使用區域，未包含九崴電力等其他空間): 地址:236040 新北市土城區中央路四段49號 2.台南歸仁辦公室: 地址:711009 台南市歸仁區民生六街27號  (二)報告邊界: 排放源包含直接燃燒排放源(頂埔大樓緊急發電機及餐廳天然氣使用) 、移動式燃燒排放源(公務車)、逸散(大樓冰機、空調、飲水機、滅火器、冷藏設備及化糞池)等。","確信對象:正崴精密股份有限公司(內含集團子公司森崴能源股份有限公司，證書為集團式查證) 確信標準ISO14064-1:2018","171.3562","(一)組織邊界: 涵蓋頂埔大樓森崴能源總部及森崴台南歸仁辦公室。 1.頂埔大樓8樓森崴能源總部(僅包含森崴總部人員辦公使用區域，未包含九崴電力等其他空間): 地址:236040 新北市土城區中央路四段49號 2.台南歸仁辦公室: 地址:711009 台南市歸仁區民生六街27號  (二)報告邊界: 排放源為森崴能源頂埔總部及台南歸仁辦公室各樓層及公用區域等區域內用電設備。","確信對象:正崴精密股份有限公司(內含集團子公司森崴能源股份有限公司，證書為集團式查證) 確信標準ISO14064-1:2018","1,294.6063","(一)組織邊界: 涵蓋頂埔大樓森崴能源總部及森崴台南歸仁辦公室。 1.頂埔大樓8樓森崴能源總部(僅包含森崴總部人員辦公使用區域，未包含九崴電力等其他空間): 地址:236040 新北市土城區中央路四段49號 2.台南歸仁辦公室: 地址:711009 台南市歸仁區民生六街27號  (二)報告邊界: 排放源包含上游電力、自來水、原物料採購及統包服務及廢棄物處理、運輸等。","確信對象:正崴精密股份有限公司(內含集團子公司森崴能源股份有限公司，證書為集團式查證) 確信標準ISO14064-1:2018","3.9097"
"=""6807""","峰源-KY","N/A","N/A","N/A","N/A","N/A","N/A","N/A","N/A","N/A","N/A"
"=""6830""","汎銓","99.8751","僅台灣母公司","N/A","3,355.1720","僅台灣母公司","N/A","N/A","N/A","N/A","N/A"
"=""6834""","天二科技","278.4932","僅母公司","N/A","7,260.5437","僅母公司","N/A","1,681.3948","僅母公司","N/A","N/A"
"=""6835""","圓裕","1,129.9928","母公司及子公司昆山圆裕電子科技有限公司","N/A","7,735.4470","母公司及子公司昆山圆裕電子科技有限公司","N/A","N/A","N/A","N/A","4.0329"
"=""6854""","錼創科技-KY創","1,290.9300","包含合併財務報表之母子公司","N/A","3,780.5100","包含合併財務報表之母子公司","N/A","948.9500","包含合併財務報表之母子公司","N/A","6.3843"
"=""6861""","睿生光電","9.8578","僅母公司","僅母公司","3,667.6623","僅母公司","僅母公司","950.4519","僅母公司","僅母公司","2.0100"
"=""6863""","永道-KY","160.6500","合併財務報表之母子公司直接溫室氣體排放","N/A","3,826.8630","包含合併財務報表之母子公司電力","N/A","N/A","N/A","N/A","N/A"
"=""6869""","雲豹能源-創","52.9175","僅母公司之臺北辦公室、臺南學甲區辦公室、臺南永康區辦公室、臺南佳里區宿舍","僅母公司之臺北辦公室、臺南學甲區辦公室、臺南永康區辦公室、臺南佳里區宿舍","76.6798","僅母公司之臺北辦公室、臺南學甲區辦公室、臺南永康區辦公室、臺南佳里區宿舍","僅母公司之臺北辦公室、臺南學甲區辦公室、臺南永康區辦公室、臺南佳里區宿舍","139.5211","僅母公司之臺北辦公室、臺南學甲區辦公室、臺南永康區辦公室、臺南佳里區宿舍","僅母公司之臺北辦公室、臺南學甲區辦公室、臺南永康區辦公室、臺南佳里區宿舍","0.0191"
"=""6873""","泓德能源-創","119.5800","包含合併財務報表之母子公司","包含合併財務報表之母子公司","192.1409","包含合併財務報表之母子公司","包含合併財務報表之母子公司","294.6332","包含合併財務報表之母子公司","包含合併財務報表之母子公司","0.0530"
"=""6890""","來億-KY","10,130.9570","台灣總部(旺隆)、樂億廠、樂億II廠、億春廠(A、B)、昌億廠、億柏廠、億碩廠","N/A","74,022.7924","台灣總部(旺隆)、樂億廠、樂億II廠、億春廠(A、B)、昌億廠、億柏廠、億碩廠","N/A","N/A","N/A","N/A","3.0038"
"=""6901""","鑽石投資","6.8150","母公司與子公司","母公司與子公司","60.8820","母公司與子公司","母公司與子公司","365.6920","範疇三項目包括：「燃料與能源活動」、「商務旅行」、「投資」之排放量。投資排放量邊界納入5家投資標的公司。截至2023.12.31，五家投資標的公司的總帳面金額(亦即公允價值)，佔鑽石生技投資「透過損益按公允價值衡量之金融資產-流動及非流動」總帳面金額 77.02%。","範疇三僅包含母公司","N/A"
"=""6902""","走著瞧-創","N/A","N/A","N/A","N/A","N/A","N/A","N/A","N/A","N/A","N/A"
"=""6906""","現觀科","0.0000","僅母公司，本公司主要業務為開發銷售軟體平台，無生產製程排放，無範疇一的直接排放源。","N/A","132.4992","僅母公司","N/A","N/A","N/A","N/A","0.3570"
"=""6914""","阜爾運通","N/A","N/A","N/A","N/A","N/A","N/A","N/A","N/A","N/A","N/A"
"=""6916""","華凌","480.6162","已完成合併財務報表之母子公司","已完成合併財務報表之母子公司","6,057.1619","已完成合併財務報表之母子公司","已完成合併財務報表之母子公司","4,485.2450","已完成合併財務報表之母子公司","已完成合併財務報表之母子公司","4.9448"
"=""6928""","攸泰科技","53.5813","含子公司","含子公司","405.0264","含子公司","含子公司","195.3222","含子公司","含子公司","0.1757"
"=""6931""","青松健康","N/A","N/A","N/A","N/A","N/A","N/A","N/A","N/A","N/A","N/A"
"=""6933""","AMAX-KY","N/A","N/A","N/A","N/A","N/A","N/A","N/A","N/A","N/A","N/A"
"=""6937""","天虹","N/A","N/A","N/A","N/A","N/A","N/A","N/A","N/A","N/A","N/A"
"=""6949""","沛爾生醫-創","N/A","N/A","N/A","N/A","N/A","N/A","N/A","N/A","N/A","N/A"
"=""6951""","青新-創","2,855.9498","包含合併報表之母子公司","N/A","240.0380","包含合併報表之母子公司","N/A","N/A","N/A","N/A","6.3510"
"=""6952""","大武山","N/A","N/A","N/A","N/A","N/A","N/A","N/A","N/A","N/A","N/A"
"=""6957""","裕慶-KY","N/A","N/A","N/A","N/A","N/A","N/A","N/A","N/A","N/A","N/A"
"=""6969""","成信實業*-創","822.7466","已完成母公司","N/A","600.3274","已完成母公司","N/A","92.8619","已完成母公司","N/A","12.1500"
"=""8011""","台通","867.4649","營運控制權	 台通總部加蘆竹工廠 ","N/A","1,131.7540","營運控制權	 台通總部加蘆竹工廠","N/A","4,697.8668","營運控制權	 台通總部加蘆竹工廠","N/A","0.9823"
"=""8016""","矽創","8.5964","矽創電子(新竹總部及臺北辦公室)","N/A","1,029.9598","矽創電子(新竹總部及臺北辦公室)","N/A","474.7428","矽創電子(新竹總部及臺北辦公室)","N/A","0.1006"
"=""8021""","尖點","1,307.9568","母公司與部分子公司（上海尖點精密工具有限公司、上海潤點納米材料有限公司、欣點科技股份有限公司）","母公司與部分子公司（上海尖點精密工具有限公司、上海潤點納米材料有限公司、欣點科技股份有限公司）","16,786.5555","母公司與部分子公司（上海尖點精密工具有限公司、上海潤點納米材料有限公司、欣點科技股份有限公司）","母公司與部分子公司（上海尖點精密工具有限公司、上海潤點納米材料有限公司、欣點科技股份有限公司）","5,480.7834","母公司與部分子公司（上海尖點精密工具有限公司、上海潤點納米材料有限公司、欣點科技股份有限公司）","母公司與部分子公司（上海尖點精密工具有限公司、上海潤點納米材料有限公司、欣點科技股份有限公司）","8.8666"
"=""8028""","昇陽半導體","7,120.8969","以營運控制權設定組織邊界及環境部所公布之溫室氣體排放量盤查作業指引(新竹巿力行路6號及8號3-4樓、台中巿梧棲區建七路2號)","新竹巿力行路6號及8號3-4樓、台中巿梧棲區建七路2號","24,433.1625","以營運控制權設定組織邊界及環境部所公布之溫室氣體排放量盤查作業指引(新竹巿力行路6號及8號3-4樓、台中巿梧棲區建七路2號)","新竹巿力行路6號及8號3-4樓、台中巿梧棲區建七路2號","10,904.6722","以營運控制權設定組織邊界及環境部所公布之溫室氣體排放量盤查作業指引(新竹巿力行路6號及8號3-4樓、台中巿梧棲區建七路2號)","新竹巿力行路6號及8號3-4樓、台中巿梧棲區建七路2號","9.4822"
"=""8033""","雷虎","N/A","N/A","N/A","N/A","N/A","N/A","N/A","N/A","N/A","N/A"
"=""8039""","台虹","8,427.1570","一廠、二廠、三廠、五廠","一廠、二廠、三廠、五廠","18,498.3511","一廠、二廠、三廠、五廠","一廠、二廠、三廠、五廠","48,281.9087","一廠、二廠、三廠、五廠","一廠、二廠、三廠、五廠","3.9378"
"=""8046""","南電","3,227.8000","母公司","母公司","439,642.3100","母公司 ","母公司","432,548.7200","母公司","母公司","10.5000"
"=""8070""","長華*","3,606.0000","包含合併財務報表之母子公司","包含合併財務報表之母子公司，除子公司長華能源未取得外部查證，2023年度執行確信範圍占合併財務報告子公司總排放量之99.99%。","44,219.0000","包含合併財務報表之母子公司","包含合併財務報表之母子公司，除子公司長華能源未取得外部查證，2023年度執行確信範圍占合併財務報告子公司總排放量之99.99%。","50,200.0000","包含合併財務報表之母子公司","包含合併財務報表之母子公司，除子公司長華能源未取得外部查證，2023年度執行確信範圍占合併財務報告子公司總排放量之99.99%。","2.9002"
"=""8072""","陞泰","N/A","N/A","N/A","N/A","N/A","N/A","N/A","N/A","N/A","N/A"
"=""8081""","致新","31.5000","僅母公司","N/A","1,225.5700","僅母公司","N/A","N/A","N/A","N/A","0.1788"
"=""8101""","華冠","N/A","N/A","N/A","N/A","N/A","N/A","N/A","N/A","N/A","N/A"
"=""8103""","瀚荃","45.2067","母公司","N/A","208.1217","母公司","N/A","41.9570","母公司","N/A","0.1317"
"=""8104""","錸寶","N/A","N/A","N/A","9,783.0000","母公司-錸寶","N/A","N/A","N/A","N/A","13.0964"
"=""8105""","凌巨","141,582.2463","凌巨科技股份有限公司八德廠","依環境部規定，進行凌巨科技八德廠2023年溫室氣體排放量盤查與申報，並取得ISO 14064-1認證","83,547.7760","凌巨科技股份有限公司八德廠","依環境部規定，進行凌巨科技八德廠2023年溫室氣體排放量盤查與申報，並取得ISO 14064-1認證","N/A","N/A","N/A","N/A"
"=""8110""","華東","520.4332","僅母公司","僅母公司","76,614.9842","僅母公司","僅母公司","17,079.6677","僅母公司","僅母公司","19.0770"
"=""8112""","至上","19.4622","僅母公司(包含：台北總部及新莊、龍潭、台南3處辦事處)。","僅母公司(包含：台北總部及新莊、龍潭、台南3處辦事處)。","280.2498","僅母公司(包含：台北總部及新莊、龍潭、台南3處辦事處)。","僅母公司(包含：台北總部及新莊、龍潭、台南3處辦事處)。","1,289.2070","僅母公司(包含：台北總部及新莊、龍潭、台南3處辦事處)。","N/A","0.0047"
"=""8114""","振樺電","349.1150","母公司","母公司","1,224.7810","母公司","母公司","256.2316","盤查範圍為母公司，此數據僅為依溫室氣體盤查標準ISO 14064-1：2018分類之 【類別4 由組織使用的產品所產生之間接溫室氣體排放】","母公司","0.7720"
"=""8131""","福懋科","987.8588","營運控制權","福懋科技公司全廠區","111,015.4237","營運控制權","福懋科技公司全廠區","N/A","N/A","N/A","14.6400"
"=""8150""","南茂","4,523.5200","112年度南茂集團所有廠區（含上海及美國子公司）","112年度南茂集團所有廠區（含上海及美國子公司）","231,377.9900","112年度南茂集團所有廠區（含上海及美國子公司）","112年度南茂集團所有廠區（含上海及美國子公司）","76,752.7800","112年度南茂集團所有廠區（含上海及美國子公司）","112年度南茂集團所有廠區（含上海及美國子公司）","11.0500"
"=""8162""","微矽電子","202.4994","本公司(公司無子公司)","N/A","10,928.9596","竹東總公司與竹南廠(公司無子公司)","N/A","N/A","N/A","N/A","12.3136"
"=""8163""","達方","3,593.0526","達方(包含總部與桃園廠、台南廠、蘇州廠、淮安廠、重慶廠)","達方(包含總部與桃園廠、台南廠、蘇州廠、淮安廠、重慶廠)","51,767.8829","達方(包含總部與桃園廠、台南廠、蘇州廠、淮安廠、重慶廠)","達方(包含總部與桃園廠、台南廠、蘇州廠、淮安廠、重慶廠)","10,169.8432","達方(包含總部與桃園廠、台南廠、蘇州廠、淮安廠、重慶廠)","達方(包含總部與桃園廠、台南廠、蘇州廠、淮安廠、重慶廠)","4.1259"
"=""8201""","無敵","11.2000","母公司","N/A","480.4000","母公司","N/A","N/A","N/A","N/A","1.1500"
"=""8210""","勤誠","837.5600","溫室氣體盤查邊界: 勤誠總部、嘉義廠、勤昆廠、前盛廠、勤鋒廠、美國辦公室","確信範圍: 勤誠總部、嘉義廠、勤鋒廠","8,192.9280","溫室氣體盤查邊界: 勤誠總部、嘉義廠、勤昆廠、前盛廠、勤鋒廠、美國辦公室","確信範圍: 勤誠總部、嘉義廠、勤鋒廠","5,245.6784","溫室氣體盤查邊界: 勤誠總部、嘉義廠、勤鋒廠","確信範圍: 勤誠總部、嘉義廠、勤鋒廠","0.8000"
"=""8213""","志超","11,969.2340","志超科技平鎮廠(母公司)、高雄廠(志昱科技)、無錫廠、中山廠、遂寧廠","志超科技平鎮廠(母公司)、及中國區子公司(無錫廠、中山廠、遂寧廠)","232,442.5390","志超科技平鎮廠(母公司)、高雄廠(志昱科技)、無錫廠、中山廠、遂寧廠 ","志超科技平鎮廠(母公司)、中國區子公司(無錫廠、中山廠、遂寧廠)","267,851.5620","志超科技平鎮廠(母公司)、高雄廠(志昱科技)、無錫廠、中山廠、遂寧廠","志超科技平鎮廠(母公司)、中國區子公司(無錫廠、中山廠、遂寧廠)","12.9100"
"=""8215""","明基材","17,153.4237","桃園廠區、雲林廠區及大陸廠區","桃園廠區、雲林廠區及大陸廠區","24,590.5770","桃園廠區、雲林廠區及大陸廠區","桃園廠區、雲林廠區及大陸廠區","31,090.8841","桃園廠區、雲林廠區及大陸廠區","桃園廠區、雲林廠區及大陸廠區","2.4372"
"=""8222""","寶一","N/A","N/A","N/A","N/A","N/A","N/A","N/A","N/A","N/A","N/A"
"=""8249""","菱光","12.8761","母公司","N/A","127.7429","母公司","N/A","N/A","N/A","N/A","0.0460"
"=""8261""","富鼎","33.7257","合併財務報表之母子公司","合併財務報表之母子公司","520.8003","合併財務報表之母子公司","合併財務報表之母子公司","345.9853","合併財務報表之母子公司","合併財務報表之母子公司","0.1945"
"=""8271""","宇瞻","125.2509","母公司","母公司","1,765.0065","母公司","母公司","389.1529","母公司","母公司","0.2478"
"=""8341""","日友","113,343.2670","母公司(雲林廠及彰濱廠)","N/A","11,226.5600","母公司(雲林廠及彰濱廠)","N/A","N/A","N/A","N/A","N/A"
"=""8367""","建新國際","5,726.5300","僅母公司","N/A","1,143.9000","僅母公司","N/A","N/A","N/A","N/A","4.6300"
"=""8374""","羅昇","282.6900","僅母公司","N/A","92.9200","僅母公司","N/A","N/A","N/A","N/A","432.2200"
"=""8404""","百和興業-KY","37,283.5800","江蘇百宏複合材料科技股份有限公司、東莞百宏實業有限公司、越南百宏責任有限公司","江蘇百宏複合材料科技股份有限公司、東莞百宏實業有限公司、越南百宏責任有限公司","36,672.8100","江蘇百宏複合材料科技股份有限公司、東莞百宏實業有限公司、越南百宏責任有限公司","江蘇百宏複合材料科技股份有限公司、東莞百宏實業有限公司、越南百宏責任有限公司","958.3700","江蘇百宏複合材料科技股份有限公司、東莞百宏實業有限公司、越南百宏責任有限公司","江蘇百宏複合材料科技股份有限公司(生活廢棄物處理、危險廢棄物處理及生產廢水汙泥處理)、東莞百宏實業有限公司(宿舍用電、生活廢棄物處理、危險廢棄物處理)、越南百宏責任有限公司(生活廢棄物處理、危險廢棄物處理及生產廢水汙泥處理)","14.1100"
"=""8411""","福貞-KY","10,176.1700","本公司(福貞控股)及所屬轉投資孫公司(「鼎新金屬股份有限公司」、「鼎立金屬包裝股份有限公司」、「福建福貞金屬包裝有限公司」、「福建福天食品有限公司」、「山東福貞金屬包裝有限公司」)作為揭露範疇","N/A","29,545.5900","本公司(福貞控股)及所屬轉投資孫公司(「鼎新金屬股份有限公司」、「鼎立金屬包裝股份有限公司」、「福建福貞金屬包裝有限公司」、「福建福天食品有限公司」、「山東福貞金屬包裝有限公司」)作為揭露範疇","N/A","N/A","N/A","N/A","6.6213"
"=""8422""","可寧衛","8,968.1569","可寧衛、吉衛、大寧、岡聯事業、上評資源循環、大倉、可寧衛企業","可寧衛、吉衛、大寧、岡聯事業、上評資源循環、大倉、可寧衛企業","14,343.4636","可寧衛、吉衛、大寧、岡聯事業、上評資源循環、大倉、可寧衛企業","可寧衛、吉衛、大寧、岡聯事業、上評資源循環、大倉、可寧衛企業","7,669.5440","可寧衛、吉衛、大寧、岡聯事業、上評資源循環、大倉、可寧衛企業","可寧衛、吉衛、大寧、岡聯事業、上評資源循環、大倉、可寧衛企業","7.2600"
"=""8429""","金麗-KY","30.5200","包含合併財務報表之母子公司","N/A","667.0300","包含合併財務報表之母子公司 ","N/A","6.9800","包含合併財務報表之母子公司","N/A","N/A"
"=""8438""","昶昕","909.7182","大園一廠、大園廠、海湖廠、蘆竹廠、含銅廢液廠","N/A","15,437.6664","大園一廠、大園廠、海湖廠、蘆竹廠、含銅廢液廠","N/A","1,262.3136","大園一廠、大園廠、海湖廠、蘆竹廠、含銅廢液廠","N/A","5.7525"
"=""8442""","威宏-KY","1,406.0000","合併財務報表之母子公司","N/A","6,592.7000","合併財務報表之母子公司","N/A","9.1000","母公司","N/A","1.0000"
"=""8443""","阿瘦","N/A","N/A","N/A","N/A","N/A","N/A","N/A","N/A","N/A","N/A"
"=""8454""","富邦媒","1,815.7027","momo 100% 營運控制據點及國內子公司(富立人身、富立綜保、千卉國際、富昇物流、富美康健)","momo 100% 營運控制據點及國內子公司(富立人身、富立綜保、千卉國際、富昇物流、富美康健)","13,534.7076","momo 100% 營運控制據點及國內子公司(富立人身、富立綜保、千卉國際、富昇物流、富美康健)","momo 100% 營運控制據點及國內子公司(富立人身、富立綜保、千卉國際、富昇物流、富美康健)","1,416,777.1306","momo 100% 營運控制據點及國內子公司(富立人身、富立綜保、千卉國際、富昇物流、富美康健)","momo 100% 營運控制據點及國內子公司(富立人身、富立綜保、千卉國際、富昇物流、富美康健)","0.1390"
"=""8462""","柏文","1,120.6300","包含合併財務報表之母子公司","N/A","26,095.3000","包含合併財務報表之母子公司","N/A","N/A","N/A","N/A","6.3352"
"=""8463""","潤泰材","630,161.4387","母公司個體(涵蓋所有營運據點)","母公司個體(涵蓋所有營運據點)","49,414.9361","母公司個體(涵蓋所有營運據點)","母公司個體(涵蓋所有營運據點)","N/A","N/A","N/A","170.4053"
"=""8464""","億豐","1,330.0000","台灣總公司和彰化廠(膠管)、中國大陸東莞泛昌廠(百葉簾)、東莞億豐廠(百葉窗)、東莞兆豐廠(軟質窗簾)、山東五蓮廠(木質零組件)、柬埔寨三豐廠(百葉簾)、美國達拉斯廠(百葉簾、軟質窗簾輕型組裝)","台灣總公司和彰化廠(膠管)、中國大陸東莞泛昌廠(百葉簾)、東莞億豐廠(百葉窗)、東莞兆豐廠(軟質窗簾)、山東五蓮廠(木質零組件)、柬埔寨三豐廠(百葉簾)、美國達拉斯廠(百葉簾、軟質窗簾輕型組裝)","44,338.0000","台灣總公司和彰化廠(膠管)、中國大陸東莞泛昌廠(百葉簾)、東莞億豐廠(百葉窗)、東莞兆豐廠(軟質窗簾)、山東五蓮廠(木質零組件)、柬埔寨三豐廠(百葉簾)、美國達拉斯廠(百葉簾、軟質窗簾輕型組裝)","台灣總公司和彰化廠(膠管)、中國大陸東莞泛昌廠(百葉簾)、東莞億豐廠(百葉窗)、東莞兆豐廠(軟質窗簾)、山東五蓮廠(木質零組件)、柬埔寨三豐廠(百葉簾)、美國達拉斯廠(百葉簾、軟質窗簾輕型組裝)","81,655.0000","中國大陸東莞億豐廠(百葉窗)、東莞兆豐廠(軟質窗簾)","中國大陸東莞億豐廠(百葉窗)、東莞兆豐廠(軟質窗簾)","1.7000"
"=""8466""","美吉吉-KY","N/A","N/A","N/A","N/A","N/A","N/A","N/A","N/A","N/A","N/A"
"=""8467""","波力-KY","N/A","N/A","N/A","N/A","N/A","N/A","N/A","N/A","N/A","N/A"
"=""8473""","山林水","N/A","N/A","N/A","N/A","N/A","N/A","N/A","N/A","N/A","N/A"
"=""8476""","台境","N/A","N/A","N/A","N/A","N/A","N/A","N/A","N/A","N/A","N/A"
"=""8478""","東哥遊艇","432.6900","台灣營運據點","N/A","1,614.1800","台灣營運據點","N/A","N/A","N/A","N/A","0.3200"
"=""8481""","政伸","87.6407","僅母公司","僅母公司","1,298.9434","僅母公司","僅母公司","449.9660","僅母公司","僅母公司","2.5131"
"=""8482""","商億-KY","N/A","N/A","N/A","N/A","N/A","N/A","N/A","N/A","N/A","N/A"
"=""8487""","愛爾達","9.0000","母公司(本公司無子公司)","N/A","450.0000","母公司(本公司無子公司)","N/A","N/A","N/A","N/A","0.4740"
"=""8488""","吉源-KY","N/A","N/A","N/A","N/A","N/A","N/A","N/A","N/A","N/A","N/A"
"=""8499""","鼎炫-KY","N/A","N/A","N/A","N/A","N/A","N/A","N/A","N/A","N/A","N/A"
"=""8926""","台汽電","336,811.8194","僅母公司(台汽電官田廠)","僅母公司(台汽電官田廠)","357.6560","僅母公司(台汽電官田廠)","僅母公司(台汽電官田廠)","N/A","N/A","N/A","141.7166"
"=""8940""","新天地","N/A","N/A","N/A","N/A","N/A","N/A","N/A","N/A","N/A","N/A"
"=""8996""","高力","271.0538","合併財務報表之母子公司","合併財務報表之母子公司","8,851.4510","合併財務報表之母子公司","合併財務報表之母子公司","19,319.4109","合併財務報表之母子公司","合併財務報表之母子公司","2.1100"
"=""9802""","鈺齊-KY","3,744.6300","台灣總部、中國和誠廠、柬埔寨齊鼎廠、越南鈺齊廠","N/A","39,929.2600","台灣總部、中國和誠廠、柬埔寨齊鼎廠、越南鈺齊廠","N/A","66.6400","台灣總部、中國和誠廠、柬埔寨齊鼎廠、越南鈺齊廠","N/A","N/A"
"=""9902""","台火","22.6451","包含合併財務報表之母子公司","N/A","N/A","N/A","N/A","N/A","N/A","N/A","N/A"
"=""9904""","寶成","44,800.0000","包含母公司個體及子公司製鞋業務範圍","母公司個體","457,200.0000","包含母公司個體及子公司製鞋業務範圍，採用市場基準排放量","母公司個體","18,685.6400","主要盤查產品(成品鞋)下游運輸，與母公司員工航空差旅等兩個項目。","母公司員工航空差旅項目","3.1827"
"=""9905""","大華","3,670.0488","僅母公司","N/A","8,965.9732","僅母公司","N/A","N/A","N/A","N/A","6.0419"
"=""9906""","欣巴巴","N/A","N/A","N/A","N/A","N/A","N/A","N/A","N/A","N/A","N/A"
"=""9907""","統一實","27,921.0000","母公司個體(包含:台灣個體一廠及二廠)","母公司個體(包含:台灣個體一廠及二廠)","63,609.0000","母公司個體(包含:台灣個體一廠及二廠)","母公司個體(包含:台灣個體一廠及二廠)","N/A","N/A","N/A","7.5892"
"=""9908""","大台北","19,082.5289","母公司三棟大樓自用樓層及內湖工務部","N/A","914.5559","母公司三棟大樓自用樓層及內湖工務部","N/A","125.9820","母公司三棟大樓自用樓層及內湖工務部","N/A","5.8763"
"=""9910""","豐泰","14,082.0000","包含豐泰集團總部及各地區子公司，但不包含控股等關係企業，亦不包含於 2023 年 12 月才開始投產之 Vietnam Nam Ha Footwear Company Limited 及 India Tindivanam Footwear Private Limited 兩家子公司。","豐泰集團總部","204,820.0000","包含豐泰集團總部及各地區子公司，但不包含控股等關係企業，亦不包含於 2023 年 12 月才開始投產之 Vietnam Nam Ha Footwear Company Limited 及 India Tindivanam Footwear Private Limited 兩家子公司。","豐泰集團總部","N/A","N/A","N/A","2.5523"
"=""9911""","櫻花","679.7335","盤查邊界為本公司國內各工廠、國內屬本公司組織。","N/A","3,043.1378","盤查邊界為本公司國內各工廠、國內屬本公司組織。","N/A","N/A","N/A","N/A","0.4398"
"=""9912""","偉聯","N/A","N/A","N/A","N/A","N/A","N/A","N/A","N/A","N/A","N/A"
"=""9914""","美利達","1,582.0964","母公司","N/A","3,988.1001","母公司","N/A","6,494.2730","母公司","N/A","0.6030"
"=""9917""","中保科","3,693.7098","總公司旗下據點及分公司","總公司旗下據點及分公司","5,141.1815","總公司旗下據點及分公司","總公司旗下據點及分公司","N/A","N/A","N/A","1.0000"
"=""9918""","欣天然","N/A","N/A","N/A","192.4800","欣欣大樓","N/A","N/A","N/A","N/A","0.1006"
"=""9919""","康那香","2,684.8781","佳里廠: 臺南市佳里區民安里同安寮77-1號 口寮廠: 臺南市將軍區將軍里三吉66之1號 佳里三廠: 臺南市將軍區苓仔寮里源頭1-2號","合理保證等級及5%實質性等級","14,350.6440","佳里廠: 臺南市佳里區民安里同安寮77-1號 口寮廠: 臺南市將軍區將軍里三吉66之1號 佳里三廠: 臺南市將軍區苓仔寮里源頭1-2號","合理保證等級及5%實質性等級","245.7622","佳里廠: 臺南市佳里區民安里同安寮77-1號 口寮廠: 臺南市將軍區將軍里三吉66之1號 佳里三廠: 臺南市將軍區苓仔寮里源頭1-2號","合理保證等級及5%實質性等級","1.8300"
"=""9921""","巨大","9,474.0901","台灣據點","台灣據點","16,880.1065","台灣據點","台灣據點","170,525.1762","台灣據點","台灣據點","0.7857"
"=""9924""","福興","417.2326","高雄市岡山區本洲里育才路88號","N/A","6,388.8660","高雄市岡山區本洲里育才路88號","N/A","4,947.8058","高雄市岡山區本洲里育才路88號","N/A","1.7393"
"=""9925""","新保","2,218.2562","涵蓋台灣新光保全股份有限公司共67個據點","母公司","2,362.7659","涵蓋台灣新光保全股份有限公司共67個據點","母公司","2,992.1408","涵蓋台灣新光保全股份有限公司共67個據點","母公司","1.2391"
"=""9926""","新海","114.0700","母公司","N/A","437.7300","母公司","N/A","245.5300","母公司","N/A","0.2400"
"=""9927""","泰銘","13,736.1091","母公司","N/A","4,769.2736","母公司","N/A","N/A","N/A","N/A","2.6636"
"=""9928""","中視","N/A","N/A","N/A","N/A","N/A","N/A","N/A","N/A","N/A","N/A"
"=""9929""","秋雨","N/A","N/A","N/A","N/A","N/A","N/A","N/A","N/A","N/A","0.0000"
"=""9930""","中聯資源","67,664.1760","涵蓋母公司全台灣地區各廠(場)站","涵蓋母公司全台灣地區各廠(場)站","66,971.7119","涵蓋母公司全台灣地區各廠(場)站","涵蓋母公司全台灣地區各廠(場)站","291,700.9232","涵蓋母公司全台灣地區各廠(場)站","涵蓋母公司全台灣地區各廠(場)站","12.1461"
"=""9931""","欣高","N/A","N/A","N/A","N/A","N/A","N/A","N/A","N/A","N/A","N/A"
"=""9933""","中鼎","4,247.8641","中鼎工程100%所有營運據點","中鼎工程100%所有營運據點","5,245.6724","中鼎工程100%所有營運據點","中鼎工程100%所有營運據點","592,198.8965","中鼎工程100%所有營運據點","中鼎工程100%所有營運據點","0.2068"
"=""9934""","成霖","21.2270","(A)1.3之揭露僅母公司 (B)子公司(山東美林衛浴有限公司)-22816.352","N/A","340.1680","(A)2.3之揭露僅母公司 (B)子公司(山東美林衛浴有限公司)-21308.233","N/A","16,566.6680","(A)3.3之揭露僅母公司外銷產品運輸 (B)子公司(山東美林衛浴有限公司)-2895.225 (原料及內銷產品運輸)","N/A","N/A"
"=""9935""","慶豐富","N/A","N/A","N/A","N/A","N/A","N/A","N/A","N/A","N/A","N/A"
"=""9937""","全國","255.7654","包含合併財務報表之母子公司","N/A","4,907.8736","包含合併財務報表之母子公司","N/A","N/A","N/A","N/A","0.2105"
"=""9938""","百和","54,910.6921","本公司、越南百和公司、印尼百和公司、江蘇百宏公司、東莞百宏公司、越南百宏公司","本公司、越南百和公司、江蘇百宏公司、東莞百宏公司、越南百宏公司","80,074.5421","本公司、越南百和公司、印尼百和公司、江蘇百宏公司、東莞百宏公司、越南百宏公司","本公司、越南百和公司、江蘇百宏公司、東莞百宏公司、越南百宏公司","18,705.8790","本公司、越南百和公司、江蘇百宏公司、東莞百宏公司、越南百宏公司","本公司、越南百和公司、江蘇百宏公司、東莞百宏公司、越南百宏公司","11.3128"
"=""9939""","宏全","20,062.3800"," 溫室氣體排放量資訊涵蓋週期： 2023年01月01日至2023年12月31日  廠區活動範圍地理位置： 台中廠 台中市工業區二路6號 台中二廠 台中市工業區二路7號 中港分公司 台中市梧棲區經三路11 號 無菌飲料二廠 台中市梧棲區大業路6號 無菌飲料三廠 台中市梧棲區緯六路2號  排放溫室氣體種類： 二氧化碳(CO2)、甲烷(CH4)、氧化亞氮(N2O)、氫氟碳化物(HFCs)、全氟碳化物(PFCs)、六氟化硫(SF6)、三氟化氮(NF3)  全球暖化潛勢(GWP)引用： IPCC 2021 第六次評估報告之全球暖化潛勢值  排放係數資料庫來源: 直接溫室氣體排放：溫室氣體排放量盤查作業指引(111.05)  間接溫室氣體排放： 輸入能源之電力引用經濟部能源署2023 年公布之2022 年電力排放係數: 0.495 公斤二氧化  碳當量/度計算： 二級資料庫引用產品碳足跡資訊網、日本碳係數資料庫ver 4.0 版(カーボンフットプリント制度試行事業CO2 換算量共通原単位データベースver. 4.0)、 協承昌公司之產品碳足跡查證聲明書(UV 平版印刷油墨)  保證等級： 依據查驗準則及雙邊協議執行查驗程序，針對宏全國際於溫室氣體聲明所提查驗證據顯示 類別一及類別二之未違反實質性差異門檻，符合主管機關認可之合理保證等級。 類別三至六為有限保證等級。  實質性差異門檻判斷準則：5% ","台中廠、台中二廠、中港分公司、無菌飲料二廠、無菌飲料三廠","74,689.4700"," 溫室氣體排放量資訊涵蓋週期： 2023年01月01日至2023年12月31日  廠區活動範圍地理位置： 台中廠 台中市工業區二路6號 台中二廠 台中市工業區二路7號 中港分公司 台中市梧棲區經三路11號 無菌飲料二廠 台中市梧棲區大業路6號 無菌飲料三廠 台中市梧棲區緯六路2號  排放溫室氣體種類： 二氧化碳(CO2)、甲烷(CH4)、氧化亞氮(N2O)、氫氟碳化物(HFCs)、全氟碳化物(PFCs)、六氟化硫(SF6)、三氟化氮(NF3)  全球暖化潛勢(GWP)引用： IPCC 2021 第六次評估報告之全球暖化潛勢值  排放係數資料庫來源: 直接溫室氣體排放：溫室氣體排放量盤查作業指引(111.05)  間接溫室氣體排放： 輸入能源之電力引用經濟部能源署2023 年公布之2022 年電力排放係數: 0.495 公斤二氧化  碳當量/度計算： 二級資料庫引用產品碳足跡資訊網、日本碳係數資料庫ver 4.0 版(カーボンフットプリント制度試行事業CO2 換算量共通原単位データベースver. 4.0)、 協承昌公司之產品碳足跡查證聲明書(UV 平版印刷油墨)  保證等級： 依據查驗準則及雙邊協議執行查驗程序，針對宏全國際於溫室氣體聲明所提查驗證據顯示 類別一及類別二之未違反實質性差異門檻，符合主管機關認可之合理保證等級。 類別三至六為有限保證等級。  實質性差異門檻判斷準則：5% ","台中廠、台中二廠、中港分公司、無菌飲料二廠、無菌飲料三廠","195,227.7980"," 溫室氣體排放量資訊涵蓋週期： 2023年01月01日至2023年12月31日  廠區活動範圍地理位置： 台中廠 台中市工業區二路6號 台中二廠 台中市工業區二路7號 中港分公司 台中市梧棲區經三路11號 無菌飲料二廠 台中市梧棲區大業路6號 無菌飲料三廠 台中市梧棲區緯六路2號  排放溫室氣體種類： 二氧化碳(CO2)、甲烷(CH4)、氧化亞氮(N2O)、氫氟碳化物(HFCs)、全氟碳化物(PFCs)、六氟化硫(SF6)、三氟化氮(NF3)  全球暖化潛勢(GWP)引用： IPCC 2021 第六次評估報告之全球暖化潛勢值  排放係數資料庫來源: 直接溫室氣體排放：溫室氣體排放量盤查作業指引(111.05)  間接溫室氣體排放： 輸入能源之電力引用經濟部能源署2023 年公布之2022 年電力排放係數: 0.495 公斤二氧化  碳當量/度計算： 二級資料庫引用產品碳足跡資訊網、日本碳係數資料庫ver 4.0 版(カーボンフットプリント制度試行事業CO2 換算量共通原単位データベースver. 4.0)、 協承昌公司之產品碳足跡查證聲明書(UV 平版印刷油墨)  保證等級： 依據查驗準則及雙邊協議執行查驗程序，針對宏全國際於溫室氣體聲明所提查驗證據顯示 類別一及類別二之未違反實質性差異門檻，符合主管機關認可之合理保證等級。 類別三至六為有限保證等級。  實質性差異門檻判斷準則：5% ","台中廠、台中二廠、中港分公司、無菌飲料二廠、無菌飲料三廠","10.3150"
"=""9940""","信義","496.7813","信義房屋股份有限公司  ","信義房屋股份有限公司  ","4,856.3172","信義房屋股份有限公司  ","信義房屋股份有限公司  ","3,477.7817","信義房屋股份有限公司  ","N/A","0.7899"
"=""9941""","裕融","190.1768","本公司+子公司新鑫、裕富全台營運辦公室據點","本公司+子公司新鑫、裕富全台營運辦公室據點","1,173.7900","本公司+子公司新鑫、裕富全台營運辦公室據點","本公司+子公司新鑫、裕富全台營運辦公室據點","1,962.3590","本公司+子公司新鑫、裕富全台營運辦公室據點","本公司+子公司新鑫、裕富全台營運辦公室據點","0.0650"
"=""9942""","茂順","1,547.9788","母公司","茂順公司第一~六廠、租賃廠","12,421.2710","母公司","茂順公司第一~六廠、租賃廠","14,986.4602","母公司","茂順公司第一~六廠、租賃廠","N/A"
"=""9943""","好樂迪","699.5667","合併財務報表之母子公司","N/A","17,241.0100","合併財務報表之母子公司","N/A","N/A","N/A","N/A","6.4700"
"=""9944""","新麗","1,380.2097","母公司","母公司","1,899.1194","母公司","母公司","4,863.1026","母公司","母公司","2.4560"
"=""9945""","潤泰新","479.5110","母公司","潤泰創新國際股份有限公司(個體) 溫室氣體種類：CO2,CH4,N2O,HFCS,PFCs,SF6,NF3，查驗數據區間：2023年1月1日至2023年12月31日","3,865.9935","母公司","潤泰創新國際股份有限公司(個體) 溫室氣體種類：CO2,CH4,N2O,HFCS,PFCs,SF6,NF3，查驗數據區間：2023年1月1日至2023年12月31日","N/A","N/A","N/A","0.5414"
"=""9946""","三發地產","19.2924","含合併財務報表之母子公司","範疇一 與 範疇二","301.2634"," 含合併財務報表之母子公司","範疇一 + 範疇二","N/A","N/A","N/A","N/A"
"=""9955""","佳龍","445.9652","僅母公司","N/A","908.5539","僅母公司","N/A","N/A","N/A","N/A","N/A"
"=""9958""","世紀鋼","1,364.5560","母公司個體盤查","母公司個體盤查","4,576.8971","母公司個體盤查","母公司個體盤查","89,581.9851","母公司個體盤查","母公司個體盤查","0.7338"