"報告年度:2023","議題:持股及控制力"
"公司代號","公司名稱","前10大股東持股情況-前10大股東持股情況"
"=""1101""","台泥","https://doc.twse.com.tw/server-java/t144sb10?step=9&filename=2024_1101_20240521F17.pdf"
"=""1102""","亞泥","https://doc.twse.com.tw/server-java/t144sb10?step=9&filename=2024_1102_20240625F17.pdf"
"=""1103""","嘉泥","https://doc.twse.com.tw/server-java/t144sb10?step=9&filename=2024_1103_20240524F17.pdf"
"=""1104""","環泥","https://doc.twse.com.tw/server-java/t144sb10?step=9&filename=2024_1104_20240621F17.pdf"
"=""1108""","幸福","https://doc.twse.com.tw/server-java/t144sb10?step=9&filename=2024_1108_20240618F17.pdf"
"=""1109""","信大","https://doc.twse.com.tw/server-java/t144sb10?step=9&filename=2024_1109_20240619F17.pdf"
"=""1110""","東泥","https://doc.twse.com.tw/server-java/t144sb10?step=9&filename=2024_1110_20240621F17.pdf"
"=""1201""","味全","https://doc.twse.com.tw/server-java/t144sb10?step=9&filename=2024_1201_20240627F17.pdf"
"=""1203""","味王","https://doc.twse.com.tw/server-java/t144sb10?step=9&filename=2024_1203_20240626F17.pdf"
"=""1210""","大成","https://doc.twse.com.tw/server-java/t144sb10?step=9&filename=2024_1210_20240607F17.pdf"
"=""1213""","大飲","https://doc.twse.com.tw/server-java/t144sb10?step=9&filename=2024_1213_20241016F17.pdf"
"=""1215""","卜蜂","https://doc.twse.com.tw/server-java/t144sb10?step=9&filename=2024_1215_20240625F17.pdf"
"=""1216""","統一","https://doc.twse.com.tw/server-java/t144sb10?step=9&filename=2024_1216_20240627F17.pdf"
"=""1217""","愛之味","https://doc.twse.com.tw/server-java/t144sb10?step=9&filename=2024_1217_20240621F17.pdf"
"=""1218""","泰山","https://doc.twse.com.tw/server-java/t144sb10?step=9&filename=2024_1218_20240528F17.pdf"
"=""1219""","福壽","https://doc.twse.com.tw/server-java/t144sb10?step=9&filename=2024_1219_20240605F17.pdf"
"=""1220""","台榮","https://doc.twse.com.tw/server-java/t144sb10?step=9&filename=2024_1220_20240627F17.pdf"
"=""1225""","福懋油","https://doc.twse.com.tw/server-java/t144sb10?step=9&filename=2024_1225_20240626F17.pdf"
"=""1227""","佳格","https://doc.twse.com.tw/server-java/t144sb10?step=9&filename=2024_1227_20240619F17.pdf"
"=""1229""","聯華","https://doc.twse.com.tw/server-java/t144sb10?step=9&filename=2024_1229_20240527F17.pdf"
"=""1231""","聯華食","https://doc.twse.com.tw/server-java/t144sb10?step=9&filename=2024_1231_20240614F17.pdf"
"=""1232""","大統益","https://doc.twse.com.tw/server-java/t144sb10?step=9&filename=2024_1232_20240613F17.pdf"
"=""1233""","天仁","https://doc.twse.com.tw/server-java/t144sb10?step=9&filename=2024_1233_20240613F17.pdf"
"=""1234""","黑松","https://doc.twse.com.tw/server-java/t144sb10?step=9&filename=2024_1234_20240619F17.pdf"
"=""1235""","興泰","https://doc.twse.com.tw/server-java/t144sb10?step=9&filename=2024_1235_20240618F17.pdf"
"=""1236""","宏亞","https://doc.twse.com.tw/server-java/t144sb10?step=9&filename=2024_1236_20240524F17.pdf"
"=""1256""","鮮活果汁-KY","https://doc.twse.com.tw/server-java/t144sb10?step=9&filename=2024_1256_20240606F17.pdf"
"=""1301""","台塑","https://doc.twse.com.tw/server-java/t144sb10?step=9&filename=2024_1301_20240620F17.pdf"
"=""1303""","南亞","https://doc.twse.com.tw/server-java/t144sb10?step=9&filename=2024_1303_20240619F17.pdf"
"=""1304""","台聚","https://doc.twse.com.tw/server-java/t144sb10?step=9&filename=2024_1304_20240531F17.pdf"
"=""1305""","華夏","https://doc.twse.com.tw/server-java/t144sb10?step=9&filename=2024_1305_20240528F17.pdf"
"=""1307""","三芳","https://doc.twse.com.tw/server-java/t144sb10?step=9&filename=2024_1307_20240619F17.pdf"
"=""1308""","亞聚","https://doc.twse.com.tw/server-java/t144sb10?step=9&filename=2024_1308_20240530F17.pdf"
"=""1309""","台達化","https://doc.twse.com.tw/server-java/t144sb10?step=9&filename=2024_1309_20240531F17.pdf"
"=""1310""","台苯","https://doc.twse.com.tw/server-java/t144sb10?step=9&filename=2024_1310_20240531F17.pdf"
"=""1312""","國喬","https://doc.twse.com.tw/server-java/t144sb10?step=9&filename=2024_1312_20240607F17.pdf"
"=""1313""","聯成","https://doc.twse.com.tw/server-java/t144sb10?step=9&filename=2024_1313_20240524F17.pdf"
"=""1314""","中石化","https://doc.twse.com.tw/server-java/t144sb10?step=9&filename=2024_1314_20240530F17.pdf"
"=""1315""","達新","https://doc.twse.com.tw/server-java/t144sb10?step=9&filename=2024_1315_20240621F17.pdf"
"=""1316""","上曜","https://doc.twse.com.tw/server-java/t144sb10?step=9&filename=2024_1316_20240529F17.pdf"
"=""1319""","東陽","https://doc.twse.com.tw/server-java/t144sb10?step=9&filename=2024_1319_20240618F17.pdf"
"=""1321""","大洋","https://doc.twse.com.tw/server-java/t144sb10?step=9&filename=2024_1321_20240531F17.pdf"
"=""1323""","永裕","https://doc.twse.com.tw/server-java/t144sb10?step=9&filename=2024_1323_20240527F17.pdf"
"=""1324""","地球","https://doc.twse.com.tw/server-java/t144sb10?step=9&filename=2024_1324_20240619F17.pdf"
"=""1325""","恆大","https://doc.twse.com.tw/server-java/t144sb10?step=9&filename=2024_1325_20240621F17.pdf"
"=""1326""","台化","https://doc.twse.com.tw/server-java/t144sb10?step=9&filename=2024_1326_20240618F17.pdf"
"=""1337""","再生-KY","https://doc.twse.com.tw/server-java/t144sb10?step=9&filename=2024_1337_20240614F17.pdf"
"=""1338""","廣華-KY","https://doc.twse.com.tw/server-java/t144sb10?step=9&filename=2024_1338_20240531F17.pdf"
"=""1339""","昭輝","https://doc.twse.com.tw/server-java/t144sb10?step=9&filename=2024_1339_20240530F17.pdf"
"=""1340""","勝悅-KY","https://doc.twse.com.tw/server-java/t144sb10?step=9&filename=2024_1340_20240624F17.pdf"
"=""1341""","富林-KY","https://doc.twse.com.tw/server-java/t144sb10?step=9&filename=2024_1341_20240612F17.pdf"
"=""1342""","八貫","https://doc.twse.com.tw/server-java/t144sb10?step=9&filename=2024_1342_20240523F17.pdf"
"=""1402""","遠東新","https://doc.twse.com.tw/server-java/t144sb10?step=9&filename=2024_1402_20240627F17.pdf"
"=""1409""","新纖","https://doc.twse.com.tw/server-java/t144sb10?step=9&filename=2024_1409_20240530F17.pdf"
"=""1410""","南染","https://doc.twse.com.tw/server-java/t144sb10?step=9&filename=2024_1410_20240619F17.pdf"
"=""1413""","宏洲","https://doc.twse.com.tw/server-java/t144sb10?step=9&filename=2024_1413_20240527F17.pdf"
"=""1414""","東和","https://doc.twse.com.tw/server-java/t144sb10?step=9&filename=2024_1414_20240618F17.pdf"
"=""1416""","廣豐","https://doc.twse.com.tw/server-java/t144sb10?step=9&filename=2024_1416_20240530F17.pdf"
"=""1417""","嘉裕","https://doc.twse.com.tw/server-java/t144sb10?step=9&filename=2024_1417_20240619F17.pdf"
"=""1418""","東華","https://doc.twse.com.tw/server-java/t144sb10?step=9&filename=2024_1418_20240625F17.pdf"
"=""1419""","新紡","https://doc.twse.com.tw/server-java/t144sb10?step=9&filename=2024_1419_20240528F17.pdf"
"=""1423""","利華","https://doc.twse.com.tw/server-java/t144sb10?step=9&filename=2024_1423_20240621F17.pdf"
"=""1432""","大魯閣","https://doc.twse.com.tw/server-java/t144sb10?step=9&filename=2024_1432_20240531F17.pdf"
"=""1434""","福懋","https://doc.twse.com.tw/server-java/t144sb10?step=9&filename=2024_1434_20240621F17.pdf"
"=""1435""","中福","https://doc.twse.com.tw/server-java/t144sb10?step=9&filename=2024_1435_20240615F17.pdf"
"=""1436""","華友聯","https://doc.twse.com.tw/server-java/t144sb10?step=9&filename=2024_1436_20240619F17.pdf"
"=""1437""","勤益控","https://doc.twse.com.tw/server-java/t144sb10?step=9&filename=2024_1437_20240607F17.pdf"
"=""1438""","三地開發","https://doc.twse.com.tw/server-java/t144sb10?step=9&filename=2024_1438_20240626F17.pdf"
"=""1439""","雋揚","https://doc.twse.com.tw/server-java/t144sb10?step=9&filename=2024_1439_20240627F17.pdf"
"=""1440""","南紡","https://doc.twse.com.tw/server-java/t144sb10?step=9&filename=2024_1440_20240529F17.pdf"
"=""1441""","大東","https://doc.twse.com.tw/server-java/t144sb10?step=9&filename=2024_1441_20240527F17.pdf"
"=""1442""","名軒","https://doc.twse.com.tw/server-java/t144sb10?step=9&filename=2024_1442_20240619F17.pdf"
"=""1443""","立益物流","https://doc.twse.com.tw/server-java/t144sb10?step=9&filename=2024_1443_20240612F17.pdf"
"=""1444""","力麗","https://doc.twse.com.tw/server-java/t144sb10?step=9&filename=2024_1444_20240621F17.pdf"
"=""1445""","大宇","https://doc.twse.com.tw/server-java/t144sb10?step=9&filename=2024_1445_20240530F17.pdf"
"=""1446""","宏和","https://doc.twse.com.tw/server-java/t144sb10?step=9&filename=2024_1446_20240614F17.doc"
"=""1447""","力鵬","https://doc.twse.com.tw/server-java/t144sb10?step=9&filename=2024_1447_20240621F17.pdf"
"=""1449""","佳和","https://doc.twse.com.tw/server-java/t144sb10?step=9&filename=2024_1449_20240625F17.pdf"
"=""1451""","年興","https://doc.twse.com.tw/server-java/t144sb10?step=9&filename=2024_1451_20240618F17.pdf"
"=""1452""","宏益","https://doc.twse.com.tw/server-java/t144sb10?step=9&filename=2024_1452_20240614F17.pdf"
"=""1453""","大將","https://doc.twse.com.tw/server-java/t144sb10?step=9&filename=2024_1453_20240614F17.pdf"
"=""1454""","台富","https://doc.twse.com.tw/server-java/t144sb10?step=9&filename=2024_1454_20240529F17.pdf"
"=""1455""","集盛","https://doc.twse.com.tw/server-java/t144sb10?step=9&filename=2024_1455_20240606F17.pdf"
"=""1456""","怡華","https://doc.twse.com.tw/server-java/t144sb10?step=9&filename=2024_1456_20240530F17.pdf"
"=""1457""","宜進","https://doc.twse.com.tw/server-java/t144sb10?step=9&filename=2024_1457_20240619F17.pdf"
"=""1459""","聯發","https://doc.twse.com.tw/server-java/t144sb10?step=9&filename=2024_1459_20240626F17.pdf"
"=""1460""","宏遠","https://doc.twse.com.tw/server-java/t144sb10?step=9&filename=2024_1460_20240614F17.pdf"
"=""1463""","強盛","https://doc.twse.com.tw/server-java/t144sb10?step=9&filename=2024_1463_20240625F17.pdf"
"=""1464""","得力","https://doc.twse.com.tw/server-java/t144sb10?step=9&filename=2024_1464_20240607F17.pdf"
"=""1465""","偉全","https://doc.twse.com.tw/server-java/t144sb10?step=9&filename=2024_1465_20240531F17.pdf"
"=""1466""","聚隆","https://doc.twse.com.tw/server-java/t144sb10?step=9&filename=2024_1466_20240621F17.pdf"
"=""1467""","南緯","https://doc.twse.com.tw/server-java/t144sb10?step=9&filename=2024_1467_20240614F17.pdf"
"=""1468""","昶和","https://doc.twse.com.tw/server-java/t144sb10?step=9&filename=2024_1468_20240619F17.pdf"
"=""1470""","大統新創","https://doc.twse.com.tw/server-java/t144sb10?step=9&filename=2024_1470_20240625F17.pdf"
"=""1471""","首利","https://doc.twse.com.tw/server-java/t144sb10?step=9&filename=2024_1471_20240619F17.pdf"
"=""1472""","三洋實業","https://doc.twse.com.tw/server-java/t144sb10?step=9&filename=2024_1472_20240527F17.pdf"
"=""1473""","台南","https://doc.twse.com.tw/server-java/t144sb10?step=9&filename=2024_1473_20240524F17.pdf"
"=""1474""","弘裕","https://doc.twse.com.tw/server-java/t144sb10?step=9&filename=2024_1474_20240626F17.pdf"
"=""1475""","業旺","https://doc.twse.com.tw/server-java/t144sb10?step=9&filename=2024_1475_20240625F17.pdf"
"=""1476""","儒鴻","https://doc.twse.com.tw/server-java/t144sb10?step=9&filename=2024_1476_20240612F17.pdf"
"=""1477""","聚陽","https://doc.twse.com.tw/server-java/t144sb10?step=9&filename=2024_1477_20240628F17.pdf"
"=""1503""","士電","https://doc.twse.com.tw/server-java/t144sb10?step=9&filename=2024_1503_20240619F17.pdf"
"=""1504""","東元","https://doc.twse.com.tw/server-java/t144sb10?step=9&filename=2024_1504_20240524F17.pdf"
"=""1506""","正道","https://doc.twse.com.tw/server-java/t144sb10?step=9&filename=2024_1506_20240611F17.pdf"
"=""1512""","瑞利","https://doc.twse.com.tw/server-java/t144sb10?step=9&filename=2024_1512_20240624F17.pdf"
"=""1513""","中興電","https://doc.twse.com.tw/server-java/t144sb10?step=9&filename=2024_1513_20240527F17.pdf"
"=""1514""","亞力","https://doc.twse.com.tw/server-java/t144sb10?step=9&filename=2024_1514_20240626F17.pdf"
"=""1515""","力山","https://doc.twse.com.tw/server-java/t144sb10?step=9&filename=2024_1515_20240530F17.pdf"
"=""1516""","川飛","https://doc.twse.com.tw/server-java/t144sb10?step=9&filename=2024_1516_20240607F17.pdf"
"=""1517""","利奇","https://doc.twse.com.tw/server-java/t144sb10?step=9&filename=2024_1517_20240625F17.pdf"
"=""1519""","華城","https://doc.twse.com.tw/server-java/t144sb10?step=9&filename=2024_1519_20240613F17.pdf"
"=""1521""","大億","https://doc.twse.com.tw/server-java/t144sb10?step=9&filename=2024_1521_20240611F17.pdf"
"=""1522""","堤維西","https://doc.twse.com.tw/server-java/t144sb10?step=9&filename=2024_1522_20240618F17.pdf"
"=""1524""","耿鼎","https://doc.twse.com.tw/server-java/t144sb10?step=9&filename=2024_1524_20240612F17.pdf"
"=""1525""","江申","https://doc.twse.com.tw/server-java/t144sb10?step=9&filename=2024_1525_20240529F17.pdf"
"=""1526""","日馳","https://doc.twse.com.tw/server-java/t144sb10?step=9&filename=2024_1526_20240619F17.pdf"
"=""1527""","鑽全","https://doc.twse.com.tw/server-java/t144sb10?step=9&filename=2024_1527_20240628F17.pdf"
"=""1528""","恩德","https://doc.twse.com.tw/server-java/t144sb10?step=9&filename=2024_1528_20240529F17.pdf"
"=""1529""","樂事綠能","https://doc.twse.com.tw/server-java/t144sb10?step=9&filename=2024_1529_20240514F17.pdf"
"=""1530""","亞崴","https://doc.twse.com.tw/server-java/t144sb10?step=9&filename=2024_1530_20240618F17.pdf"
"=""1531""","高林股","https://doc.twse.com.tw/server-java/t144sb10?step=9&filename=2024_1531_20240621F17.pdf"
"=""1532""","勤美","https://doc.twse.com.tw/server-java/t144sb10?step=9&filename=2024_1532_20240625F17.pdf"
"=""1533""","車王電","https://doc.twse.com.tw/server-java/t144sb10?step=9&filename=2024_1533_20240618F17.pdf"
"=""1535""","中宇","https://doc.twse.com.tw/server-java/t144sb10?step=9&filename=2024_1535_20240625F17.pdf"
"=""1536""","和大","https://doc.twse.com.tw/server-java/t144sb10?step=9&filename=2024_1536_20240613F17.pdf"
"=""1537""","廣隆","https://doc.twse.com.tw/server-java/t144sb10?step=9&filename=2024_1537_20240618F17.pdf"
"=""1538""","正峰","https://doc.twse.com.tw/server-java/t144sb10?step=9&filename=2024_1538_20240628F17.pdf"
"=""1539""","巨庭","https://doc.twse.com.tw/server-java/t144sb10?step=9&filename=2024_1539_20240618F17.doc"
"=""1540""","喬福","https://doc.twse.com.tw/server-java/t144sb10?step=9&filename=2024_1540_20240625F17.doc"
"=""1541""","錩泰","https://doc.twse.com.tw/server-java/t144sb10?step=9&filename=2024_1541_20240621F17.pdf"
"=""1558""","伸興","https://doc.twse.com.tw/server-java/t144sb10?step=9&filename=2024_1558_20240621F17.pdf"
"=""1560""","中砂","https://doc.twse.com.tw/server-java/t144sb10?step=9&filename=2024_1560_20240624F17.pdf"
"=""1563""","巧新","https://doc.twse.com.tw/server-java/t144sb10?step=9&filename=2024_1563_20240527F17.pdf"
"=""1568""","倉佑","https://doc.twse.com.tw/server-java/t144sb10?step=9&filename=2024_1568_20240524F17.pdf"
"=""1582""","信錦","https://doc.twse.com.tw/server-java/t144sb10?step=9&filename=2024_1582_20240621F17.pdf"
"=""1583""","程泰","https://doc.twse.com.tw/server-java/t144sb10?step=9&filename=2024_1583_20240619F17.pdf"
"=""1587""","吉茂","https://doc.twse.com.tw/server-java/t144sb10?step=9&filename=2024_1587_20240530F17.pdf"
"=""1589""","永冠-KY","https://doc.twse.com.tw/server-java/t144sb10?step=9&filename=2024_1589_20240531F17.pdf"
"=""1590""","亞德客-KY","https://doc.twse.com.tw/server-java/t144sb10?step=9&filename=2024_1590_20240530F17.pdf"
"=""1597""","直得","https://doc.twse.com.tw/server-java/t144sb10?step=9&filename=2024_1597_20240530F17.pdf"
"=""1598""","岱宇","https://doc.twse.com.tw/server-java/t144sb10?step=9&filename=2024_1598_20240527F17.pdf"
"=""1603""","華電","https://doc.twse.com.tw/server-java/t144sb10?step=9&filename=2024_1603_20240621F17.pdf"
"=""1604""","聲寶","https://doc.twse.com.tw/server-java/t144sb10?step=9&filename=2024_1604_20240612F17.pdf"
"=""1605""","華新","https://doc.twse.com.tw/server-java/t144sb10?step=9&filename=2024_1605_20240517F17.pdf"
"=""1608""","華榮","https://doc.twse.com.tw/server-java/t144sb10?step=9&filename=2024_1608_20240613F17.pdf"
"=""1609""","大亞","https://doc.twse.com.tw/server-java/t144sb10?step=9&filename=2024_1609_20240531F17.pdf"
"=""1611""","中電","https://doc.twse.com.tw/server-java/t144sb10?step=9&filename=2024_1611_20240530F17.pdf"
"=""1612""","宏泰","https://doc.twse.com.tw/server-java/t144sb10?step=9&filename=2024_1612_20240612F17.pdf"
"=""1614""","三洋電","https://doc.twse.com.tw/server-java/t144sb10?step=9&filename=2024_1614_20240613F17.pdf"
"=""1615""","大山","https://doc.twse.com.tw/server-java/t144sb10?step=9&filename=2024_1615_20240626F17.pdf"
"=""1616""","億泰","https://doc.twse.com.tw/server-java/t144sb10?step=9&filename=2024_1616_20240624F17.pdf"
"=""1617""","榮星","https://doc.twse.com.tw/server-java/t144sb10?step=9&filename=2024_1617_20240612F17.pdf"
"=""1618""","合機","https://doc.twse.com.tw/server-java/t144sb10?step=9&filename=2024_1618_20240624F17.pdf"
"=""1626""","艾美特-KY","https://doc.twse.com.tw/server-java/t144sb10?step=9&filename=2024_1626_20240618F17.pdf"
"=""1702""","南僑","https://doc.twse.com.tw/server-java/t144sb10?step=9&filename=2024_1702_20240530F17.pdf"
"=""1707""","葡萄王","https://doc.twse.com.tw/server-java/t144sb10?step=9&filename=2024_1707_20240530F17.doc"
"=""1708""","東鹼","https://doc.twse.com.tw/server-java/t144sb10?step=9&filename=2024_1708_20240521F17.pdf"
"=""1709""","和益","https://doc.twse.com.tw/server-java/t144sb10?step=9&filename=2024_1709_20240613F17.pdf"
"=""1710""","東聯","https://doc.twse.com.tw/server-java/t144sb10?step=9&filename=2024_1710_20240612F17.pdf"
"=""1711""","永光","https://doc.twse.com.tw/server-java/t144sb10?step=9&filename=2024_1711_20240530F17.pdf"
"=""1712""","興農","https://doc.twse.com.tw/server-java/t144sb10?step=9&filename=2024_1712_20240531F17.pdf"
"=""1713""","國化","https://doc.twse.com.tw/server-java/t144sb10?step=9&filename=2024_1713_20240620F17.pdf"
"=""1714""","和桐","https://doc.twse.com.tw/server-java/t144sb10?step=9&filename=2024_1714_20240619F17.pdf"
"=""1717""","長興","https://doc.twse.com.tw/server-java/t144sb10?step=9&filename=2024_1717_20240625F17.pdf"
"=""1718""","中纖","https://doc.twse.com.tw/server-java/t144sb10?step=9&filename=2024_1718_20240612F17.pdf"
"=""1720""","生達","https://doc.twse.com.tw/server-java/t144sb10?step=9&filename=2024_1720_20240620F17.pdf"
"=""1721""","三晃","https://doc.twse.com.tw/server-java/t144sb10?step=9&filename=2024_1721_20240612F17.pdf"
"=""1722""","台肥","https://doc.twse.com.tw/server-java/t144sb10?step=9&filename=2024_1722_20240626F17.pdf"
"=""1723""","中碳","https://doc.twse.com.tw/server-java/t144sb10?step=9&filename=2024_1723_20240612F17.pdf"
"=""1725""","元禎","https://doc.twse.com.tw/server-java/t144sb10?step=9&filename=2024_1725_20240612F17.pdf"
"=""1726""","永記","https://doc.twse.com.tw/server-java/t144sb10?step=9&filename=2024_1726_20240531F17.pdf"
"=""1727""","中華化","https://doc.twse.com.tw/server-java/t144sb10?step=9&filename=2024_1727_20240524F17.pdf"
"=""1730""","花仙子","https://doc.twse.com.tw/server-java/t144sb10?step=9&filename=2024_1730_20240613F17.pdf"
"=""1731""","美吾華","https://doc.twse.com.tw/server-java/t144sb10?step=9&filename=2024_1731_20240529F17.pdf"
"=""1732""","毛寶","https://doc.twse.com.tw/server-java/t144sb10?step=9&filename=2024_1732_20240613F17.pdf"
"=""1733""","五鼎","https://doc.twse.com.tw/server-java/t144sb10?step=9&filename=2024_1733_20240430F17.pdf"
"=""1734""","杏輝","https://doc.twse.com.tw/server-java/t144sb10?step=9&filename=2024_1734_20240619F17.pdf"
"=""1735""","日勝化","https://doc.twse.com.tw/server-java/t144sb10?step=9&filename=2024_1735_20240627F17.pdf"
"=""1736""","喬山","https://doc.twse.com.tw/server-java/t144sb10?step=9&filename=2024_1736_20240626F17.pdf"
"=""1737""","臺鹽","https://doc.twse.com.tw/server-java/t144sb10?step=9&filename=2024_1737_20240621F17.pdf"
"=""1752""","南光","https://doc.twse.com.tw/server-java/t144sb10?step=9&filename=2024_1752_20240618F17.pdf"
"=""1760""","寶齡富錦","https://doc.twse.com.tw/server-java/t144sb10?step=9&filename=2024_1760_20240524F17.pdf"
"=""1762""","中化生","https://doc.twse.com.tw/server-java/t144sb10?step=9&filename=2024_1762_20240530F17.pdf"
"=""1773""","勝一","https://doc.twse.com.tw/server-java/t144sb10?step=9&filename=2024_1773_20240515F17.pdf"
"=""1776""","展宇","https://doc.twse.com.tw/server-java/t144sb10?step=9&filename=2024_1776_20240524F17.pdf"
"=""1783""","和康生","https://doc.twse.com.tw/server-java/t144sb10?step=9&filename=2024_1783_20240613F17.pdf"
"=""1786""","科妍","https://doc.twse.com.tw/server-java/t144sb10?step=9&filename=2024_1786_20240626F17.pdf"
"=""1789""","神隆","https://doc.twse.com.tw/server-java/t144sb10?step=9&filename=2024_1789_20240528F17.pdf"
"=""1795""","美時","https://doc.twse.com.tw/server-java/t144sb10?step=9&filename=2024_1795_20240613F17.pdf"
"=""1802""","台玻","https://doc.twse.com.tw/server-java/t144sb10?step=9&filename=2024_1802_20240607F17.pdf"
"=""1805""","寶徠","https://doc.twse.com.tw/server-java/t144sb10?step=9&filename=2024_1805_20240503F17.pdf"
"=""1806""","冠軍","https://doc.twse.com.tw/server-java/t144sb10?step=9&filename=2024_1806_20240619F17.pdf"
"=""1808""","潤隆","https://doc.twse.com.tw/server-java/t144sb10?step=9&filename=2024_1808_20240613F17.pdf"
"=""1809""","中釉","https://doc.twse.com.tw/server-java/t144sb10?step=9&filename=2024_1809_20240618F17.pdf"
"=""1810""","和成","https://doc.twse.com.tw/server-java/t144sb10?step=9&filename=2024_1810_20240626F17.pdf"
"=""1817""","凱撒衛","https://doc.twse.com.tw/server-java/t144sb10?step=9&filename=2024_1817_20240529F17.pdf"
"=""1903""","士紙","https://doc.twse.com.tw/server-java/t144sb10?step=9&filename=2024_1903_20240618F17.pdf"
"=""1904""","正隆","https://doc.twse.com.tw/server-java/t144sb10?step=9&filename=2024_1904_20240531F17.pdf"
"=""1905""","華紙","https://doc.twse.com.tw/server-java/t144sb10?step=9&filename=2024_1905_20240626F17.pdf"
"=""1906""","寶隆","https://doc.twse.com.tw/server-java/t144sb10?step=9&filename=2024_1906_20240527F17.pdf"
"=""1907""","永豐餘","https://doc.twse.com.tw/server-java/t144sb10?step=9&filename=2024_1907_20240620F17.pdf"
"=""1909""","榮成","https://doc.twse.com.tw/server-java/t144sb10?step=9&filename=2024_1909_20240530F17.pdf"
"=""2002""","中鋼","https://doc.twse.com.tw/server-java/t144sb10?step=9&filename=2024_2002_20240619F17.pdf"
"=""2006""","東和鋼鐵","https://doc.twse.com.tw/server-java/t144sb10?step=9&filename=2024_2006_20240524F17.pdf"
"=""2007""","燁興","https://doc.twse.com.tw/server-java/t144sb10?step=9&filename=2024_2007_20240619F17.pdf"
"=""2008""","高興昌","https://doc.twse.com.tw/server-java/t144sb10?step=9&filename=2024_2008_20240620F17.pdf"
"=""2009""","第一銅","https://doc.twse.com.tw/server-java/t144sb10?step=9&filename=2024_2009_20240620F17.pdf"
"=""2010""","春源","https://doc.twse.com.tw/server-java/t144sb10?step=9&filename=2024_2010_20240613F17.pdf"
"=""2012""","春雨","https://doc.twse.com.tw/server-java/t144sb10?step=9&filename=2024_2012_20240530F17.pdf"
"=""2013""","中鋼構","https://doc.twse.com.tw/server-java/t144sb10?step=9&filename=2024_2013_20240530F17.pdf"
"=""2014""","中鴻","https://doc.twse.com.tw/server-java/t144sb10?step=9&filename=2024_2014_20240626F17.pdf"
"=""2015""","豐興","https://doc.twse.com.tw/server-java/t144sb10?step=9&filename=2024_2015_20240613F17.pdf"
"=""2017""","官田鋼","https://doc.twse.com.tw/server-java/t144sb10?step=9&filename=2024_2017_20240530F17.pdf"
"=""2020""","美亞","https://doc.twse.com.tw/server-java/t144sb10?step=9&filename=2024_2020_20240607F17.pdf"
"=""2022""","聚亨","https://doc.twse.com.tw/server-java/t144sb10?step=9&filename=2024_2022_20240529F17.pdf"
"=""2023""","燁輝","https://doc.twse.com.tw/server-java/t144sb10?step=9&filename=2024_2023_20240620F17.pdf"
"=""2024""","志聯","https://doc.twse.com.tw/server-java/t144sb10?step=9&filename=2024_2024_20240530F17.pdf"
"=""2025""","千興","https://doc.twse.com.tw/server-java/t144sb10?step=9&filename=2024_2025_20240614F17.pdf"
"=""2027""","大成鋼","https://doc.twse.com.tw/server-java/t144sb10?step=9&filename=2024_2027_20240619F17.pdf"
"=""2028""","威致","https://doc.twse.com.tw/server-java/t144sb10?step=9&filename=2024_2028_20240620F17.pdf"
"=""2029""","盛餘","https://doc.twse.com.tw/server-java/t144sb10?step=9&filename=2024_2029_20240614F17.pdf"
"=""2030""","彰源","https://doc.twse.com.tw/server-java/t144sb10?step=9&filename=2024_2030_20240612F17.pdf"
"=""2031""","新光鋼","https://doc.twse.com.tw/server-java/t144sb10?step=9&filename=2024_2031_20240614F17.pdf"
"=""2032""","新鋼","https://doc.twse.com.tw/server-java/t144sb10?step=9&filename=2024_2032_20240621F17.pdf"
"=""2033""","佳大","https://doc.twse.com.tw/server-java/t144sb10?step=9&filename=2024_2033_20240620F17.pdf"
"=""2034""","允強","https://doc.twse.com.tw/server-java/t144sb10?step=9&filename=2024_2034_20240617F17.pdf"
"=""2038""","海光","https://doc.twse.com.tw/server-java/t144sb10?step=9&filename=2024_2038_20240625F17.pdf"
"=""2049""","上銀","https://doc.twse.com.tw/server-java/t144sb10?step=9&filename=2024_2049_20240531F17.pdf"
"=""2059""","川湖","https://doc.twse.com.tw/server-java/t144sb10?step=9&filename=2024_2059_20240628F17.pdf"
"=""2062""","橋椿","https://doc.twse.com.tw/server-java/t144sb10?step=9&filename=2024_2062_20240510F17.pdf"
"=""2069""","運錩","https://doc.twse.com.tw/server-java/t144sb10?step=9&filename=2024_2069_20240606F17.pdf"
"=""2101""","南港","https://doc.twse.com.tw/server-java/t144sb10?step=9&filename=2024_2101_20240624F17.pdf"
"=""2102""","泰豐","https://doc.twse.com.tw/server-java/t144sb10?step=9&filename=2024_2102_20240524F17.pdf"
"=""2103""","台橡","https://doc.twse.com.tw/server-java/t144sb10?step=9&filename=2024_2103_20240607F17.pdf"
"=""2104""","國際中橡","https://doc.twse.com.tw/server-java/t144sb10?step=9&filename=2024_2104_20240528F17.pdf"
"=""2105""","正新","https://doc.twse.com.tw/server-java/t144sb10?step=9&filename=2024_2105_20240530F17.pdf"
"=""2106""","建大","https://doc.twse.com.tw/server-java/t144sb10?step=9&filename=2024_2106_20240531F17.pdf"
"=""2107""","厚生","https://doc.twse.com.tw/server-java/t144sb10?step=9&filename=2024_2107_20240607F17.pdf"
"=""2108""","南帝","https://doc.twse.com.tw/server-java/t144sb10?step=9&filename=2024_2108_20240529F17.pdf"
"=""2109""","華豐","https://doc.twse.com.tw/server-java/t144sb10?step=9&filename=2024_2109_20240619F17.pdf"
"=""2114""","鑫永銓","https://doc.twse.com.tw/server-java/t144sb10?step=9&filename=2024_2114_20240515F17.pdf"
"=""2115""","六暉-KY","https://doc.twse.com.tw/server-java/t144sb10?step=9&filename=2024_2115_20240619F17.pdf"
"=""2201""","裕隆","https://doc.twse.com.tw/server-java/t144sb10?step=9&filename=2024_2201_20240528F17.pdf"
"=""2204""","中華","https://doc.twse.com.tw/server-java/t144sb10?step=9&filename=2024_2204_20240531F17.pdf"
"=""2206""","三陽工業","https://doc.twse.com.tw/server-java/t144sb10?step=9&filename=2024_2206_20240625F17.pdf"
"=""2207""","和泰車","https://doc.twse.com.tw/server-java/t144sb10?step=9&filename=2024_2207_20240530F17.pdf"
"=""2208""","台船","https://doc.twse.com.tw/server-java/t144sb10?step=9&filename=2024_2208_20240626F17.pdf"
"=""2211""","長榮鋼","https://doc.twse.com.tw/server-java/t144sb10?step=9&filename=2024_2211_20240527F17.pdf"
"=""2227""","裕日車","https://doc.twse.com.tw/server-java/t144sb10?step=9&filename=2024_2227_20240627F17.pdf"
"=""2228""","劍麟","https://doc.twse.com.tw/server-java/t144sb10?step=9&filename=2024_2228_20240621F17.pdf"
"=""2231""","為升","https://doc.twse.com.tw/server-java/t144sb10?step=9&filename=2024_2231_20240521F17.pdf"
"=""2233""","宇隆","https://doc.twse.com.tw/server-java/t144sb10?step=9&filename=2024_2233_20240613F17.pdf"
"=""2236""","百達-KY","https://doc.twse.com.tw/server-java/t144sb10?step=9&filename=2024_2236_20240625F17.pdf"
"=""2239""","英利-KY","https://doc.twse.com.tw/server-java/t144sb10?step=9&filename=2024_2239_20240613F17.pdf"
"=""2241""","艾姆勒","https://doc.twse.com.tw/server-java/t144sb10?step=9&filename=2024_2241_20240523F17.pdf"
"=""2243""","宏旭-KY","https://doc.twse.com.tw/server-java/t144sb10?step=9&filename=2024_2243_20240628F17.pdf"
"=""2247""","汎德永業","https://doc.twse.com.tw/server-java/t144sb10?step=9&filename=2024_2247_20240621F17.pdf"
"=""2250""","IKKA-KY","https://doc.twse.com.tw/server-java/t144sb10?step=9&filename=2024_2250_20240625F17.pdf"
"=""2254""","巨鎧精密-創","https://doc.twse.com.tw/server-java/t144sb10?step=9&filename=2024_2254_20240530F17.pdf"
"=""2258""","鴻華先進-創","https://doc.twse.com.tw/server-java/t144sb10?step=9&filename=2024_2258_20240523F17.pdf"
"=""2301""","光寶科","https://doc.twse.com.tw/server-java/t144sb10?step=9&filename=2024_2301_20240527F17.pdf"
"=""2302""","麗正","https://doc.twse.com.tw/server-java/t144sb10?step=9&filename=2024_2302_20240626F17.pdf"
"=""2303""","聯電","https://doc.twse.com.tw/server-java/t144sb10?step=9&filename=2024_2303_20240530F17.pdf"
"=""2305""","全友","https://doc.twse.com.tw/server-java/t144sb10?step=9&filename=2024_2305_20240527F17.pdf"
"=""2308""","台達電","https://doc.twse.com.tw/server-java/t144sb10?step=9&filename=2024_2308_20240530F17.pdf"
"=""2312""","金寶","https://doc.twse.com.tw/server-java/t144sb10?step=9&filename=2024_2312_20240606F17.pdf"
"=""2313""","華通","https://doc.twse.com.tw/server-java/t144sb10?step=9&filename=2024_2313_20240530F17.pdf"
"=""2314""","台揚","https://doc.twse.com.tw/server-java/t144sb10?step=9&filename=2024_2314_20240613F17.pdf"
"=""2316""","楠梓電","https://doc.twse.com.tw/server-java/t144sb10?step=9&filename=2024_2316_20240618F17.pdf"
"=""2317""","鴻海","https://doc.twse.com.tw/server-java/t144sb10?step=9&filename=2024_2317_20240531F17.pdf"
"=""2321""","東訊","https://doc.twse.com.tw/server-java/t144sb10?step=9&filename=2024_2321_20240618F17.pdf"
"=""2323""","中環","https://doc.twse.com.tw/server-java/t144sb10?step=9&filename=2024_2323_20240614F17.pdf"
"=""2324""","仁寶","https://doc.twse.com.tw/server-java/t144sb10?step=9&filename=2024_2324_20240531F17.pdf"
"=""2327""","國巨","https://doc.twse.com.tw/server-java/t144sb10?step=9&filename=2024_2327_20240530F17.pdf"
"=""2328""","廣宇","https://doc.twse.com.tw/server-java/t144sb10?step=9&filename=2024_2328_20240531F17.pdf"
"=""2329""","華泰","https://doc.twse.com.tw/server-java/t144sb10?step=9&filename=2024_2329_20240607F17.pdf"
"=""2330""","台積電","https://doc.twse.com.tw/server-java/t144sb10?step=9&filename=2024_2330_20240604F17.pdf"
"=""2331""","精英","https://doc.twse.com.tw/server-java/t144sb10?step=9&filename=2024_2331_20240530F17.pdf"
"=""2332""","友訊","https://doc.twse.com.tw/server-java/t144sb10?step=9&filename=2024_2332_20240529F17.pdf"
"=""2337""","旺宏","https://doc.twse.com.tw/server-java/t144sb10?step=9&filename=2024_2337_20240530F17.pdf"
"=""2338""","光罩","https://doc.twse.com.tw/server-java/t144sb10?step=9&filename=2024_2338_20240527F17.pdf"
"=""2340""","台亞","https://doc.twse.com.tw/server-java/t144sb10?step=9&filename=2024_2340_20240528F17.pdf"
"=""2342""","茂矽","https://doc.twse.com.tw/server-java/t144sb10?step=9&filename=2024_2342_20240523F17.pdf"
"=""2344""","華邦電","https://doc.twse.com.tw/server-java/t144sb10?step=9&filename=2024_2344_20240509F17.pdf"
"=""2345""","智邦","https://doc.twse.com.tw/server-java/t144sb10?step=9&filename=2024_2345_20240613F17.pdf"
"=""2347""","聯強","https://doc.twse.com.tw/server-java/t144sb10?step=9&filename=2024_2347_20240531F17.pdf"
"=""2348""","海悅","https://doc.twse.com.tw/server-java/t144sb10?step=9&filename=2024_2348_20240618F17.pdf"
"=""2349""","錸德","https://doc.twse.com.tw/server-java/t144sb10?step=9&filename=2024_2349_20240624F17.pdf"
"=""2351""","順德","https://doc.twse.com.tw/server-java/t144sb10?step=9&filename=2024_2351_20240530F17.pdf"
"=""2352""","佳世達","https://doc.twse.com.tw/server-java/t144sb10?step=9&filename=2024_2352_20240529F17.pdf"
"=""2353""","宏碁","https://doc.twse.com.tw/server-java/t144sb10?step=9&filename=2024_2353_20240531F17.pdf"
"=""2354""","鴻準","https://doc.twse.com.tw/server-java/t144sb10?step=9&filename=2024_2354_20240531F17.pdf"
"=""2355""","敬鵬","https://doc.twse.com.tw/server-java/t144sb10?step=9&filename=2024_2355_20240625F17.pdf"
"=""2356""","英業達","https://doc.twse.com.tw/server-java/t144sb10?step=9&filename=2024_2356_20240612F17.pdf"
"=""2357""","華碩","https://doc.twse.com.tw/server-java/t144sb10?step=9&filename=2024_2357_20240613F17.pdf"
"=""2359""","所羅門","https://doc.twse.com.tw/server-java/t144sb10?step=9&filename=2024_2359_20240607F17.pdf"
"=""2360""","致茂","https://doc.twse.com.tw/server-java/t144sb10?step=9&filename=2024_2360_20240606F17.pdf"
"=""2362""","藍天","https://doc.twse.com.tw/server-java/t144sb10?step=9&filename=2024_2362_20240531F17.pdf"
"=""2363""","矽統","https://doc.twse.com.tw/server-java/t144sb10?step=9&filename=2024_2363_20240527F17.pdf"
"=""2364""","倫飛","https://doc.twse.com.tw/server-java/t144sb10?step=9&filename=2024_2364_20240614F17.pdf"
"=""2365""","昆盈","https://doc.twse.com.tw/server-java/t144sb10?step=9&filename=2024_2365_20240621F17.pdf"
"=""2367""","燿華","https://doc.twse.com.tw/server-java/t144sb10?step=9&filename=2024_2367_20240626F17.pdf"
"=""2368""","金像電","https://doc.twse.com.tw/server-java/t144sb10?step=9&filename=2024_2368_20240530F17.pdf"
"=""2369""","菱生","https://doc.twse.com.tw/server-java/t144sb10?step=9&filename=2024_2369_20240530F17.pdf"
"=""2371""","大同","https://doc.twse.com.tw/server-java/t144sb10?step=9&filename=2024_2371_20240531F17.pdf"
"=""2373""","震旦行","https://doc.twse.com.tw/server-java/t144sb10?step=9&filename=2024_2373_20240619F17.pdf"
"=""2374""","佳能","https://doc.twse.com.tw/server-java/t144sb10?step=9&filename=2024_2374_20240620F17.pdf"
"=""2375""","凱美","https://doc.twse.com.tw/server-java/t144sb10?step=9&filename=2024_2375_20240529F17.pdf"
"=""2376""","技嘉","https://doc.twse.com.tw/server-java/t144sb10?step=9&filename=2024_2376_20240612F17.pdf"
"=""2377""","微星","https://doc.twse.com.tw/server-java/t144sb10?step=9&filename=2024_2377_20240614F17.pdf"
"=""2379""","瑞昱","https://doc.twse.com.tw/server-java/t144sb10?step=9&filename=2024_2379_20240530F17.pdf"
"=""2380""","虹光","https://doc.twse.com.tw/server-java/t144sb10?step=9&filename=2024_2380_20240626F17.pdf"
"=""2382""","廣達","https://doc.twse.com.tw/server-java/t144sb10?step=9&filename=2024_2382_20240614F17.pdf"
"=""2383""","台光電","https://doc.twse.com.tw/server-java/t144sb10?step=9&filename=2024_2383_20240529F17.pdf"
"=""2385""","群光","https://doc.twse.com.tw/server-java/t144sb10?step=9&filename=2024_2385_20240530F17.pdf"
"=""2387""","精元","https://doc.twse.com.tw/server-java/t144sb10?step=9&filename=2024_2387_20240621F17.pdf"
"=""2388""","威盛","https://doc.twse.com.tw/server-java/t144sb10?step=9&filename=2024_2388_20240620F17.pdf"
"=""2390""","云辰","https://doc.twse.com.tw/server-java/t144sb10?step=9&filename=2024_2390_20240619F17.pdf"
"=""2392""","正崴","https://doc.twse.com.tw/server-java/t144sb10?step=9&filename=2024_2392_20240530F17.pdf"
"=""2393""","億光","https://doc.twse.com.tw/server-java/t144sb10?step=9&filename=2024_2393_20240612F17.pdf"
"=""2395""","研華","https://doc.twse.com.tw/server-java/t144sb10?step=9&filename=2024_2395_20240530F17.pdf"
"=""2397""","友通","https://doc.twse.com.tw/server-java/t144sb10?step=9&filename=2024_2397_20240530F17.pdf"
"=""2399""","映泰","https://doc.twse.com.tw/server-java/t144sb10?step=9&filename=2024_2399_20240618F17.pdf"
"=""2401""","凌陽","https://doc.twse.com.tw/server-java/t144sb10?step=9&filename=2024_2401_20240612F17.pdf"
"=""2402""","毅嘉","https://doc.twse.com.tw/server-java/t144sb10?step=9&filename=2024_2402_20240621F17.pdf"
"=""2404""","漢唐","https://doc.twse.com.tw/server-java/t144sb10?step=9&filename=2024_2404_20240531F17.pdf"
"=""2405""","輔信","https://doc.twse.com.tw/server-java/t144sb10?step=9&filename=2024_2405_20240607F17.pdf"
"=""2406""","國碩","https://doc.twse.com.tw/server-java/t144sb10?step=9&filename=2024_2406_20240626F17.pdf"
"=""2408""","南亞科","https://doc.twse.com.tw/server-java/t144sb10?step=9&filename=2024_2408_20240529F17.pdf"
"=""2409""","友達","https://doc.twse.com.tw/server-java/t144sb10?step=9&filename=2024_2409_20240530F17.pdf"
"=""2412""","中華電","https://doc.twse.com.tw/server-java/t144sb10?step=9&filename=2024_2412_20240531F17.pdf"
"=""2413""","環科","https://doc.twse.com.tw/server-java/t144sb10?step=9&filename=2024_2413_20240626F17.pdf"
"=""2414""","精技","https://doc.twse.com.tw/server-java/t144sb10?step=9&filename=2024_2414_20240624F17.pdf"
"=""2415""","錩新","https://doc.twse.com.tw/server-java/t144sb10?step=9&filename=2024_2415_20240618F17.pdf"
"=""2417""","圓剛","https://doc.twse.com.tw/server-java/t144sb10?step=9&filename=2024_2417_20240620F17.pdf"
"=""2419""","仲琦","https://doc.twse.com.tw/server-java/t144sb10?step=9&filename=2024_2419_20240527F17.pdf"
"=""2420""","新巨","https://doc.twse.com.tw/server-java/t144sb10?step=9&filename=2024_2420_20240521F17.pdf"
"=""2421""","建準","https://doc.twse.com.tw/server-java/t144sb10?step=9&filename=2024_2421_20240614F17.pdf"
"=""2423""","固緯","https://doc.twse.com.tw/server-java/t144sb10?step=9&filename=2024_2423_20240530F17.pdf"
"=""2424""","隴華","https://doc.twse.com.tw/server-java/t144sb10?step=9&filename=2024_2424_20240625F17.pdf"
"=""2425""","承啟","https://doc.twse.com.tw/server-java/t144sb10?step=9&filename=2024_2425_20240614F17.pdf"
"=""2426""","鼎元","https://doc.twse.com.tw/server-java/t144sb10?step=9&filename=2024_2426_20240530F17.pdf"
"=""2427""","三商電","https://doc.twse.com.tw/server-java/t144sb10?step=9&filename=2024_2427_20240530F17.pdf"
"=""2428""","興勤","https://doc.twse.com.tw/server-java/t144sb10?step=9&filename=2024_2428_20240618F17.pdf"
"=""2429""","銘旺科","https://doc.twse.com.tw/server-java/t144sb10?step=9&filename=2024_2429_20240604F17.pdf"
"=""2430""","燦坤","https://doc.twse.com.tw/server-java/t144sb10?step=9&filename=2024_2430_20240522F17.pdf"
"=""2431""","聯昌","https://doc.twse.com.tw/server-java/t144sb10?step=9&filename=2024_2431_20240530F17.pdf"
"=""2432""","倚天酷碁-創","https://doc.twse.com.tw/server-java/t144sb10?step=9&filename=2024_2432_20240529F17.pdf"
"=""2433""","互盛電","https://doc.twse.com.tw/server-java/t144sb10?step=9&filename=2024_2433_20240618F17.pdf"
"=""2434""","統懋","https://doc.twse.com.tw/server-java/t144sb10?step=9&filename=2024_2434_20240612F17.pdf"
"=""2436""","偉詮電","https://doc.twse.com.tw/server-java/t144sb10?step=9&filename=2024_2436_20240529F17.pdf"
"=""2438""","翔耀","https://doc.twse.com.tw/server-java/t144sb10?step=9&filename=2024_2438_20240626F17.doc"
"=""2439""","美律","https://doc.twse.com.tw/server-java/t144sb10?step=9&filename=2024_2439_20240529F17.pdf"
"=""2440""","太空梭","https://doc.twse.com.tw/server-java/t144sb10?step=9&filename=2024_2440_20240626F17.pdf"
"=""2441""","超豐","https://doc.twse.com.tw/server-java/t144sb10?step=9&filename=2024_2441_20240527F17.pdf"
"=""2442""","新美齊","https://doc.twse.com.tw/server-java/t144sb10?step=9&filename=2024_2442_20240529F17.pdf"
"=""2444""","兆勁","https://doc.twse.com.tw/server-java/t144sb10?step=9&filename=2024_2444_20240613F17.pdf"
"=""2449""","京元電子","https://doc.twse.com.tw/server-java/t144sb10?step=9&filename=2024_2449_20240531F17.pdf"
"=""2450""","神腦","https://doc.twse.com.tw/server-java/t144sb10?step=9&filename=2024_2450_20240520F17.pdf"
"=""2451""","創見","https://doc.twse.com.tw/server-java/t144sb10?step=9&filename=2024_2451_20240621F17.pdf"
"=""2453""","凌群","https://doc.twse.com.tw/server-java/t144sb10?step=9&filename=2024_2453_20240612F17.pdf"
"=""2454""","聯發科","https://doc.twse.com.tw/server-java/t144sb10?step=9&filename=2024_2454_20240527F17.pdf"
"=""2455""","全新","https://doc.twse.com.tw/server-java/t144sb10?step=9&filename=2024_2455_20240530F17.pdf"
"=""2457""","飛宏","https://doc.twse.com.tw/server-java/t144sb10?step=9&filename=2024_2457_20240612F17.pdf"
"=""2458""","義隆","https://doc.twse.com.tw/server-java/t144sb10?step=9&filename=2024_2458_20240530F17.pdf"
"=""2459""","敦吉","https://doc.twse.com.tw/server-java/t144sb10?step=9&filename=2024_2459_20240612F17.pdf"
"=""2460""","建通","https://doc.twse.com.tw/server-java/t144sb10?step=9&filename=2024_2460_20240613F17.pdf"
"=""2461""","光群雷","https://doc.twse.com.tw/server-java/t144sb10?step=9&filename=2024_2461_20240624F17.pdf"
"=""2462""","良得電","https://doc.twse.com.tw/server-java/t144sb10?step=9&filename=2024_2462_20240527F17.pdf"
"=""2464""","盟立","https://doc.twse.com.tw/server-java/t144sb10?step=9&filename=2024_2464_20240529F17.pdf"
"=""2465""","麗臺","https://doc.twse.com.tw/server-java/t144sb10?step=9&filename=2024_2465_20240612F17.pdf"
"=""2466""","冠西電","https://doc.twse.com.tw/server-java/t144sb10?step=9&filename=2024_2466_20240626F17.pdf"
"=""2467""","志聖","https://doc.twse.com.tw/server-java/t144sb10?step=9&filename=2024_2467_20240521F17.pdf"
"=""2468""","華經","https://doc.twse.com.tw/server-java/t144sb10?step=9&filename=2024_2468_20240618F17.pdf"
"=""2471""","資通","https://doc.twse.com.tw/server-java/t144sb10?step=9&filename=2024_2471_20240619F17.pdf"
"=""2472""","立隆電","https://doc.twse.com.tw/server-java/t144sb10?step=9&filename=2024_2472_20240626F17.pdf"
"=""2474""","可成","https://doc.twse.com.tw/server-java/t144sb10?step=9&filename=2024_2474_20240530F17.pdf"
"=""2476""","鉅祥","https://doc.twse.com.tw/server-java/t144sb10?step=9&filename=2024_2476_20240614F17.pdf"
"=""2477""","美隆電","https://doc.twse.com.tw/server-java/t144sb10?step=9&filename=2024_2477_20240627F17.pdf"
"=""2478""","大毅","https://doc.twse.com.tw/server-java/t144sb10?step=9&filename=2024_2478_20240605F17.pdf"
"=""2480""","敦陽科","https://doc.twse.com.tw/server-java/t144sb10?step=9&filename=2024_2480_20240531F17.pdf"
"=""2481""","強茂","https://doc.twse.com.tw/server-java/t144sb10?step=9&filename=2024_2481_20240613F17.pdf"
"=""2482""","連宇","https://doc.twse.com.tw/server-java/t144sb10?step=9&filename=2024_2482_20240528F17.pdf"
"=""2483""","百容","https://doc.twse.com.tw/server-java/t144sb10?step=9&filename=2024_2483_20240531F17.pdf"
"=""2484""","希華","https://doc.twse.com.tw/server-java/t144sb10?step=9&filename=2024_2484_20240618F17.pdf"
"=""2485""","兆赫","https://doc.twse.com.tw/server-java/t144sb10?step=9&filename=2024_2485_20240612F17.pdf"
"=""2486""","一詮","https://doc.twse.com.tw/server-java/t144sb10?step=9&filename=2024_2486_20240530F17.pdf"
"=""2488""","漢平","https://doc.twse.com.tw/server-java/t144sb10?step=9&filename=2024_2488_20240621F17.pdf"
"=""2489""","瑞軒","https://doc.twse.com.tw/server-java/t144sb10?step=9&filename=2024_2489_20240612F17.pdf"
"=""2491""","吉祥全","https://doc.twse.com.tw/server-java/t144sb10?step=9&filename=2024_2491_20240624F17.pdf"
"=""2492""","華新科","https://doc.twse.com.tw/server-java/t144sb10?step=9&filename=2024_2492_20240613F17.pdf"
"=""2493""","揚博","https://doc.twse.com.tw/server-java/t144sb10?step=9&filename=2024_2493_20240617F17.pdf"
"=""2495""","普安","https://doc.twse.com.tw/server-java/t144sb10?step=9&filename=2024_2495_20240614F17.pdf"
"=""2496""","卓越","https://doc.twse.com.tw/server-java/t144sb10?step=9&filename=2024_2496_20240613F17.pdf"
"=""2497""","怡利電","https://doc.twse.com.tw/server-java/t144sb10?step=9&filename=2024_2497_20240612F17.pdf"
"=""2498""","宏達電","https://doc.twse.com.tw/server-java/t144sb10?step=9&filename=2024_2498_20240620F17.pdf"
"=""2501""","國建","https://doc.twse.com.tw/server-java/t144sb10?step=9&filename=2024_2501_20240614F17.pdf"
"=""2504""","國產","https://doc.twse.com.tw/server-java/t144sb10?step=9&filename=2024_2504_20240531F17.pdf"
"=""2505""","國揚","https://doc.twse.com.tw/server-java/t144sb10?step=9&filename=2024_2505_20240607F17.pdf"
"=""2506""","太設","https://doc.twse.com.tw/server-java/t144sb10?step=9&filename=2024_2506_20240614F17.pdf"
"=""2509""","全坤建","https://doc.twse.com.tw/server-java/t144sb10?step=9&filename=2024_2509_20240606F17.doc"
"=""2511""","太子","https://doc.twse.com.tw/server-java/t144sb10?step=9&filename=2024_2511_20240619F17.pdf"
"=""2514""","龍邦","https://doc.twse.com.tw/server-java/t144sb10?step=9&filename=2024_2514_20240626F17.pdf"
"=""2515""","中工","https://doc.twse.com.tw/server-java/t144sb10?step=9&filename=2024_2515_20240531F17.pdf"
"=""2516""","新建","https://doc.twse.com.tw/server-java/t144sb10?step=9&filename=2024_2516_20240624F17.pdf"
"=""2520""","冠德","https://doc.twse.com.tw/server-java/t144sb10?step=9&filename=2024_2520_20240530F17.pdf"
"=""2524""","京城","https://doc.twse.com.tw/server-java/t144sb10?step=9&filename=2024_2524_20240627F17.pdf"
"=""2527""","宏璟","https://doc.twse.com.tw/server-java/t144sb10?step=9&filename=2024_2527_20240625F17.pdf"
"=""2528""","皇普","https://doc.twse.com.tw/server-java/t144sb10?step=9&filename=2024_2528_20240606F17.pdf"
"=""2530""","華建","https://doc.twse.com.tw/server-java/t144sb10?step=9&filename=2024_2530_20240625F17.pdf"
"=""2534""","宏盛","https://doc.twse.com.tw/server-java/t144sb10?step=9&filename=2024_2534_20240530F17.pdf"
"=""2535""","達欣工","https://doc.twse.com.tw/server-java/t144sb10?step=9&filename=2024_2535_20240612F17.pdf"
"=""2536""","宏普","https://doc.twse.com.tw/server-java/t144sb10?step=9&filename=2024_2536_20240619F17.pdf"
"=""2537""","聯上發","https://doc.twse.com.tw/server-java/t144sb10?step=9&filename=2024_2537_20240626F17.pdf"
"=""2538""","基泰","https://doc.twse.com.tw/server-java/t144sb10?step=9&filename=2024_2538_20240612F17.pdf"
"=""2539""","櫻花建","https://doc.twse.com.tw/server-java/t144sb10?step=9&filename=2024_2539_20240614F17.pdf"
"=""2540""","愛山林","https://doc.twse.com.tw/server-java/t144sb10?step=9&filename=2024_2540_20240628F17.pdf"
"=""2542""","興富發","https://doc.twse.com.tw/server-java/t144sb10?step=9&filename=2024_2542_20240613F17.pdf"
"=""2543""","皇昌","https://doc.twse.com.tw/server-java/t144sb10?step=9&filename=2024_2543_20240430F17.pdf"
"=""2545""","皇翔","https://doc.twse.com.tw/server-java/t144sb10?step=9&filename=2024_2545_20240607F17.pdf"
"=""2546""","根基","https://doc.twse.com.tw/server-java/t144sb10?step=9&filename=2024_2546_20240529F17.pdf"
"=""2547""","日勝生","https://doc.twse.com.tw/server-java/t144sb10?step=9&filename=2024_2547_20240527F17.pdf"
"=""2548""","華固","https://doc.twse.com.tw/server-java/t144sb10?step=9&filename=2024_2548_20240529F17.pdf"
"=""2597""","潤弘","https://doc.twse.com.tw/server-java/t144sb10?step=9&filename=2024_2597_20240516F17.pdf"
"=""2601""","益航","https://doc.twse.com.tw/server-java/t144sb10?step=9&filename=2024_2601_20240618F17.pdf"
"=""2603""","長榮","https://doc.twse.com.tw/server-java/t144sb10?step=9&filename=2024_2603_20240528F17.pdf"
"=""2605""","新興","https://doc.twse.com.tw/server-java/t144sb10?step=9&filename=2024_2605_20240612F17.pdf"
"=""2606""","裕民","https://doc.twse.com.tw/server-java/t144sb10?step=9&filename=2024_2606_20240603F17.pdf"
"=""2607""","榮運","https://doc.twse.com.tw/server-java/t144sb10?step=9&filename=2024_2607_20240530F17.pdf"
"=""2608""","嘉里大榮","https://doc.twse.com.tw/server-java/t144sb10?step=9&filename=2024_2608_20240530F17.pdf"
"=""2609""","陽明","https://doc.twse.com.tw/server-java/t144sb10?step=9&filename=2024_2609_20240524F17.pdf"
"=""2610""","華航","https://doc.twse.com.tw/server-java/t144sb10?step=9&filename=2024_2610_20240530F17.pdf"
"=""2611""","志信","https://doc.twse.com.tw/server-java/t144sb10?step=9&filename=2024_2611_20240625F17.pdf"
"=""2612""","中航","https://doc.twse.com.tw/server-java/t144sb10?step=9&filename=2024_2612_20240531F17.pdf"
"=""2613""","中櫃","https://doc.twse.com.tw/server-java/t144sb10?step=9&filename=2024_2613_20240524F17.pdf"
"=""2614""","東森","https://doc.twse.com.tw/server-java/t144sb10?step=9&filename=2024_2614_20240527F17.pdf"
"=""2615""","萬海","https://doc.twse.com.tw/server-java/t144sb10?step=9&filename=2024_2615_20240528F17.pdf"
"=""2616""","山隆","https://doc.twse.com.tw/server-java/t144sb10?step=9&filename=2024_2616_20240606F17.pdf"
"=""2617""","台航","https://doc.twse.com.tw/server-java/t144sb10?step=9&filename=2024_2617_20240611F17.pdf"
"=""2618""","長榮航","https://doc.twse.com.tw/server-java/t144sb10?step=9&filename=2024_2618_20240529F17.pdf"
"=""2630""","亞航","https://doc.twse.com.tw/server-java/t144sb10?step=9&filename=2024_2630_20240626F17.pdf"
"=""2633""","台灣高鐵","https://doc.twse.com.tw/server-java/t144sb10?step=9&filename=2024_2633_20240523F17.pdf"
"=""2634""","漢翔","https://doc.twse.com.tw/server-java/t144sb10?step=9&filename=2024_2634_20240527F17.pdf"
"=""2636""","台驊投控","https://doc.twse.com.tw/server-java/t144sb10?step=9&filename=2024_2636_20240529F17.pdf"
"=""2637""","慧洋-KY","https://doc.twse.com.tw/server-java/t144sb10?step=9&filename=2024_2637_20240531F17.pdf"
"=""2642""","宅配通","https://doc.twse.com.tw/server-java/t144sb10?step=9&filename=2024_2642_20240527F17.pdf"
"=""2645""","長榮航太","https://doc.twse.com.tw/server-java/t144sb10?step=9&filename=2024_2645_20240531F17.pdf"
"=""2646""","星宇航空","https://doc.twse.com.tw/server-java/t144sb10?step=9&filename=2024_2646_20240614F17.pdf"
"=""2701""","萬企","https://doc.twse.com.tw/server-java/t144sb10?step=9&filename=2024_2701_20240624F17.pdf"
"=""2702""","華園","https://doc.twse.com.tw/server-java/t144sb10?step=9&filename=2024_2702_20240530F17.pdf"
"=""2704""","國賓","https://doc.twse.com.tw/server-java/t144sb10?step=9&filename=2024_2704_20240606F17.pdf"
"=""2705""","六福","https://doc.twse.com.tw/server-java/t144sb10?step=9&filename=2024_2705_20240527F17.pdf"
"=""2706""","第一店","https://doc.twse.com.tw/server-java/t144sb10?step=9&filename=2024_2706_20240621F17.pdf"
"=""2707""","晶華","https://doc.twse.com.tw/server-java/t144sb10?step=9&filename=2024_2707_20240613F17.pdf"
"=""2712""","遠雄來","https://doc.twse.com.tw/server-java/t144sb10?step=9&filename=2024_2712_20240529F17.pdf"
"=""2722""","夏都","https://doc.twse.com.tw/server-java/t144sb10?step=9&filename=2024_2722_20240529F17.pdf"
"=""2723""","美食-KY","https://doc.twse.com.tw/server-java/t144sb10?step=9&filename=2024_2723_20240612F17.pdf"
"=""2727""","王品","https://doc.twse.com.tw/server-java/t144sb10?step=9&filename=2024_2727_20240606F17.pdf"
"=""2731""","雄獅","https://doc.twse.com.tw/server-java/t144sb10?step=9&filename=2024_2731_20240620F17.pdf"
"=""2739""","寒舍","https://doc.twse.com.tw/server-java/t144sb10?step=9&filename=2024_2739_20240530F17.pdf"
"=""2748""","雲品","https://doc.twse.com.tw/server-java/t144sb10?step=9&filename=2024_2748_20240527F17.pdf"
"=""2753""","八方雲集","https://doc.twse.com.tw/server-java/t144sb10?step=9&filename=2024_2753_20240613F17.pdf"
"=""2762""","世界健身-KY","https://doc.twse.com.tw/server-java/t144sb10?step=9&filename=2024_2762_20240524F17.pdf"
"=""2801""","彰銀","https://doc.twse.com.tw/server-java/t144sb10?step=9&filename=2024_2801_20240621F17.pdf"
"=""2812""","台中銀","https://doc.twse.com.tw/server-java/t144sb10?step=9&filename=2024_2812_20240524F17.pdf"
"=""2816""","旺旺保","https://doc.twse.com.tw/server-java/t144sb10?step=9&filename=2024_2816_20240624F17.pdf"
"=""2820""","華票","https://doc.twse.com.tw/server-java/t144sb10?step=9&filename=2024_2820_20240614F17.pdf"
"=""2832""","台產","https://doc.twse.com.tw/server-java/t144sb10?step=9&filename=2024_2832_20240531F17.pdf"
"=""2834""","臺企銀","https://doc.twse.com.tw/server-java/t144sb10?step=9&filename=2024_2834_20240621F17.pdf"
"=""2836""","高雄銀","https://doc.twse.com.tw/server-java/t144sb10?step=9&filename=2024_2836_20240524F17.pdf"
"=""2838""","聯邦銀","https://doc.twse.com.tw/server-java/t144sb10?step=9&filename=2024_2838_20240614F17.pdf"
"=""2845""","遠東銀","https://doc.twse.com.tw/server-java/t144sb10?step=9&filename=2024_2845_20240619F17.pdf"
"=""2849""","安泰銀","https://doc.twse.com.tw/server-java/t144sb10?step=9&filename=2024_2849_20240619F17.pdf"
"=""2850""","新產","https://doc.twse.com.tw/server-java/t144sb10?step=9&filename=2024_2850_20240527F17.pdf"
"=""2851""","中再保","https://doc.twse.com.tw/server-java/t144sb10?step=9&filename=2024_2851_20240521F17.pdf"
"=""2852""","第一保","https://doc.twse.com.tw/server-java/t144sb10?step=9&filename=2024_2852_20240625F17.pdf"
"=""2855""","統一證","https://doc.twse.com.tw/server-java/t144sb10?step=9&filename=2024_2855_20240627F17.pdf"
"=""2867""","三商壽","https://doc.twse.com.tw/server-java/t144sb10?step=9&filename=2024_2867_20240614F17.pdf"
"=""2880""","華南金","https://doc.twse.com.tw/server-java/t144sb10?step=9&filename=2024_2880_20240621F17.pdf"
"=""2881""","富邦金","https://doc.twse.com.tw/server-java/t144sb10?step=9&filename=2024_2881_20240614F17.pdf"
"=""2882""","國泰金","https://doc.twse.com.tw/server-java/t144sb10?step=9&filename=2024_2882_20240614F17.pdf"
"=""2883""","開發金","https://doc.twse.com.tw/server-java/t144sb10?step=9&filename=2024_2883_20240614F17.pdf"
"=""2884""","玉山金","https://doc.twse.com.tw/server-java/t144sb10?step=9&filename=2024_2884_20240614F17.pdf"
"=""2885""","元大金","https://doc.twse.com.tw/server-java/t144sb10?step=9&filename=2024_2885_20240607F17.pdf"
"=""2886""","兆豐金","https://doc.twse.com.tw/server-java/t144sb10?step=9&filename=2024_2886_20240621F17.pdf"
"=""2887""","台新金","https://doc.twse.com.tw/server-java/t144sb10?step=9&filename=2024_2887_20240614F17.pdf"
"=""2889""","國票金","https://doc.twse.com.tw/server-java/t144sb10?step=9&filename=2024_2889_20240531F17.pdf"
"=""2890""","永豐金","https://doc.twse.com.tw/server-java/t144sb10?step=9&filename=2024_2890_20240607F17.pdf"
"=""2891""","中信金","https://doc.twse.com.tw/server-java/t144sb10?step=9&filename=2024_2891_20240614F17.pdf"
"=""2892""","第一金","https://doc.twse.com.tw/server-java/t144sb10?step=9&filename=2024_2892_20240621F17.pdf"
"=""2897""","王道銀行","https://doc.twse.com.tw/server-java/t144sb10?step=9&filename=2024_2897_20240614F17.pdf"
"=""2901""","欣欣","https://doc.twse.com.tw/server-java/t144sb10?step=9&filename=2024_2901_20240626F17.pdf"
"=""2903""","遠百","https://doc.twse.com.tw/server-java/t144sb10?step=9&filename=2024_2903_20240618F17.pdf"
"=""2904""","匯僑","https://doc.twse.com.tw/server-java/t144sb10?step=9&filename=2024_2904_20240621F17.pdf"
"=""2905""","三商","https://doc.twse.com.tw/server-java/t144sb10?step=9&filename=2024_2905_20240621F17.pdf"
"=""2906""","高林","https://doc.twse.com.tw/server-java/t144sb10?step=9&filename=2024_2906_20240612F17.pdf"
"=""2908""","特力","https://doc.twse.com.tw/server-java/t144sb10?step=9&filename=2024_2908_20240530F17.pdf"
"=""2910""","統領","https://doc.twse.com.tw/server-java/t144sb10?step=9&filename=2024_2910_20240624F17.pdf"
"=""2911""","麗嬰房","https://doc.twse.com.tw/server-java/t144sb10?step=9&filename=2023_2911_20230630F17.pdf"
"=""2912""","統一超","https://doc.twse.com.tw/server-java/t144sb10?step=9&filename=2024_2912_20240530F17.pdf"
"=""2913""","農林","https://doc.twse.com.tw/server-java/t144sb10?step=9&filename=2024_2913_20240612F17.pdf"
"=""2915""","潤泰全","https://doc.twse.com.tw/server-java/t144sb10?step=9&filename=2024_2915_20240627F17.pdf"
"=""2923""","鼎固-KY","https://doc.twse.com.tw/server-java/t144sb10?step=9&filename=2024_2923_20240627F17.pdf"
"=""2929""","淘帝-KY","https://doc.twse.com.tw/server-java/t144sb10?step=9&filename=2024_2929_20240624F17.pdf"
"=""2939""","凱羿-KY","https://doc.twse.com.tw/server-java/t144sb10?step=9&filename=2024_2939_20240606F17.pdf"
"=""2945""","三商家購","https://doc.twse.com.tw/server-java/t144sb10?step=9&filename=2024_2945_20240530F17.pdf"
"=""3002""","歐格","https://doc.twse.com.tw/server-java/t144sb10?step=9&filename=2024_3002_20240619F17.pdf"
"=""3003""","健和興","https://doc.twse.com.tw/server-java/t144sb10?step=9&filename=2024_3003_20240606F17.pdf"
"=""3004""","豐達科","https://doc.twse.com.tw/server-java/t144sb10?step=9&filename=2024_3004_20240521F17.pdf"
"=""3005""","神基","https://doc.twse.com.tw/server-java/t144sb10?step=9&filename=2024_3005_20240529F17.pdf"
"=""3006""","晶豪科","https://doc.twse.com.tw/server-java/t144sb10?step=9&filename=2024_3006_20240530F17.pdf"
"=""3008""","大立光","https://doc.twse.com.tw/server-java/t144sb10?step=9&filename=2024_3008_20240607F17.pdf"
"=""3010""","華立","https://doc.twse.com.tw/server-java/t144sb10?step=9&filename=2024_3010_20240528F17.pdf"
"=""3011""","今皓","https://doc.twse.com.tw/server-java/t144sb10?step=9&filename=2024_3011_20240628F17.pdf"
"=""3013""","晟銘電","https://doc.twse.com.tw/server-java/t144sb10?step=9&filename=2024_3013_20240614F17.pdf"
"=""3014""","聯陽","https://doc.twse.com.tw/server-java/t144sb10?step=9&filename=2024_3014_20240528F17.pdf"
"=""3015""","全漢","https://doc.twse.com.tw/server-java/t144sb10?step=9&filename=2024_3015_20240607F17.pdf"
"=""3016""","嘉晶","https://doc.twse.com.tw/server-java/t144sb10?step=9&filename=2024_3016_20240530F17.pdf"
"=""3017""","奇鋐","https://doc.twse.com.tw/server-java/t144sb10?step=9&filename=2024_3017_20240614F17.pdf"
"=""3018""","隆銘綠能","https://doc.twse.com.tw/server-java/t144sb10?step=9&filename=2024_3018_20240606F17.pdf"
"=""3019""","亞光","https://doc.twse.com.tw/server-java/t144sb10?step=9&filename=2024_3019_20240531F17.pdf"
"=""3021""","鴻名","https://doc.twse.com.tw/server-java/t144sb10?step=9&filename=2024_3021_20240613F17.pdf"
"=""3022""","威強電","https://doc.twse.com.tw/server-java/t144sb10?step=9&filename=2024_3022_20240618F17.pdf"
"=""3023""","信邦","https://doc.twse.com.tw/server-java/t144sb10?step=9&filename=2024_3023_20240530F17.pdf"
"=""3024""","憶聲","https://doc.twse.com.tw/server-java/t144sb10?step=9&filename=2024_3024_20240614F17.pdf"
"=""3025""","星通","https://doc.twse.com.tw/server-java/t144sb10?step=9&filename=2024_3025_20240625F17.pdf"
"=""3026""","禾伸堂","https://doc.twse.com.tw/server-java/t144sb10?step=9&filename=2024_3026_20240530F17.pdf"
"=""3027""","盛達","https://doc.twse.com.tw/server-java/t144sb10?step=9&filename=2024_3027_20240529F17.pdf"
"=""3028""","增你強","https://doc.twse.com.tw/server-java/t144sb10?step=9&filename=2024_3028_20240612F17.pdf"
"=""3029""","零壹","https://doc.twse.com.tw/server-java/t144sb10?step=9&filename=2024_3029_20240527F17.pdf"
"=""3030""","德律","https://doc.twse.com.tw/server-java/t144sb10?step=9&filename=2024_3030_20240529F17.pdf"
"=""3031""","佰鴻","https://doc.twse.com.tw/server-java/t144sb10?step=9&filename=2024_3031_20240612F17.pdf"
"=""3032""","偉訓","https://doc.twse.com.tw/server-java/t144sb10?step=9&filename=2024_3032_20240620F17.pdf"
"=""3033""","威健","https://doc.twse.com.tw/server-java/t144sb10?step=9&filename=2024_3033_20240620F17.pdf"
"=""3034""","聯詠","https://doc.twse.com.tw/server-java/t144sb10?step=9&filename=2024_3034_20240531F17.pdf"
"=""3035""","智原","https://doc.twse.com.tw/server-java/t144sb10?step=9&filename=2024_3035_20240529F17.pdf"
"=""3036""","文曄","https://doc.twse.com.tw/server-java/t144sb10?step=9&filename=2024_3036_20240530F17.pdf"
"=""3037""","欣興","https://doc.twse.com.tw/server-java/t144sb10?step=9&filename=2024_3037_20240531F17.pdf"
"=""3038""","全台","https://doc.twse.com.tw/server-java/t144sb10?step=9&filename=2024_3038_20240613F17.pdf"
"=""3040""","遠見","https://doc.twse.com.tw/server-java/t144sb10?step=9&filename=2024_3040_20240606F17.pdf"
"=""3041""","揚智","https://doc.twse.com.tw/server-java/t144sb10?step=9&filename=2024_3041_20240618F17.pdf"
"=""3042""","晶技","https://doc.twse.com.tw/server-java/t144sb10?step=9&filename=2024_3042_20240528F17.pdf"
"=""3043""","科風","https://doc.twse.com.tw/server-java/t144sb10?step=9&filename=2024_3043_20240626F17.pdf"
"=""3044""","健鼎","https://doc.twse.com.tw/server-java/t144sb10?step=9&filename=2024_3044_20240618F17.pdf"
"=""3045""","台灣大","https://doc.twse.com.tw/server-java/t144sb10?step=9&filename=2024_3045_20240621F17.pdf"
"=""3046""","建碁","https://doc.twse.com.tw/server-java/t144sb10?step=9&filename=2024_3046_20240529F17.pdf"
"=""3047""","訊舟","https://doc.twse.com.tw/server-java/t144sb10?step=9&filename=2024_3047_20240614F17.pdf"
"=""3048""","益登","https://doc.twse.com.tw/server-java/t144sb10?step=9&filename=2024_3048_20240627F17.pdf"
"=""3049""","精金","https://doc.twse.com.tw/server-java/t144sb10?step=9&filename=2024_3049_20240531F17.pdf"
"=""3050""","鈺德","https://doc.twse.com.tw/server-java/t144sb10?step=9&filename=2024_3050_20240614F17.pdf"
"=""3051""","力特","https://doc.twse.com.tw/server-java/t144sb10?step=9&filename=2024_3051_20240620F17.pdf"
"=""3052""","夆典","https://doc.twse.com.tw/server-java/t144sb10?step=9&filename=2024_3052_20240613F17.pdf"
"=""3054""","立萬利","https://doc.twse.com.tw/server-java/t144sb10?step=9&filename=2024_3054_20240530F17.pdf"
"=""3055""","蔚華科","https://doc.twse.com.tw/server-java/t144sb10?step=9&filename=2024_3055_20240619F17.pdf"
"=""3056""","富華新","https://doc.twse.com.tw/server-java/t144sb10?step=9&filename=2024_3056_20240612F17.pdf"
"=""3057""","喬鼎","https://doc.twse.com.tw/server-java/t144sb10?step=9&filename=2024_3057_20240621F17.pdf"
"=""3058""","立德","https://doc.twse.com.tw/server-java/t144sb10?step=9&filename=2024_3058_20240621F17.pdf"
"=""3059""","華晶科","https://doc.twse.com.tw/server-java/t144sb10?step=9&filename=2024_3059_20240613F17.pdf"
"=""3060""","銘異","https://doc.twse.com.tw/server-java/t144sb10?step=9&filename=2024_3060_20240618F17.pdf"
"=""3062""","建漢","https://doc.twse.com.tw/server-java/t144sb10?step=9&filename=2024_3062_20240625F17.pdf"
"=""3090""","日電貿","https://doc.twse.com.tw/server-java/t144sb10?step=9&filename=2024_3090_20240625F17.pdf"
"=""3092""","鴻碩","https://doc.twse.com.tw/server-java/t144sb10?step=9&filename=2024_3092_20240603F17.pdf"
"=""3094""","聯傑","https://doc.twse.com.tw/server-java/t144sb10?step=9&filename=2024_3094_20240529F17.pdf"
"=""3130""","一零四","https://doc.twse.com.tw/server-java/t144sb10?step=9&filename=2024_3130_20240530F17.pdf"
"=""3138""","耀登","https://doc.twse.com.tw/server-java/t144sb10?step=9&filename=2024_3138_20240625F17.pdf"
"=""3149""","正達","https://doc.twse.com.tw/server-java/t144sb10?step=9&filename=2024_3149_20240527F17.pdf"
"=""3150""","鈺寶-創","https://doc.twse.com.tw/server-java/t144sb10?step=9&filename=2024_3150_20240417F17.pdf"
"=""3164""","景岳","https://doc.twse.com.tw/server-java/t144sb10?step=9&filename=2024_3164_20240529F17.pdf"
"=""3167""","大量","https://doc.twse.com.tw/server-java/t144sb10?step=9&filename=2024_3167_20240530F17.pdf"
"=""3168""","眾福科","https://doc.twse.com.tw/server-java/t144sb10?step=9&filename=2024_3168_20240528F17.pdf"
"=""3189""","景碩","https://doc.twse.com.tw/server-java/t144sb10?step=9&filename=2024_3189_20240530F17.pdf"
"=""3209""","全科","https://doc.twse.com.tw/server-java/t144sb10?step=9&filename=2024_3209_20240618F17.pdf"
"=""3229""","晟鈦","https://doc.twse.com.tw/server-java/t144sb10?step=9&filename=2024_3229_20240624F17.pdf"
"=""3231""","緯創","https://doc.twse.com.tw/server-java/t144sb10?step=9&filename=2024_3231_20240530F17.pdf"
"=""3257""","虹冠電","https://doc.twse.com.tw/server-java/t144sb10?step=9&filename=2024_3257_20240605F17.pdf"
"=""3266""","昇陽","https://doc.twse.com.tw/server-java/t144sb10?step=9&filename=2024_3266_20240531F17.pdf"
"=""3296""","勝德","https://doc.twse.com.tw/server-java/t144sb10?step=9&filename=2024_3296_20240607F17.pdf"
"=""3305""","昇貿","https://doc.twse.com.tw/server-java/t144sb10?step=9&filename=2024_3305_20240613F17.pdf"
"=""3308""","聯德","https://doc.twse.com.tw/server-java/t144sb10?step=9&filename=2024_3308_20240628F17.pdf"
"=""3311""","閎暉","https://doc.twse.com.tw/server-java/t144sb10?step=9&filename=2024_3311_20240604F17.pdf"
"=""3312""","弘憶股","https://doc.twse.com.tw/server-java/t144sb10?step=9&filename=2024_3312_20240626F17.pdf"
"=""3321""","同泰","https://doc.twse.com.tw/server-java/t144sb10?step=9&filename=2024_3321_20240627F17.pdf"
"=""3338""","泰碩","https://doc.twse.com.tw/server-java/t144sb10?step=9&filename=2024_3338_20240524F17.pdf"
"=""3346""","麗清","https://doc.twse.com.tw/server-java/t144sb10?step=9&filename=2024_3346_20240521F17.pdf"
"=""3356""","奇偶","https://doc.twse.com.tw/server-java/t144sb10?step=9&filename=2024_3356_20240530F17.pdf"
"=""3376""","新日興","https://doc.twse.com.tw/server-java/t144sb10?step=9&filename=2024_3376_20240618F17.pdf"
"=""3380""","明泰","https://doc.twse.com.tw/server-java/t144sb10?step=9&filename=2024_3380_20240531F17.pdf"
"=""3406""","玉晶光","https://doc.twse.com.tw/server-java/t144sb10?step=9&filename=2024_3406_20240618F17.pdf"
"=""3413""","京鼎","https://doc.twse.com.tw/server-java/t144sb10?step=9&filename=2024_3413_20240527F17.pdf"
"=""3416""","融程電","https://doc.twse.com.tw/server-java/t144sb10?step=9&filename=2024_3416_20240530F17.pdf"
"=""3419""","譁裕","https://doc.twse.com.tw/server-java/t144sb10?step=9&filename=2024_3419_20240626F17.pdf"
"=""3432""","台端","https://doc.twse.com.tw/server-java/t144sb10?step=9&filename=2024_3432_20240627F17.pdf"
"=""3437""","榮創","https://doc.twse.com.tw/server-java/t144sb10?step=9&filename=2024_3437_20240627F17.pdf"
"=""3443""","創意","https://doc.twse.com.tw/server-java/t144sb10?step=9&filename=2024_3443_20240516F17.pdf"
"=""3447""","展達","https://doc.twse.com.tw/server-java/t144sb10?step=9&filename=2024_3447_20240528F17.pdf"
"=""3450""","聯鈞","https://doc.twse.com.tw/server-java/t144sb10?step=9&filename=2024_3450_20240607F17.pdf"
"=""3481""","群創","https://doc.twse.com.tw/server-java/t144sb10?step=9&filename=2024_3481_20240531F17.pdf"
"=""3494""","誠研","https://doc.twse.com.tw/server-java/t144sb10?step=9&filename=2024_3494_20240620F17.pdf"
"=""3501""","維熹","https://doc.twse.com.tw/server-java/t144sb10?step=9&filename=2024_3501_20240625F17.pdf"
"=""3504""","揚明光","https://doc.twse.com.tw/server-java/t144sb10?step=9&filename=2024_3504_20240619F17.pdf"
"=""3515""","華擎","https://doc.twse.com.tw/server-java/t144sb10?step=9&filename=2024_3515_20240529F17.pdf"
"=""3518""","柏騰","https://doc.twse.com.tw/server-java/t144sb10?step=9&filename=2024_3518_20240618F17.pdf"
"=""3528""","安馳","https://doc.twse.com.tw/server-java/t144sb10?step=9&filename=2024_3528_20240531F17.pdf"
"=""3530""","晶相光","https://doc.twse.com.tw/server-java/t144sb10?step=9&filename=2024_3530_20240618F17.pdf"
"=""3532""","台勝科","https://doc.twse.com.tw/server-java/t144sb10?step=9&filename=2024_3532_20240627F17.pdf"
"=""3533""","嘉澤","https://doc.twse.com.tw/server-java/t144sb10?step=9&filename=2024_3533_20240613F17.pdf"
"=""3535""","晶彩科","https://doc.twse.com.tw/server-java/t144sb10?step=9&filename=2024_3535_20240531F17.pdf"
"=""3543""","州巧","https://doc.twse.com.tw/server-java/t144sb10?step=9&filename=2024_3543_20240524F17.pdf"
"=""3545""","敦泰","https://doc.twse.com.tw/server-java/t144sb10?step=9&filename=2024_3545_20240607F17.pdf"
"=""3550""","聯穎","https://doc.twse.com.tw/server-java/t144sb10?step=9&filename=2024_3550_20240614F17.pdf"
"=""3557""","嘉威","https://doc.twse.com.tw/server-java/t144sb10?step=9&filename=2024_3557_20240527F17.pdf"
"=""3563""","牧德","https://doc.twse.com.tw/server-java/t144sb10?step=9&filename=2024_3563_20240530F17.pdf"
"=""3576""","聯合再生","https://doc.twse.com.tw/server-java/t144sb10?step=9&filename=2024_3576_20240621F17.pdf"
"=""3583""","辛耘","https://doc.twse.com.tw/server-java/t144sb10?step=9&filename=2024_3583_20240614F17.pdf"
"=""3588""","通嘉","https://doc.twse.com.tw/server-java/t144sb10?step=9&filename=2024_3588_20240528F17.pdf"
"=""3591""","艾笛森","https://doc.twse.com.tw/server-java/t144sb10?step=9&filename=2024_3591_20240530F17.pdf"
"=""3592""","瑞鼎","https://doc.twse.com.tw/server-java/t144sb10?step=9&filename=2024_3592_20240529F17.pdf"
"=""3593""","力銘","https://doc.twse.com.tw/server-java/t144sb10?step=9&filename=2024_3593_20240523F17.pdf"
"=""3596""","智易","https://doc.twse.com.tw/server-java/t144sb10?step=9&filename=2024_3596_20240530F17.pdf"
"=""3605""","宏致","https://doc.twse.com.tw/server-java/t144sb10?step=9&filename=2024_3605_20240625F17.pdf"
"=""3607""","谷崧","https://doc.twse.com.tw/server-java/t144sb10?step=9&filename=2024_3607_20240627F17.pdf"
"=""3617""","碩天","https://doc.twse.com.tw/server-java/t144sb10?step=9&filename=2024_3617_20240528F17.pdf"
"=""3622""","洋華","https://doc.twse.com.tw/server-java/t144sb10?step=9&filename=2024_3622_20240527F17.pdf"
"=""3645""","達邁","https://doc.twse.com.tw/server-java/t144sb10?step=9&filename=2024_3645_20240625F17.pdf"
"=""3652""","精聯","https://doc.twse.com.tw/server-java/t144sb10?step=9&filename=2024_3652_20240618F17.pdf"
"=""3653""","健策","https://doc.twse.com.tw/server-java/t144sb10?step=9&filename=2024_3653_20240530F17.pdf"
"=""3661""","世芯-KY","https://doc.twse.com.tw/server-java/t144sb10?step=9&filename=2024_3661_20240530F17.pdf"
"=""3665""","貿聯-KY","https://doc.twse.com.tw/server-java/t144sb10?step=9&filename=2024_3665_20240530F17.pdf"
"=""3669""","圓展","https://doc.twse.com.tw/server-java/t144sb10?step=9&filename=2024_3669_20240612F17.pdf"
"=""3673""","TPK-KY","https://doc.twse.com.tw/server-java/t144sb10?step=9&filename=2024_3673_20240618F17.pdf"
"=""3679""","新至陞","https://doc.twse.com.tw/server-java/t144sb10?step=9&filename=2024_3679_20240613F17.pdf"
"=""3686""","達能","https://doc.twse.com.tw/server-java/t144sb10?step=9&filename=2024_3686_20240524F17.pdf"
"=""3694""","海華","https://doc.twse.com.tw/server-java/t144sb10?step=9&filename=2024_3694_20240620F17.pdf"
"=""3701""","大眾控","https://doc.twse.com.tw/server-java/t144sb10?step=9&filename=2024_3701_20240606F17.pdf"
"=""3702""","大聯大","https://doc.twse.com.tw/server-java/t144sb10?step=9&filename=2024_3702_20240524F17.pdf"
"=""3703""","欣陸","https://doc.twse.com.tw/server-java/t144sb10?step=9&filename=2024_3703_20240603F17.pdf"
"=""3704""","合勤控","https://doc.twse.com.tw/server-java/t144sb10?step=9&filename=2024_3704_20240618F17.pdf"
"=""3705""","永信","https://doc.twse.com.tw/server-java/t144sb10?step=9&filename=2024_3705_20240529F17.pdf"
"=""3706""","神達","https://doc.twse.com.tw/server-java/t144sb10?step=9&filename=2024_3706_20240528F17.pdf"
"=""3708""","上緯投控","https://doc.twse.com.tw/server-java/t144sb10?step=9&filename=2024_3708_20240531F17.pdf"
"=""3711""","日月光投控","https://doc.twse.com.tw/server-java/t144sb10?step=9&filename=2024_3711_20240626F17.pdf"
"=""3712""","永崴投控","https://doc.twse.com.tw/server-java/t144sb10?step=9&filename=2024_3712_20240527F17.pdf"
"=""3714""","富采","https://doc.twse.com.tw/server-java/t144sb10?step=9&filename=2024_3714_20240524F17.pdf"
"=""3715""","定穎投控","https://doc.twse.com.tw/server-java/t144sb10?step=9&filename=2024_3715_20240516F17.pdf"
"=""4104""","佳醫","https://doc.twse.com.tw/server-java/t144sb10?step=9&filename=2024_4104_20240621F17.pdf"
"=""4106""","雃博","https://doc.twse.com.tw/server-java/t144sb10?step=9&filename=2024_4106_20240624F17.pdf"
"=""4108""","懷特","https://doc.twse.com.tw/server-java/t144sb10?step=9&filename=2024_4108_20240528F17.pdf"
"=""4119""","旭富","https://doc.twse.com.tw/server-java/t144sb10?step=9&filename=2024_4119_20240530F17.pdf"
"=""4133""","亞諾法","https://doc.twse.com.tw/server-java/t144sb10?step=9&filename=2024_4133_20240522F17.pdf"
"=""4137""","麗豐-KY","https://doc.twse.com.tw/server-java/t144sb10?step=9&filename=2024_4137_20240625F17.pdf"
"=""4142""","國光生","https://doc.twse.com.tw/server-java/t144sb10?step=9&filename=2024_4142_20240621F17.pdf"
"=""4148""","全宇生技-KY","https://doc.twse.com.tw/server-java/t144sb10?step=9&filename=2024_4148_20240621F17.pdf"
"=""4155""","訊映","https://doc.twse.com.tw/server-java/t144sb10?step=9&filename=2024_4155_20240529F17.pdf"
"=""4164""","承業醫","https://doc.twse.com.tw/server-java/t144sb10?step=9&filename=2024_4164_20240612F17.pdf"
"=""4190""","佐登-KY","https://doc.twse.com.tw/server-java/t144sb10?step=9&filename=2024_4190_20240627F17.pdf"
"=""4306""","炎洲","https://doc.twse.com.tw/server-java/t144sb10?step=9&filename=2024_4306_20240621F17.pdf"
"=""4414""","如興","https://doc.twse.com.tw/server-java/t144sb10?step=9&filename=2024_4414_20240627F17.pdf"
"=""4426""","利勤","https://doc.twse.com.tw/server-java/t144sb10?step=9&filename=2024_4426_20240618F17.pdf"
"=""4438""","廣越","https://doc.twse.com.tw/server-java/t144sb10?step=9&filename=2024_4438_20240613F17.pdf"
"=""4439""","冠星-KY","https://doc.twse.com.tw/server-java/t144sb10?step=9&filename=2024_4439_20240619F17.pdf"
"=""4440""","宜新實業","https://doc.twse.com.tw/server-java/t144sb10?step=9&filename=2024_4440_20240527F17.pdf"
"=""4526""","東台","https://doc.twse.com.tw/server-java/t144sb10?step=9&filename=2024_4526_20240613F17.pdf"
"=""4532""","瑞智","https://doc.twse.com.tw/server-java/t144sb10?step=9&filename=2024_4532_20240613F17.pdf"
"=""4536""","拓凱","https://doc.twse.com.tw/server-java/t144sb10?step=9&filename=2024_4536_20240531F17.pdf"
"=""4540""","全球傳動","https://doc.twse.com.tw/server-java/t144sb10?step=9&filename=2024_4540_20240627F17.pdf"
"=""4545""","銘鈺","https://doc.twse.com.tw/server-java/t144sb10?step=9&filename=2024_4545_20240530F17.pdf"
"=""4551""","智伸科","https://doc.twse.com.tw/server-java/t144sb10?step=9&filename=2024_4551_20240614F17.pdf"
"=""4552""","力達-KY","https://doc.twse.com.tw/server-java/t144sb10?step=9&filename=2024_4552_20240627F17.pdf"
"=""4555""","氣立","https://doc.twse.com.tw/server-java/t144sb10?step=9&filename=2024_4555_20240530F17.pdf"
"=""4557""","永新-KY","https://doc.twse.com.tw/server-java/t144sb10?step=9&filename=2024_4557_20240607F17.pdf"
"=""4560""","強信-KY","https://doc.twse.com.tw/server-java/t144sb10?step=9&filename=2024_4560_20240618F17.pdf"
"=""4562""","穎漢","https://doc.twse.com.tw/server-java/t144sb10?step=9&filename=2024_4562_20240606F17.pdf"
"=""4564""","元翎","https://doc.twse.com.tw/server-java/t144sb10?step=9&filename=2024_4564_20240530F17.pdf"
"=""4566""","時碩工業","https://doc.twse.com.tw/server-java/t144sb10?step=9&filename=2024_4566_20240627F17.pdf"
"=""4569""","六方科-KY","https://doc.twse.com.tw/server-java/t144sb10?step=9&filename=2024_4569_20240625F17.pdf"
"=""4571""","鈞興-KY","https://doc.twse.com.tw/server-java/t144sb10?step=9&filename=2024_4571_20240529F17.pdf"
"=""4572""","駐龍","https://doc.twse.com.tw/server-java/t144sb10?step=9&filename=2024_4572_20240627F17.pdf"
"=""4576""","大銀微系統","https://doc.twse.com.tw/server-java/t144sb10?step=9&filename=2024_4576_20240530F17.pdf"
"=""4581""","光隆精密-KY","https://doc.twse.com.tw/server-java/t144sb10?step=9&filename=2024_4581_20240621F17.pdf"
"=""4583""","台灣精銳","https://doc.twse.com.tw/server-java/t144sb10?step=9&filename=2024_4583_20240524F17.pdf"
"=""4588""","玖鼎電力","https://doc.twse.com.tw/server-java/t144sb10?step=9&filename=2024_4588_20240621F17.pdf"
"=""4720""","德淵","https://doc.twse.com.tw/server-java/t144sb10?step=9&filename=2024_4720_20240624F17.pdf"
"=""4722""","國精化","https://doc.twse.com.tw/server-java/t144sb10?step=9&filename=2024_4722_20240529F17.pdf"
"=""4736""","泰博","https://doc.twse.com.tw/server-java/t144sb10?step=9&filename=2024_4736_20240529F17.pdf"
"=""4737""","華廣","https://doc.twse.com.tw/server-java/t144sb10?step=9&filename=2024_4737_20240628F17.pdf"
"=""4739""","康普","https://doc.twse.com.tw/server-java/t144sb10?step=9&filename=2024_4739_20240527F17.pdf"
"=""4746""","台耀","https://doc.twse.com.tw/server-java/t144sb10?step=9&filename=2024_4746_20240625F17.pdf"
"=""4755""","三福化","https://doc.twse.com.tw/server-java/t144sb10?step=9&filename=2024_4755_20240612F17.pdf"
"=""4763""","材料-KY","https://doc.twse.com.tw/server-java/t144sb10?step=9&filename=2024_4763_20240530F17.pdf"
"=""4764""","雙鍵","https://doc.twse.com.tw/server-java/t144sb10?step=9&filename=2024_4764_20240628F17.pdf"
"=""4766""","南寶","https://doc.twse.com.tw/server-java/t144sb10?step=9&filename=2024_4766_20240612F17.pdf"
"=""4770""","上品","https://doc.twse.com.tw/server-java/t144sb10?step=9&filename=2024_4770_20240530F17.pdf"
"=""4771""","望隼","https://doc.twse.com.tw/server-java/t144sb10?step=9&filename=2024_4771_20240529F17.pdf"
"=""4807""","日成-KY","https://doc.twse.com.tw/server-java/t144sb10?step=9&filename=2024_4807_20240530F17.pdf"
"=""4904""","遠傳","https://doc.twse.com.tw/server-java/t144sb10?step=9&filename=2024_4904_20240621F17.pdf"
"=""4906""","正文","https://doc.twse.com.tw/server-java/t144sb10?step=9&filename=2024_4906_20240529F17.pdf"
"=""4912""","聯德控股-KY","https://doc.twse.com.tw/server-java/t144sb10?step=9&filename=2024_4912_20240618F17.pdf"
"=""4915""","致伸","https://doc.twse.com.tw/server-java/t144sb10?step=9&filename=2024_4915_20240524F17.pdf"
"=""4916""","事欣科","https://doc.twse.com.tw/server-java/t144sb10?step=9&filename=2024_4916_20240531F17.pdf"
"=""4919""","新唐","https://doc.twse.com.tw/server-java/t144sb10?step=9&filename=2024_4919_20240528F17.pdf"
"=""4927""","泰鼎-KY","https://doc.twse.com.tw/server-java/t144sb10?step=9&filename=2024_4927_20240530F17.pdf"
"=""4930""","燦星網","https://doc.twse.com.tw/server-java/t144sb10?step=9&filename=2024_4930_20240529F17.pdf"
"=""4934""","太極","https://doc.twse.com.tw/server-java/t144sb10?step=9&filename=2024_4934_20240528F17.pdf"
"=""4935""","茂林-KY","https://doc.twse.com.tw/server-java/t144sb10?step=9&filename=2024_4935_20240528F17.pdf"
"=""4938""","和碩","https://doc.twse.com.tw/server-java/t144sb10?step=9&filename=2024_4938_20240614F17.pdf"
"=""4942""","嘉彰","https://doc.twse.com.tw/server-java/t144sb10?step=9&filename=2024_4942_20240529F17.pdf"
"=""4943""","康控-KY","https://doc.twse.com.tw/server-java/t144sb10?step=9&filename=2024_4943_20240625F17.pdf"
"=""4949""","有成精密","https://doc.twse.com.tw/server-java/t144sb10?step=9&filename=2024_4949_20240530F17.pdf"
"=""4952""","凌通","https://doc.twse.com.tw/server-java/t144sb10?step=9&filename=2024_4952_20240524F17.pdf"
"=""4956""","光鋐","https://doc.twse.com.tw/server-java/t144sb10?step=9&filename=2024_4956_20240620F17.pdf"
"=""4958""","臻鼎-KY","https://doc.twse.com.tw/server-java/t144sb10?step=9&filename=2024_4958_20240530F17.pdf"
"=""4960""","誠美材","https://doc.twse.com.tw/server-java/t144sb10?step=9&filename=2024_4960_20240607F17.pdf"
"=""4961""","天鈺","https://doc.twse.com.tw/server-java/t144sb10?step=9&filename=2024_4961_20240531F17.pdf"
"=""4967""","十銓","https://doc.twse.com.tw/server-java/t144sb10?step=9&filename=2024_4967_20240619F17.pdf"
"=""4968""","立積","https://doc.twse.com.tw/server-java/t144sb10?step=9&filename=2024_4968_20240529F17.pdf"
"=""4976""","佳凌","https://doc.twse.com.tw/server-java/t144sb10?step=9&filename=2024_4976_20240625F17.pdf"
"=""4977""","眾達-KY","https://doc.twse.com.tw/server-java/t144sb10?step=9&filename=2024_4977_20240627F17.pdf"
"=""4989""","榮科","https://doc.twse.com.tw/server-java/t144sb10?step=9&filename=2024_4989_20240618F17.pdf"
"=""4994""","傳奇","https://doc.twse.com.tw/server-java/t144sb10?step=9&filename=2024_4994_20240530F17.pdf"
"=""4999""","鑫禾","https://doc.twse.com.tw/server-java/t144sb10?step=9&filename=2024_4999_20240625F17.pdf"
"=""5007""","三星","https://doc.twse.com.tw/server-java/t144sb10?step=9&filename=2024_5007_20240613F17.pdf"
"=""5203""","訊連","https://doc.twse.com.tw/server-java/t144sb10?step=9&filename=2024_5203_20240619F17.pdf"
"=""5215""","科嘉-KY","https://doc.twse.com.tw/server-java/t144sb10?step=9&filename=2024_5215_20240627F17.pdf"
"=""5222""","全訊","https://doc.twse.com.tw/server-java/t144sb10?step=9&filename=2024_5222_20240612F17.pdf"
"=""5225""","東科-KY","https://doc.twse.com.tw/server-java/t144sb10?step=9&filename=2024_5225_20240524F17.pdf"
"=""5234""","達興材料","https://doc.twse.com.tw/server-java/t144sb10?step=9&filename=2024_5234_20240524F17.pdf"
"=""5243""","乙盛-KY","https://doc.twse.com.tw/server-java/t144sb10?step=9&filename=2024_5243_20240619F17.pdf"
"=""5244""","弘凱","https://doc.twse.com.tw/server-java/t144sb10?step=9&filename=2024_5244_20240528F17.pdf"
"=""5258""","虹堡","https://doc.twse.com.tw/server-java/t144sb10?step=9&filename=2024_5258_20240618F17.pdf"
"=""5269""","祥碩","https://doc.twse.com.tw/server-java/t144sb10?step=9&filename=2024_5269_20240618F17.pdf"
"=""5283""","禾聯碩","https://doc.twse.com.tw/server-java/t144sb10?step=9&filename=2024_5283_20240624F17.pdf"
"=""5284""","jpp-KY","https://doc.twse.com.tw/server-java/t144sb10?step=9&filename=2024_5284_20240620F17.doc"
"=""5285""","界霖","https://doc.twse.com.tw/server-java/t144sb10?step=9&filename=2024_5285_20240621F17.pdf"
"=""5288""","豐祥-KY","https://doc.twse.com.tw/server-java/t144sb10?step=9&filename=2024_5288_20240531F17.pdf"
"=""5292""","華懋","https://doc.twse.com.tw/server-java/t144sb10?step=9&filename=2024_5292_20240607F17.pdf"
"=""5306""","桂盟","https://doc.twse.com.tw/server-java/t144sb10?step=9&filename=2024_5306_20240531F17.pdf"
"=""5388""","中磊","https://doc.twse.com.tw/server-java/t144sb10?step=9&filename=2024_5388_20240531F17.pdf"
"=""5434""","崇越","https://doc.twse.com.tw/server-java/t144sb10?step=9&filename=2024_5434_20240530F17.pdf"
"=""5469""","瀚宇博","https://doc.twse.com.tw/server-java/t144sb10?step=9&filename=2024_5469_20240618F17.pdf"
"=""5471""","松翰","https://doc.twse.com.tw/server-java/t144sb10?step=9&filename=2024_5471_20240619F17.pdf"
"=""5484""","慧友","https://doc.twse.com.tw/server-java/t144sb10?step=9&filename=2024_5484_20240621F17.pdf"
"=""5515""","建國","https://doc.twse.com.tw/server-java/t144sb10?step=9&filename=2024_5515_20240618F17.pdf"
"=""5519""","隆大","https://doc.twse.com.tw/server-java/t144sb10?step=9&filename=2024_5519_20240531F17.pdf"
"=""5521""","工信","https://doc.twse.com.tw/server-java/t144sb10?step=9&filename=2024_5521_20240625F17.pdf"
"=""5522""","遠雄","https://doc.twse.com.tw/server-java/t144sb10?step=9&filename=2024_5522_20240607F17.pdf"
"=""5525""","順天","https://doc.twse.com.tw/server-java/t144sb10?step=9&filename=2024_5525_20240531F17.pdf"
"=""5531""","鄉林","https://doc.twse.com.tw/server-java/t144sb10?step=9&filename=2024_5531_20240627F17.pdf"
"=""5533""","皇鼎","https://doc.twse.com.tw/server-java/t144sb10?step=9&filename=2024_5533_20240620F17.pdf"
"=""5534""","長虹","https://doc.twse.com.tw/server-java/t144sb10?step=9&filename=2024_5534_20240627F17.pdf"
"=""5538""","東明-KY","https://doc.twse.com.tw/server-java/t144sb10?step=9&filename=2024_5538_20240619F17.pdf"
"=""5546""","永固-KY","https://doc.twse.com.tw/server-java/t144sb10?step=9&filename=2024_5546_20240627F17.pdf"
"=""5607""","遠雄港","https://doc.twse.com.tw/server-java/t144sb10?step=9&filename=2024_5607_20240625F17.pdf"
"=""5608""","四維航","https://doc.twse.com.tw/server-java/t144sb10?step=9&filename=2024_5608_20240625F17.pdf"
"=""5706""","鳳凰","https://doc.twse.com.tw/server-java/t144sb10?step=9&filename=2024_5706_20240607F17.pdf"
"=""5871""","中租-KY","https://doc.twse.com.tw/server-java/t144sb10?step=9&filename=2024_5871_20240522F17.pdf"
"=""5876""","上海商銀","https://doc.twse.com.tw/server-java/t144sb10?step=9&filename=2024_5876_20240621F17.pdf"
"=""5880""","合庫金","https://doc.twse.com.tw/server-java/t144sb10?step=9&filename=2024_5880_20240621F17.pdf"
"=""5906""","台南-KY","https://doc.twse.com.tw/server-java/t144sb10?step=9&filename=2024_5906_20240612F17.pdf"
"=""5907""","大洋-KY","https://doc.twse.com.tw/server-java/t144sb10?step=9&filename=2024_5907_20240617F17.pdf"
"=""6005""","群益證","https://doc.twse.com.tw/server-java/t144sb10?step=9&filename=2024_6005_20240627F17.pdf"
"=""6024""","群益期","https://doc.twse.com.tw/server-java/t144sb10?step=9&filename=2024_6024_20240530F17.pdf"
"=""6108""","競國","https://doc.twse.com.tw/server-java/t144sb10?step=9&filename=2024_6108_20240619F17.pdf"
"=""6112""","邁達特","https://doc.twse.com.tw/server-java/t144sb10?step=9&filename=2024_6112_20240531F17.pdf"
"=""6115""","鎰勝","https://doc.twse.com.tw/server-java/t144sb10?step=9&filename=2024_6115_20240620F17.pdf"
"=""6116""","彩晶","https://doc.twse.com.tw/server-java/t144sb10?step=9&filename=2024_6116_20240524F17.pdf"
"=""6117""","迎廣","https://doc.twse.com.tw/server-java/t144sb10?step=9&filename=2024_6117_20240612F17.pdf"
"=""6120""","達運","https://doc.twse.com.tw/server-java/t144sb10?step=9&filename=2024_6120_20240614F17.pdf"
"=""6128""","上福","https://doc.twse.com.tw/server-java/t144sb10?step=9&filename=2024_6128_20240619F17.pdf"
"=""6133""","金橋","https://doc.twse.com.tw/server-java/t144sb10?step=9&filename=2024_6133_20240626F17.pdf"
"=""6136""","富爾特","https://doc.twse.com.tw/server-java/t144sb10?step=9&filename=2024_6136_20240619F17.pdf"
"=""6139""","亞翔","https://doc.twse.com.tw/server-java/t144sb10?step=9&filename=2024_6139_20240626F17.pdf"
"=""6141""","柏承","https://doc.twse.com.tw/server-java/t144sb10?step=9&filename=2024_6141_20240614F17.pdf"
"=""6142""","友勁","https://doc.twse.com.tw/server-java/t144sb10?step=9&filename=2024_6142_20240527F17.pdf"
"=""6152""","百一","https://doc.twse.com.tw/server-java/t144sb10?step=9&filename=2024_6152_20240612F17.pdf"
"=""6153""","嘉聯益","https://doc.twse.com.tw/server-java/t144sb10?step=9&filename=2024_6153_20240614F17.pdf"
"=""6155""","鈞寶","https://doc.twse.com.tw/server-java/t144sb10?step=9&filename=2024_6155_20240530F17.pdf"
"=""6164""","華興","https://doc.twse.com.tw/server-java/t144sb10?step=9&filename=2024_6164_20240607F17.pdf"
"=""6165""","浪凡","https://doc.twse.com.tw/server-java/t144sb10?step=9&filename=2024_6165_20240625F17.pdf"
"=""6166""","凌華","https://doc.twse.com.tw/server-java/t144sb10?step=9&filename=2024_6166_20240619F17.pdf"
"=""6168""","宏齊","https://doc.twse.com.tw/server-java/t144sb10?step=9&filename=2024_6168_20240625F17.pdf"
"=""6176""","瑞儀","https://doc.twse.com.tw/server-java/t144sb10?step=9&filename=2024_6176_20240528F17.pdf"
"=""6177""","達麗","https://doc.twse.com.tw/server-java/t144sb10?step=9&filename=2024_6177_20240619F17.pdf"
"=""6183""","關貿","https://doc.twse.com.tw/server-java/t144sb10?step=9&filename=2024_6183_20240613F17.pdf"
"=""6184""","大豐電","https://doc.twse.com.tw/server-java/t144sb10?step=9&filename=2024_6184_20240527F17.pdf"
"=""6189""","豐藝","https://doc.twse.com.tw/server-java/t144sb10?step=9&filename=2024_6189_20240528F17.pdf"
"=""6191""","精成科","https://doc.twse.com.tw/server-java/t144sb10?step=9&filename=2024_6191_20240618F17.pdf"
"=""6192""","巨路","https://doc.twse.com.tw/server-java/t144sb10?step=9&filename=2024_6192_20240626F17.pdf"
"=""6196""","帆宣","https://doc.twse.com.tw/server-java/t144sb10?step=9&filename=2024_6196_20240527F17.pdf"
"=""6197""","佳必琪","https://doc.twse.com.tw/server-java/t144sb10?step=9&filename=2024_6197_20240613F17.pdf"
"=""6201""","亞弘電","https://doc.twse.com.tw/server-java/t144sb10?step=9&filename=2024_6201_20240607F17.pdf"
"=""6202""","盛群","https://doc.twse.com.tw/server-java/t144sb10?step=9&filename=2024_6202_20240529F17.pdf"
"=""6205""","詮欣","https://doc.twse.com.tw/server-java/t144sb10?step=9&filename=2024_6205_20240531F17.pdf"
"=""6206""","飛捷","https://doc.twse.com.tw/server-java/t144sb10?step=9&filename=2024_6206_20240612F17.pdf"
"=""6209""","今國光","https://doc.twse.com.tw/server-java/t144sb10?step=9&filename=2024_6209_20240620F17.pdf"
"=""6213""","聯茂","https://doc.twse.com.tw/server-java/t144sb10?step=9&filename=2024_6213_20240530F17.pdf"
"=""6214""","精誠","https://doc.twse.com.tw/server-java/t144sb10?step=9&filename=2024_6214_20240529F17.pdf"
"=""6215""","和椿","https://doc.twse.com.tw/server-java/t144sb10?step=9&filename=2024_6215_20240618F17.pdf"
"=""6216""","居易","https://doc.twse.com.tw/server-java/t144sb10?step=9&filename=2024_6216_20240626F17.pdf"
"=""6224""","聚鼎","https://doc.twse.com.tw/server-java/t144sb10?step=9&filename=2024_6224_20240613F17.pdf"
"=""6225""","天瀚","https://doc.twse.com.tw/server-java/t144sb10?step=9&filename=2024_6225_20240529F17.pdf"
"=""6226""","光鼎","https://doc.twse.com.tw/server-java/t144sb10?step=9&filename=2024_6226_20240607F17.pdf"
"=""6230""","尼得科超眾","https://doc.twse.com.tw/server-java/t144sb10?step=9&filename=2024_6230_20240624F17.pdf"
"=""6235""","華孚","https://doc.twse.com.tw/server-java/t144sb10?step=9&filename=2024_6235_20240528F17.pdf"
"=""6239""","力成","https://doc.twse.com.tw/server-java/t144sb10?step=9&filename=2024_6239_20240530F17.pdf"
"=""6243""","迅杰","https://doc.twse.com.tw/server-java/t144sb10?step=9&filename=2024_6243_20240528F17.pdf"
"=""6257""","矽格","https://doc.twse.com.tw/server-java/t144sb10?step=9&filename=2024_6257_20240524F17.pdf"
"=""6269""","台郡","https://doc.twse.com.tw/server-java/t144sb10?step=9&filename=2024_6269_20240530F17.pdf"
"=""6271""","同欣電","https://doc.twse.com.tw/server-java/t144sb10?step=9&filename=2024_6271_20240530F17.pdf"
"=""6277""","宏正","https://doc.twse.com.tw/server-java/t144sb10?step=9&filename=2024_6277_20240530F17.pdf"
"=""6278""","台表科","https://doc.twse.com.tw/server-java/t144sb10?step=9&filename=2024_6278_20240621F17.pdf"
"=""6281""","全國電","https://doc.twse.com.tw/server-java/t144sb10?step=9&filename=2024_6281_20240524F17.pdf"
"=""6282""","康舒","https://doc.twse.com.tw/server-java/t144sb10?step=9&filename=2024_6282_20240620F17.pdf"
"=""6283""","淳安","https://doc.twse.com.tw/server-java/t144sb10?step=9&filename=2024_6283_20240626F17.pdf"
"=""6285""","啟碁","https://doc.twse.com.tw/server-java/t144sb10?step=9&filename=2024_6285_20240531F17.pdf"
"=""6405""","悅城","https://doc.twse.com.tw/server-java/t144sb10?step=9&filename=2024_6405_20240614F17.pdf"
"=""6409""","旭隼","https://doc.twse.com.tw/server-java/t144sb10?step=9&filename=2024_6409_20240614F17.pdf"
"=""6412""","群電","https://doc.twse.com.tw/server-java/t144sb10?step=9&filename=2024_6412_20240527F17.pdf"
"=""6414""","樺漢","https://doc.twse.com.tw/server-java/t144sb10?step=9&filename=2024_6414_20240531F17.pdf"
"=""6415""","矽力*-KY","https://doc.twse.com.tw/server-java/t144sb10?step=9&filename=2024_6415_20240530F17.pdf"
"=""6416""","瑞祺電通","https://doc.twse.com.tw/server-java/t144sb10?step=9&filename=2024_6416_20240613F17.pdf"
"=""6426""","統新","https://doc.twse.com.tw/server-java/t144sb10?step=9&filename=2024_6426_20240607F17.pdf"
"=""6431""","光麗-KY","https://doc.twse.com.tw/server-java/t144sb10?step=9&filename=2024_6431_20240620F17.pdf"
"=""6438""","迅得","https://doc.twse.com.tw/server-java/t144sb10?step=9&filename=2024_6438_20240530F17.pdf"
"=""6442""","光聖","https://doc.twse.com.tw/server-java/t144sb10?step=9&filename=2024_6442_20240618F17.pdf"
"=""6443""","元晶","https://doc.twse.com.tw/server-java/t144sb10?step=9&filename=2024_6443_20240524F17.pdf"
"=""6446""","藥華藥","https://doc.twse.com.tw/server-java/t144sb10?step=9&filename=2024_6446_20240527F17.pdf"
"=""6449""","鈺邦","https://doc.twse.com.tw/server-java/t144sb10?step=9&filename=2024_6449_20240529F17.pdf"
"=""6451""","訊芯-KY","https://doc.twse.com.tw/server-java/t144sb10?step=9&filename=2024_6451_20240627F17.pdf"
"=""6456""","GIS-KY","https://doc.twse.com.tw/server-java/t144sb10?step=9&filename=2024_6456_20240527F17.pdf"
"=""6464""","台數科","https://doc.twse.com.tw/server-java/t144sb10?step=9&filename=2024_6464_20240530F17.pdf"
"=""6472""","保瑞","https://doc.twse.com.tw/server-java/t144sb10?step=9&filename=2024_6472_20240527F17.pdf"
"=""6477""","安集","https://doc.twse.com.tw/server-java/t144sb10?step=9&filename=2024_6477_20240524F17.pdf"
"=""6491""","晶碩","https://doc.twse.com.tw/server-java/t144sb10?step=9&filename=2024_6491_20240524F17.pdf"
"=""6504""","南六","https://doc.twse.com.tw/server-java/t144sb10?step=9&filename=2024_6504_20240531F17.pdf"
"=""6505""","台塑化","https://doc.twse.com.tw/server-java/t144sb10?step=9&filename=2024_6505_20240614F17.pdf"
"=""6515""","穎崴","https://doc.twse.com.tw/server-java/t144sb10?step=9&filename=2024_6515_20240621F17.pdf"
"=""6525""","捷敏-KY","https://doc.twse.com.tw/server-java/t144sb10?step=9&filename=2024_6525_20240527F17.pdf"
"=""6526""","達發","https://doc.twse.com.tw/server-java/t144sb10?step=9&filename=2024_6526_20240621F17.pdf"
"=""6531""","愛普*","https://doc.twse.com.tw/server-java/t144sb10?step=9&filename=2024_6531_20240527F17.pdf"
"=""6533""","晶心科","https://doc.twse.com.tw/server-java/t144sb10?step=9&filename=2024_6533_20240524F17.pdf"
"=""6534""","正瀚-創","https://doc.twse.com.tw/server-java/t144sb10?step=9&filename=2024_6534_20240521F17.pdf"
"=""6541""","泰福-KY","https://doc.twse.com.tw/server-java/t144sb10?step=9&filename=2024_6541_20240619F17.pdf"
"=""6550""","北極星藥業-KY","https://doc.twse.com.tw/server-java/t144sb10?step=9&filename=2024_6550_20240503F17.pdf"
"=""6552""","易華電","https://doc.twse.com.tw/server-java/t144sb10?step=9&filename=2024_6552_20240529F17.pdf"
"=""6558""","興能高","https://doc.twse.com.tw/server-java/t144sb10?step=9&filename=2024_6558_20240530F17.pdf"
"=""6573""","虹揚-KY","https://doc.twse.com.tw/server-java/t144sb10?step=9&filename=2024_6573_20240624F17.pdf"
"=""6579""","研揚","https://doc.twse.com.tw/server-java/t144sb10?step=9&filename=2024_6579_20240529F17.pdf"
"=""6581""","鋼聯","https://doc.twse.com.tw/server-java/t144sb10?step=9&filename=2024_6581_20240530F17.pdf"
"=""6582""","申豐","https://doc.twse.com.tw/server-java/t144sb10?step=9&filename=2024_6582_20240521F17.pdf"
"=""6585""","鼎基","https://doc.twse.com.tw/server-java/t144sb10?step=9&filename=2024_6585_20240530F17.pdf"
"=""6589""","台康生技","https://doc.twse.com.tw/server-java/t144sb10?step=9&filename=2024_6589_20240530F17.pdf"
"=""6591""","動力-KY","https://doc.twse.com.tw/server-java/t144sb10?step=9&filename=2024_6591_20240531F17.pdf"
"=""6592""","和潤企業","https://doc.twse.com.tw/server-java/t144sb10?step=9&filename=2024_6592_20240529F17.pdf"
"=""6598""","ABC-KY","https://doc.twse.com.tw/server-java/t144sb10?step=9&filename=2024_6598_20240527F17.pdf"
"=""6605""","帝寶","https://doc.twse.com.tw/server-java/t144sb10?step=9&filename=2024_6605_20240620F17.pdf"
"=""6606""","建德工業","https://doc.twse.com.tw/server-java/t144sb10?step=9&filename=2024_6606_20240618F17.pdf"
"=""6625""","必應","https://doc.twse.com.tw/server-java/t144sb10?step=9&filename=2024_6625_20240618F17.pdf"
"=""6641""","基士德-KY","https://doc.twse.com.tw/server-java/t144sb10?step=9&filename=2024_6641_20240606F17.pdf"
"=""6645""","金萬林-創","https://doc.twse.com.tw/server-java/t144sb10?step=9&filename=2024_6645_20240521F17.pdf"
"=""6655""","科定","https://doc.twse.com.tw/server-java/t144sb10?step=9&filename=2024_6655_20240625F17.pdf"
"=""6657""","華安","https://doc.twse.com.tw/server-java/t144sb10?step=9&filename=2024_6657_20240524F17.pdf"
"=""6658""","聯策","https://doc.twse.com.tw/server-java/t144sb10?step=9&filename=2024_6658_20240515F17.pdf"
"=""6666""","羅麗芬-KY","https://doc.twse.com.tw/server-java/t144sb10?step=9&filename=2024_6666_20240619F17.pdf"
"=""6668""","中揚光","https://doc.twse.com.tw/server-java/t144sb10?step=9&filename=2024_6668_20240620F17.pdf"
"=""6669""","緯穎","https://doc.twse.com.tw/server-java/t144sb10?step=9&filename=2024_6669_20240524F17.pdf"
"=""6670""","復盛應用","https://doc.twse.com.tw/server-java/t144sb10?step=9&filename=2024_6670_20240618F17.pdf"
"=""6671""","三能-KY","https://doc.twse.com.tw/server-java/t144sb10?step=9&filename=2024_6671_20240620F17.pdf"
"=""6672""","騰輝電子-KY","https://doc.twse.com.tw/server-java/t144sb10?step=9&filename=2024_6672_20240621F17.pdf"
"=""6674""","鋐寶科技","https://doc.twse.com.tw/server-java/t144sb10?step=9&filename=2024_6674_20240624F17.pdf"
"=""6689""","伊雲谷","https://doc.twse.com.tw/server-java/t144sb10?step=9&filename=2024_6689_20240624F17.pdf"
"=""6691""","洋基工程","https://doc.twse.com.tw/server-java/t144sb10?step=9&filename=2024_6691_20240527F17.pdf"
"=""6695""","芯鼎","https://doc.twse.com.tw/server-java/t144sb10?step=9&filename=2024_6695_20240527F17.pdf"
"=""6698""","旭暉應材","https://doc.twse.com.tw/server-java/t144sb10?step=9&filename=2024_6698_20240619F17.pdf"
"=""6706""","惠特","https://doc.twse.com.tw/server-java/t144sb10?step=9&filename=2024_6706_20240614F17.pdf"
"=""6715""","嘉基","https://doc.twse.com.tw/server-java/t144sb10?step=9&filename=2024_6715_20240612F17.pdf"
"=""6719""","力智","https://doc.twse.com.tw/server-java/t144sb10?step=9&filename=2024_6719_20240527F17.pdf"
"=""6742""","澤米","https://doc.twse.com.tw/server-java/t144sb10?step=9&filename=2024_6742_20240627F17.pdf"
"=""6743""","安普新","https://doc.twse.com.tw/server-java/t144sb10?step=9&filename=2024_6743_20240621F17.pdf"
"=""6753""","龍德造船","https://doc.twse.com.tw/server-java/t144sb10?step=9&filename=2024_6753_20240620F17.pdf"
"=""6754""","匯僑設計","https://doc.twse.com.tw/server-java/t144sb10?step=9&filename=2024_6754_20240530F17.pdf"
"=""6756""","威鋒電子","https://doc.twse.com.tw/server-java/t144sb10?step=9&filename=2024_6756_20240620F17.pdf"
"=""6757""","台灣虎航-創","https://doc.twse.com.tw/server-java/t144sb10?step=9&filename=2024_6757_20240619F17.pdf"
"=""6768""","志強-KY","https://doc.twse.com.tw/server-java/t144sb10?step=9&filename=2024_6768_20240524F17.pdf"
"=""6770""","力積電","https://doc.twse.com.tw/server-java/t144sb10?step=9&filename=2024_6770_20240521F17.pdf"
"=""6771""","平和環保-創","https://doc.twse.com.tw/server-java/t144sb10?step=9&filename=2024_6771_20240607F17.pdf"
"=""6776""","展碁國際","https://doc.twse.com.tw/server-java/t144sb10?step=9&filename=2024_6776_20240530F17.pdf"
"=""6781""","AES-KY","https://doc.twse.com.tw/server-java/t144sb10?step=9&filename=2024_6781_20240528F17.pdf"
"=""6782""","視陽","https://doc.twse.com.tw/server-java/t144sb10?step=9&filename=2024_6782_20240524F17.pdf"
"=""6789""","采鈺","https://doc.twse.com.tw/server-java/t144sb10?step=9&filename=2024_6789_20240522F17.pdf"
"=""6790""","永豐實","https://doc.twse.com.tw/server-java/t144sb10?step=9&filename=2024_6790_20240625F17.pdf"
"=""6792""","詠業","https://doc.twse.com.tw/server-java/t144sb10?step=9&filename=2024_6792_20240531F17.pdf"
"=""6794""","向榮生技-創","https://doc.twse.com.tw/server-java/t144sb10?step=9&filename=2024_6794_20240607F17.pdf"
"=""6796""","晉弘","https://doc.twse.com.tw/server-java/t144sb10?step=9&filename=2024_6796_20240621F17.pdf"
"=""6799""","來頡","https://doc.twse.com.tw/server-java/t144sb10?step=9&filename=2024_6799_20240524F17.pdf"
"=""6805""","富世達","https://doc.twse.com.tw/server-java/t144sb10?step=9&filename=2024_6805_20240531F17.pdf"
"=""6806""","森崴能源","https://doc.twse.com.tw/server-java/t144sb10?step=9&filename=2024_6806_20240521F17.pdf"
"=""6807""","峰源-KY","https://doc.twse.com.tw/server-java/t144sb10?step=9&filename=2024_6807_20240621F17.pdf"
"=""6830""","汎銓","https://doc.twse.com.tw/server-java/t144sb10?step=9&filename=2024_6830_20240626F17.pdf"
"=""6834""","天二科技","https://doc.twse.com.tw/server-java/t144sb10?step=9&filename=2024_6834_20240624F17.pdf"
"=""6835""","圓裕","https://doc.twse.com.tw/server-java/t144sb10?step=9&filename=2024_6835_20240626F17.pdf"
"=""6854""","錼創科技-KY創","https://doc.twse.com.tw/server-java/t144sb10?step=9&filename=2024_6854_20240620F17.pdf"
"=""6861""","睿生光電","https://doc.twse.com.tw/server-java/t144sb10?step=9&filename=2024_6861_20240524F17.pdf"
"=""6863""","永道-KY","https://doc.twse.com.tw/server-java/t144sb10?step=9&filename=2024_6863_20240627F17.pdf"
"=""6869""","雲豹能源-創","https://doc.twse.com.tw/server-java/t144sb10?step=9&filename=2024_6869_20240627F17.pdf"
"=""6873""","泓德能源-創","https://doc.twse.com.tw/server-java/t144sb10?step=9&filename=2024_6873_20240607F17.pdf"
"=""6890""","來億-KY","https://doc.twse.com.tw/server-java/t144sb10?step=9&filename=2024_6890_20240530F17.pdf"
"=""6901""","鑽石投資","https://doc.twse.com.tw/server-java/t144sb10?step=9&filename=2024_6901_20240521F17.pdf"
"=""6902""","走著瞧-創","https://doc.twse.com.tw/server-java/t144sb10?step=9&filename=2024_6902_20240527F17.pdf"
"=""6906""","現觀科","https://doc.twse.com.tw/server-java/t144sb10?step=9&filename=2024_6906_20240624F17.pdf"
"=""6914""","阜爾運通","https://doc.twse.com.tw/server-java/t144sb10?step=9&filename=2024_6914_20240627F17.pdf"
"=""6916""","華凌","https://doc.twse.com.tw/server-java/t144sb10?step=9&filename=2024_6916_20240531F17.pdf"
"=""6928""","攸泰科技","https://doc.twse.com.tw/server-java/t144sb10?step=9&filename=2024_6928_20240604F17.pdf"
"=""6931""","青松健康","N/A"
"=""6933""","AMAX-KY","https://doc.twse.com.tw/server-java/t144sb10?step=9&filename=2024_6933_20240620F17.pdf"
"=""6937""","天虹","https://doc.twse.com.tw/server-java/t144sb10?step=9&filename=2024_6937_20240531F17.pdf"
"=""6949""","沛爾生醫-創","https://doc.twse.com.tw/server-java/t144sb10?step=9&filename=2024_6949_20240612F17.pdf"
"=""6951""","青新-創","https://doc.twse.com.tw/server-java/t144sb10?step=9&filename=2024_6951_20240517F17.pdf"
"=""6952""","大武山","https://doc.twse.com.tw/server-java/t144sb10?step=9&filename=2024_6952_20240531F17.pdf"
"=""6957""","裕慶-KY","N/A"
"=""6969""","成信實業*-創","N/A"
"=""8011""","台通","https://doc.twse.com.tw/server-java/t144sb10?step=9&filename=2024_8011_20240531F17.pdf"
"=""8016""","矽創","https://doc.twse.com.tw/server-java/t144sb10?step=9&filename=2024_8016_20240620F17.pdf"
"=""8021""","尖點","https://doc.twse.com.tw/server-java/t144sb10?step=9&filename=2024_8021_20240527F17.pdf"
"=""8028""","昇陽半導體","https://doc.twse.com.tw/server-java/t144sb10?step=9&filename=2024_8028_20240528F17.pdf"
"=""8033""","雷虎","https://doc.twse.com.tw/server-java/t144sb10?step=9&filename=2024_8033_20240624F17.pdf"
"=""8039""","台虹","https://doc.twse.com.tw/server-java/t144sb10?step=9&filename=2024_8039_20240524F17.pdf"
"=""8046""","南電","https://doc.twse.com.tw/server-java/t144sb10?step=9&filename=2024_8046_20240528F17.pdf"
"=""8070""","長華*","https://doc.twse.com.tw/server-java/t144sb10?step=9&filename=2024_8070_20240531F17.pdf"
"=""8072""","陞泰","https://doc.twse.com.tw/server-java/t144sb10?step=9&filename=2024_8072_20240619F17.pdf"
"=""8081""","致新","https://doc.twse.com.tw/server-java/t144sb10?step=9&filename=2024_8081_20240613F17.pdf"
"=""8101""","華冠","https://doc.twse.com.tw/server-java/t144sb10?step=9&filename=2024_8101_20240625F17.pdf"
"=""8103""","瀚荃","https://doc.twse.com.tw/server-java/t144sb10?step=9&filename=2024_8103_20240620F17.pdf"
"=""8104""","錸寶","https://doc.twse.com.tw/server-java/t144sb10?step=9&filename=2024_8104_20240625F17.pdf"
"=""8105""","凌巨","https://doc.twse.com.tw/server-java/t144sb10?step=9&filename=2024_8105_20240628F17.pdf"
"=""8110""","華東","https://doc.twse.com.tw/server-java/t144sb10?step=9&filename=2024_8110_20240606F17.pdf"
"=""8112""","至上","https://doc.twse.com.tw/server-java/t144sb10?step=9&filename=2024_8112_20240530F17.pdf"
"=""8114""","振樺電","https://doc.twse.com.tw/server-java/t144sb10?step=9&filename=2024_8114_20240611F17.pdf"
"=""8131""","福懋科","https://doc.twse.com.tw/server-java/t144sb10?step=9&filename=2024_8131_20240626F17.pdf"
"=""8150""","南茂","https://doc.twse.com.tw/server-java/t144sb10?step=9&filename=2024_8150_20240530F17.pdf"
"=""8162""","微矽電子","https://doc.twse.com.tw/server-java/t144sb10?step=9&filename=2024_8162_20240618F17.pdf"
"=""8163""","達方","https://doc.twse.com.tw/server-java/t144sb10?step=9&filename=2024_8163_20240613F17.pdf"
"=""8201""","無敵","https://doc.twse.com.tw/server-java/t144sb10?step=9&filename=2024_8201_20240613F17.pdf"
"=""8210""","勤誠","https://doc.twse.com.tw/server-java/t144sb10?step=9&filename=2024_8210_20240527F17.pdf"
"=""8213""","志超","https://doc.twse.com.tw/server-java/t144sb10?step=9&filename=2024_8213_20240612F17.pdf"
"=""8215""","明基材","https://doc.twse.com.tw/server-java/t144sb10?step=9&filename=2024_8215_20240530F17.pdf"
"=""8222""","寶一","https://doc.twse.com.tw/server-java/t144sb10?step=9&filename=2024_8222_20240625F17.pdf"
"=""8249""","菱光","https://doc.twse.com.tw/server-java/t144sb10?step=9&filename=2024_8249_20240531F17.pdf"
"=""8261""","富鼎","https://doc.twse.com.tw/server-java/t144sb10?step=9&filename=2024_8261_20240529F17.pdf"
"=""8271""","宇瞻","https://doc.twse.com.tw/server-java/t144sb10?step=9&filename=2024_8271_20240531F17.pdf"
"=""8341""","日友","https://doc.twse.com.tw/server-java/t144sb10?step=9&filename=2024_8341_20240524F17.pdf"
"=""8367""","建新國際","https://doc.twse.com.tw/server-java/t144sb10?step=9&filename=2024_8367_20240524F17.pdf"
"=""8374""","羅昇","https://doc.twse.com.tw/server-java/t144sb10?step=9&filename=2024_8374_20240528F17.pdf"
"=""8404""","百和興業-KY","https://doc.twse.com.tw/server-java/t144sb10?step=9&filename=2024_8404_20240618F17.pdf"
"=""8411""","福貞-KY","https://doc.twse.com.tw/server-java/t144sb10?step=9&filename=2024_8411_20240619F17.pdf"
"=""8422""","可寧衛","https://doc.twse.com.tw/server-java/t144sb10?step=9&filename=2024_8422_20240531F17.pdf"
"=""8429""","金麗-KY","https://doc.twse.com.tw/server-java/t144sb10?step=9&filename=2024_8429_20240624F17.pdf"
"=""8438""","昶昕","https://doc.twse.com.tw/server-java/t144sb10?step=9&filename=2024_8438_20240524F17.pdf"
"=""8442""","威宏-KY","https://doc.twse.com.tw/server-java/t144sb10?step=9&filename=2024_8442_20240614F17.pdf"
"=""8443""","阿瘦","https://doc.twse.com.tw/server-java/t144sb10?step=9&filename=2024_8443_20240618F17.pdf"
"=""8454""","富邦媒","https://doc.twse.com.tw/server-java/t144sb10?step=9&filename=2024_8454_20240619F17.pdf"
"=""8462""","柏文","https://doc.twse.com.tw/server-java/t144sb10?step=9&filename=2024_8462_20240528F17.pdf"
"=""8463""","潤泰材","https://doc.twse.com.tw/server-java/t144sb10?step=9&filename=2024_8463_20240524F17.pdf"
"=""8464""","億豐","https://doc.twse.com.tw/server-java/t144sb10?step=9&filename=2024_8464_20240618F17.pdf"
"=""8466""","美吉吉-KY","https://doc.twse.com.tw/server-java/t144sb10?step=9&filename=2024_8466_20240625F17.pdf"
"=""8467""","波力-KY","https://doc.twse.com.tw/server-java/t144sb10?step=9&filename=2024_8467_20240515F17.pdf"
"=""8473""","山林水","https://doc.twse.com.tw/server-java/t144sb10?step=9&filename=2024_8473_20240613F17.pdf"
"=""8476""","台境","https://doc.twse.com.tw/server-java/t144sb10?step=9&filename=2024_8476_20240530F17.pdf"
"=""8478""","東哥遊艇","https://doc.twse.com.tw/server-java/t144sb10?step=9&filename=2024_8478_20240611F17.pdf"
"=""8481""","政伸","https://doc.twse.com.tw/server-java/t144sb10?step=9&filename=2024_8481_20240614F17.pdf"
"=""8482""","商億-KY","https://doc.twse.com.tw/server-java/t144sb10?step=9&filename=2024_8482_20240614F17.pdf"
"=""8487""","愛爾達","https://doc.twse.com.tw/server-java/t144sb10?step=9&filename=2024_8487_20240521F17.pdf"
"=""8488""","吉源-KY","https://doc.twse.com.tw/server-java/t144sb10?step=9&filename=2024_8488_20240621F17.pdf"
"=""8499""","鼎炫-KY","https://doc.twse.com.tw/server-java/t144sb10?step=9&filename=2024_8499_20240618F17.pdf"
"=""8926""","台汽電","https://doc.twse.com.tw/server-java/t144sb10?step=9&filename=2024_8926_20240531F17.pdf"
"=""8940""","新天地","https://doc.twse.com.tw/server-java/t144sb10?step=9&filename=2024_8940_20240524F17.pdf"
"=""8996""","高力","https://doc.twse.com.tw/server-java/t144sb10?step=9&filename=2024_8996_20240620F17.pdf"
"=""9802""","鈺齊-KY","https://doc.twse.com.tw/server-java/t144sb10?step=9&filename=2024_9802_20240527F17.pdf"
"=""9902""","台火","https://doc.twse.com.tw/server-java/t144sb10?step=9&filename=2024_9902_20240614F17.pdf"
"=""9904""","寶成","https://doc.twse.com.tw/server-java/t144sb10?step=9&filename=2024_9904_20240531F17.pdf"
"=""9905""","大華","https://doc.twse.com.tw/server-java/t144sb10?step=9&filename=2024_9905_20240528F17.pdf"
"=""9906""","欣巴巴","https://doc.twse.com.tw/server-java/t144sb10?step=9&filename=2024_9906_20240618F17.pdf"
"=""9907""","統一實","https://doc.twse.com.tw/server-java/t144sb10?step=9&filename=2024_9907_20240621F17.pdf"
"=""9908""","大台北","https://doc.twse.com.tw/server-java/t144sb10?step=9&filename=2024_9908_20240614F17.pdf"
"=""9910""","豐泰","https://doc.twse.com.tw/server-java/t144sb10?step=9&filename=2024_9910_20240531F17.pdf"
"=""9911""","櫻花","https://doc.twse.com.tw/server-java/t144sb10?step=9&filename=2024_9911_20240619F17.pdf"
"=""9912""","偉聯","https://doc.twse.com.tw/server-java/t144sb10?step=9&filename=2024_9912_20240620F17.pdf"
"=""9914""","美利達","https://doc.twse.com.tw/server-java/t144sb10?step=9&filename=2024_9914_20240626F17.pdf"
"=""9917""","中保科","https://doc.twse.com.tw/server-java/t144sb10?step=9&filename=2024_9917_20240530F17.pdf"
"=""9918""","欣天然","https://doc.twse.com.tw/server-java/t144sb10?step=9&filename=2024_9918_20240621F17.pdf"
"=""9919""","康那香","https://doc.twse.com.tw/server-java/t144sb10?step=9&filename=2024_9919_20240612F17.pdf"
"=""9921""","巨大","https://doc.twse.com.tw/server-java/t144sb10?step=9&filename=2024_9921_20240621F17.pdf"
"=""9924""","福興","https://doc.twse.com.tw/server-java/t144sb10?step=9&filename=2024_9924_20240524F17.pdf"
"=""9925""","新保","https://doc.twse.com.tw/server-java/t144sb10?step=9&filename=2024_9925_20240626F17.pdf"
"=""9926""","新海","https://doc.twse.com.tw/server-java/t144sb10?step=9&filename=2024_9926_20240613F17.pdf"
"=""9927""","泰銘","https://doc.twse.com.tw/server-java/t144sb10?step=9&filename=2024_9927_20240624F17.pdf"
"=""9928""","中視","https://doc.twse.com.tw/server-java/t144sb10?step=9&filename=2024_9928_20240625F17.pdf"
"=""9929""","秋雨","https://doc.twse.com.tw/server-java/t144sb10?step=9&filename=2024_9929_20240529F17.pdf"
"=""9930""","中聯資源","https://doc.twse.com.tw/server-java/t144sb10?step=9&filename=2024_9930_20240625F17.pdf"
"=""9931""","欣高","https://doc.twse.com.tw/server-java/t144sb10?step=9&filename=2024_9931_20240531F17.pdf"
"=""9933""","中鼎","https://doc.twse.com.tw/server-java/t144sb10?step=9&filename=2024_9933_20240527F17.pdf"
"=""9934""","成霖","https://doc.twse.com.tw/server-java/t144sb10?step=9&filename=2024_9934_20240530F17.pdf"
"=""9935""","慶豐富","https://doc.twse.com.tw/server-java/t144sb10?step=9&filename=2024_9935_20240528F17.pdf"
"=""9937""","全國","https://doc.twse.com.tw/server-java/t144sb10?step=9&filename=2024_9937_20240621F17.pdf"
"=""9938""","百和","https://doc.twse.com.tw/server-java/t144sb10?step=9&filename=2024_9938_20240619F17.pdf"
"=""9939""","宏全","https://doc.twse.com.tw/server-java/t144sb10?step=9&filename=2024_9939_20240531F17.pdf"
"=""9940""","信義","https://doc.twse.com.tw/server-java/t144sb10?step=9&filename=2024_9940_20240522F17.pdf"
"=""9941""","裕融","https://doc.twse.com.tw/server-java/t144sb10?step=9&filename=2024_9941_20240530F17.pdf"
"=""9942""","茂順","https://doc.twse.com.tw/server-java/t144sb10?step=9&filename=2024_9942_20240620F17.pdf"
"=""9943""","好樂迪","https://doc.twse.com.tw/server-java/t144sb10?step=9&filename=2024_9943_20240619F17.pdf"
"=""9944""","新麗","https://doc.twse.com.tw/server-java/t144sb10?step=9&filename=2024_9944_20240614F17.pdf"
"=""9945""","潤泰新","https://doc.twse.com.tw/server-java/t144sb10?step=9&filename=2024_9945_20240529F17.pdf"
"=""9946""","三發地產","https://doc.twse.com.tw/server-java/t144sb10?step=9&filename=2024_9946_20240529F17.pdf"
"=""9955""","佳龍","https://doc.twse.com.tw/server-java/t144sb10?step=9&filename=2024_9955_20240618F17.pdf"
"=""9958""","世紀鋼","https://doc.twse.com.tw/server-java/t144sb10?step=9&filename=2024_9958_20240628F17.pdf"