報告年度:2021,議題:溫室氣體排放,,,,,,,,,,,
公司代號,公司名稱,直接(範疇一)溫室氣體排放量-數據(公噸CO₂e),直接(範疇一)溫室氣體排放量-資料邊界,直接(範疇一)溫室氣體排放量-確信範圍,能源間接(範疇二)溫室氣體排放量-數據(公噸CO₂e),能源間接(範疇二)溫室氣體排放量-資料邊界,能源間接(範疇二)溫室氣體排放量-確信範圍,其他間接(範疇三)溫室氣體排放量-數據(公噸CO₂e),其他間接(範疇三)溫室氣體排放量-資料邊界,其他間接(範疇三)溫室氣體排放量-確信範圍,溫室氣體排放密集度-密集度(噸CO2e/單位),溫室氣體排放密集度-單位
1101,台泥,4798945,台泥台灣個體公司 (涵蓋營運集團總部、研究室、2座水泥廠、25座製品廠),ISO 14064,220392,台泥台灣個體公司 (涵蓋營運集團總部、研究室、2座水泥廠、25座製品廠),ISO 14064,29575,台泥台灣個體公司(涵蓋營運集團總部、研究室、2座水泥廠),ISO 14064,0.807,產品
1102,亞泥,2967231,亞洲水泥個體公司,ISO 14064,172203,亞洲水泥個體公司,ISO 14064,419501,亞洲水泥個體公司,ISO 14064,0.852,產品
1103,嘉泥,209.1565,合併報表之母子公司但不包含台灣地區營收佔比相較微小之資產出租公司藍鈞及嘉昇建設，及日本區，大陸區所有轉投資公司。,ISO 14064,4007.197,合併報表之母子公司但不包含台灣地區營收佔比相較微小之資產出租公司藍鈞及嘉昇建設，及日本區，大陸區所有轉投資公司。,ISO 14064,1353.9461,合併報表之母子公司但不包含台灣地區營收佔比相較微小之資產出租公司藍鈞及嘉昇建設，及日本區，大陸區所有轉投資公司。,ISO 14064,0.0027,"營業額2,042,623 (仟元)                                                                                                                                                                                  "
1104,環泥,18362,母公司之阿蓮水泥廠、海湖石膏板廠、直屬七座預拌混凝土場,,18273,母公司之阿蓮水泥廠、海湖石膏板廠、直屬七座預拌混凝土場,,無，無統計相關數據,,,0.0095,產值(新台幣千元)                                                                                                                                                                                        
1108,幸福,568272.2,幸福水泥(股)公司東澳廠,ISO 14064,39493.34,幸福水泥(股)公司東澳廠,ISO 14064,無，無統計相關數據,,,0.52,產品
1109,信大,574039.8381,僅信大母公司南聖湖工廠,ISO 14064,43746.288,僅信大母公司南聖湖工廠,ISO 14064,無，無統計相關數據,,,無，無統計相關數據,
1110,東泥,2738,工廠,,20881,工廠,,無，無統計相關數據,,,0.034,產品
1201,味全,11135.17,"1.母公司(含總公司、中央研究所、營業所、台中廠、斗六廠、高雄廠)。 2.直接擁有或控制的排放源所直接排放的溫室氣體  含2-1營業所/工廠購汽油柴油鍋爐天然氣等排放及辦公室人員活動之化糞池清除作業散逸排放。  含2-2工廠購原料之製麴、發酵雙醣等於製程中排放。",,21106.03,"1.母公司(含總公司、中央研究所、營業所、台中廠、斗六廠、高雄廠)。 2.外購電力產生溫室氣體排放。",,"無，1.價值鏈上發生的所有間接排放，包括上游和下游的排放而在範疇2中並未包括。 2.母公司未盤查範疇(三)上游運輸/通勤商旅/下游運輸等間接溫室氣體排放。 3.預定112年起聘請顧問公司輔導盤查及認證。",,,0.22,產品
1203,味王,7168.948,母公司,,4233.841,母公司,,無，無統計相關數據,,,5.132,營業額
1210,大成,無，無統計相關數據,,,無，無統計相關數據,,,無，無統計相關數據,,,無，無統計相關數據,
1213,大飲,693.73,僅母公司,,無，NA,,,無，NA,,,無，NA,
1215,卜蜂,45272,南投肉食品加工廠、台中飼料廠、高雄飼料廠,,39870,南投肉食品加工廠、台中飼料廠、高雄飼料廠,,無，無統計相關數據,,,7,南投肉食品加工廠:7.0噸CO2e/百萬營收 ; 飼料廠:0.0267噸CO2e/產量(噸)                                                                                                                                      
1216,統一,58384,僅母公司,ISO 14064,96160,僅母公司,ISO 14064,1391235,僅母公司,ISO 14064,36.25,營業收入千萬元                                                                                                                                                                                          
1217,愛之味,1540,母公司之天然氣與燃料油,,5799,母公司之外購電力、外購蒸氣、自來水,,無，無統計相關數據,,,1.03,產品
1218,泰山,3097.185,泰山企業所屬田中油脂廠、田中食品廠、水產飼料廠、田中行政大樓、台北長安大樓辦公室。,ISO14064-1                                                                                                                                                                                              ,6394.411,泰山企業所屬田中油脂廠、田中食品廠、水產飼料廠、田中行政大樓、台北長安大樓辦公室。,ISO14064-1                                                                                                                                                                                              ,1795.678,泰山企業所屬田中油脂廠、田中食品廠、水產飼料廠、田中行政大樓、台北長安大樓辦公室。,ISO14064-1                                                                                                                                                                                              ,1.1011,營業額
1219,福壽,6960.1954,資料涵蓋範圍母公司兩個主要生產廠域,ISO 14064,10597.8797,資料涵蓋範圍母公司兩個主要生產廠域,ISO 14064,4052.1123,資料涵蓋範圍母公司兩個主要生產廠域,ISO 14064,1.6,營業額
1220,台榮,15926.7915,本公司雲林廠,,15347.2564,本公司雲林廠,,無，無統計相關數據,,,1900.4624,營業額(億元)                                                                                                                                                                                            
1225,福懋油,2392.59,涵蓋範圍:僅母公司,,2318.64,涵蓋範圍:僅母公司,,無，無統計相關數據,,,無，無統計相關數據,
1227,佳格,8844,佳格母公司,,11921,佳格母公司,,無，無統計相關數據,,,0.017,萬元營業額                                                                                                                                                                                              
1229,聯華,1315.32,"母公司-聯華實業投資控股(股)公司以及 子公司-聯華製粉食品(股)公司、聯華置產(股)公司",ISO 14064-1:2018                                                                                                                                                                                        ,14868.51,"母公司-聯華實業投資控股(股)公司以及 子公司-聯華製粉食品(股)公司、聯華置產(股)公司",ISO 14064-1:2018                                                                                                                                                                                        ,3014.27,"母公司-聯華實業投資控股(股)公司以及 子公司-聯華製粉食品(股)公司、聯華置產(股)公司",ISO 14064-1:2018                                                                                                                                                                                        ,2.57,營業額;單位為新台幣佰萬元                                                                                                                                                                               
1231,聯華食,7847.94,臺灣地區的總公司及各工廠之所有營運相關之活動,,15704.24,臺灣地區的總公司及各工廠之所有營運相關之活動,,無，尚未進行盤查,,,2.4782,百萬營業額                                                                                                                                                                                              
1232,大統益,4089.6208,僅母公司,ISO 14064,112170.8936,僅母公司,ISO 14064,無，無統計相關數據,,,0.1249,黃豆總加工量                                                                                                                                                                                            
1233,天仁,無，110年度尚未針對範疇一進行溫室氣體盤查,,,2617,本公司天仁茶業股份有限公司直營單位,,無，無統計相關數據,,,2.0646,分母以營業額為百萬元之計算                                                                                                                                                                              
1234,黑松,9166.63,台北總公司、中壢廠與斗六廠,ISO 14064-1：2018                                                                                                                                                                                       ,15150.75,台北總公司、中壢廠與斗六廠,ISO 14064-1：2018                                                                                                                                                                                       ,6256.43,台北總公司、中壢廠與斗六廠,ISO 14064-1：2018                                                                                                                                                                                       ,0.16,產品
1235,興泰,919.2922,依108年製成排放量檢測結果換算110年母子公司排放量,,181.634,依110年台灣電力公司記錄排放量資訊之母子公司排放量,,無，無統計相關數據,,,0.0268,營業額
1236,宏亞,2878.027,母公司,,6477.88,母公司,,無，無統計相關數據,,,5.31,營業額
1256,鮮活果汁-KY,3076.7318,集團主要營運主體，子公司蘇州鮮活飲品股份有限公司,GRI Standards                                                                                                                                                                                           ,15070.9039,集團主要營運主體，子公司蘇州鮮活飲品股份有限公司,GRI Standards                                                                                                                                                                                           ,775.8442,集團主要營運主體，子公司蘇州鮮活飲品股份有限公司,,0.0041,營業額
1301,台塑,3966548,母公司2020年經第三方查證數據，請參閱本公司2021年永續報告書P.66,ISO 14064,4668706,母公司2020年經第三方查證數據，請參閱本公司2021年永續報告書P.66,ISO 14064,11332873,母公司2020年經第三方查證數據，請參閱本公司2021年永續報告書P.66,ISO 14064,6205.4,範疇一+範疇二/當年度個體財報營收(億元)，請參閱本公司2021年永續報告書P.66                                                                                                                                
1303,南亞,2499081,揭露母公司110年度溫室氣體排放量。,ISO 14064,3636122,揭露母公司110年度溫室氣體排放量。,ISO 14064,14868345,揭露母公司110年度溫室氣體排放量。,ISO 14064,0.028,單位:噸CO2e/110年個體營業額(千元)；其他說明：本次申報之營業額均以母公司當期個體營收(千元)計算。                                                                                                         
1304,台聚,16383.8,台聚高雄廠,ISO 14064,131602.71,台聚高雄廠,ISO 14064,186.55,台聚高雄廠,ISO 14064,0.595,產品
1305,華夏,158309.26,華夏頭份廠、華聚林園廠、台氯林園廠。,ISO 14064,227328.96,華夏頭份廠、華聚林園廠、台氯林園廠。,ISO 14064,無，定性說明。因實質性不易歸類及量化，目前以組織地理邊界範圍內非屬本公司所有之排放源為主，並且只進行定性盤查工作。,,,0.34,產品
1307,三芳,10395.64,母公司,ISO 14064,23791.92,母公司,ISO 14064,無，無統計相關數據,,,44.98,百萬營業額                                                                                                                                                                                              
1308,亞聚,10133.69,亞聚林園廠,ISO 14064,102834.27,亞聚林園廠,ISO 14064,231370.03,亞聚林園廠,ISO 14064,0.83,產品
1309,台達化,14935,前鎮廠、林園廠、頭份廠、中山廠,,75481,前鎮廠、林園廠、頭份廠、中山廠,,無，無統計相關數據,,,2.702,產品
1310,台苯,331800.81,台苯高雄廠,ISO 14064,33435.71,台苯高雄廠,ISO 14064,無，僅進行排放源鑑別，無量化。,,,0.957,產品
1312,國喬,526801.9867,國喬石油化學股份有限公司高雄廠,ISO 14064,14043.1488,國喬石油化學股份有限公司高雄廠,ISO 14064,無，無統計相關數據,,,29.21,營業額
1313,聯成,28627.8097,聯成林園廠,ISO 14064,10938.5049,聯成林園廠,ISO 14064,無，無統計相關數據,,,無，無統計相關數據,
1314,中石化,1703474,僅母公司,ISO 14064,204332,僅母公司,ISO 14064,1758458,僅母公司,ISO 14064,0.0001,"範疇1+2=1,907,806公噸CO2e，營業收入：35,163,380仟元                                                                                                                                                     "
1315,達新,無，非規範對象,,,3160,母公司,,無，無統計相關數據,,,無，無統計相關數據,
1316,上曜,151.516,僅母公司,,134.974,僅母公司,,無，無統計相關數據,,,無，無統計相關數據,
1319,東陽,9736.21,母公司,,49926.15,母公司,,無，無統計相關數據,,,4.34,百萬營業額                                                                                                                                                                                              
1321,大洋,4313,母公司,,41425,母公司,,無，無統計相關數據,,,0.3222,產品
1323,永裕,543.99,"永裕塑膠:227.46噸 上海永裕:309.91噸 威瑪精密:6.62噸",,33421.473,"台灣永裕:13498.83噸 上海永裕:19856.753噸 威瑪精密:65.89噸",,3246.73,僅 母公司台灣永裕,,0.0072,台灣永裕 13726.28(噸)/1907428千元=0.0072                                                                                                                                                                
1324,地球,無，目前已由輔導公司協助輔導執行ISO14064-1溫室氣體盤查作業。,,,無，目前已由輔導公司協助輔導執行ISO14064-1溫室氣體盤查作業。,,,無，目前已由輔導公司協助輔導執行ISO14064-1溫室氣體盤查作業。,,,無，目前已由輔導公司協助輔導執行ISO14064-1溫室氣體盤查作業。,
1325,恆大,無，無統計相關數據,,,無，無統計相關數據,,,無，無統計相關數據,,,無，無統計相關數據,
1326,台化,5398217.25,資料係110年度母公司及台醋經第三方查證數據。,ISO 14064,3265112.7,資料係110年母公司及台醋經第三方查證數據。,ISO 14064,18701609.82,資料係110年母公司及台醋經第三方查證數據。,ISO 14064,3423.77,營業額億元                                                                                                                                                                                              
1337,再生-KY,無，無統計相關數據,,,無，無統計相關數據,,,無，無統計相關數據,,,無，無統計相關數據,
1338,廣華-KY,1635.28,僅重要子公司東莞廣澤汽車飾件有限公司,,26860.57,僅重要子公司東莞廣澤汽車飾件有限公司,,0,僅重要子公司東莞廣澤汽車飾件有限公司,,0.0003,產品
1339,昭輝,無，無統計相關數據,,,無，無統計相關數據,,,無，無統計相關數據,,,無，無統計相關數據,
1340,勝悅-KY,無，無統計相關數據,,,無，無統計相關數據,,,無，無統計相關數據,,,無，無統計相關數據,
1341,富林-KY,8387,僅子公司同奈廠,Higg Index (FEM)                                                                                                                                                                                        ,9043.8,僅子公司同奈廠,Higg Index (FEM)                                                                                                                                                                                        ,無，無統計相關數據,,,1.1393,產品
1342,八貫,無，無統計相關數據,,,無，無統計相關數據,,,無，無統計相關數據,,,無，無統計相關數據,
1402,遠東新,1341000,統計範疇共21個生產據點,,1145000,統計範疇共21個生產據點,,8211000,統計範疇共20個生產據點(遠東服裝(蘇州)預計搬遷，故未盤查範疇三數據),,0.32,產品
1409,新纖,112287.86,新光合纖中壢廠,ISO 14064,177128.39,新光合纖中壢廠,ISO 14064,無，無統計相關數據,,,15.31,營業額
1410,南染,無，無統計相關數據,,,無，無統計相關數據,,,無，無統計相關數據,,,無，無統計相關數據,
1413,宏洲,19626,僅母公司,,46167,僅母公司,,無，無統計相關數據,,,0.436,產品
1414,東和,0,本公司,,15865,本公司,,0,本公司,,無，無統計相關數據,
1416,廣豐,無，無統計相關數據,,,無，無統計相關數據,,,無，無統計相關數據,,,無，無統計相關數據,
1417,嘉裕,無，無統計相關數據,,,無，無統計相關數據,,,無，無統計相關數據,,,無，無統計相關數據,
1418,東華,32.8251,僅母公司,環保署溫室氣體查證指引 ；經濟部工業局溫室氣體排放管理及輔導計畫                                                                                                                                         ,786.405,僅母公司,環保署溫室氣體查證指引 ；經濟部工業局溫室氣體排放管理及輔導計畫                                                                                                                                         ,無，範疇3是針對本公司其他的委外活動所產生的其他間接排放， 排放源是由其他公司所擁有或控制的。因實質性不易歸類及 量化，只定性種類，進行鑑別之工作。,,環保署溫室氣體查證指引 ；經濟部工業局溫室氣體排放管理及輔導計畫                                                                                                                                         ,無，本公司(廠)110年度壓克力纖維(棉)製程生產停工。,
1419,新紡,無，無統計相關數據,,,14227,母公司生產單位,,無，無統計相關數據,,,0.0021,產品
1423,利華,1036,母公司,,無，無統計相關數據,,,無，無統計相關數據,,,0,營業額
1432,大魯閣,無，無統計相關數據,,,無，無統計相關數據,,,無，無統計相關數據,,,無，無統計相關數據,
1434,福懋,254487,台灣廠區,ISO 14064,93266,台灣廠區,ISO 14064,無，2021年度溫室氣體範疇3尚在盤查中,,,14.22,營業額 百萬元(新台幣)                                                                                                                                                                                   
1435,中福,無，無生產活動,,,729,僅母公司,,無，無相關排放,,,60.75,無生產活動，以平均每月用電量計算                                                                                                                                                                        
1436,華友聯,無，詳年報說明,,,52.96,僅母公司,,無，無統計相關數據,,,無，無統計相關數據,
1437,勤益控,無，無統計相關數據,,,無，無統計相關數據,,,無，無統計相關數據,,,無，無統計相關數據,
1438,三地開發,無，詳年報說明,,,無，詳年報說明,,,無，詳年報說明,,,無，詳年報說明,
1439,雋揚,無，無統計相關數據,,,無，無統計相關數據,,,無，無統計相關數據,,,無，無統計相關數據,
1440,南紡,60595.7301,"仁德廠,太子廠",ISO 14064,83942.244,"仁德廠,太子廠",ISO 14064,677495.123,"仁德廠,太子廠",ISO 14064,2.64,產量公噸                                                                                                                                                                                                
1441,大東,無，無統計相關數據,,,無，無統計相關數據,,,無，無統計相關數據,,,無，無統計相關數據,
1442,名軒,22.93,母公司,,無，無統計相關數據,,,無，無統計相關數據,,,無，無統計相關數據,
1443,立益物流,無，無統計相關數據,,,無，無統計相關數據,,,無，無統計相關數據,,,無，無統計相關數據,
1444,力麗,129795.75,力麗化纖總廠,ISO 14064,60693.04,力麗化纖總廠,ISO 14064,無，無統計相關數據,,,0.4003,產品
1445,大宇,無，無統計相關數據,,,無，無統計相關數據,,,無，無統計相關數據,,,無，無統計相關數據,
1446,宏和,無，無相關排放設備,,,276.9,母公司,,無，無相關排放設備,,,無，無相關排放設備,
1447,力鵬,94305.5,母公司楊梅廠及尼龍廠,ISO 14064,144960.7,母公司楊梅廠及尼龍廠,ISO 14064,無，無統計相關數據,,,無，依產品別驗證，無法提供單一數據,
1449,佳和,7735.997,母公司,,67643.234,母公司,,無，無統計相關數據,,,8.024,產品
1451,年興,無，尚在盤查中，預計於2022/08統計出母公司之排放量。,,,無，尚在盤查中，預計於2022/08統計出母公司之排放量。,,,無，無統計相關數據,,,無，尚在盤查中，預計於2022/08統計出母公司之排放量。,
1452,宏益,9.765,包含合併財務報表之母子公司,,26761.62,包含合併財務報表之母子公司,,無，無統計相關數據,,,0.9389,產品
1453,大將,無，無統計相關數據,,,無，無統計相關數據,,,無，無統計相關數據,,,無，無統計相關數據,
1454,台富,無，無統計相關數據,,,無，無統計相關數據,,,無，無統計相關數據,,,無，無統計相關數據,
1455,集盛,36994.75,母公司之5個紡織製品製造廠區,ISO 14064,151731.04,母公司之5個紡織製品製造廠區,ISO 14064,23895.34,母公司之5個紡織製品製造廠區,ISO 14064,0.81,產品
1456,怡華,7735.997,台南官田廠,,67643.234,台南官田廠,,無，尚未執行,,,8.024,服務
1457,宜進,18,僅母公司,,59,僅母公司,,無，無統計相關數據,,,3.85,員工人數                                                                                                                                                                                                
1459,聯發,0,工廠,,28659,工廠,,無，無統計相關數據,,,1.1885,產品
1460,宏遠,75930.54,母公司,ISO 14064,62616.83,母公司,ISO 14064,無，無統計相關數據,,,9.09,產品
1463,強盛新,無，無統計相關數據,,,無，無統計相關數據,,,無，無統計相關數據,,,無，無統計相關數據,
1464,得力,38863.84,僅母公司,ISO 14064,32999.01,僅母公司,ISO 14064,無，無統計相關數據,,,13.54,產品
1465,偉全,無，無統計相關數據,,,無，無統計相關數據,,,無，無統計相關數據,,,無，無統計相關數據,
1466,聚隆,0,母公司,,50952.99,母公司(電力),,無，無統計相關數據,,,3.37,產品
1467,南緯,無，無統計相關數據,,,444.753,母公司,,無，無統計相關數據,,,無，詳永續報告書,
1468,昶和,無，無統計相關數據,,,無，無統計相關數據,,,無，無統計相關數據,,,無，無統計相關數據,
1470,大統新創,35668,合併財務報表之母子公司之桃園廠區,,6331,合併財務報表之母子公司之桃園廠區,,無，無統計相關數據,,,5.8,產量                                                                                                                                                                                                    
1471,首利,無，無統計相關數據,,,無，無統計相關數據,,,無，無統計相關數據,,,無，無統計相關數據,
1472,三洋實業,無，本公司於5/11董事會剛通過溫室氣體排放，目前因組織尚未完整，尚未決定由何單位及何種方式進行此一數據收集。,,,無，本公司於5/11董事會剛通過溫室氣體排放，目前因組織尚未完整，尚未決定由何單位及何種方式進行此一數據收集。,,,無，本公司於5/11董事會剛通過溫室氣體排放，目前因組織尚未完整，尚未決定由何單位及何種方式進行此一數據收集。,,,無，本公司於5/11董事會剛通過溫室氣體排放，目前因組織尚未完整，尚未決定由何單位及何種方式進行此一數據收集。,
1473,台南,7001.09,包含合併財務報表之母子公司,,6442.34,包含合併財務報表之母子公司,,無，無統計相關數據,,,0.0007,產品
1474,弘裕,4088,母公司,,16057,母公司,,無，無統計相關數據,,,無，無統計相關數據,
1475,業旺,無，詳年報說明,,,無，詳年報說明,,,無，詳年報說明,,,無，詳年報說明,
1476,儒鴻,30530.355,包含合併財務報表之母子公司,ISO 14064,96382.2382,包含合併財務報表之母子公司,ISO 14064,2570.838,包含合併財務報表之母子公司,ISO 14064,0.0035,營業額
1477,聚陽,0,台北總公司,ISO 14064,638.24,台北總公司,ISO 14064,無，2021年度資料目前在盤查中，將於2022年底前查證完成並取得查證聲明書,,ISO 14064,0.0221,營業額(百萬元)                                                                                                                                                                                          
1503,士電,2087.88,"環境面資訊以母公司之電裝廠、新豐廠、重電廠為主， 不包含台北總公司。",,18949.09,"環境面資訊以母公司之電裝廠、新豐廠、重電廠為主， 不包含台北總公司。",,無，無統計相關數據,,,0.7597,百萬元營業額                                                                                                                                                                                            
1504,東元,19905.2541,台灣所有廠區,ISO 14064,27000.6547,台灣所有廠區,ISO 14064,22735295.01,「上游運輸及配送」以2021東元台灣廠區採購量計算、「採購商品與服務」以2021東元台灣及大陸廠區採購量計算、「營運產生之廢棄物」以2021東元廠區廢棄物產生量計算、「銷售產品之使用」依據2021年全球銷售馬達數量計算  ，其中銷售產品之使用採估算，未經BSI查證 ；其餘皆經查證。,ISO 14064,2.04,營業額
1506,正道,無，無統計相關數據,,,無，無統計相關數據,,,無，無統計相關數據,,,無，無統計相關數據,
1512,瑞利,2228,母公司,,無，無統計相關數據,,,無，無統計相關數據,,,無，無統計相關數據,
1513,中興電,406.536,母公司110年度,,5044.55,母公司110年度,,無，無統計相關數據,,,0.3024,營業額
1514,亞力,無，無統計相關數據,,,2136.5662,母公司,,無，無統計相關數據,,,無，無統計相關數據,
1515,力山,無，資料尚在驗證,,,無，資料尚在驗證,,,無，資料尚在驗證,,,無，資料尚在驗證,
1516,川飛,無，無統計相關數據,,,無，無統計相關數據,,,無，無統計相關數據,,,無，無統計相關數據,
1517,利奇,5870,母公司,,無，無統計相關數據,,,無，無統計相關數據,,,無，無統計相關數據,
1519,華城,375.4879,僅母公司,,4576.8674,僅母公司,,91.5922,僅母公司,,0.8025,產品
1521,大億,無，無統計相關數據,,,無，無統計相關數據,,,無，無統計相關數據,,,無，無統計相關數據,
1522,堤維西,無，無統計相關數據,,,無，無統計相關數據,,,無，無統計相關數據,,,無，無統計相關數據,
1524,耿鼎,無，無統計相關數據,母公司,,7074.518,母子公司,,無，無統計相關數據,,,0.6102,產能總重                                                                                                                                                                                                
1525,江申,991,僅母公司,,2742,僅母公司,,無，無統計相關數據,,,2.93,百萬元營業額                                                                                                                                                                                            
1526,日馳,159.36,母公司,,1132.61,母公司,,無，無統計相關數據,,,0.987,營運成本新台幣仟元為單位                                                                                                                                                                                
1527,鑽全,無，預計2023年第1季完成盤查,,,11648.9,全公司,,無，預計2023年第1季完成盤查,,,無，預計2023年第1季完成盤查,
1528,恩德,無，無統計相關數據,,,無，無統計相關數據,,,無，無統計相關數據,,,無，無統計相關數據,
1529,樂事綠能,無，無統計相關數據,,,無，無統計相關數據,,,無，無統計相關數據,,,無，無統計相關數據,
1530,亞崴,無，無統計相關數據,,,無，無統計相關數據,,,無，無統計相關數據,,,無，無統計相關數據,
1531,高林股,無，無統計相關數據,,,無，無統計相關數據,,,無，無統計相關數據,,,無，無統計相關數據,
1532,勤美,3715.126,勤美金屬成型事業處,ISO 14064,19223.321,勤美金屬成型事業處,ISO 14064,32732.667,勤美金屬成型事業處,ISO 14064,1.0058,產品
1533,車王電,1947.633,母公司,,1833.5291,母公司,,無，無統計相關數據,,,1948,產值                                                                                                                                                                                                    
1535,中宇,無，本公司乃工程統包服務非屬製造業，故無法取得相關數據。,,,265.917,僅母公司,,164.346,僅母公司,,0.56,坪                                                                                                                                                                                                      
1536,和大,1681.1321,僅母公司,ISO 14064,45534.3073,僅母公司,ISO 14064,10234.9942,僅母公司,ISO 14064,3.6494,百萬營業額                                                                                                                                                                                              
1537,廣隆,4684.15,包含合併財務報表之母子公司,,51375.48,包含合併財務報表之母子公司,,無，無統計相關數據,,,103.42,仟元營業額/噸                                                                                                                                                                                           
1538,正峰,無，無統計相關數據,,,無，無統計相關數據,,,無，無統計相關數據,,,無，無統計相關數據,
1539,巨庭,88.37,母公司,,967.38,母公司,,無，無統計相關數據,,,1055.75,營業額
1540,喬福,6.88,個體公司,,117.97,個體公司,,無，無統計相關數據,,,無，無統計相關數據,
1541,錩泰,2239,僅母公司,,5186,僅母公司,,無，僅進行排放源鑑別，無盤查相關數據。,,,0.0012,營業額
1558,伸興,2120,合併財務報表之母子公司,,18492,合併財務報表之母子公司,,113302,合併財務報表之母子公司,,0.0054,產品
1560,中砂,4055.13,母公司,ISO 14064,40397.29,母公司,ISO 14064,無，無統計相關數據,,,8.13,百萬元營業額                                                                                                                                                                                            
1563,巧新,,,N/A,N/A,N/A,N/A,,,N/A,,
1568,倉佑,105.9379,僅母公司,,4615.9603,僅母公司,,"無，資料收集不易,尚在收集統計中",,,3.9484,百萬營業額                                                                                                                                                                                              
1582,信錦,無，無統計相關數據,,,201,母公司,,無，無統計相關數據,,,無，無統計相關數據,
1583,程泰,128.43,母公司,,2201,母公司,,無，無統計相關數據,,,無，無統計相關數據,
1587,吉茂,無，無統計相關數據,,,無，無統計相關數據,,,無，無統計相關數據,,,無，無統計相關數據,
1589,永冠-KY,4934.01,合併財務報表之子公司,,127868.18,合併財務報表之子公司,,無，無統計相關數據,,,0.64,產品
1590,亞德客-KY,8227,包含集團全部的三個生產工廠，已涵蓋集團90%以上之排放量,,125129,包含集團全部的三個生產工廠，已涵蓋集團90%以上之排放量,,無，無統計相關數據,,,8.4445,每百萬元產值                                                                                                                                                                                            
1597,直得,97.43,母公司,,4787.7,母公司,,960.68,母公司,,15.3,每百萬營業額                                                                                                                                                                                            
1598,岱宇,434.68,本公司彰化一廠、二廠與五廠,,1848.44,本公司彰化一廠、二廠與五廠,,無，無統計相關數據,,,0.0003,營業額仟元                                                                                                                                                                                              
1603,華電,無，規劃中,,,無，規劃中,,,無，規劃中,,,無，規劃中,
1604,聲寶,無，無統計相關數據,,,無，無統計相關數據,,,無，無統計相關數據,,,無，無統計相關數據,
1605,華新,201262.02,"臺灣區：楊梅廠、新莊廠、鹽水廠、臺中廠。 海外區：東莞華新、江陰華新、江陰合金、上海華新、煙台華新、常熟華新、華新精密",ISO 14064,414803.74,"臺灣區：楊梅廠、新莊廠、鹽水廠、臺中廠。 海外區：東莞華新、江陰華新、江陰合金、上海華新、煙台華新、常熟華新、華新精密",ISO 14064,2408341.62,母公司,ISO 14064,0.46,產品
1608,華榮,1298.3,涵蓋範圍僅限華榮電線電纜股份有限公司高楠工廠廠區,,15564.2,涵蓋範圍僅限華榮電線電纜股份有限公司高楠工廠廠區,,無，無統計相關數據,,,2.3,百萬營業額                                                                                                                                                                                              
1609,大亞,2233.05,大亞電線電纜,,21978.5,大亞電線電纜,,無，無統計相關數據,,,1.78,營業額
1611,中電,87.0199,工廠,,468.46,工廠,,無，無統計相關數據,,,無，無統計相關數據,
1612,宏泰,無，無統計相關數據,,,無，無統計相關數據,,,無，無統計相關數據,,,無，無統計相關數據,
1614,三洋電,無，無統計相關數據,,,無，無統計相關數據,,,無，無統計相關數據,,,無，無統計相關數據,
1615,大山,無，尚未建立,,,無，尚未建立,,,無，尚未建立,,,無，尚未建立,
1616,億泰,4945,母公司,,無，無統計相關數據,,,無，無統計相關數據,,,1.65,營業額
1617,榮星,無，無統計相關數據,,,無，無統計相關數據,,,無，無統計相關數據,,,無，無統計相關數據,
1618,合機,無，無統計相關數據,,,無，無統計相關數據,,,無，無統計相關數據,,,無，無統計相關數據,
1623,大東電,,,N/A,N/A,N/A,N/A,,,N/A,,
1626,艾美特-KY,595.35,主要生產公司深圳艾美特,SZDB/ 69-2018 《組織的溫室氣體排放量化和報告指南》、SZDB/ 70-2018 《組織的溫室氣體排放查核指南》、《深圳市碳交易控管單位碳排放查核技術要點》                                                            ,19727.56,主要生產公司深圳艾美特,SZDB/ 69-2018 《組織的溫室氣體排放量化和報告指南》、SZDB/ 70-2018 《組織的溫室氣體排放查核指南》、《深圳市碳交易控管單位碳排放查核技術要點》                                                            ,無，無統計相關數據,,,20322.9,營業額
1702,南僑,74520.9,範疇一資訊涵蓋台灣、中國大陸、泰國地區之製造單位及台灣、中國大陸餐飲事業,,105527.38,範疇二資訊涵蓋台灣、中國大陸、泰國地區之製造單位及台灣、中國大陸餐飲事業,,無，無統計相關數據,,,9.07,營業額
1707,葡萄王,3862.04,葡萄王生技、葡眾企業,,14829.39,葡萄王生技、葡眾企業,,無，規劃111年進行盤查,,,3.47,產品
1708,東鹼,23680.4553,僅母公司,,7499.9909,僅母公司,,無，無統計相關數據,,,6.5,百萬營業額                                                                                                                                                                                              
1709,和益,67429.0078,僅母公司林園工廠,CNS 14064-1:2006 溫室氣體查驗指引                                                                                                                                                                       ,23049.7314,僅母公司林園工廠,CNS 14064-1:2006 溫室氣體查驗指引                                                                                                                                                                       ,無，無統計相關數據,,,13.7,百萬營業額                                                                                                                                                                                              
1710,東聯,40762.39,母公司,ISO 14064,312448.93,母公司,ISO 14064,72656.7351,母公司,ISO 14064,0.024,營業額；單位：t-CO2e / 仟元                                                                                                                                                                             
1711,永光,19141.06,合併財務報表之母子公司生產型廠區,ISO 14001                                                                                                                                                                                               ,63671.7,合併財務報表之母子公司生產型廠區,ISO 14001                                                                                                                                                                                               ,無，本公司早期至2021年止，皆依循環保署公告之溫室氣體排放量盤查登錄作業指引(2016版)以自願性方式進行溫室氣體盤查，且據指引僅將範疇三鑑別出排放源項目，而不需列入排放量計算範圍。後續將再依2022年最新公告指引作業,,,8.9,百萬元產值                                                                                                                                                                                              
1712,興農,6354.38,母公司王田廠區(王田廠、王田二廠、生物工廠),,19878,母公司王田廠區(王田廠、王田二廠、生物工廠),,無，無統計相關數據,,,2.4,植物保護產品佰萬元銷售額                                                                                                                                                                                
1713,國化,4464.286,屏南分公司,,2907,屏南分公司,,無，無統計相關數據,,,7371,範疇一+範疇二                                                                                                                                                                                           
1714,和桐,12394.1946,高雄仁武廠,,3057.9235,高雄仁武廠,,無，無統計相關數據,,,0.51,產品
1717,長興,36338,母公司(台灣三廠區),ISO 14064,40907,母公司(台灣三廠區),ISO 14064,462852,母公司(台灣三廠區),ISO 14064,0.3901,產品(公噸)                                                                                                                                                                                              
1718,中纖,429277.6562,僅母公司,ISO 14064,13399.468,僅母公司,ISO 14064,無，無統計相關數據,,,0.772,營業額573445.0898萬元                                                                                                                                                                                   
1720,生達,1298.1889,生達一廠+生達二廠,ISO 14064,7755.339,生達一廠+生達二廠,ISO 14064,無，無統計相關數據,,,319,營業額
1721,三晃,17529,母公司,,20578,母公司,,無，無統計相關數據,,,1.55,產品
1722,台肥,481642,母公司台中廠、苗栗廠,,47533,母公司台中廠、苗栗廠,,無，無統計相關數據,,,0.7,產品
1723,中碳,25555.3833,本公司(總部+小港廠+屏南廠),ISO 14064,91097.073,本公司(總部+小港廠+屏南廠),ISO 14064,10130.454,本公司(總部+小港廠+屏南廠),ISO 14064,116652.4563,營業額
1725,元禎,101.91,母公司,,126.03,母公司,,無，無統計相關數據,,,0.0273,百萬元營業額                                                                                                                                                                                            
1726,永記,無，無統計相關數據,,,4584,僅母公司,,無，無統計相關數據,,,0.05,電力使用量                                                                                                                                                                                              
1727,中華化,1532.89,桃園一廠、桃園二廠、彰化廠,,11034.22,桃園一廠、桃園二廠、彰化廠,,無，無統計相關數據,,,0.062,產品
1730,花仙子,無，無統計相關數據,,,951.6,母公司,,無，無統計相關數據,,,0.3,營業額
1731,美吾華,無，無統計相關數據,,,1010,台北總公司、台中及高雄服務中心、楊梅工廠及物流中心,,無，無統計相關數據,,,無，無統計相關數據,
1732,毛寶,193.4062,母公司,,427.1622,母公司,,256.9437,母公司_工廠之特定原物料及產品運輸排放、汙泥最終處置,,1.42,噸CO2e/百萬營收                                                                                                                                                                                         
1733,五鼎,23.77,母公司,,11582.44,母公司,,無，無統計相關數據,,,0.005,營業額
1734,杏輝,656.87,母公司,                                                                                                                                                                                                        ,8142.18,母公司,                                                                                                                                                                                                        ,無，無統計相關數據,,,0.0041,營業額仟元                                                                                                                                                                                              
1735,日勝化,3152.0508,母公司(大園廠資料110年08月01日-110年12月31日，以下各項同),,5056.146,母公司,,無，無統計相關數據,,,0.4278,產品
1736,喬山,無，無統計相關數據,,,無，無統計相關數據,,,無，無統計相關數據,,,無，無統計相關數據,
1737,臺鹽,無，無統計相關數據,,,26275.02,臺鹽總公司、妝品廠、保健廠、通霄廠、儲運所、七股鹽場共6場域,,無，無統計相關數據,,,無，無統計相關數據,
1752,南光,無，無統計相關數據,,,9902,"總公司用電之間 總公司用電之間接溫室氣提排放",,無，無統計相關數據,,,556,營業額
1760,寶齡富錦,28.43,寶齡富錦生技股份有限公司平鎮廠,,990.68,寶齡富錦生技股份有限公司平鎮廠,,無，無統計相關數據,,,0.0018,每仟元產值                                                                                                                                                                                              
1762,中化生,3630,母公司,,10455,母公司,,無，無統計相關數據,,,0.08,產品
1773,勝一,45271.6981,母公司,,8412.5214,母公司,,無，無統計相關數據,,,0.2485,產品
1776,展宇,1023.924,範圍為母公司(第一廠及第二廠),,1531.865,範圍為母公司(第一廠及第二廠),,無，無統計相關數據,,,3.37,以佰萬元營業額為單位                                                                                                                                                                                    
1783,和康生,無，無統計相關數據,,,無，無統計相關數據,,,2.17,合併財務報表之母子公司,,無，無統計相關數據,
1786,科妍,83.966,母公司,,2773.682,母公司,,無，無統計相關數據,,,無，無統計相關數據,
1789,神隆,3162,僅母公司(台南市善化區南科八路一號 台灣神隆),,19739,僅母公司(台南市善化區南科八路一號 台灣神隆),,無，無統計相關數據,,,無，無統計相關數據,
1795,美時,10784,母公司及重要子公司生產基地及研發中心,,10324,母公司及重要子公司生產基地及研發中心,,無，無統計相關數據,,,1.67,百萬元營業額                                                                                                                                                                                            
1802,台玻,439737,僅母公司,ISO 14064,173744,僅母公司,ISO 14064,無，無統計相關數據,,,無，無統計相關數據,
1805,寶徠,無，無統計相關數據,,,無，無統計相關數據,,,無，無統計相關數據,,,無，無統計相關數據,
1806,冠軍,61346.4609,工廠,ISO 14064,27203.9824,工廠,ISO 14064,無，無統計相關數據,,,0.0088,產品
1808,潤隆,無，無統計相關數據,,,106,僅本公司台北辦公室,,無，無統計相關數據,,,無，無統計相關數據,
1809,中釉,7026.14,僅母公司,,3211.19,僅母公司,,"無，依金管會規劃之資訊揭露時程，現階段只需要揭露盤查及查證範疇一 及範疇二之資訊規劃時程辦理",,,無，本公司非屬於公告第一批應盤查登錄溫室氣體排放量之排放源列管對象,
1810,和成,無，無統計相關數據,,,無，無統計相關數據,,,無，無統計相關數據,,,無，無統計相關數據,
1817,凱撒衛,85.29,母公司,,100,母公司,,無，無統計相關數據,,,0.12,百萬營業額                                                                                                                                                                                              
1903,士紙,無，依規定本公司屬資本額50億元以下之公司別，應於第三階段完成溫室氣體盤查(115年)，本公司預計於112年啟動執行。,,,無，依規定本公司屬資本額50億元以下之公司別，應於第三階段完成溫室氣體盤查(115年)，本公司預計於112年啟動執行。,,,無，依規定本公司屬資本額50億元以下之公司別，應於第三階段完成溫室氣體盤查(115年)，本公司預計於112年啟動執行。,,,無，依規定本公司屬資本額50億元以下之公司別，應於第三階段完成溫室氣體盤查(115年)，本公司預計於112年啟動執行。,
1904,正隆,1174581.089,母公司,ISO 14064,291234.2162,母公司,ISO 14064,280951.2716,母公司,ISO 14064,0.83,公噸；工業用紙                                                                                                                                                                                          
1905,華紙,656137,僅包含台灣所屬營運據點,ISO 14064,185556,僅包含台灣所屬營運據點,ISO 14064,14080,僅包含台灣所屬營運據點,,1.32,產品
1906,寶隆,無，無統計相關數據,,,無，無統計相關數據,,,無，無統計相關數據,,,無，無統計相關數據,
1907,永豐餘,2286593,永豐餘年報所稱三大事業群（林漿紙事業群、工紙紙器事業群、消費品事業群）之台灣、大陸、越南三地共合計共35個生產據點。,ISO 14064,372335,永豐餘年報所稱三大事業群（林漿紙事業群、工紙紙器事業群、消費品事業群）之台灣、大陸、越南三地共合計共35個生產據點。,ISO 14064,無，無統計相關數據,,,0.99,產品
1909,榮成,509623.24,僅母公司,ISO14064-1                                                                                                                                                                                              ,40268.21,僅母公司,ISO14064-1                                                                                                                                                                                              ,無，無統計相關數據,,,0.69,產品
2002,中鋼,20939573,母公司,ISO 14064,1338788,母公司,ISO 14064,1750999,母公司：僅包含納入查證項目，統計「營運產生的廢棄物處理」、「商務旅行」、「燃料與能源相關活動廢棄物處理」及「上游運送與貨物配送」等四項,ISO 14064,2.299,產品
2006,東和鋼鐵,216292,僅母公司,ISO 14064,666107,僅母公司,ISO 14064,1581192,僅母公司,ISO 14064,0.419,鋼胚產量                                                                                                                                                                                                
2007,燁興,32105,本公司,,49760,本公司,,無，無統計相關數據,,,無，無統計相關數據,
2008,高興昌,無，無統計相關數據,,,無，無統計相關數據,,,無，無統計相關數據,,,無，無統計相關數據,
2009,第一銅,4181.1498,僅計算第一伸銅科技股份有限公司臨海廠,,20487.0216,僅計算第一伸銅科技股份有限公司臨海廠,,無，未列入盤查範圍,,,1.8347,產品
2010,春源,1224.62,台灣總公司及北中南各生產營運據點。,,10406.93,台灣總公司及北中南各生產營運據點。,,無，無統計相關數據,,,0.0222,產品
2012,春雨,15977.25,母公司,,16715.56,母公司,,無，無統計相關數據,,,0.066,產品
2013,中鋼構,無，規劃111年年底完成110年溫室氣體排放量盤查。,,,無，規劃111年年底完成110年溫室氣體排放量盤查。,,,無，規劃111年年底完成110年溫室氣體排放量盤查。,,,無，規劃111年年底完成110年溫室氣體排放量盤查。,
2014,中鴻,168086.6,母公司,,162534.9,母公司,,無，無統計相關數據,,,0.1342,產品
2015,豐興,284289.2117,僅母公司,ISO 14064,551192.9906,僅母公司,ISO 14064,107276.9739,僅母公司,ISO 14064,0.4595,產品
2017,官田鋼,1219.27,總管理處、永康廠、麻豆廠、官田廠,官田廠預計111/06/21及111/06/28辦理查驗110年度溫室氣體盤查；總管理處、永康廠、麻豆廠僅資料盤查資料收集與試算，預計112年度規畫辦理111年度驗證。                                                           ,12971.58,總管理處、永康廠、麻豆廠、官田廠,官田廠預計111/06/21及111/06/28辦理查驗110年度溫室氣體盤查；總管理處、永康廠、麻豆廠僅資料盤查資料收集與試算，預計112年度規畫辦理111年度驗證。                                                           ,無，無統計相關數據,,,0.19,產品
2020,美亞,無，查證時程計劃書預計在下半年完成,,,無，查證時程計劃書預計在下半年完成,,,無，查證時程計劃書預計在下半年完成,,,無，查證時程計劃書預計在下半年完成,
2022,聚亨,795.12,母公司,,12805.599,母公司,,無，無統計相關數據,,,0.1919,成品產量                                                                                                                                                                                                
2023,燁輝,92318.28,母公司2021全年度高雄一廠、屏東廠、冷軋鋼板廠、路竹廠、燕巢廠,,95843.9,母公司高雄一廠、屏東廠、冷軋鋼板廠、路竹廠、燕巢廠,,無，無統計相關數據,,,0.16,產量(公噸)                                                                                                                                                                                              
2024,志聯,無，無統計相關數據,,,4652,係指110年度使用之電力總和,,無，無統計相關數據,,,無，無統計相關數據,
2025,千興,6067.44,僅母公司,,7481.81,僅母公司,,無，無統計相關數據,,,0.003,營業額
2027,大成鋼,1206.6,僅母公司,,13810.21,僅母公司,,2572.02,僅母公司,,0.2652,產品
2028,威致,104751,"個別公司 單一公司",ISO 14064,203575,個別公司,ISO 14064,無，無統計相關數據,,,無，無統計相關數據,
2029,盛餘,30830.954,僅母公司,ISO 14064,56436.599,僅母公司,ISO 14064,無，無統計相關數據,,,0.067,產品
2030,彰源,無，無統計相關數據,,,無，無統計相關數據,,,無，無統計相關數據,,,無，無統計相關數據,
2031,新光鋼,1268,母公司,,2542,母公司,,184,母公司,,0.28,百萬營業額                                                                                                                                                                                              
2032,新鋼,無，廠商洽談中,,,無，廠商洽談中,,,無，廠商洽談中,,,無，廠商洽談中,
2033,佳大,無，無統計相關數據,,,無，無統計相關數據,,,無，無統計相關數據,,,無，無統計相關數據,
2034,允強,1826.3,僅母公司，天然氣、汽柴油、焊接、冷媒逸散及其他生產中直接排放,ISO 14064,22799.3,僅母公司，外購電力。,ISO 14064,14611.32,僅母公司，過程(外購電力、自來水、藥劑使用)、運輸、廢水排放、廢棄物處理及其他間接排放。,ISO 14064,0.131,產品
2038,海光,59184.9472,僅母公司,ISO 14064,134097.8544,僅母公司,ISO 14064,無，無統計相關數據,,,0.459,產品
2049,上銀,10063.176,涵蓋營運據點13廠區，100%營運控制權,ISO 14064,151143.6737,涵蓋營運據點13廠區，100%營運控制權,ISO 14064,84804.6282,涵蓋營運據點13廠區，100%營運控制權,ISO 14064,7.0072,百萬營業額                                                                                                                                                                                              
2059,川湖,874.74,母公司及子公司川益科技(股)公司兩個廠區,,9598.98,母公司及子公司川益科技(股)公司兩個廠區,,無，無統計相關數據,,,0.0034,營業額
2062,橋椿,800.64,母公司,,17114.18,母公司,,無，無統計相關數據,,,5.5,產能                                                                                                                                                                                                    
2069,運錩,無，無統計相關數據,,,無，無統計相關數據,,,無，無統計相關數據,,,無，無統計相關數據,
2072,世紀風電,,,N/A,N/A,N/A,N/A,,,N/A,,
2101,南港,13208.8174,資料涵蓋範圍：新竹縣新豐鄉新興路399號,ISO 14064,27641.7264,資料涵蓋範圍：新竹縣新豐鄉新興路399號,ISO 14064,無，預計自2022年起將增加範疇三盤查,,,1.193,產品
2102,泰豐,3166.727,僅母公司,,7672.9696,僅母公司,,無，無統計相關數據,,,1.47,每噸產品                                                                                                                                                                                                
2103,台橡,115600,合併財務報表之生產營運母子公司,ISO 14064,455597,合併財務報表之生產營運母子公司,ISO 14064,無，尚在盤查中,,,1.02,公噸產量                                                                                                                                                                                                
2104,國際中橡,250642,國際中橡100%持有之子公司林園先進。,SGS驗證當中，待數據驗證結果出爐後再更新                                                                                                                                                                 ,7392,國際中橡100%持有之子公司林園先進。,SGS驗證當中，待數據驗證結果出爐後再更新                                                                                                                                                                 ,無，本公司溫室氣體排放以範疇一、二較多，範疇三佔比較小，因此尚未針對範疇三進行盤查，未來將列入規劃。,,,2.47,產品
2105,正新,29883.3005,母公司,,38436.7344,母公司,,無，無統計相關數據,,,0.9946,產品
2106,建大,21648,台灣地區,,27752,台灣地區,,無，無統計相關數據,,,1.07,產品
2107,厚生,無，無統計相關數據,,,無，無統計相關數據,,,無，無統計相關數據,,,無，無統計相關數據,
2108,南帝,1308.48,僅盤查母公司,ISO 14064,38006.67,母公司,ISO 14064,無，無統計相關數據,,,無，無統計相關數據,
2109,華豐,,,,,,,,,,,
2114,鑫永銓,2390.59,母公司,,6036.97,母公司,,無，無統計相關數據,,,無，無統計相關數據,
2115,六暉-KY,無，無統計相關數據,,,無，無統計相關數據,,,無，無統計相關數據,,,無，無統計相關數據,
2201,裕隆,2605,裕隆汽車製造(股)公司三義廠區,,7181,裕隆汽車製造(股)公司三義廠區,,194,裕隆汽車製造(股)公司三義廠區,,0.328,產品
2204,中華,7881.594,組織邊界(楊梅廠、新竹廠),ISO 14064,12932.554,組織邊界(楊梅廠、新竹廠),ISO 14064,3089142.675,組織邊界(楊梅廠、新竹廠)外之上下游相關活動,ISO 14064,0.378,產品
2206,三陽工業,10690.1092,三陽工業股份有限公司新竹廠,ISO 14064,23140.5936,三陽工業股份有限公司新竹廠,ISO 14064,6896.2453,三陽工業股份有限公司新竹廠,ISO 14064,0.089,產品
2207,和泰車,148.6,母公司,,1311.8,母公司,,無，無統計相關數據,,,2.59,人                                                                                                                                                                                                      
2208,台船,無，統計彙整中,,,無，統計彙整中,,,無，僅執行排放源定性鑑別,,,無，無統計相關數據,
2211,長榮鋼,4291.06,僅母公司,,9646.82,僅母公司,,無，無統計相關數據,,,1.2,百萬營業額                                                                                                                                                                                              
2227,裕日車,162.33,母公司,,919.87,母公司,,無，無統計相關數據,,,2.89,人均溫室氣體排放量 (公噸-CO2 e /人)                                                                                                                                                                     
2228,劍麟,無，無統計相關數據,,,無，無統計相關數據,,,無，無統計相關數據,,,無，無統計相關數據,
2231,為升,無，無統計相關數據,,,無，無統計相關數據,,,無，無統計相關數據,,,無，無統計相關數據,
2233,宇隆,無，TURVO將2022年設為起始元年，已規劃導入ISO14064 及進行相關產品碳足跡盤查，落實規劃、執行、查核和改善之循環管理體系，達到溫室氣體排放減量目標。,,,無，TURVO將2022年設為起始元年，已規劃導入ISO14064 及進行相關產品碳足跡盤查，落實規劃、執行、查核和改善之循環管理體系，達到溫室氣體排放減量目標。,,,無，TURVO將2022年設為起始元年，已規劃導入ISO14064 及進行相關產品碳足跡盤查，落實規劃、執行、查核和改善之循環管理體系，達到溫室氣體排放減量目標。,,,無，TURVO將2022年設為起始元年，已規劃導入ISO14064 及進行相關產品碳足跡盤查，落實規劃、執行、查核和改善之循環管理體系，達到溫室氣體排放減量目標。,
2236,百達-KY,0,包含合併財務報表之母子公司,,2710.12,包含合併財務報表之母子公司,,無，無統計相關數據,,,0,營業額
2239,英利-KY,無，無統計相關數據,,,無，無統計相關數據,,,無，無統計相關數據,,,無，無統計相關數據,
2241,艾姆勒,62.86,母公司,,5753.39,母公司,,無，無統計相關數據,,,0.0035,產品
2243,宏旭-KY,無，無統計相關數據,,,無，無統計相關數據,,,無，無統計相關數據,,,無，無統計相關數據,
2247,汎德永業,無，無統計相關數據,,,無，無統計相關數據,,,無，無統計相關數據,,,無，無統計相關數據,
2248,華勝-KY,,,N/A,N/A,N/A,N/A,,,N/A,,
2250,IKKA-KY,無，無統計相關數據,,,無，無統計相關數據,,,無，無統計相關數據,,,無，無統計相關數據,
2254,巨鎧精密-創,,,N/A,N/A,N/A,N/A,,,N/A,,
2258,鴻華先進-創,,,N/A,N/A,N/A,N/A,,,N/A,,
2301,光寶科,10080.71,"包含母公司與合併財報之部分子公司 光寶科技股份有限公司、光林智能科技股份有限公司、光寶電子(天津)有限公司、光寶網絡通訊(東莞)有限公司、光寶光電(常州)有限公司、光寶科技(常州)有限公司、光寶電子(東莞)有限公司、旭麗電子(東莞)有限公司、惠州市力信電子有限公司、光寶電子(廣州)有限公司、建興光電科技(北海)有限公司、敦揚(廣州)汽車電子有限公司、LITE-ON VIETNAM CO., LTD.、Lite-On Electronics (Thailand) Co., Ltd.、LITE-ON POWER ELECTRONIC INDIA PRIVATE LIMITED",ISO 14064,216771.26,"包含母公司與合併財報之部分子公司 光寶科技股份有限公司、光林智能科技股份有限公司、光寶電子(天津)有限公司、光寶網絡通訊(東莞)有限公司、光寶光電(常州)有限公司、光寶科技(常州)有限公司、光寶電子(東莞)有限公司、旭麗電子(東莞)有限公司、惠州市力信電子有限公司、光寶電子(廣州)有限公司、建興光電科技(北海)有限公司、敦揚(廣州)汽車電子有限公司、LITE-ON VIETNAM CO., LTD.、Lite-On Electronics (Thailand) Co., Ltd.、LITE-ON POWER ELECTRONIC INDIA PRIVATE LIMITED",ISO 14064,13332352.93,"包含母公司與合併財報之部分子公司 光寶科技股份有限公司、光林智能科技股份有限公司、光寶電子(天津)有限公司、光寶網絡通訊(東莞)有限公司、光寶光電(常州)有限公司、光寶科技(常州)有限公司、光寶電子(東莞)有限公司、旭麗電子(東莞)有限公司、惠州市力信電子有限公司、光寶電子(廣州)有限公司、建興光電科技(北海)有限公司、敦揚(廣州)汽車電子有限公司、LITE-ON VIETNAM CO., LTD.、Lite-On Electronics (Thailand) Co., Ltd.、LITE-ON POWER ELECTRONIC INDIA PRIVATE LIMITED",ISO 14064,1.53,百萬營收                                                                                                                                                                                                
2302,麗正,947.141,母子公司,,0.018,母子公司,,0,母子公司,,4.35,產品
2303,聯電,498907,僅母公司(含新加坡分公司),ISO 14064,1298439,僅母公司(含新加坡分公司),ISO 14064,2717754,僅母公司(含新加坡分公司),ISO 14064,7.38,wafer-m2                                                                                                                                                                                                
2305,全友,0,母公司,,696,母公司,,無，無統計相關數據,,,無，無統計相關數據,
2308,台達電,17807.71,母公司及子公司之生產廠區,ISO 14064,133207.18,母公司及子公司之生產廠區(Market-based),ISO 14064,651556.48,母公司及子公司之生產廠區,ISO 14064,15.08,產值(單位：百萬美金)                                                                                                                                                                                    
2312,金寶,310.17,母公司(涵蓋100%台灣營運據點),ISO 14064,2318.97,母公司(涵蓋100%台灣營運據點),ISO 14064,832.05,母公司(涵蓋100%台灣營運據點),ISO 14064,1.96,營業額
2313,華通,2360.27,母公司,ISO 14064,121549.86,母公司,ISO 14064,無，目前尚未使用,,,9.2,產品
2314,台揚,5.1,母公司,,4474,母公司,,無，無統計相關數據,,,6.78,員工人數                                                                                                                                                                                                
2316,楠梓電,3107.2968,僅母公司,ISO 14064,56593.8632,僅母公司,ISO 14064,無，無統計相關數據,,,0.0234,產品
2317,鴻海,237946,依2021年永續報告書邊界,ISO 14064,5982836,依2021年永續報告書邊界,ISO 14064,24025738,依2021年永續報告書邊界，目前揭露為2020年數據，2021年數據收集中,,1.04,百萬新台幣營業額                                                                                                                                                                                        
2321,東訊,無，無統計相關數據,,,908.221,110.01~110.12台電用電資料,,無，無統計相關數據,,,無，無統計相關數據,
2323,中環,無，NA,,,72808,"僅母公司,外購電力",,無，無統計相關數據,,,0.0191,千元營業額                                                                                                                                                                                              
2324,仁寶,22445.15,母公司、仁寶(越南)、仁寶電腦(重慶)、仁寶電腦(成都)及仁寶視訊電子(昆山)、仁寶電子科技(昆山)、仁寶資訊工業(昆山)、仁寶信息技術(昆山)、仁寶數碼科技（昆山）、吉寶通訊（南京）、重慶翊寶智慧電子裝置,ISO 14064,220617.74,母公司、仁寶(越南)、仁寶電腦(重慶)、仁寶電腦(成都)及仁寶視訊電子(昆山)、仁寶電子科技(昆山)、仁寶資訊工業(昆山)、仁寶信息技術(昆山)、仁寶數碼科技（昆山）、吉寶通訊（南京）、重慶翊寶智慧電子裝置,ISO 14064,27851.15,重慶廠(CQA)盤查外租宿舍所造成的類別4間接碳排放,ISO 14064,0.2,營業額;單位為新台幣百萬元                                                                                                                                                                               
2327,國巨*,4489.59,母公司,ISO 14064,120270.39,母公司,ISO 14064,33744.4,母公司,ISO 14064,3.1,百萬營業額                                                                                                                                                                                              
2328,廣宇,14.098,母公司,,80.9167,母公司,,無，無統計相關數據,,,0.0077,百萬營業額                                                                                                                                                                                              
2329,華泰,1364.5818,母公司,ISO 14064,82740.8744,母公司,ISO 14064,3806574.227,母公司,ISO 14064,0.0002,營業額
2330,台積電,2151937,台灣廠區及子公司,ISO14064                                                                                                                                                                                                ,8152497,台灣廠區及子公司,ISO14064                                                                                                                                                                                                ,6049256,台灣廠區,ISO14064                                                                                                                                                                                                ,6.491,百萬 營業額                                                                                                                                                                                             
2331,精英,211,室氣體排放涵蓋精英電腦股份有限公司、興英數位科技(深圳)有限公司、精英電腦(蘇州工業園區)有限公司、與精英科技(泰國)股份有限公司。,深圳市標準化指導性技術文件SZDB/Z 69-2018 組織的溫室氣體排放量化和報告規範及指南；深圳市標準化指導性技術文件SZDB/Z 70-2018 組織的溫室氣體排放核查指南                                                    ,28957,溫室氣體排放涵蓋精英電腦股份有限公司、興英數位科技(深圳)有限公司、精英電腦(蘇州工業園區)有限公司、與精英科技(泰國)股份有限公司。,深圳市標準化指導性技術文件SZDB/Z 69-2018;組織的溫室氣體排放量化和報告規範及指南;深圳市標準化指導性技術文件SZDB/Z 70-2018 組織的溫室氣體排放核查指南                                                     ,"無，111年進行ISO 14064-1:2018 溫室氣體盤查, 112年進行查證",,,0.0012,系統產品於組裝階段，平均每台產生0.001202 噸CO2e/  台                                                                                                                                                    
2332,友訊,206.7743,僅母公司大樓,ISO 14064,1353.3939,僅母公司大樓,ISO 14064,無，無統計相關數據,,,2.5661,員工人數                                                                                                                                                                                                
2337,旺宏,148853.62,僅母公司,ISO 14064,256991.0941,僅母公司,ISO 14064,325464.5601,僅母公司,ISO 14064,8,年度總營收(百萬元)                                                                                                                                                                                      
2338,光罩,65.907,僅母公司,,15466.62,僅母公司,,無，無統計相關數據,,,0.2418,產品
2340,台亞,3411,僅母公司,,37091,僅母公司,,8761,僅母公司,,10,佰萬元營業額                                                                                                                                                                                            
2342,茂矽,160285.0605,僅母公司,ISO 14064,49232.4276,僅母公司,ISO 14064,無，無統計相關數據,,,0.344,產品
2344,華邦電,38760,母公司,ISO 14064,277284,母公司,ISO 14064,"無，因應IAF(國際認證論壇)考量COVID-19疫情，已將ISO14064-1:2018轉版期限延長為6個月(2022/6/30)。  華邦2021年數據依ISO14064-1:2006已完成外部盤查，並取得證書。  2022年數據預計於2023年6月底前完成ISO14064-1:2018盤查，屆時會有範疇三數據。",,,0.0126,layer(層-晶圓光罩)                                                                                                                                                                                      
2345,智邦,2593,僅母公司,ISO 14064,11583,僅母公司,ISO 14064,2145,"僅母公司，類別4(4.1/4.3/4.5)，說明如下： 新竹一廠及竹南廠(外購電力/氮氣/自來水及一般廢棄物處理) 新竹二廠(外購電力/自來水及一般廢棄物處理)",ISO 14064,0.2874,百萬元營業額                                                                                                                                                                                            
2347,聯強,1697,聯強台灣與合併財務報表之子公司通達智能運籌,,2379,聯強台灣與合併財務報表之子公司通達智能運籌,,無，無統計相關數據,,,12.57,每輛物流車                                                                                                                                                                                              
2348,海悅,無，無統計相關數據,,,無，無統計相關數據,,,無，無統計相關數據,,,無，無統計相關數據,
2349,錸德,113.1,僅母公司,,22183.7,僅母公司,,無，無統計相關數據,,,0.0081,營業額
2351,順德,2087.6404,母公司,ISO 14064,28407.3836,母公司,ISO 14064,16338.3694,母公司,ISO 14064,0.0057,千元營業額                                                                                                                                                                                              
2352,佳世達,2289.09,佳世達台灣/蘇州/越南廠區,ISO 14064,104382.61,佳世達台灣/蘇州/越南廠區,ISO 14064,76.39,佳世達台灣/蘇州廠區,ISO 14064,21.91,營業額
2353,宏碁,4551,含合併財務報表之母子公司,ISO 14064,8746,含合併財務報表之母子公司,ISO 14064,2099472,含合併財務報表之母子公司,ISO 14064,0.04,百萬營業額                                                                                                                                                                                              
2354,鴻準,4452,鴻準集團主要廠區,,239252,鴻準集團主要廠區,,無，無統計相關數據,,,0,營業額
2355,敬鵬,10012.12,母公司+ 子公司 敬鵬(常熟)電子有限公司,,187433.86,母公司+ 子公司 敬鵬(常熟)電子有限公司,,無，無統計相關數據,,,7.81,營業額
2356,英業達,7141.83,"英業達股份有限公司Inventec Corporation (士林廠 Shilin site(IET)、桃園廠 Taoyuan site(TAO)、桃園廠 Taoyuan site(ITO))、 英業達(重慶)有限公司Inventec (Chongqing) Corporation (ICC)、 英業達科技有限公司Inventec (Pudong) Technology Corporation (IPT)、 上海順詮科技有限公司SQ Technology (Shanghai) Corporation (SQT)、 Inventec (Czech) S.R.O. (ICZ)、 IEC Technologies, S . de R. L. de C. V. (IMX)",ISO 14064,93758.4,"英業達股份有限公司Inventec Corporation (士林廠 Shilin site(IET)、桃園廠 Taoyuan site(TAO)、桃園廠 Taoyuan site(ITO))、 英業達(重慶)有限公司Inventec (Chongqing) Corporation (ICC)、 英業達科技有限公司Inventec (Pudong) Technology Corporation (IPT)、 上海順詮科技有限公司SQ Technology (Shanghai) Corporation (SQT)、 Inventec (Czech) S.R.O. (ICZ)、 IEC Technologies, S . de R. L. de C. V. (IMX)",ISO 14064,664446.37,"英業達股份有限公司Inventec Corporation (士林廠 Shilin site(IET)、桃園廠 Taoyuan site(TAO)、桃園廠 Taoyuan site(ITO))、 英業達(重慶)有限公司Inventec (Chongqing) Corporation (ICC)、 英業達科技有限公司Inventec (Pudong) Technology Corporation (IPT)、 上海順詮科技有限公司SQ Technology (Shanghai) Corporation (SQT)、 Inventec (Czech) S.R.O. (ICZ)、 IEC Technologies, S . de R. L. de C. V. (IMX)",ISO 14064,100900.24,千億營業額                                                                                                                                                                                              
2357,華碩,93.98,合併營收之母子公司(依據ISO14064實質性定義排除不具控制權的企業),ISO 14064,17161,合併營收之母子公司(依據ISO14064實質性定義排除不具控制權的企業),ISO 14064,1460112,商務旅行及產品下游運輸、供應鏈，產品使用,ISO 14064,0.9482,營業額
2359,所羅門,無，無統計相關數據,,,無，無統計相關數據,,,無，無統計相關數據,,,無，無統計相關數據,
2360,致茂,11548.5995,僅母公司,ISO 14064,7937.8316,僅母公司,ISO 14064,1894.5666,僅母公司,ISO 14064,0.001,營業額(仟元)                                                                                                                                                                                            
2362,藍天,5782,母公司,,601141,母公司,,0,母公司,,137.2,kgCO2e/樓地板面積                                                                                                                                                                                       
2363,矽統,無，無統計相關數據,,,無，無統計相關數據,,,無，無統計相關數據,,,無，無統計相關數據,
2364,倫飛,665.447,母公司,,無，詳年報說明,,,無，詳年報說明,,,無，無統計相關數據,
2365,昆盈,無，無統計相關數據,,,無，無統計相關數據,,,無，無統計相關數據,,,無，無統計相關數據,
2367,燿華,3721.08,僅母公司,ISO 14064,105521.85,僅母公司,ISO 14064,31552.08,僅母公司,ISO 14064,0.04,產量                                                                                                                                                                                                    
2368,金像電,45303,合併財務報表之母子公司,ISO 14064,362505,合併財務報表之母子公司,ISO 14064,33672,合併財務報表之母子公司,ISO 14064,16.5923,百萬元營業額                                                                                                                                                                                            
2369,菱生,1846.7307,僅母公司,ISO 14064,65725.4404,僅母公司,ISO 14064,20266.8008,僅母公司,ISO 14064,12.3626,產品
2371,大同,1616.52,僅母公司,,19356.61,僅母公司,,無，無統計相關數據,,,無，129.66公噸CO2e/億元(範疇一+二),
2373,震旦行,997.793,僅母公司,,1538.2557,僅母公司,,無，無統計相關數據,,,0.001,營業額
2374,佳能,111.089,母公司,,944.819,母公司,,無，無統計相關數據,,,0.2953,營業額
2375,凱美,1192.111,子公司,,8498.035,子公司,,無，無統計相關數據,,,9690.141,產品
2376,技嘉,1063.5185,"技嘉科技營運總部、桃園南平廠、中國東莞廠和寧波廠 及子公司百事益國際和盈嘉科技台北矽谷園區。",ISO 14064,28874.4279,"技嘉科技營運總部、桃園南平廠、中國東莞廠和寧波廠 及子公司百事益國際和盈嘉科技台北矽谷園區。",ISO 14064,5767898.725,"技嘉科技營運總部、桃園南平廠、中國東莞廠和寧波廠 及子公司百事益國際和盈嘉科技台北矽谷園區。",ISO 14064,0.2456,百萬營業額                                                                                                                                                                                              
2377,微星,430,母公司,ISO 14064,6988,母公司,ISO 14064,64.7,母公司,ISO 14064,0.037,營業額
2379,瑞昱,32.47,僅包含瑞昱新竹營運總部,,23925.52,僅包含瑞昱新竹營運總部,,"無，110年範疇三排放量,尚在盤查統計中。",,,無，無統計相關數據,
2380,虹光,165.57,母公司,,926.62,母公司,,無，無統計相關數據,,,0.02,產品
2382,廣達,32425.22,資料邊界： 廣達電腦(股)公司臺灣總部QRDC及廣達台灣製造城QTMC、廣達上海製造城QSMC、廣達重慶製造城QCMC、廣達泰國廠QMB,ISO 14064,647700.15,資料邊界： 廣達電腦(股)公司臺灣總部QRDC及廣達台灣製造城QTMC、廣達上海製造城QSMC、廣達重慶製造城QCMC、廣達泰國廠QMB,ISO 14064,20732,資料邊界： 廣達電腦(股)公司臺灣總部QRDC及廣達台灣製造城QTMC、廣達上海製造城QSMC、廣達重慶製造城QCMC、廣達泰國廠QMB,ISO 14064,無，無統計相關數據,
2383,台光電,15679.43,母公司,ISO 14064,25755.56,母公司,ISO 14064,9707.909,母公司,ISO 14064,0.0045,公噸CO2 e /總營收(新台幣仟元)                                                                                                                                                                           
2385,群光,7273.24,群光電子(含海外各廠區，不含子公司),ISO 14064,90208.3,群光電子(含海外各廠區，不含子公司),ISO 14064,46738660.44,群光電子(含海外各廠區，不含子公司),ISO 14064,97481.54,營業額
2387,精元,無，無統計相關數據,,,無，無統計相關數據,,,無，無統計相關數據,,,無，無統計相關數據,
2388,威盛,無，積體電路設計業，無製程，針對範疇一部份未進行盤查。（預計於明年度揭露111年度之盤查結果）,,,1730,威盛電子台北總公司,,無，未盤查（預計於明年度揭露111年度之盤查結果）,,,無，今年度ESG專案進行相關資料之盤查,
2390,云辰,無，無統計相關數據,,,無，無統計相關數據,,,無，無統計相關數據,,,無，無統計相關數據,
2392,正崴,11802,母公司及主要生產基地之子公司,ISO 14064,234489,母公司及主要生產基地之子公司,ISO 14064,606,母公司及主要生產基地之子公司,ISO 14064,無，無統計相關數據,
2393,億光,438.6,總公司，苗栗苑裡廠、苗栗銅鑼廠,,35916.1,億光電子台灣地區,,無，無統計相關數據,,,6.4,產品
2395,研華,3371.1863,台灣、中國,ISO 14064,28690.2202,包含研華總部(瑞光大樓、陽光大樓、東湖廠、林口園區)、中國昆山廠區,ISO 14064,2308.9975,台灣廠區、中國昆山廠區,ISO 14064,0.58,營業額百萬                                                                                                                                                                                              
2397,友通,484.2737,友通資訊之組織邊界設定以營運控制權為主，其盤查組織邊界之溫室氣體排放量百分之百歸屬本公司，友通包括汐止遠雄總部、汐止工廠及桃園工廠，其中汐止工廠於2021年4月至10月搬遷，11月25日完成交屋。,ISO 14064,2817.3847,友通資訊之組織邊界設定以營運控制權為主，其盤查組織邊界之溫室氣體排放量百分之百歸屬本公司，友通包括汐止遠雄總部、汐止工廠及桃園工廠，其中汐止工廠於2021年4月至10月搬遷，11月25日完成交屋。,ISO 14064,無，無統計相關數據,,,無，無統計相關數據,
2399,映泰,無，僅有辦公處所，無生產製造且法令無規範。,,,無，僅有辦公處所，無生產製造且法令無規範。,,,無，僅有辦公處所，無生產製造且法令無規範。,,,無，僅有辦公處所，無生產製造且法令無規範。,
2401,凌陽,3.857,僅母公司,,3957.09,母公司,,無，無統計相關數據,,,49.754,營業額
2402,毅嘉,無，無統計相關數據,,,無，無統計相關數據,,,無，無統計相關數據,,,無，無統計相關數據,
2404,漢唐,無，無統計相關數據,,,無，無統計相關數據,,,無，無統計相關數據,,,無，無統計相關數據,
2405,輔信,無，本公司溫室氣體排放量非屬範疇一之規範項目,,,439.046,母公司,,無，無統計相關數據,,,無，無統計相關數據,
2406,國碩,39.35,國碩二廠和國碩新豐廠,,3673.43,國碩二廠和國碩新豐廠,,無，無統計相關數據,,,0.0045,"835,000萬元                                                                                                                                                                                             "
2408,南亞科,56409,母公司,ISO 14064,373639,母公司,ISO 14064,972973,母公司,ISO 14064,0.383,千顆晶粒                                                                                                                                                                                                
2409,友達,79186.29,全球營運據點,ISO 14064,2841287.55,全球營運據點,ISO 14064,1286084.64,全球營運據點及友達晶材,ISO 14064,0.042,產品(米平方)                                                                                                                                                                                            
2412,中華電,17887.47,資料涵蓋覆蓋中華電信總公司、各地營運處、及分公司等組織邊界範圍,ISO 14064,716979.259,資料涵蓋覆蓋中華電信總公司、各地營運處、及分公司等組織邊界範圍,ISO 14064,1456835.344,資料涵蓋覆蓋中華電信總公司、各地營運處、及分公司等組織邊界範圍,ISO 14064,3.4914,百萬營業額                                                                                                                                                                                              
2413,環科,無，無統計相關數據,,,無，無統計相關數據,,,無，無統計相關數據,,,無，無統計相關數據,
2414,精技,無，無統計相關數據,,,714.4143,僅母公司,,無，無統計相關數據,,,0.0341,佰萬營業額                                                                                                                                                                                              
2415,錩新,無，無統計相關數據,,,無，無統計相關數據,,,無，無統計相關數據,,,無，無統計相關數據,
2417,圓剛,8.1,資料涵蓋範圍為總公司,,471.1,資料涵蓋範圍為總公司,,無，無統計相關數據,,,0.1,營業額
2419,仲琦,76.9978,僅母公司,ISO 14064,666.2544,僅母公司,ISO 14064,135.597,僅母公司,ISO 14064,2.147,營業額
2420,新巨,326,合併財務報表之母子公司,,5188,合併財務報表之母子公司,,無，無統計相關數據,,,2.07,百萬營業額                                                                                                                                                                                              
2421,建準,1147.2,以上數據揭露以集團生產據點為主。,,29239.71,以上數據揭露以集團生產據點為主。,,無，無統計相關數據,,,無，無統計相關數據,
2423,固緯,1420,母公司,,無，無統計相關數據,,,無，無統計相關數據,,,無，無統計相關數據,
2424,隴華,70.72,僅母公司,,無，無統計相關數據,,,無，無統計相關數據,,,無，無統計相關數據,
2425,承啟,無，無統計相關數據,,,無，無統計相關數據,,,無，無統計相關數據,,,無，無統計相關數據,
2426,鼎元,11145.248,母公司,ISO 14064,18404.071,母公司,ISO 14064,4080.075,母公司,ISO 14064,10.006,百萬營業額                                                                                                                                                                                              
2427,三商電,無，無生產活動,,,194.7,母公司,,無，無統計相關數據,,,0.62,員工人數                                                                                                                                                                                                
2428,興勤,141.477,總公司+楠梓1廠+楠梓2廠,,6065.285,總公司+楠梓1廠+楠梓2廠,,無，無統計相關數據,,,0.0014,產品
2429,銘旺科,無，N/A,,,無，N/A,,,無，N/A,,,無，N/A,
2430,燦坤,無，無統計相關數據,,,無，無統計相關數據,,,無，無統計相關數據,,,無，無統計相關數據,
2431,聯昌,無，無統計相關數據,,,無，無統計相關數據,,,無，無統計相關數據,,,無，無統計相關數據,
2433,互盛電,229.0959,僅母公司,,290.8181,僅母公司,,無，無統計相關數據,,,0.009,營業額
2434,統懋,無，無統計相關數據,,,無，無統計相關數據,,,無，無統計相關數據,,,無，無統計相關數據,
2436,偉詮電,無，資料收集中,,,1050,包含合併財務報表之母子公司,,無，資料收集中,,,0.29,營業額單位為佰萬元                                                                                                                                                                                      
2438,翔耀,無，無統計相關數據,,,無，無統計相關數據,,,無，無統計相關數據,,,無，無統計相關數據,
2439,美律,890.8852,母公司與部分合併財務報表之子公司,ISO14064-1:2018                                                                                                                                                                                         ,23442.3934,母公司與部分合併財務報表之子公司,ISO14064-1:2018                                                                                                                                                                                         ,1136.379,母公司與部分合併財務報表之子公司,ISO14064-1:2018                                                                                                                                                                                         ,0.6725,營業額單位為百萬元                                                                                                                                                                                      
2440,太空梭,無，無統計相關數據,,,無，無統計相關數據,,,無，無統計相關數據,,,無，無統計相關數據,
2441,超豐,715.4958,超豐電子股份有限公司營運範圍,,107870.132,超豐電子股份有限公司營運範圍,,23882.2433,超豐電子股份有限公司營運範圍,,無，無統計相關數據,
2442,新美齊,無，無統計相關數據,,,無，無統計相關數據,,,無，無統計相關數據,,,無，無統計相關數據,
2444,兆勁,無，無統計相關數據,,,830.4,僅本公司,,無，無統計相關數據,,,無，無統計相關數據,
2449,京元電子,7111,含母子公司,ISO 14064,407079,含母子公司,ISO 14064,70678,母公司,ISO 14064,1436.26,營業額
2450,神腦,221.0329,母公司新店總公司共11處辦公室,ISO 14064,347.9377,母公司新店總公司共11處辦公室,ISO 14064,158.7924,母公司新店總公司共11處辦公室,ISO 14064,1.64,人                                                                                                                                                                                                      
2451,創見,37.721,僅母公司,,3953.752,僅母公司,,無，無統計相關數據,,,0.28,百萬營業額                                                                                                                                                                                              
2453,凌群,無，本公司無生產製程，故無製程排放源。,,,1132,母公司,,無，無統計相關數據,,,0.2029,百萬營業額                                                                                                                                                                                              
2454,聯發科,5326,僅母公司,,61992,僅母公司,,無，無統計相關數據,,,6.13,母公司員工人數                                                                                                                                                                                          
2455,全新,561.3146,平鎮廠、平鎮二廠,ISO 14064,14812.2128,平鎮廠、平鎮二廠,ISO 14064,無，無統計相關數據,,,15373.5274,產品
2457,飛宏,613,合併財務報表之母子公司,,29580,合併財務報表之母子公司,,無，無統計相關數據,,,4.8,營業額
2458,義隆,132.726,義隆電子、義隆香港、義晶、義碩、義傳,AA1000                                                                                                                                                                                                  ,2865.077,義隆電子、義隆香港、義晶、義碩、義傳,AA1000                                                                                                                                                                                                  ,13.018,義隆電子、義隆香港、義晶、義碩、義傳,AA1000                                                                                                                                                                                                  ,0.0036,產品
2459,敦吉,無，無統計相關數據,,,394,母公司及子公司敦吉檢測科技股份有限公司台北商辦大樓,,無，無統計相關數據,,,無，無統計相關數據,
2460,建通,無，無統計相關數據,,,無，無統計相關數據,,,無，無統計相關數據,,,無，無統計相關數據,
2461,光群雷,6.12,僅母公司,,1821.75,僅母公司,,無，無統計相關數據,,,1.35,百萬營業額                                                                                                                                                                                              
2462,良得電,無，無統計相關數據,,,無，無統計相關數據,,,無，無統計相關數據,,,無，無統計相關數據,
2464,盟立,無，無統計相關數據,,,無，無統計相關數據,,,無，無統計相關數據,,,無，無統計相關數據,
2465,麗臺,無，無統計相關數據,,,無，無統計相關數據,,,無，無統計相關數據,,,無，無統計相關數據,
2466,冠西電,無，無統計相關數據,,,2916.5,母公司宜蘭廠,,無，無統計相關數據,,,0.0049,營業額
2467,志聖,無，無統計相關數據,,,無，無統計相關數據,,,無，無統計相關數據,,,無，無統計相關數據,
2468,華經,0,包含合併財務報表之母子公司,,340,包含合併財務報表之母子公司,,0,包含合併財務報表之母子公司,,無，無統計相關數據,
2471,資通,無，詳年報說明,,,無，詳年報說明,,,244,僅母公司,,無，無統計相關數據,
2472,立隆電,無，無統計相關數據,,                                                                                                                                                                                                        ,無，無統計相關數據,,,無，無統計相關數據,,,無，無統計相關數據,
2474,可成,7682.413,僅母公司台南廠區,,63938.736,僅母公司台南廠區,,63.9811,僅母公司台南廠區外包交通運輸之柴油,,0.0125,產品
2476,鉅祥,無，無統計相關數據,,,無，無統計相關數據,,,無，無統計相關數據,,,無，無統計相關數據,
2477,美隆電,19.9365,母公司,,521.778,母公司,,無，上下游廠商及運輸公司未有效統計溫室氣體排放量,,,無，無完整範疇三資料統計,
2478,大毅,440.0133,母公司,,27881.6824,母公司,,862.8508,母公司,,0,營業額
2480,敦陽科,5.5,新竹總公司、台北辦事處、花蓮辦事處,,412.5,新竹總公司、台北辦事處,,無，無統計相關數據,,,418,營業額
2481,強茂,1479.68,岡山廠,,25063.26,岡山廠,,394.89,岡山廠,,3.0942,營業額
2482,連宇,無，無統計相關數據,,,655.05,僅母公司,,無，無統計相關數據,,,無，無統計相關數據,
2483,百容,無，公司無此範疇之排放,,,1402.5,僅母公司,,無，無統計相關數據,,,無，無統計相關數據,
2484,希華,455.98,母公司,,13509.53,母公司,,無，無統計相關數據,,,4.95,百萬營業額                                                                                                                                                                                              
2485,兆赫,4641.4245,僅母公司,,無，尚未統計,,,無，尚未統計,,,0,營業額
2486,一詮,無，無統計相關數據,,,無，無統計相關數據,,,無，無統計相關數據,,,無，無統計相關數據,
2488,漢平,7.38,範疇一是針對直接來自於母公司所擁有或控制的排放源，其包含固定燃燒源、製程排放、交通運輸上之移動燃燒源及逸散性的排放源，排放係數依環保署最新公告溫室氣體排放係數管理表6.0.4版計算。,,374.11,範疇二是指能源間接排放，如外購電力。電力排放係數依經濟部能源局最新公告之最新電力排碳係數計算。(母公司),,無，無統計相關數據,,,0.1535,佰萬營業額                                                                                                                                                                                              
2489,瑞軒,568.75,"1.範疇涵蓋母公司(含總公司/越南廠)及子公司(蘇州樂軒科技有限公司) 2.數據涵蓋直接擁有或控制的排放源所直接排放的溫室氣體",,2023,"1.範疇涵蓋母公司(含總公司/越南廠)及子公司(蘇州樂軒科技有限公司) 2.外購電力產生溫室氣體排放",,無，公司未盤查範疇(三) 上游運輸/通勤商旅/下游運輸等間接溫室氣體排放,,,0.9356,營業額
2491,吉祥全,88.121,母子公司,,無，無統計相關數據,,,無，無統計相關數據,,,無，無統計相關數據,
2492,華新科,8836,華新科技及子公司(東莞華科電子有限公司 / 蘇州華科電子有限公司 / 廣州匯僑電子有限公司),ISO 14064,294019,華新科技及子公司(東莞華科電子有限公司 / 蘇州華科電子有限公司 / 廣州匯僑電子有限公司),ISO 14064,24987,華新科技(台灣廠)-ISO14064:2018類別3+類別4,ISO 14064,0.268,產品
2493,揚博,無，無統計相關數據,,,無，無統計相關數據,,,無，無統計相關數據,,,無，無統計相關數據,
2495,普安,無，無統計相關數據,,,2561.2,僅母公司,,無，無統計相關數據,,,無，無統計相關數據,
2496,卓越,無，無統計相關數據,,,無，無統計相關數據,,,無，詳年報說明,,,無，無統計相關數據,
2497,怡利電,無，無統計相關數據,,,無，無統計相關數據,,,無，無統計相關數據,,,無，無統計相關數據,
2498,宏達電,199.46,範圍以HTC台灣區域為主，涵蓋所有HTC在台灣執行營運的母子公司組織範疇,"艾法諾國際股份有限公司 (AFNOR Asia)、台灣檢驗科技(SGS Taiwan)；ISO 14064-1:2018 , AA1000                                                                                                                ",8124.92,範圍以HTC台灣區域為主，涵蓋所有HTC在台灣執行營運的母子公司組織範疇,"艾法諾國際股份有限公司 (AFNOR Asia)、台灣檢驗科技(SGS Taiwan);ISO 14064-1:2018, AA1000                                                                                                                  ",1729.38,範圍以HTC台灣區域為主，涵蓋所有HTC在台灣執行營運的母子公司組織範疇,"艾法諾國際股份有限公司 (AFNOR Asia)、台灣檢驗科技(SGS Taiwan) ; ISO 14064-1:2018, AA1000                                                                                                                ",1.585,單位為t-CO2e/百萬營業額                                                                                                                                                                                 
2501,國建,18.116,僅母公司,採用ISO14064-1:2008標準                                                                                                                                                                                 ,344.769,僅母公司,採用ISO14064-1:2008標準                                                                                                                                                                                 ,145.142,僅母公司,採用ISO14064-1:2008標準                                                                                                                                                                                 ,3.34,員工人數                                                                                                                                                                                                
2504,國產,無，無統計相關數據,,,1425,僅總公司及汐止、台中及台南廠,,無，無統計相關數據,,,2.32,員工數                                                                                                                                                                                                  
2505,國揚,無，無統計相關數據,,,無，無統計相關數據,,,無，無統計相關數據,,,無，無統計相關數據,
2506,太設,無，無統計相關數據，因資本額未達規定。,,,無，無統計相關數據，因資本額未達規定。,,,無，無統計相關數據，因資本額未達規定。,,,無，無統計相關數據，因資本額未達規定。,
2509,全坤建,無，無統計相關數據,,,無，無統計相關數據,,,無，無統計相關數據,,,無，無統計相關數據,
2511,太子,無，因各工地機具種類繁多且各有型號差異，故無法統計各機具直接溫室氣體排放量。,,,5532.9,母公司,,無，無統計相關數據,,,0.056,"平方公尺(總樓地板面積為99,150平方公尺)                                                                                                                                                                  "
2514,龍邦,無，無統計相關數據,,,無，無統計相關數據,,,無，無統計相關數據,,,無，無統計相關數據,
2515,中工,47.7725,"本次盤查範圍涵蓋中華工程股份有限公司，座落於臺北市松山區東興路 12號B1F、6F、13F、14F、15F",ISO 14064,497.5995,"本次盤查範圍涵蓋中華工程股份有限公司，座落於臺北市松山區東興路 12號B1F、6F、13F、14F、15F",ISO 14064,無，無統計相關數據,,,無，無統計相關數據,
2516,新建,無，無統計相關數據,,,無，無統計相關數據,,,無，無統計相關數據,,,無，無統計相關數據,
2520,冠德,無，無統計相關數據,,,214.7,冠德大樓電力使用,,無，無統計相關數據,,,無，無統計相關數據,
2524,京城,無，無統計相關數據,,,無，無統計相關數據,,,無，無統計相關數據,,,無，無統計相關數據,
2527,宏璟,無，無統計相關數據,,,無，無統計相關數據,,,無，無統計相關數據,,,無，無統計相關數據,
2528,皇普,無，無統計相關數據,,,無，無統計相關數據,,,無，無統計相關數據,,,無，無統計相關數據,
2530,華建,0.93,母公司,,49.01,母公司,,無，無統計相關數據,,,0.04,以排放量/面積計算                                                                                                                                                                                       
2534,宏盛,無，無統計相關數據,,,無，無統計相關數據,,,無，無統計相關數據,,,無，無統計相關數據,
2535,達欣工,49.1312,母公司營運總部,,205.3538,母公司營運總部,,53.2943,母公司營運總部(員工通勤),,0.0017,營業額( /百萬 )                                                                                                                                                                                         
2536,宏普,無，無統計相關數據,,,無，無統計相關數據,,,無，無統計相關數據,,,無，無統計相關數據,
2537,聯上發,無，無統計相關數據,,,無，無統計相關數據,,,無，無統計相關數據,,,無，無統計相關數據,
2538,基泰,無，無統計相關數據,,,31,母公司,,無，無統計相關數據,,,無，無統計相關數據,
2539,櫻花建,12.92,母公司,,2469.94,母公司,,無，無統計相關數據,,,0.0055,單位:樓地板面積㎡                                                                                                                                                                                       
2540,愛山林,無，無統計相關數據,,,無，無統計相關數據,,,無，無統計相關數據,,,無，無統計相關數據,
2542,興富發,無，無統計相關數據,,,無，無統計相關數據,,,無，無統計相關數據,,,無，無統計相關數據,
2543,皇昌,無，無統計相關數據,,,無，無統計相關數據,,,無，無統計相關數據,,,無，無統計相關數據,
2545,皇翔,無，尚未啟動,,,無，尚未啟動,,,無，尚未啟動,,,無，尚未啟動,
2546,根基,無，無統計相關數據,,,214.7,冠德大樓電力使用,,無，無統計相關數據,,,無，無統計相關數據,
2547,日勝生,317.66,日勝生/日鼎水務(查證中),ISO 14064,5305.4,日勝生/日鼎水務(查證中),ISO 14064,1020.72,日勝生/日鼎水務(查證中),ISO 14064,1.06,日勝生：噸CO2e/人                                                                                                                                                                                       
2548,華固,無，無統計相關數據,,,34.284,僅母公司辦公室,,無，無統計相關數據,,,0.1024,母公司樓地板面積(坪)                                                                                                                                                                                    
2597,潤弘,523791.1629,包含合併財務報表之母子公司,,41054.4134,包含合併財務報表之母子公司,,無，無統計相關數據,,,0.892,熟料生產程序                                                                                                                                                                                            
2601,益航,無，無統計相關數據,,,61053,合併財務報表之母子公司,,無，無統計相關數據,,,無，無統計相關數據,
2603,長榮,8227611.668,合併財務報表之母子公司所營運船隊、高雄貨櫃場以及台灣地區各辦公大樓。,GHG Protocol and ISO 14064-1:2018                                                                                                                                                                       ,28637.2684,合併財務報表之母子公司所營運船隊、高雄貨櫃場以及台灣地區各辦公大樓。,GHG Protocol and ISO 14064-1:2018                                                                                                                                                                       ,4685343.225,合併財務報表之母子公司所營運船隊、高雄貨櫃場以及台灣地區各辦公大樓。,GHG Protocol and ISO 14064-1:2018                                                                                                                                                                       ,0,海運使用單位為g/TEU-KM，110年為42.68g / TEU-KM                                                                                                                                                          
2605,新興,280916,包含合併財務報表之母子公司,,21.9,僅母公司,,無，無統計相關數據,,,0.44,海哩                                                                                                                                                                                                    
2606,裕民,773100,本公司所有自有船舶的直接排放,DNV VeriSustain 中等保證等級                                                                                                                                                                            ,1742.25,母公司辦公室外購電力之間接排放源,DNV VeriSustain 中等保證等級                                                                                                                                                                            ,40.81,母公司員工通勤及出差排放,DNV VeriSustain 中等保證等級                                                                                                                                                                            ,5.61,延噸海浬                                                                                                                                                                                                
2607,榮運,無，詳年報說明,,,無，詳年報說明,,,無，尚未執行盤查,,,無，尚未執行盤查,
2608,嘉里大榮,57096.2064,嘉里大榮物流組織全部(母公司),ISO 14064,23460.0433,嘉里大榮物流組織全部(母公司),ISO 14064,15988.262,嘉里大榮物流組織全部(母公司),ISO 14064,9.14,營業額
2609,陽明,3989792.823,母公司,ISO 14064,10732.6461,母公司,ISO 14064,120928.4453,母公司,ISO 14064,無，海運使用單位為g/TEU-KM，2021年42.35g/TEU-KM。,服務
2610,華航,5878428.143,母公司,ISO 14064,16696.7449,母公司,ISO 14064,3174662.225,包含部份合併財務報表之子公司,ISO 14064,0.7726,航空燃油排放量/總酬載重量收益噸數公里                                                                                                                                                                   
2611,志信,無，無統計相關數據,,,無，無統計相關數據,,,無，無統計相關數據,,,無，無統計相關數據,
2612,中航,362480,海岬型散裝輪船隊，貨櫃運輸曳引車及倉儲物流機具。,MARPOL Convention regulation 22A of Annex VI 防止船舶污染國際公約(MARPOL) 附錄6規則22A                                                                                                                  ,無，無統計相關數據,,,無，無統計相關數據,,,102.0007,佰萬營業額                                                                                                                                                                                              
2613,中櫃,4678.41,本公司,,8948.94,本公司,,無，無統計相關數據,,,無，無統計相關數據,
2614,東森,38.38,僅母公司,,11678.79,包含合併財務報表之母子公司,,無，無統計相關數據,,,2.13,營收百萬元                                                                                                                                                                                              
2615,萬海,4917067.1,萬海船隊(含自有船和租船),ISO 14064,15410.53,台中高雄專用碼頭、台北台中高雄辦公室,,無，預計於2022年底完成ISO14064溫室氣體盤查與驗證,,,76.66,TEU/KM                                                                                                                                                                                                  
2616,山隆,無，無統計相關數據,,,無，無統計相關數據,,,無，無統計相關數據,,,無，無統計相關數據,
2617,台航,無，無統計相關數據,,,無，無統計相關數據,,,無，無統計相關數據,,,無，無統計相關數據,
2618,長榮航,4127118.706,僅母公司,ISO 14064,12228.009,僅母公司,ISO 14064,7589.2875,僅母公司,ISO 14064,0.837,服務
2630,亞航,2327.92,本公司廠區(松山、台中、台南(含歸仁)、屏東)所產生之範疇一溫室氣體排放量。,,25.41,本公司廠區(松山、台中、台南(含歸仁)、屏東)所產生之範疇二溫室氣體排放量。,,無，無統計相關數據,,,0.6058,百萬營業額                                                                                                                                                                                              
2633,台灣高鐵,1481.5537,車站,ISO 14064,45947.4916,車站,ISO 14064,無，無統計相關數據,,,37,(百萬延人公里)                                                                                                                                                                                          
2634,漢翔,4781.17,僅母公司,ISO 14064,62246.11,僅母公司,ISO 14064,23304.16,僅母公司,ISO 14064,2.82,百萬營業額                                                                                                                                                                                              
2636,台驊控股,227785,,,無，無統計相關數據,,,無，無統計相關數據,,,無，無統計相關數據,
2637,慧洋-KY,30733,包含合併財務報表之母子公司,,117,包含合併財務報表之母子公司,,1792783,包含合併財務報表之母子公司,,0.0065,噸CO2e/海浬                                                                                                                                                                                             
2642,宅配通,14335.293,台灣宅配通股份有限公司,ISO 14064,4685.4327,台灣宅配通股份有限公司,ISO 14064,無，無統計相關數據,,,無，無統計相關數據,
2646,星宇航空,,,N/A,N/A,N/A,N/A,,,N/A,,
2701,萬企,無，無統計相關數據,,,無，無統計相關數據,,,無，無統計相關數據,,,無，無統計相關數據,
2702,華園,無，無統計相關數據,,,927.36,僅為母公司,,無，無統計相關數據,,,43665,千元營業額                                                                                                                                                                                              
2704,國賓,2477.44,"2021/1/1~2021/12/31以國賓大飯店為主體，包 含台北、新竹、高雄三館",,11247.31,"2021/1/1~2021/12/31以國賓大飯店為主體，包 含台北、新竹、高雄三館",,無，無統計相關數據,,,0.0091,千元營業額                                                                                                                                                                                              
2705,六福,1431.728,母公司之主要營運地，包含總公司及南港分公司,,9627.2556,母公司之主要營運地，包含總公司及南港分公司,,131.8691,母公司之主要營運地，包含總公司及南港分公司,,0.0089,營業額-千元                                                                                                                                                                                             
2706,第一店,無，無統計相關數據,,,無，無統計相關數據,,,無，無統計相關數據,,,無，無統計相關數據,
2707,晶華,12.168,台北晶華,,11290.59,台北晶華,,無，無統計相關數據,,,4.8279,百萬營業額                                                                                                                                                                                              
2712,遠雄來,685225.6817,母公司,,3657.7728,母公司,,無，無統計相關數據,,,0.002,營業額
2722,夏都,398.3,僅為母公司,,3766.2,僅為母公司,,無，無統計相關數據,,,無，無統計相關數據,
2723,美食-KY,無，無統計相關數據,,,無，無統計相關數據,,,無，無統計相關數據,,,無，無統計相關數據,
2727,王品,無，門店發電機僅消防緊急用電照明與排煙，非平日營運所供電，因此非緊急時刻不會啟用，用量極少,,,50385.3649,含王品、王莆(子公司)、群品(子公司),,5411.26,含王品、王莆(子公司)、群品(子公司),,2865.07,電費、瓦斯費單各店平均值                                                                                                                                                                                
2731,雄獅,無，無統計相關數據,,,無，無統計相關數據,,,無，無統計相關數據,,,無，無統計相關數據,
2739,寒舍,2573.1771,母公司,,12903.6088,母公司,,無，無統計相關數據,,,0.0066,仟元營業額                                                                                                                                                                                              
2748,雲品,1048,合併財務報表母子公司,,6693,合併財務報表母子公司,,無，無統計相關數據,,,0.1317,樓地板面積                                                                                                                                                                                              
2753,八方雲集,550.6,母公司淡水廠、西螺廠、高雄廠,,3171.9,母公司淡水廠、西螺廠、高雄廠,,無，無統計相關數據,,,0.93,百萬營業額                                                                                                                                                                                              
2762,世界健身-KY,,,N/A,N/A,N/A,N/A,,,N/A,,
2801,彰銀,1947.9,母公司之國內全數營運據點,ISO 14064,14413.31,母公司之國內全數營運據點,ISO 14064,13588.28,母公司之國內全數營運據點，盤查內容包含員工通勤、商務旅行、貨物運輸、採購商品、購買資本財、廢棄物處理、生產之產品(信用卡及金融卡等)之碳排放量,ISO 14064,2.48,員工人數                                                                                                                                                                                                
2812,台中銀,301.277,總行民權及民族大樓、南台中分行及太平員訓中心,,1737.1031,總行民權及民族大樓、南台中分行及太平員訓中心,,353.8459,總行民權及民族大樓、南台中分行及太平員訓中心,,無，無統計相關數據,
2816,旺旺保,無，無統計相關數據,,,549,總公司及17家分公司,,無，無統計相關數據,,,492,人                                                                                                                                                                                                      
2820,華票,無，無統計相關數據,,,323,總公司與5家分公司,,無，無統計相關數據,,,無，無統計相關數據,
2832,台產,無，本公司尚未進行溫室氣體盤查作業,,,無，本公司尚未進行溫室氣體盤查作業,,,無，本公司尚未進行溫室氣體盤查作業,,,無，本公司尚未進行溫室氣體盤查作業,
2834,臺企銀,1062.3093,總行及國內125家分行,ISO 14064,9234.7307,總行及國內125家分行,ISO 14064,2340.0702,總行及國內125家分行商務旅行及採購商品與服務之碳排放量,ISO 14064,1.94,員工人數                                                                                                                                                                                                
2836,高雄銀,無，無統計相關數據,,,無，無統計相關數據,,,無，無統計相關數據,,,無，無統計相關數據,
2838,聯邦銀,47.1676,總行、中山、桃鶯、民權、苓雅分行,ISO 14064,834.3723,總行、中山、桃鶯、民權、苓雅分行,ISO 14064,160.5015,總行、中山、桃鶯、民權、苓雅分行,ISO 14064,無，無統計相關數據,
2845,遠東銀,73.9267,僅母公司總行大樓1樓、13樓、17樓、18樓、20樓、26樓、27樓,ISO 14064,869.286,僅母公司總行大樓1樓、13樓、17樓、18樓、20樓、26樓、27樓,ISO 14064,204.4876,僅母公司總行大樓1樓、13樓、17樓、18樓、20樓、26樓、27樓,ISO 14064,2.5294,人                                                                                                                                                                                                      
2849,安泰銀,2.498,公務車使用,,2963.26,外購電力,,無，無統計相關數據,,,無，無統計相關數據,
2850,新產,無，無統計相關數據,,,949971.13,總公司及分公司,,無，無統計相關數據,,,562.78,照明、空調等企業營運之用電                                                                                                                                                                              
2851,中再保,無，無統計相關數據,,,153.14,母公司,,無，無統計相關數據,,,無，無統計相關數據,
2852,第一保,無，無統計相關數據,,,979.909,全公司,,1.738,員工商務差旅，搭乘高鐵之碳足跡,,無，無統計相關數據,
2855,統一證,135.6,總部大樓,ISO 14064,1269.1,總部大樓,ISO 14064,260.96,總部大樓,ISO 14064,2.1479,噸CO2e/人/年                                                                                                                                                                                            
2867,三商壽,22.25,僅信義總公司,ISO 14064,1108.92,僅信義總公司,ISO 14064,3.83,僅信義總公司,ISO 14064,無，無統計相關數據,
2880,華南金,1061.18,本集團國內全數營運據點(含總部),ISO 14064,17279.97,本集團國內全數營運據點(含總部),ISO 14064,無，無統計相關數據,,,1.77,員工總數                                                                                                                                                                                                
2881,富邦金,3653,富邦金控、富邦人壽、台北富邦銀行、富邦產物及富邦證券。,ISO 14064,39241,富邦金控、富邦人壽、台北富邦銀行、富邦產物及富邦證券。,ISO 14064,34411,富邦金控、富邦人壽、台北富邦銀行、富邦產物及富邦證券。,ISO 14064,1.2,人(員工)                                                                                                                                                                                                
2882,國泰金,4105.41,包含集團(金控、人壽、銀行、產險、證券、投信、投顧、創投、期貨、私募)之國內據點，以及部份海外分支機構數據,ISO 14064,55868.85,包含集團(金控、人壽、銀行、產險、證券、投信、投顧、創投、期貨、私募)之國內據點，以及部份海外分支機構數據,ISO 14064,11947333.52,"(1) 其數值範疇包括集團(金控、人壽、銀行、產險、證券、投信、投顧、創投、期貨、私募)之國內據點運輸排放、商務差旅、營運廢棄物、採購商品排放、產品使用階段與產品生命終期排放。 (2)投資授信部位係依據「碳會計金融合作夥伴關係」(PCAF)發展之方法學計算，其中股權及債券部位係以2021年底部位計算，包括股權及公司債，授信部位涉及非上市櫃企業財報數據更新，目前可計算之最新年度的碳盤查數據為2020年，其數值包括發電專案融資、不動產抵押貸款、企業長期貸款部位碳排放。",1. 運輸排放、商務差旅、營運廢棄物、採購商品排放、產品使用階段與產品生命終期排放：ISO14064-1      2. 股權及債券、授信部位碳排放：AA1000AS v3第二查證類型高度保證等級                                     ,0.43,營業額
2883,凱基金,1758.97,包含合併報表之母子公司，員工涵蓋率99.27%,ISO 14064,20270.39,包含合併報表之母子公司，員工涵蓋率99.27%,ISO 14064,7164.3,包含合併報表之母子公司，員工涵蓋率99.27%,ISO 14064,無，無統計相關數據,
2884,玉山金,1857.3,100%持有合併財務報表之母子公司,ISO 14064,22104.72,市場基準，包含100%持有合併財務報表之母子公司,ISO 14064,49161.38,市場基準，包含100%持有合併財務報表之母子公司,ISO 14064,0.4139,營收百萬元                                                                                                                                                                                              
2885,元大金,1660.71,公司或包含合併財務報表之母子公司之台灣營運範疇,ISO 14064,22449.12,公司或包含合併財務報表之母子公司之台灣營運範疇,ISO 14064,4035.19,公司或包含合併財務報表之母子公司之台灣營運範疇,ISO 14064,186.63,新台幣10億營收                                                                                                                                                                                          
2886,兆豐金,3011.15,包含合併財務報表母子公司之國內所有據點,ISO 14064,17178.03,包含合併財務報表母子公司之國內所有據點,ISO 14064,415840.08,包含合併財務報表母子公司之國內所有據點「外購電力上游」、「商務差旅」及「投資」,ISO 14064,0.3352,淨收益百萬元                                                                                                                                                                                            
2887,台新新光金,1136,據點涵蓋台新金控、台新銀行、台新證券、台新投信、台新創投、AMC及台新投顧；台新人壽於2021年7月加入台新金控，因相關盤查數據未滿一年故本次不納入人壽數字; 2021年7~12月人壽數字為6.6噸CO2e,ISO 14064,18753,以市場基準申報；據點涵蓋台新金控、台新銀行、台新證券、台新投信、台新創投、AMC及台新投顧；台新人壽於2021年7月加入台新金控，因相關盤查數據未滿一年故本次不納入人壽數字; 2021年7~12月人壽數字為951噸CO2e,ISO 14064,4787606.1,據點涵蓋台新金控、台新銀行、台新證券、台新投信、台新創投、AMC及台新投顧，台新人壽於2021年7月加入台新金控，因相關盤查數據未滿一年故本次不納入人壽數字；其他間接排放項目包含產品使用(飲水機、ATM間接排放及信用卡製造之間接排放)及產業投資,ISO 14064,1.788,員工人數                                                                                                                                                                                                
2889,國票金,335.9317,涵蓋國票金融控股公司、國際票券金融股份有限公司(9間)、國票綜合證券股份有限公司(26間)、國票證券投資顧問股份有限公司、國票期貨股份有限公司、國票證創業投資股份有限公司、國票創業投資股份有限公司、樂天國際商業銀行股份有限公司(2間)、國旺國際融資租賃有限公司(六間)，共計48個據點,ISO 14064,3471.239,涵蓋國票金融控股公司、國際票券金融股份有限公司(9間)、國票綜合證券股份有限公司(26間)、國票證券投資顧問股份有限公司、國票期貨股份有限公司、國票證創業投資股份有限公司、國票創業投資股份有限公司、樂天國際商業銀行股份有限公司(2間)、國旺國際融資租賃有限公司(六間)，共計48個據點,ISO 14064,924.6235,涵蓋國票金融控股公司、國際票券金融股份有限公司(9間)、國票綜合證券股份有限公司(26間)、國票證券投資顧問股份有限公司、國票期貨股份有限公司、國票證創業投資股份有限公司、國票創業投資股份有限公司、樂天國際商業銀行股份有限公司(2間)、國旺國際融資租賃有限公司(六間)，共計48個據點,ISO 14064,0.4655,淨收益百萬NTD                                                                                                                                                                                           
2890,永豐金,1061.8468,"金控及旗下5家主要子公司（永豐銀行、永豐金證券、永豐投信、永豐金租賃、永豐創業投資) 之國內所有營運據點納入統計範疇。",ISO 14064-1：2018(類別1)                                                                                                                                                                                ,16757.3928,"金控及旗下5家主要子公司（永豐銀行、永豐金證券、永豐投信、永豐金租賃、永豐創業投資) 之國內所有營運據點納入統計範疇。",ISO 14064-1：2018(類別2)                                                                                                                                                                                ,7029.5492,"金控及旗下5家主要子公司（永豐銀行、永豐金證券、永豐投信、永豐金租賃、永豐創業投資） 之國內所有營運據點納入統計範疇。",ISO 14064-1：2018(類別3~6)                                                                                                                                                                              ,2.1098,每人                                                                                                                                                                                                    
2891,中信金,3377,中信銀行及金控轄下各子公司,ISO14064-1:2018                                                                                                                                                                                         ,38817,中信銀行及金控轄下各子公司,ISO14064-1:2018                                                                                                                                                                                         ,16678897,銀行部分授信、銀行投資、證券投資、保險投資、上市櫃及未上市櫃股權和公司債、法人授信、電廠專案融資、以及房貸之財務碳排量,,0.23,營業額
2892,第一金,2470,本公司暨合併財報內子公司除「第一金證券亞洲」因係設籍於英屬維京群島之紙上公司且已盤查其實際營運之子公司「第一金和昇證券」而未列入盤查範圍外，各公司全數營運據點已完成盤查作業。,ISO 14064,19409,本公司暨合併財報內子公司除「第一金證券亞洲」因係設籍於英屬維京群島之紙上公司且已盤查其實際營運之子公司「第一金和昇證券」而未列入盤查範圍外，各公司全數營運據點已完成盤查作業。,ISO 14064,388,"1.類別三(運輸造成之間接溫室氣體排放-商務旅行) : 290公噸CO2e。涵蓋範圍為銀行、證券、投信、人壽、AMC子公司。 2.類別四(組織使用產品造成之間接溫室氣體排放-營運產生的廢棄物處理) : 98公噸CO2e。涵蓋範圍為國內全數營運據點。",ISO 14064,0.35,淨收益百萬NTD。本公司暨合併財報內子公司除「第一金證券亞洲」因係設籍於英屬維京群島之紙上公司且已盤查其實際營運之子公司「第一金和昇證券」而未列入盤查範圍外，各公司全數營運據點已完成盤查作業。           
2897,王道銀行,225.2523,母公司全台營運據點,ISO 14064,2772.074,母公司全台營運據點,ISO 14064,465.987,母公司全台營運據點,ISO 14064,3.967,員工人數                                                                                                                                                                                                
2901,欣欣,無，無統計相關數據,,,3201.574,包含合併財務報表之母子公司,,無，無統計相關數據,,,無，無統計相關數據,
2903,遠百,4034.3,僅母公司,,67146.2,僅母公司,,51582.5,僅母公司,,151.77,億元營業額                                                                                                                                                                                              
2904,匯僑,無，無統計相關數據,,,無，無統計相關數據,,,無，無統計相關數據,,,無，無統計相關數據,
2905,三商,無，無統計相關數據,,,808.77,母公司(建北大樓),,無，無統計相關數據,,,無，無統計相關數據,
2906,高林,無，無統計相關數據,,,無，無統計相關數據,,,無，無統計相關數據,,,無，無統計相關數據,
2908,特力,28.15,母公司,,1530.13,母公司,,無，無統計相關數據,,,0.07,百萬營收                                                                                                                                                                                                
2910,統領,無，無統計相關數據,,,無，無統計相關數據,,,無，無統計相關數據,,,無，無統計相關數據,
2911,麗嬰房,481,僅母公司,,無，無統計相關數據,,,無，無統計相關數據,,,無，無統計相關數據,
2912,統一超,31252.97,"母公司，盤查範圍涵蓋6,522個據點，包含門市、後勤辦公室、訓練中心，溫室氣體盤查邊界涵蓋率99.41%。",ISO 14064,464932.82,"母公司，盤查範圍涵蓋6,522個據點，包含門市、後勤辦公室、訓練中心，溫室氣體盤查邊界涵蓋率99.41%。",ISO 14064,185910.72,母公司,ISO 14064,2.95,百萬營業額                                                                                                                                                                                              
2913,農林,無，無統計相關數據,,,無，無統計相關數據,,,無，無統計相關數據,,,無，無統計相關數據,
2915,潤泰全,無，無統計相關數據,,,317.55,母公司,,無，無統計相關數據,,,無，無統計相關數據,
2923,鼎固-KY,1615.59,包含上海打浦橋日月光中心、上海嘉定日月光中心、上海御華山以及重慶日月光中心，共計四據點。,,68059.55,包含上海打浦橋日月光中心、上海嘉定日月光中心、上海御華山以及重慶日月光中心，共計四據點。,,無，無統計相關數據,,,1.45,新台幣十萬元營收                                                                                                                                                                                        
2929,淘帝-KY,無，無統計相關數據,,,無，無統計相關數據,,,無，無統計相關數據,,,無，無統計相關數據,
2939,永邑-KY,無，無統計相關數據,,,無，無統計相關數據,,,無，無統計相關數據,,,無，無統計相關數據,
2945,三商家購,無，無統計相關數據,,,無，無統計相關數據,,,54.798,僅母公司台電每月電費單據其數據顯示之減碳排量,,無，無統計相關數據,
3002,歐格,無，無統計相關數據,,,52.01,僅母公司,,無，無統計相關數據,,,0.2,營業額
3003,健和興,138.59,僅母公司,,7951.37,僅母公司,,無，無統計相關數據,,,0.0024,營業額
3004,豐達科,102.12,母公司,,663.04,母公司,,無，ISO14064-1輔導階段，尚待彙總計算中,,,0.59,單位:百萬營業額                                                                                                                                                                                         
3005,神基,10331.46,涵蓋神基投控暨其八家子公司,ISO 14064,125222.42,涵蓋神基投控暨其八家子公司,ISO 14064,209197.56,涵蓋神基投控暨其八家子公司,ISO 14064,4.5219,營業額
3006,晶豪科,124,母公司,,3246,母公司,,無，無統計相關數據,,,0.1413,營業額
3008,大立光,無，無統計相關數據,,,無，無統計相關數據,,,無，無統計相關數據,,,無，無統計相關數據,
3010,華立,1443.1789,母公司及子公司(全順),,1474.0598,母公司及子公司(全順),,無，無統計相關數據,,,5235,營業額
3011,今皓,無，尚在評估中,,,無，尚在評估中,,,無，尚在評估中,,,無，尚在評估中,
3013,晟銘電,1949.87,包含合併財務報表之母子公司,,33996.01,包含合併財務報表之母子公司,,無，無統計相關數據,,,無，無統計相關數據,
3014,聯陽,139,母公司,,1282,母公司,,0,母公司,,無，無統計相關數據,
3015,全漢,1371.42,母公司與部分子公司,ISO 14064,16739.25,母公司與部分子公司,ISO 14064,11.57,範疇三:商務旅行(母公司與部分子公司),ISO 14064,1.0877,營業額
3016,嘉晶,3886,僅母公司,,51059,僅母公司,,無，尚未納入盤查範圍,,,0.5808,產品
3017,奇鋐,4064.71,台灣高雄、深圳奇宏/興奇宏、東莞明鑫/興奇宏、成都奇宏、武漢奇宏/興奇宏、嘉善萬順達,ISO 14064,111611.82,台灣高雄、深圳奇宏/興奇宏、東莞明鑫/興奇宏、成都奇宏、武漢奇宏/興奇宏、嘉善萬順達,ISO 14064,無，無統計相關數據,,,2.44,"溫室氣體排放總量/營業額=115,676.53 噸co2 / 47,332 TWD’M =2.44%                                                                                                                                         "
3018,隆銘綠能,無，無統計相關數據,,,無，無統計相關數據,,,無，無統計相關數據,,,無，無統計相關數據,
3019,亞光,172.0253,僅母公司潭子廠區,ISO 14064,11036.1493,僅母公司潭子廠區,ISO 14064,1912.3544,僅母公司潭子廠區,ISO 14064,0.53,營業額
3021,鴻名,無，無統計相關數據,,,無，無統計相關數據,,,無，無統計相關數據,,,無，無統計相關數據,
3022,威強電,無，無統計相關數據,,,無，無統計相關數據,,,無，無統計相關數據,,,無，無統計相關數據,
3023,信邦,2318.55,集團100%持股之11個據點,ISO 14064,21326.04,集團100%持股之11個據點,ISO 14064,19801.85,集團100%持股之11個據點,ISO 14064,0.92,"23,644.59(噸)/25,530.706(新台幣百萬元,2021年營收)= 0.92                                                                                                                                                 "
3024,憶聲,無，無統計相關數據,,,無，無統計相關數據,,,無，無統計相關數據,,,無，無統計相關數據,
3025,星通,無，無統計相關數據,,,無，無統計相關數據,,,無，無統計相關數據,,,無，無統計相關數據,
3026,禾伸堂,338.13,母公司,,23607.09,母公司,,無，無統計相關數據,,,1.21,產品
3027,盛達,無，預計9月底申報,,,無，預計9月底申報,,,無，預計9月底申報,,,無，預計9月底申報,
3028,增你強,無，無統計相關數據,,,570.73,母公司,,無，無統計相關數據,,,0.014,營業額
3029,零壹,無，無統計相關數據,,,無，無統計相關數據,,,無，無統計相關數據,,,無，無統計相關數據,
3030,德律,無，本公司屬實收資本額 23.6 億元之公司，個體公司(即母公司) 及合併子公司，是分別屬於第三階段和第四階段，須於2026年和2027年完成溫室氣體盤查，目前尚無需要進行盤查,,,無，本公司屬實收資本額 23.6 億元之公司，個體公司(即母公司) 及合併子公司，是分別屬於第三階段和第四階段，須於2026年和2027年完成溫室氣體盤查，目前尚無需要進行盤查,,,無，本公司屬實收資本額 23.6 億元之公司，個體公司(即母公司) 及合併子公司，是分別屬於第三階段和第四階段，須於2026年和2027年完成溫室氣體盤查，目前尚無需要進行盤查,,,無，本公司屬實收資本額 23.6 億元之公司，個體公司(即母公司) 及合併子公司，是分別屬於第三階段和第四階段，須於2026年和2027年完成溫室氣體盤查，目前尚無需要進行盤查,
3031,佰鴻,無，無統計相關數據,,,無，無統計相關數據,,,無，無統計相關數據,,,無，無統計相關數據,
3032,偉訓,無，無統計相關數據,,,無，無統計相關數據,,,無，無統計相關數據,,,無，無統計相關數據,
3033,威健,30.12,威健在台灣營運據點為主（臺北內湖總公司、內湖倉儲中心、桃園倉儲中心及中南部聯絡處(新竹、臺中及高雄)）,,386.06,威健在台灣營運據點為主（臺北內湖總公司、內湖倉儲中心、桃園倉儲中心及中南部聯絡處(新竹、臺中及高雄)）,,無，無盤查,,,0.0372,樓地板面積m2                                                                                                                                                                                            
3034,聯詠,276.4467,母公司,ISO 14064-1                                                                                                                                                                                             ,17024.3129,母公司,ISO 14064-1                                                                                                                                                                                             ,無，範疇三2021年只作排放源鑑別未進行量化，預計2022年增加範疇三盤查,,,0.1278,新臺幣百萬營業額                                                                                                                                                                                        
3035,智原,34.21,母公司,,3332.74,母公司,,無，無統計相關數據,,,0.5,營業額
3036,文曄,144.6972,包含合併財務報表母子公司之台灣各營運據點,ISO 14064,1038.5507,包含合併財務報表母子公司之台灣各營運據點,ISO 14064,190.9526,包含合併財務報表母子公司之台灣各營運據點,ISO 14064,0.0442,樓地板面積(平方公尺)                                                                                                                                                                                    
3037,欣興,34169,母公司及部份子公司,ISO 14064,912692,母公司及部份子公司,ISO 14064,252932,母公司及部份子公司,ISO 14064,9.06,百萬元營業額                                                                                                                                                                                            
3038,全台,86,母公司及東莞廠,,13819,母公司及東莞廠,,無，無統計相關數據,,,0.0012,PCS                                                                                                                                                                                                     
3040,遠見,0,母公司,,20,母公司,,無，無工廠，無生產行為,,,無，無工廠，無生產行為,
3041,揚智,2.6085,僅母公司,,1096.87,僅母公司,,無，無統計相關數據,,,0.0167,產品
3042,晶技,301.0695,台灣晶技平鎮廠,ISO 14064,21214.9482,台灣晶技平鎮廠,ISO 14064,3955.8297,類別三及類別四,ISO 14064,0.045,產品
3043,科風,無，無統計相關數據,,,無，無統計相關數據,,,無，無統計相關數據,,,無，無統計相關數據,
3044,健鼎,67261,健鼎-平鎮/無錫/湖北廠區,,973667,健鼎-平鎮/無錫/湖北廠區,,無，無統計相關數據,,,0.0165,營業額
3045,台灣大,6177.7965,含合併財務報表之母子公司共13家,ISO 14064,269124.5399,含合併財務報表之母子公司共13家,ISO 14064,350484.7844,含合併財務報表之母子公司共13家,ISO 14064,0,營業額
3046,建碁,2.22,僅申報公司,ISO 14064,113,僅申報公司,ISO 14064,無，僅部分項目併入母公司進行計算,,ISO 14064,0.04,百萬營業額                                                                                                                                                                                              
3047,訊舟,無，無統計相關數據,,,832.908,僅母公司,,無，無統計相關數據,,,0.2292,百萬營業額                                                                                                                                                                                              
3048,益登,無，無統計相關數據,,,419,僅母公司(台灣區),,無，無統計相關數據,,,0.004,百萬營業額                                                                                                                                                                                              
3049,精金,39846.589,母公司,ISO 14064,44300.736,母公司,ISO 14064,無，無統計相關數據,,,0.17,產品
3050,鈺德,95.329,僅母公司,,7072.006,僅母公司,,無，無統計相關數據,,,7167.335,產品
3051,力特,0.35,母公司,,18960.06,母公司,,無，無統計相關數據,,,5.1,營業額
3052,夆典,無，無統計相關數據,,,無，無統計相關數據,,,無，無統計相關數據,,,無，無統計相關數據,
3054,立萬利,"無，依「上市櫃公司永續發展路徑圖之時程」規劃，本公司適用時程屬第三階段,115年完成盤查,117年完成查證,故尚無資料。",,,"無，依「上市櫃公司永續發展路徑圖之時程」規劃，本公司適用時程屬第三階段,115年完成盤查,117年完成查證,故尚無資料。",,,"無，依「上市櫃公司永續發展路徑圖之時程」規劃，本公司適用時程屬第三階段,115年完成盤查,117年完成查證,故尚無資料。",,,"無，依「上市櫃公司永續發展路徑圖之時程」規劃，本公司適用時程屬第三階段,115年完成盤查,117年完成查證,故尚無資料。",
3055,蔚華科,12.96,僅母公司,,1851.42,僅母公司,,0,僅母公司,,1.57,百萬營業額                                                                                                                                                                                              
3056,富華新,無，無統計相關數據,,,無，無統計相關數據,,,無，無統計相關數據,,,無，無統計相關數據,
3057,喬鼎,23.66,母公司,,1105.23,母公司,,無，無統計相關數據,,,1.4859,百萬營業額                                                                                                                                                                                              
3058,立德,無，無統計相關數據,,,無，無統計相關數據,,,無，無統計相關數據,,,無，無統計相關數據,
3059,華晶科,無，無統計相關數據,,,1145,母公司,,無，無統計相關數據,,,無，無統計相關數據,
3060,銘異,81.43,僅桃園市龜山區母公司範疇,,5408.52,僅桃園市龜山區母公司範疇,,無，無統計相關數據,,,無，無統計相關數據,
3062,建漢,698.186,僅母公司,,677.1751,僅母公司,,無，無統計相關數據,,,0,營業額
3090,日電貿,15.496,僅母公司,,167.921,僅母公司,,無，無統計相關數據,,,無，無統計相關數據,
3092,鴻碩,1571.49,合併財務報表之重要子公司-鴻碩蘇州公司,ISO 14064,13117.7649,合併財務報表之重要子公司-鴻碩蘇州公司,ISO 14064,15230.14,合併財務報表之重要子公司-鴻碩蘇州公司,ISO 14064,0.0099,營業額
3094,聯傑,18.098,母公司,,396.1,母公司,,657.33,母公司,,1.5116,營業額
3130,一零四,無，無生產活動，少量不具重大性,,,1040.328,包含合併財務報表之母子公司全台營運據點,,無，無統計相關數據,,,0.0369,無生產活動，以每坪碳排放量計算                                                                                                                                                                          
3135,凌航,,,N/A,N/A,N/A,N/A,,,N/A,,
3138,耀登,16.0987,僅母公司,,124.3353,僅母公司,,76.4055,僅母公司,,0,營業額
3149,正達,49.52,母公司,,26789.2,母公司,,無，無統計相關數據,,,11.04,"(間接+直接)26,838.72噸CO2e/個體營收淨額2,431百萬元                                                                                                                                                      "
3150,鈺寶-創,,,N/A,N/A,N/A,N/A,,,N/A,,
3164,景岳,162.5232,"110年天然氣使用量(鍋爐) 110年	立方公尺 1月	6984.9 2月	4166.73 3月	7056.54 4月	6036.12 5月	7580.35 6月	7586.11 7月	6501.85 8月	7893.72 9月	10685 10月	6964.4 11月	7722.41 12月	7228.61",,2066.1316,"110年用電度數 11001	302700 11002	232900 11003	336200 11004	333100 11005	379600 11006	378400 11007	389100 11008	396100 11009	353900 11010	368200 11011	325600 11012	320000",,無，無統計相關數據,,,59.3623,產品
3167,大量,80,母公司,,2233,母公司,,無，無統計相關數據,,,無，無統計相關數據,
3168,眾福科,,,N/A,N/A,N/A,N/A,,,N/A,,
3189,景碩,16293.958,僅母公司,ISO 14064,233403.782,僅母公司,ISO 14064,151399.3,僅母公司,ISO 14064,0.067,產品
3209,全科,無，無統計相關數據,,,259.92,僅包含母公司的台灣總部、各點辦公室及物流倉儲。,,無，無統計相關數據,,,0.55,營業額
3229,晟鈦,無，無統計相關數據,,,無，無統計相關數據,,,無，無統計相關數據,,,無，無統計相關數據,
3231,緯創,20382.51,母公司(內湖總部/汐止辦公區/新竹廠)及全球主要營運與製造廠區(昆山廠、泰州廠、中山廠、重慶廠、成都廠、墨西哥廠、捷克廠及昆山光電廠),ISO 14064,287909.87,母公司(內湖總部/汐止辦公區/新竹廠)及全球主要營運與製造廠區(昆山廠、泰州廠、中山廠、重慶廠、成都廠、墨西哥廠、捷克廠及昆山光電廠),ISO 14064,16141042.93,母公司(內湖總部/汐止辦公區/新竹廠)及全球主要營運與製造廠區(昆山廠、泰州廠、中山廠、重慶廠、成都廠、墨西哥廠、捷克廠及昆山光電廠),ISO 14064,0.39,單位:千噸CO2e/十億元新台幣(以緯創全球主要製造廠區溫室氣體排放量 / 廠區營收做為計算基準)                                                                                                                 
3257,虹冠電,無，無燃燒源,,,356,110年台電帳單統計,,無，無統計相關數據,,,27.607,營業額
3266,昇陽,無，無統計相關數據,,,無，無統計相關數據,,,無，無統計相關數據,,,無，無統計相關數據,
3296,勝德,無，無統計相關數據,,,無，無統計相關數據,,,無，無統計相關數據,,,無，無統計相關數據,
3305,昇貿,55,母公司,,1144,母公司,,無，無統計相關數據,,,無，無統計相關數據,
3308,聯德,無，無統計相關數據,,,無，無統計相關數據,,,無，無統計相關數據,,,無，無統計相關數據,
3311,閎暉,無，無統計相關數據,,,無，無統計相關數據,,,無，無統計相關數據,,,無，無統計相關數據,
3312,弘憶股,無，無統計相關數據,,,無，無統計相關數據,,,無，無統計相關數據,,,無，無統計相關數據,
3321,同泰,無，無統計相關數據,,,無，無統計相關數據,,,無，無統計相關數據,,,無，無統計相關數據,
3338,泰碩,無，無統計相關數據,,,無，無統計相關數據,,,無，無統計相關數據,,,無，無統計相關數據,
3346,麗清,4.8,發電機用柴油+化糞池2021/01~2021/12,,1147.6,台電電力2021/01~2021/12,,無，無統計相關數據,,,無，無統計相關數據,
3356,奇偶,無，無統計相關數據,,,無，無統計相關數據,,,無，無統計相關數據,,,無，無統計相關數據,
3376,新日興,551.8689,僅母公司,ISO 14064,25750.3185,僅母公司,ISO 14064,5098.215,僅母公司,ISO 14064,無，無統計相關數據,
3380,明泰,96.6415,明泰科技新竹廠,ISO 14064,4327.4167,明泰科技新竹廠,ISO 14064,633252.506,明泰科技新竹廠,ISO 14064,0.0026,營業額
3406,玉晶光,49.805,台中市大雅區科雅東路一號，包括辦公室、作業廠區及依據環保署管制編號要求設定。,,12160.2472,台中市大雅區科雅東路一號，包括辦公室、作業廠區及依據環保署管制編號要求設定。,,無，其他來自於他人之資源、設備所產生的排放，亦包括任何與公司商業活動有關，但來自他人資產。,,,83.252,產品
3413,京鼎,無，預計9月出具,,,無，預計9月出具,,,無，預計9月出具,,,無，預計9月出具,
3416,融程電,41.02,僅母公司,,711.66,僅母公司,,無，無統計相關數據,,,0.301,營業額
3419,譁裕,無，無統計相關數據,,,888,僅母公司,,無，無統計相關數據,,,無，無統計相關數據,
3432,台端,0,包含合併財務報表之母子公司,,無，無統計相關數據,,,無，無統計相關數據,,,無，無統計相關數據,
3437,榮創,411.8022,榮創能源科技股份有限公司,ISO 14064,9253.7676,榮創能源科技股份有限公司,ISO 14064,無，無統計相關數據,,,無，無統計相關數據,
3443,創意,101.85,本次報告書邊界為創意電子台灣地區，涵蓋新竹總部、新竹分部，未納入海外子公司,ISO 14064,4546.82,本次報告書邊界為創意電子台灣地區，涵蓋新竹總部、新竹分部，未納入海外子公司,ISO 14064,3.34,本次報告書邊界為創意電子台灣地區，涵蓋新竹總部、新竹分部，未納入海外子公司,ISO 14064,0.31,營業額
3450,聯鈞,107.77,母公司,,12358.14,母公司,,無，無統計相關數據,,,無，無統計相關數據,
3481,群創,305787.56,群創光電(母公司)及子公司：寧波群志光電、寧波群輝光電、佛山群志光電、佛山群輝物流、南京群志光電、上海群志光電、寧波群豐駿電子,ISO 14064,3014686.89,群創光電(母公司)及子公司：寧波群志光電、寧波群輝光電、佛山群志光電、佛山群輝物流、南京群志光電、上海群志光電、寧波群豐駿電子,ISO 14064,609013.89,群創光電(母公司)及子公司：寧波群志光電、寧波群輝光電、佛山群志光電、佛山群輝物流、南京群志光電、上海群志光電、寧波群豐駿電子,ISO 14064,0,"1.單位:溫室氣體排放量(噸CO2e)/營業額(元)。2.溫室氣體排放量為2021年度排放量, 營業額為2021年度營業額。                                                                                                    "
3494,誠研,無，無統計相關數據,,,無，無統計相關數據,,,無，無統計相關數據,,,無，無統計相關數據,
3501,維熹,無，無統計相關數據,,,無，無統計相關數據,,,無，無統計相關數據,,,無，無統計相關數據,
3504,揚明光,0.52,僅母公司,,14688.75,僅母公司,,無，無統計相關數據,,,無，無統計相關數據,
3515,華擎,無，無統計相關數據,,,1074.22,僅母公司,,無，無統計相關數據,,,0.074,每百萬營業額                                                                                                                                                                                            
3518,柏騰,無，無統計相關數據,,,無，無統計相關數據,,,無，無統計相關數據,,,無，無統計相關數據,
3528,安馳,無，無統計相關數據,,,無，無統計相關數據,,,無，無統計相關數據,,,無，無統計相關數據,
3530,晶相光,無，無統計相關數據,,,無，無統計相關數據,,,無，無統計相關數據,,,無，無統計相關數據,
3532,台勝科,6302.93,僅母公司,ISO 14064,234876.19,僅母公司,ISO 14064,,,,0.061,產品
3533,嘉澤,7712.56,本公司於中國大陸廣州、蘇州、中山之子公司,ISO 14064,62018.49,本公司於中國大陸廣州、蘇州、中山之子公司,ISO 14064,88317.55,本公司於中國大陸廣州、中山之子公司,ISO 14064,無，無統計相關數據,
3535,晶彩科,764.86,僅母公司,,無，無統計相關數據,,,無，無統計相關數據,,,0.544,以百萬元營業額為單位                                                                                                                                                                                    
3543,州巧,無，無統計相關數據,,,無，無統計相關數據,,,無，無統計相關數據,,,無，無統計相關數據,
3545,敦泰,無，本公司無生產製造無範疇-排放項目,,,883.27,台灣新竹總部,,無，無統計相關數據,,,2.04,員工人數                                                                                                                                                                                                
3550,聯穎,無，無統計相關數據,,,無，無統計相關數據,,,無，無統計相關數據,,,無，無統計相關數據,
3557,嘉威,392.1062,母公司及大陸子公司,,36023.2987,母公司及大陸子公司,,無，無統計相關數據,,,0.0069,營業額
3563,牧德,25,牧德科技股份有限公司,,744,牧德科技股份有限公司,,無，無統計相關數據,,,無，無統計相關數據,
3576,聯合再生,317.4,母公司(竹科廠、竹南廠及台南廠),,65229.5,母公司(竹科廠、竹南廠及台南廠),,無，無統計相關數據,,,5.45,百萬營業額                                                                                                                                                                                              
3583,辛耘,811.4235,新竹縣湖口鄉中華路16號,ISO 14064,9785.988,新竹縣湖口鄉中華路16號,ISO 14064,無，無統計相關數據,,,10597.4115,35473520000 (辛耘母公司營收)                                                                                                                                                                            
3588,通嘉,無，無統計相關數據,,,無，無統計相關數據,,,694.31,母公司,,0.3015,營業額
3591,艾笛森,1309.77,僅母公司,,無，無統計相關數據,,,無，無統計相關數據,,,1.3653,每百萬元營業額                                                                                                                                                                                          
3592,瑞鼎,無，無統計相關數據,,,無，無統計相關數據,,,無，無統計相關數據,,,無，無統計相關數據,
3593,力銘,無，無統計相關數據,,,無，無統計相關數據,,,無，無統計相關數據,,,無，無統計相關數據,
3596,智易,871.37,台灣總部及中國與越南生產中心,ISO 14064,30596.91,台灣總部及中國與越南生產中心,ISO 14064,無，預計111年7月底前完成統計。,,,0.0008,產品
3605,宏致,129.75,母公司,ISO 14064,4214.95,母公司,ISO 14064,1266.65,母公司,ISO 14064,"無，2021年營收10,575,862千元",
3607,谷崧,無，無統計相關數據,,,無，無統計相關數據,,,無，無統計相關數據,,,無，無統計相關數據,
3617,碩天,無，無統計相關數據,,,347.92,台北總部,,無，無統計相關數據,,,無，無統計相關數據,
3622,洋華,20.84,母公司,,981.85,母公司,,無，無統計相關數據,,,0.0011,營業額
3645,達邁,無，無統計相關數據,,,無，無統計相關數據,,,無，無統計相關數據,,,無，無統計相關數據,
3652,精聯,無，無統計相關數據,,,370,僅母公司,,無，無統計相關數據,,,0.2125,佰萬營業額                                                                                                                                                                                              
3653,健策,455.91,母公司,,21955.84,母公司,,無，無統計相關數據,,,3.18,營業額(百萬)                                                                                                                                                                                            
3661,世芯-KY,無，無統計相關數據,,,無，無統計相關數據,,,無，無統計相關數據,,,無，無統計相關數據,
3665,貿聯-KY,3215,計範圍涵蓋集團 17 個生產據點：昆山貿聯廠、昆山翔光廠、常州廠、深圳通盈廠、翔耀廠、康聯廠、廈門新視廠、百事聯廠、佛山城鉞廠、新加坡加冷廠、馬來西亞柔佛廠、馬來西亞檳城廠、 塞爾維亞廠、斯洛伐克廠、加州廠、德州廠、墨西哥廠。,"GRI Standard, AA1000 ASv3                                                                                                                                                                               ",40207.83,統計範圍涵蓋集團 17 個生產據點：昆山貿聯廠、昆山翔光廠、常州廠、深圳通盈廠、翔耀廠、康聯廠、廈門新視廠、百事聯廠、佛山城鉞廠、新加坡加冷廠、馬來西亞柔佛廠、馬來西亞檳城廠、塞爾維亞廠、斯洛伐克廠、加州廠、德州廠、墨西哥廠。,"GRI Standard, AA1000 ASv3                                                                                                                                                                               ",無，無統計相關數據,,,1.12,營業額
3669,圓展,98.39,母公司,,2303.78,母公司,,無，無統計相關數據,,,0.0007,仟元營業額                                                                                                                                                                                              
3673,TPK-KY,7262.7081,涵蓋邊界：宸鴻科技（廈門）有限公司、鴻通科技（廈門）有限公司、宸美（廈門）光電有限公司、祥達光學（廈門）有限公司、寶宸（廈門）光學科技有限公司、宸鴻科技（平潭）有限公司,ISO 14064,347089.601,宸鴻科技（廈門）有限公司、鴻通科技（廈門）有限公司、宸美（廈門）光電有限公司、祥達光學（廈門）有限公司、寶宸（廈門）光學科技有限公司、宸鴻科技（平潭）有限公司,ISO 14064,38680.1253,宸鴻科技（廈門）有限公司、鴻通科技（廈門）有限公司、宸美（廈門）光電有限公司、祥達光學（廈門）有限公司、寶宸（廈門）光學科技有限公司、宸鴻科技（平潭）有限公司,ISO 14064,0.0038,千元營業額                                                                                                                                                                                              
3679,新至陞,8.06,合併財務報表之母子公司,深圳市標準化指導性技術文件SZDB/Z 69-2018&LT;組織的溫室氣體排放量化和報告指南>等                                                                                                                         ,5903.46,合併財務報表之母子公司,深圳市標準化指導性技術文件SZDB/Z 69-2018&LT;組織的溫室氣體排放量化和報告指南>等                                                                                                                         ,無，無統計相關數據,,,無，無統計相關數據,
3686,達能,0,包含合併財務報表之母子公司。,,384,包含合併財務報表之母子公司。,,無，無統計相關數據,,,0,營業額
3694,海華,41.2,上海子公司廠區,,13056.22,上海子公司廠區,,無，無統計相關數據,,,0.0551,產品
3701,大眾控,無，無統計相關數據,,,無，無統計相關數據,,,無，無統計相關數據,,,無，無統計相關數據,
3702,大聯大,819.25,盤查範圍包含台灣區及中國區主要營運據點辦公室及自有倉儲,ISO 14064,2772.12,盤查範圍包含台灣區及中國區主要營運據點辦公室及自有倉儲,ISO 14064,6392.79,盤查範圍包含台灣區及中國區主要營運據點辦公室及自有倉儲,ISO 14064,0.03,盤查據點面積(平方米)                                                                                                                                                                                    
3703,欣陸,352.35,母公司及主要營運子公司,,30401.17,母公司及主要營運子公司,,8560.96,營運中之淡水及鳳山水資源中心,,1.1456,百萬營業額                                                                                                                                                                                              
3704,合勤控,8.44,母公司,,42.53,母公司,,無，依金融監督管理委員會規劃之資訊揭露時程，揭露溫室氣體盤查（範疇一及範疇二),,,0.04,百萬營業額                                                                                                                                                                                              
3705,永信,無，預計2026年12月完成,,,無，預計2026年12月完成,,,無，預計2026年12月完成,,,無，預計2026年12月完成,
3706,神達,1698,"合併財務報表之母子公司, 含台灣營運、研發中心及廠區; 中國主要生產據點: 廣東順達廠區、江蘇昆達廠區; 美國加州組裝廠區: MiTACIS",,40817,"合併財務報表之母子公司, 含台灣營運、研發中心及廠區; 中國主要生產據點: 廣東順達廠區、江蘇昆達廠區; 美國加州組裝廠區: MiTACIS",,2112,"合併財務報表之母子公司, 含台灣營運、研發中心及廠區; 中國主要生產據點: 廣東順達廠區、江蘇昆達廠區; 美國加州組裝廠區: MiTACIS",,1.01,營業額/單位為「百萬新台幣」                                                                                                                                                                             
3708,上緯投控,811.43,上緯興業股份有限公司及上偉碳纖複合材料股份有限公司,,1225.76,上緯興業股份有限公司及上偉碳纖複合材料股份有限公司,,無，無統計相關數據,,,0.65,百萬營業額                                                                                                                                                                                              
3711,日月光投控,90590.89,日月光半導體製造股份有限公司(高雄廠、中壢廠、蘇州廠、 威海廠、無錫廠、日榮半導體(上海)、上海材料廠、 上海月芯半導體、昆山廠、日本廠、韓國廠、 新加坡廠、馬來西亞廠、ISE Labs)、矽品精密工業股份有限公司(大豐廠、中山廠、中科廠、新竹廠、彰化廠、蘇州廠)、環電股份有限公司(南投廠、張江廠、昆山廠、金橋廠、深圳廠、墨西哥廠),ISO 14064,1612049.46,日月光半導體製造股份有限公司(高雄廠、中壢廠、蘇州廠、 威海廠、無錫廠、日榮半導體(上海)、上海材料廠、 上海月芯半導體、昆山廠、日本廠、韓國廠、 新加坡廠、馬來西亞廠、ISE Labs)、矽品精密工業股份有限公司(大豐廠、中山廠、中科廠、新竹廠、彰化廠、蘇州廠)、環電股份有限公司(南投廠、張江廠、昆山廠、金橋廠、深圳廠、墨西哥廠),ISO 14064,16231394.35,日月光半導體製造股份有限公司(高雄廠、中壢廠、蘇州廠、 威海廠、無錫廠、日榮半導體(上海)、上海材料廠、 上海月芯半導體、昆山廠、日本廠、韓國廠、 新加坡廠、馬來西亞廠、ISE Labs)、矽品精密工業股份有限公司(大豐廠、中山廠、中科廠、新竹廠、彰化廠、蘇州廠)、環電股份有限公司(南投廠、張江廠、昆山廠、金橋廠、深圳廠、墨西哥廠),ISO 14064,0.0829,噸CO2e/千美金營收                                                                                                                                                                                       
3712,永崴投控,43.47,母公司,ISO 14064,318.7,母公司,ISO 14064,0,母公司,ISO 14064,無，無統計相關數據,
3714,富采,無，無統計相關數據,,,無，無統計相關數據,,,無，無統計相關數據,,,無，無統計相關數據,
3716,中化控股,,,N/A,N/A,N/A,N/A,,,N/A,,
3717,聯嘉投控,,,N/A,N/A,N/A,N/A,,,N/A,,
4104,佳醫,無，無統計相關數據,,,374.873,僅母公司,,無，無統計相關數據,,,0.0001,仟元營業額                                                                                                                                                                                              
4106,雃博,無，無統計相關數據,,,無，無統計相關數據,,,無，無統計相關數據,,,無，無統計相關數據,
4108,懷特,無，無統計相關數據,,,1873,台北公司及楊梅精製廠,,無，無統計相關數據,,,無，無統計相關數據,
4119,旭富,9.503,僅母公司,,1667,僅母公司,,無，無統計相關數據,,,無，無統計相關數據,
4133,亞諾法,無，詳年報說明,,,無，詳年報說明,,,941.928,"資料含蓋範圍僅母公司。 經營運邊界設定之排放源鑑別，本公司溫室氣體屬於其他間接排放：針對由公司其他活動所產生的間接排放。",,無，詳年報說明,
4137,麗豐-KY,無，無統計相關數據,,,無，無統計相關數據,,,無，無統計相關數據,,,無，無統計相關數據,
4142,國光生,無，無統計相關數據,,,無，無統計相關數據,,,無，無統計相關數據,,,無，無統計相關數據,
4148,全宇生技-KY,無，無統計相關數據,,,無，無統計相關數據,,,無，無統計相關數據,,,無，無統計相關數據,
4155,訊映,無，無統計相關數據,,,無，無統計相關數據,,,無，無統計相關數據,,,無，無統計相關數據,
4164,承業醫,無，本集團非屬製造業，無生產製程，幾乎無自範疇一之固定排放源(緊急發電機之柴油)、移動排放源(公務車之汽油)及逸散排放源(冷媒、化糞池、滅火器)之排放,,,335.26,包含合併財務報表之母子公司,,無，無統計相關數據,,,0.137,百萬營業額                                                                                                                                                                                              
4190,佐登-KY,無，無統計相關數據,,,無，無統計相關數據,,,無，無統計相關數據,,,無，無統計相關數據,
4306,炎洲,23019.98,台灣總部及各廠區,,73084.61,台灣總部及各廠區,,無，詳年報說明,,,5.59,百萬營業額                                                                                                                                                                                              
4414,如興,1637.26,柬埔寨部分生產廠區，詳細請閱如興2021年永續報告書。,依行業標準                                                                                                                                                                                              ,9103.95,柬埔寨部分生產廠區，詳細請閱如興2021年永續報告書。,依行業標準                                                                                                                                                                                              ,無，無統計相關數據,,,無，無統計相關數據,
4426,利勤,10854,僅母公司,,3991,僅母公司,,485,僅母公司,,8.9428,產品
4438,廣越,無，無統計相關數據,,,無，無統計相關數據,,,無，無統計相關數據,,,無，無統計相關數據,
4439,冠星-KY,44553.3996,Top Sports Textile Limited,ISO 14064,14798.3205,Top Sports Textile Limited,ISO 14064,164219.8176,Top Sports Textile Limited,ISO 14064,3.4703,產品
4440,宜新實業,無，無統計相關數據,,,無，無統計相關數據,,,無，無統計相關數據,,,無，無統計相關數據,
4441,振大環球,,,N/A,N/A,N/A,N/A,,,N/A,,
4526,東台,241.3137,東台精機股份有限公司第一廠,,3183.4896,東台精機股份有限公司第一廠,,無，無統計相關數據,,,0.33,產品
4532,瑞智,無，無統計相關數據,,,無，無統計相關數據,,,無，無統計相關數據,,,無，無統計相關數據,
4536,拓凱,無，本公司非屬範疇一範圍,,,1094,本公司,,無，本公司非屬範疇三範圍,,,無，無統計相關數據,
4540,全球傳動,無，規劃中,,,無，規劃中,,,無，規劃中,,,無，規劃中,
4545,銘鈺,1535,母公司,,6397,母公司,,無，無統計相關數據,,,6.93,百萬營業額                                                                                                                                                                                              
4551,智伸科,1107.46,包含合併財務報表之母子公司,RBA手冊                                                                                                                                                                                                 ,49462.18,包含合併財務報表之母子公司,RBA 手冊                                                                                                                                                                                                ,無，無統計相關數據,,,0.0001,產品
4552,力達-KY,10295.55,包含合併財務報表之母子公司,無                                                                                                                                                                                                      ,,,,,,,,
4555,氣立,無，無統計相關數據,,,無，無統計相關數據,,,無，無統計相關數據,,,無，無統計相關數據,
4557,永新-KY,無，無統計相關數據,,,無，無統計相關數據,,,無，無統計相關數據,,,無，無統計相關數據,
4560,強信-KY,無，無統計相關數據,,,無，無統計相關數據,,,無，無統計相關數據,,,無，無統計相關數據,
4562,穎漢,無，無統計相關數據,,,無，無統計相關數據,,,無，無統計相關數據,,,無，無統計相關數據,
4564,元翎,無，無統計相關數據,,,無，無統計相關數據,,,無，無統計相關數據,,,無，無統計相關數據,
4566,時碩工業,無，無統計相關數據,,,無，無統計相關數據,,,無，無統計相關數據,,,無，無統計相關數據,
4569,六方科-KY,,,N/A,N/A,N/A,N/A,,,N/A,,
4571,鈞興-KY,無，無統計相關數據,,,無，無統計相關數據,,,無，無統計相關數據,,,無，無統計相關數據,
4572,駐龍,無，無統計相關數據,,,2032,母公司,,無，無統計相關數據,,,5.03,百萬營業額                                                                                                                                                                                              
4576,大銀微系統,無，無統計相關數據,,,5064,母公司之總部及二廠(依台電用電收據統計),,無，無統計相關數據,,,無，無統計相關數據,
4581,光隆精密-KY,262.73,合併財務報表之母子公司,,2514.12,合併財務報表之母子公司,,無，因不易歸屬及量化，僅定義種類,,,0.0025,營業額
4583,台灣精銳,36.3507,母公司,,10924.38,母公司,,0,母公司,,0,營業額
4585,達明,,,N/A,N/A,N/A,N/A,,,N/A,,
4588,玖鼎電力,,,N/A,N/A,N/A,N/A,,,N/A,,
4590,富田-創,,,N/A,N/A,N/A,N/A,,,N/A,,
4720,德淵,679.86,排放量係以母公司計算；排放密集度單位係以合併財務報表百萬營業額計算。,,2355.75,母公司,,無，未取得統計數,,,0.86,營業額
4722,國精化,11066,母公司,,7170,母公司,,28,母公司,,無，無統計相關數據,
4736,泰博,0,無。,,2579,以年度總用電量試算,,0,無。,,0.0004,營業額
4737,華廣,無，無統計相關數據,,,6239.4,母公司,,無，無統計相關數據,,,6239.4,營業額
4739,康普,2710,康普材料新竹廠,ISO 14064,10067.27,康普材料新竹廠,ISO 14064,無，無統計相關數據,,,0.0022,總排放量(公噸)/個體營收(千元)                                                                                                                                                                           
4746,台耀,633.68,母公司,,31949.43,母公司,,133.44,母公司,,10.32,噸CO2e/百萬營業額                                                                                                                                                                                       
4755,三福化,7201,僅母公司(善化廠、柳科廠、高雄廠),ISO 14064,19888,僅母公司(善化廠、柳科廠、高雄廠),ISO 14064,4742,僅母公司(善化廠、柳科廠、高雄廠),ISO 14064,0.0067,營業額；單位：噸CO2e / 仟元                                                                                                                                                                             
4763,材料*-KY,22667.75,合併財務報表之母子公司,,27783.93,合併財務報表之母子公司,,無，無統計相關數據,,,18.58,營業額
4764,雙鍵,22.63,母公司,,2171.58,母公司,,無，無統計相關數據,,,0.7164,百萬營業額                                                                                                                                                                                              
4766,南寶,3793,僅母公司,,8821,僅母公司,,39956,僅母公司,,2.35,百萬營收                                                                                                                                                                                                
4770,上品,119389.0467,僅母公司,,12061.488,僅母公司,,無，無統計相關數據,,,51.0604,百萬營業額                                                                                                                                                                                              
4771,望隼,,,N/A,N/A,N/A,N/A,,,N/A,,
4807,日成-KY,無，無統計相關數據,,,無，無統計相關數據,,,無，無統計相關數據,,,無，無統計相關數據,
4904,遠傳,10577.143,遠傳電信股份有限公司及兩家子公司(新世紀資通股份有限公司、和宇寬頻網路股份有限公司),ISO 14064,272411.386,遠傳電信股份有限公司及兩家子公司(新世紀資通股份有限公司、和宇寬頻網路股份有限公司),ISO 14064,108864.046,遠傳電信股份有限公司及兩家子公司(新世紀資通股份有限公司、和宇寬頻網路股份有限公司),ISO 14064,3.32,營業額
4906,正文,2080.3403,正文集團-正文科技.安博(常熟).正鵬(昆山).Gemtek Vietnam,ISO 14064-1                                                                                                                                                                                             ,32583.7591,正文集團-正文科技.安博(常熟).正鵬(昆山).Gemtek Vietnam,ISO 14064-1                                                                                                                                                                                             ,6660.502,正文集團-正文科技.安博(常熟).正鵬(昆山).Gemtek Vietnam,ISO 14064-1                                                                                                                                                                                             ,0.0015,營業額
4912,聯德控股-KY,6.5,重要子公司聯德精密材料(中國)股份有限公司,,83,重要子公司聯德精密材料(中國)股份有限公司,,3.6,重要子公司聯德精密材料(中國)股份有限公司,,0.0023,營業額
4915,致伸,4900.119,致伸科技及子公司東莞東聚、致伸重慶、致伸昆山、惠州迪芬尼、東莞迪芬尼及東城迪芬尼,ISO 14064,65289.211,致伸科技及子公司東莞東聚、致伸重慶、致伸昆山、惠州迪芬尼、東莞迪芬尼及東城迪芬尼,ISO 14064,480858.938,致伸科技及子公司東莞東聚、致伸重慶、致伸昆山、惠州迪芬尼、東莞迪芬尼及東城迪芬尼,ISO 14064,0.98,營業額
4916,事欣科,無，無統計相關數據,,,無，無統計相關數據,,,無，無統計相關數據,,,無，無統計相關數據,
4919,新唐,37794.72,僅母公司,ISO 14064,37221.3,僅母公司,ISO 14064,無，無統計相關數據,,,0.0007,平方公分-晶圓                                                                                                                                                                                           
4927,泰鼎-KY,8158.04,包含合併財務報表之母子公司,,176959.05,包含合併財務報表之母子公司,,21288.93,包含合併財務報表之母子公司,,12.96,台幣百萬營收                                                                                                                                                                                            
4930,燦星網,無，無統計相關數據,,,無，無統計相關數據,,,無，無統計相關數據,,,無，無統計相關數據,
4934,太極,無，無統計相關數據,,,無，無統計相關數據,,,無，無統計相關數據,,,無，無統計相關數據,
4935,茂林-KY,無，無統計相關數據,,,無，無統計相關數據,,,無，無統計相關數據,,,無，無統計相關數據,
4938,和碩,33442.43,和碩聯合科技(股)公司、名碩電腦(蘇州)、凱碩電腦(蘇州)、昌碩科技(上海)、世碩電子(昆山)、旭碩科技(重慶)、Pegatron MEXICO S.A.DEC.V.、PEGATRON Czech s.r.o.、PT. PEGATRON TECHNOLOGY INDONESIA、Pegatron Japan Inc.、PEGATRON SERVICE SINGAPORE PTE. LTD.、PEGATRON SERVICE KOREA LLC.、PEGATRON TECHNOLOGY SERVICE INC.、PEGATRON SERVICE AUSTRALIA PTY. LTD.,ISO 14064,480916.86,和碩聯合科技(股)公司、名碩電腦(蘇州)、凱碩電腦(蘇州)、昌碩科技(上海)、世碩電子(昆山)、旭碩科技(重慶)、Pegatron MEXICO S.A.DEC.V.、PEGATRON Czech s.r.o.、PT. PEGATRON TECHNOLOGY INDONESIA、Pegatron Japan Inc.、PEGATRON SERVICE SINGAPORE PTE. LTD.、PEGATRON SERVICE KOREA LLC.、PEGATRON TECHNOLOGY SERVICE INC.、PEGATRON SERVICE AUSTRALIA PTY. LTD.,ISO 14064,709.29,和碩聯合科技(股)公司、名碩電腦(蘇州)、凱碩電腦(蘇州)、昌碩科技(上海)、世碩電子(昆山)、旭碩科技(重慶)、Pegatron MEXICO S.A.DEC.V.、PEGATRON Czech s.r.o.、PT. PEGATRON TECHNOLOGY INDONESIA、Pegatron Japan Inc.、PEGATRON SERVICE SINGAPORE PTE. LTD.、PEGATRON SERVICE KOREA LLC.、PEGATRON TECHNOLOGY SERVICE INC.、PEGATRON SERVICE AUSTRALIA PTY. LTD.,ISO 14064,0.41,每百萬營業額(元)                                                                                                                                                                                        
4942,嘉彰,267.2586,母公司,,1690.3344,母公司,,60.4572,母公司,,1.2013,百萬元營業額                                                                                                                                                                                            
4943,康控-KY,無，無統計相關數據,,,無，無統計相關數據,,,無，無統計相關數據,,,無，無統計相關數據,
4949,有成精密,,,N/A,N/A,N/A,N/A,,,N/A,,
4952,凌通,44.72,母公司,,703.95,母公司,,6.75,母公司,,0.2146,百萬營業額                                                                                                                                                                                              
4956,光鋐,無，無統計相關數據,,,無，無統計相關數據,,,無，無統計相關數據,,,無，無統計相關數據,
4958,臻鼎-KY,53131,大陸園區與台灣園區,ISO 14064,1041369,大陸園區與台灣園區,ISO 14064,28476,大陸園區與台灣園區,ISO 14064,6.12,營業額
4960,誠美材,16636.9396,僅母公司,ISO 14064,31967.36,僅母公司,ISO 14064,16815.3785,僅母公司,ISO 14064,1.355,產能(仟米平方)                                                                                                                                                                                          
4961,天鈺,0,僅含天鈺科技（母公司）新竹總部之據點,,703,僅含天鈺科技（母公司）新竹總部之據點,AA1000 Type 2 中度保證                                                                                                                                                                                  ,無，尚未導入ISO 14064管理系統，尚未統計相關資料,,,0.039,0.0390噸CO2e/ 百萬營業額                                                                                                                                                                                
4967,十銓,無，詳年報說明,,,無，無統計相關數據,,,無，無統計相關數據,,,無，無統計相關數據,
4968,立積,無，無統計相關數據,,,556.2,僅母公司,,無，無統計相關數據,,,0.1,營業額
4976,佳凌,無，無統計相關數據,,,無，詳年報說明,,,無，無統計相關數據,,,無，無統計相關數據,
4977,眾達-KY,無，無統計相關數據,,,無，無統計相關數據,,,無，無統計相關數據,,,無，無統計相關數據,
4989,榮科,無，無統計相關數據,,,無，無統計相關數據,,,無，無統計相關數據,,,無，無統計相關數據,
4994,傳奇,無，無統計相關數據,,,無，無統計相關數據,,,無，無統計相關數據,,,無，無統計相關數據,
4999,鑫禾,無，無統計相關數據,,,6065,僅母公司,,無，無統計相關數據,,,無，無統計相關數據,
5007,三星,無，無統計相關數據,,,無，無統計相關數據,,,無，無統計相關數據,,,無，無統計相關數據,
5203,訊連,無，詳年報說明,,,434.3,僅母公司台北總部,,無，無統計相關數據,,,434.3,總公司電力使用之二氧化碳排放                                                                                                                                                                            
5215,科嘉-KY,無，詳年報說明,,,無，詳年報說明,,,無，詳年報說明,,,無，詳年報說明,
5222,全訊,12.9958,僅個別公司大順一廠,,1369.5062,僅個別公司大順一廠,,無，無統計相關數據,,,1.5076,百萬營業額                                                                                                                                                                                              
5225,東科-KY,無，無統計相關數據,,,無，無統計相關數據,,,無，無統計相關數據,,,無，無統計相關數據,
5234,達興材料,702.01,包含達興材料所有生產廠區排放量(中科廠及中港廠),ISO 14064,6358.8,包含達興材料所有生產廠區排放量(中科廠及中港廠),ISO 14064,8087.9,包含達興材料所有生產廠區排放量(中科廠及中港廠),ISO 14064,1.56,百萬元營業額                                                                                                                                                                                            
5243,乙盛-KY,無，無統計相關數據,,,無，無統計相關數據,,,無，無統計相關數據,,,無，無統計相關數據,
5244,弘凱,無，無統計相關數據,,,無，無統計相關數據,,,無，無統計相關數據,,,無，無統計相關數據,
5258,虹堡,無，無統計相關數據,,,無，無統計相關數據,,,無，無統計相關數據,,,無，無統計相關數據,
5269,祥碩,26.09,"110/1/1~12/31, 範圍:祥碩總公司辦公室冷煤碳排+水肥碳排",,516.38,"110/1/1~12/31, 範圍: 祥碩總公司辦公室用電碳排",,17672.26,"110/1/1~12/31, 範圍: 祥碩總公司辦公室 員工通勤(汽油) +祥碩辦公室垃圾碳排+供應商製造中的產品碳排",,9.03,營業額(億元)                                                                                                                                                                                            
5283,禾聯碩,無，尚在評估規畫中,,,無，尚在評估規畫中,,,無，尚在評估規畫中,,,無，尚在評估規畫中,
5284,jpp-KY,無，正接受ISO14064-1系統輔導,,,無，正接受ISO14064-1系統輔導,,,無，正接受ISO14064-1系統輔導,,,無，正接受ISO14064-1系統輔導,
5285,界霖,無，無統計相關數據,,,5846,界霖科技楠梓廠區,,無，無統計相關數據,,,無，無統計相關數據,
5288,豐祥-KY,2006.65,主要營運子公司台灣豐祥及越南VPIC1,,20901,主要營運子公司台灣豐祥及越南VPIC1,,無，不易盤查，故暫無相關統計。,,,0.004,仟元營業額                                                                                                                                                                                              
5292,華懋,,,N/A,N/A,N/A,N/A,,,N/A,,
5306,桂盟,4.26,母公司,,61.88,母公司,,無，排放量不重大,,,0.0006,產品
5388,中磊,77.7,本公司(竹南廠),,4216.814,本公司(台北辦公室+竹南廠),,無，無統計相關數據,,,0.63,營業額
5434,崇越,334.2366,台北總部、新竹辦事處、竹南倉庫,ISO 14064,741.2594,台北總部、新竹辦事處、竹南倉庫,ISO 14064,2589.4744,台北總部、新竹辦事處、竹南倉庫,ISO 14064,0,營業額
5469,瀚宇博,947.7739,瀚宇博德股份有限公司,,19036.0004,瀚宇博德股份有限公司,,30.79,瀚宇博德股份有限公司,,0.0085,產品
5471,松翰,無，無使用,,,696.2,僅母公司,,無，無使用,,,0.2335,營業額(新台幣仟元)                                                                                                                                                                                      
5484,慧友,無，本公司並未產生直接溫室氣體排放量,,,268.44,母公司110年度自來水及電力的溫室氣體排放量,,無，本公司並未產生其他間接溫室氣體排放量,,,0.7354,"母公司110年度自來水及電力的溫室氣體排放量,平均每天排放0.7354噸CO2e                                                                                                                                      "
5515,建國,6.09,企業總部,,170.5,企業總部,,無，無統計相關數據,,,0.44,人                                                                                                                                                                                                      
5519,隆大,無，無統計相關數據,,,無，無統計相關數據,,,無，無統計相關數據,,,無，無統計相關數據,
5521,工信,240.828,僅母公司,,510.815,僅母公司,,無，無統計相關數據,,,2.53,員工人數                                                                                                                                                                                                
5522,遠雄,12.76,僅母公司,ISO 14064,177.74,僅母公司,ISO 14064,73.72,僅母公司,ISO 14064,0.008,百萬營業額                                                                                                                                                                                              
5525,順天,無，無統計相關數據,,,無，無統計相關數據,,,無，無統計相關數據,,,無，無統計相關數據,
5531,鄉林,無，無統計相關數據,,,232.8,母公司,,無，無統計相關數據,,,232.8,員工人數                                                                                                                                                                                                
5533,皇鼎,無，無統計相關數據,,,無，無統計相關數據,,,無，無統計相關數據,,,無，無統計相關數據,
5534,長虹,無，無統計相關數據,,,無，無統計相關數據,,,無，無統計相關數據,,,無，無統計相關數據,
5538,東明-KY,0,僅母公司,,17.228,僅母公司,,9.36,僅母公司,,無，公司為控股公司,
5546,永固-KY,無，無統計相關數據,,,無，無統計相關數據,,,無，無統計相關數據,,,無，無統計相關數據,
5607,遠雄港,無，首次辦理統計資料不全,,,無，無統計相關數據,,,無，無統計相關數據,,,無，無統計相關數據,
5608,四維航,392521.801,母子孫公司所屬船舶,111年永續報告書經BV查證，採用AA1000 Type 1 Moderate Assurance；船隊之範疇一排放使用日本海事協會(ClassNK)燃油耗油量認證書之數據換算，其中涵蓋110年數據                                                   ,90.975,"母 公司總部辦公室",111年永續報告書經BV查證，採用AA1000 Type 1 Moderate Assurance；船隊之範疇一排放使用日本海事協會(ClassNK)燃油耗油量認證書之數據換算，其中涵蓋110年數據                                                   ,無，無統計相關數據,,,1.318,範疇二總排放量/辦公室人數；而船隊之溫室氣體排放強度，以範疇一總排放量/延噸海浬，得出0.0000007719。延噸海浬為載貨噸數與起訖港浬程數之乘積                                                                
5706,鳳凰,無，無統計相關數據,,,無，無統計相關數據,,,無，無統計相關數據,,,無，無統計相關數據,
5871,中租-KY,7646.34,全企業，資料出處:2021年CSR報告書,ISO 14064,5015.82,全企業，資料出處:2021年CSR報告書,ISO 14064,601.9,全企業，資料出處:2021年CSR報告書,ISO 14064,0.11,營業額
5876,上海商銀,707.2,僅母公司,1.確信準則公報第一號 2.通過ISO 14064驗證                                                                                                                                                                ,7407.9,僅母公司,1.確信準則公報第一號 2.通過ISO 14064驗證                                                                                                                                                                ,941305.5,僅母公司，排放源類型僅為上游電力、員工通勤、商務差旅、產品生命終止階段產生之排放及投融資活動,ISO 14064僅為上游電力、員工通勤、商務差旅、產品生命終止階段產生之排放                                                                                                                                   ,40.2403,分母為百萬元營業額                                                                                                                                                                                      
5880,合庫金,2575.94,合庫金控及各子公司，合計333處據點。,ISO 14064,25147.26,合庫金控及各子公司，合計333處據點。,ISO 14064,3671319.95,1.合庫金控及子公司，合計306處據點(不含國外)上/下游運輸和貨物配送、商務旅行、採購商品、固體和液體廢棄物處理碳排放量。2. 合庫金控及子公司，合計333處據點之投融資碳排放量。,ISO 14064,0.5095,淨收益佰萬元                                                                                                                                                                                            
5906,台南-KY,無，無統計相關數據,,,無，無統計相關數據,,,無，無統計相關數據,,,無，無統計相關數據,
5907,大洋-KY,無，無統計相關數據,,,無，無統計相關數據,,,無，無統計相關數據,,,60998.691,度                                                                                                                                                                                                      
6005,群益證,30.3588,母公司,,3954.1817,母公司,,無，無統計相關數據,,,無，無統計相關數據,
6024,群益期,16.287,全台營運據點,,273.382,全台營運據點,,無，無統計相關數據,,,0.1316,營業額 百萬元                                                                                                                                                                                           
6108,競國,448,僅母公司,ISO 14064,18679,僅母公司,ISO 14064,0,僅母公司,ISO 14064,0.01,產品
6112,邁達特,2.512,僅母公司台北總部,本公司直接溫室氣體排放量數據經2021永續報告書驗證。                                                                                                                                                      ,995.686,母公司台北總部及高雄分公司,本公司間接溫室氣體盤放量經2021永續報告書驗證。                                                                                                                                                          ,無，無統計相關數據,,,998.198,營業額
6115,鎰勝,72.164,母公司,,2647.855,母公司,,無，數據取得困難,,,2720.019,產品
6116,彩晶,106919.68,母公司及子公司(南京瀚宇彩欣科技有限責任公司),ISO 14064,282698.47,母公司及子公司(南京瀚宇彩欣科技有限責任公司),ISO 14064,152357.37,母公司的南科廠,ISO 14064,5.271,母公司的內湖營業所密集度為0.134 ton CO2e /樓地板面積(坪)；母公司的南科廠為0.066ton CO2e /投片面積(m2)；子公司(南京)為5.071 ton CO2e /投片量(片)                                                         
6117,迎廣,1698.59,母公司,,4820.6,母公司,,無，無統計相關數據,,,2.83,百萬營業額                                                                                                                                                                                              
6120,達運,992,包含本公司及合併財務報表內子公司,,96263,包含本公司及合併財務報表內子公司,,無，無統計相關數據,,,479,營業額
6128,上福,14.7,上福全球在台灣營運據點為主（包含本廠、二廠及三廠）,,1699.91,上福全球在台灣營運據點為主（包含本廠、二廠及三廠）,,無，無統計相關數據,,,0.0001,產品
6133,金橋,無，無統計相關數據,,,無，無統計相關數據,,,無，無統計相關數據,,,無，無統計相關數據,
6136,富爾特,無，無統計相關數據,,,126.058,母公司,,無，無統計相關數據,,,無，無統計相關數據,
6139,亞翔,無，無統計相關數據,,,無，無統計相關數據,,,無，無統計相關數據,,,無，無統計相關數據,
6141,柏承,無，無統計相關數據,,,無，無統計相關數據,,,無，無統計相關數據,,,無，無統計相關數據,
6142,友勁,58.1998,母公司,ISO 14064,4331.5583,母公司,ISO 14064,796.42,母公司,ISO 14064,1.7706,單位: (範疇一+二)/百萬營業額                                                                                                                                                                            
6152,百一,無，NA,,,344.86,母公司,,無，無統計相關數據,,,無，無統計相關數據,
6153,嘉聯益,10068.4,僅母公司樹林廠,ISO 14064,24977.51,僅母公司樹林廠,ISO 14064,1029.2,僅母公司樹林廠,ISO 14064,無，無統計相關數據,
6155,鈞寶,26.76,母公司,,6920.99,母公司,,無，無統計相關數據,,,無，無統計相關數據,
6164,華興,無，無統計相關數據,,,無，無統計相關數據,,,無，無統計相關數據,,,無，無統計相關數據,
6165,浪凡,無，無統計相關數據,,,無，無統計相關數據,,,無，無統計相關數據,,,無，無統計相關數據,
6166,凌華,405.331,母公司,,3199.31,母公司,,11.198,母公司,,0.0036,產品
6168,宏齊,75.1526,母公司,,10418.7841,母公司,,6604.3362,母公司,,0.0035,營業額
6176,瑞儀,3157.4,台灣與中國大陸製造廠區,ISO 14064,115331.22,台灣與中國大陸製造廠區,ISO 14064,134201.19,台灣與中國大陸製造廠區,ISO 14064,0.0132,原物料塑膠粒投料量(公斤)                                                                                                                                                                                
6177,達麗,無，無統計相關數據,,,無，無統計相關數據,,,無，無統計相關數據,,,無，無統計相關數據,
6183,關貿,185.8869,南港總公司公務車油耗、化糞池及冷媒逸散,,1192.1611,南港總公司營運用之電力,,無，無統計相關數據,,,0.6229,排放(噸)/營業額(百萬)                                                                                                                                                                                   
6184,大豐電,無，無統計相關數據,,,無，無統計相關數據,,,無，無統計相關數據,,,無，無統計相關數據,
6189,豐藝,375491,母公司及子公司勁豐,,254755,母公司及子公司勁豐,,無，無統計相關數據,,,無，無統計相關數據,
6191,精成科,0.4,包含合併財務報表之母子公司,,275618.4,包含合併財務報表之母子公司,,無，無統計相關數據,,,9.9786,百萬營業額                                                                                                                                                                                              
6192,巨路,無，無統計相關數據,,,無，無統計相關數據,,,無，詳年報說明,,,無，無統計相關數據,
6196,帆宣,93.15,母公司-湖口廠(驗證)、頭份廠(未驗證)、南科一、三廠(未驗證),ISO 14064,7528.71,母公司-湖口廠(驗證)、頭份廠(未驗證)、南科一、三廠(未驗證),ISO 14064,無，無統計相關數據,,,7621.86,產品
6197,佳必琪,無，無統計相關數據,,,無，無統計相關數據,,,無，無統計相關數據,,,無，無統計相關數據,
6201,亞弘電,無，無統計相關數據,,,1160.947,母公司,,無，無統計相關數據,,,無，無統計相關數據,
6202,盛群,無，無統計相關數據,,,1344.31,本公司台灣總部,,無，無統計相關數據,,,0.2032,百萬營業額                                                                                                                                                                                              
6205,詮欣,25.6288,母公司,ISO 14064,294.9638,母公司,ISO 14064,74.266,母公司,ISO 14064,0.0003,以範疇二/母公司個體營收(仟元)                                                                                                                                                                           
6206,飛捷,127.74,飛捷科技母公司,,1789.3,飛捷科技母公司,,27.93,飛捷科技母公司,,0.0088,產品
6209,今國光,無，無統計相關數據,,,14295,今國集團,,無，無統計相關數據,,,無，無統計相關數據,
6213,聯茂,2579.4,母公司,,5685.5,母公司,,無，無統計相關數據,,,0.0027,產品-每張-銅箔基板                                                                                                                                                                                      
6214,精誠,7.25,僅母公司,ISO 14064,2779.51,僅母公司,ISO 14064,566.88,僅母公司,ISO 14064,2.96,員工人數                                                                                                                                                                                                
6215,和椿,0.665,母公司,,386.1,母公司,,無，無統計相關數據,,,0.2677,百萬營業額                                                                                                                                                                                              
6216,居易,無，無統計相關數據,,,470.801,僅母公司,,無，無統計相關數據,,,470.801,輸入電力而造成間接之溫室氣體排放                                                                                                                                                                        
6224,聚鼎,95.7194,母公司,,3638.1141,母公司,,無，無統計相關數據,,,無，無統計相關數據,
6225,天瀚,無，無製造,,,無，無製造,,,無，無製造,,,無，無統計相關數據,
6226,光鼎,無，詳年報說明,,,無，無統計相關數據,,,無，無統計相關數據,,,無，無統計相關數據,
6230,尼得科超眾,351.54,中興廠、興德廠、陞泰廠,,3069.31,中興廠、興德廠、陞泰廠,,無，無統計相關數據,,,0.31,營業額
6235,華孚,無，無統計相關數據,,,無，無統計相關數據,,,無，無統計相關數據,,,無，無統計相關數據,
6239,力成,18372.82,僅母公司台灣地區,ISO 14064,381346.17,僅母公司台灣地區,ISO 14064,289436.07,僅母公司台灣地區,ISO 14064,7.8,營業額(百萬)以台灣地區計算                                                                                                                                                                              
6243,迅杰,無，無統計相關數據,,,131.185,母公司,,無，無統計相關數據,,,0.159,百萬營業額                                                                                                                                                                                              
6257,矽格,148.4227,矽格-北興 中興 湖口廠區,,79413.99,矽格-北興 中興 湖口廠區,,無，尚未進行盤查 預計2022年,,,0.0127,其他:K die                                                                                                                                                                                              
6269,台郡,406.619,僅母公司,,28904.959,僅母公司,,無，無統計相關數據,,,0.029,產品
6271,同欣電,無，無統計相關數據,,,50410.65,母公司,,無，無統計相關數據,,,4.9,百萬產值                                                                                                                                                                                                
6272,驊陞,,,N/A,N/A,N/A,N/A,,,N/A,,
6277,宏正,226.13,母公司及汐止廠區,ISO 14064,2458.7589,母公司及汐止廠區,ISO 14064,無，無統計相關數據,,,0.798,營業額
6278,台表科,無，無統計相關數據,,,無，無統計相關數據,,,無，無統計相關數據,,,無，無統計相關數據,
6281,全國電,無，無統計相關數據,,,17779.6944,母公司,,無，無統計相關數據,,,無，無統計相關數據,
6282,康舒,2207.512,包含合併報表之母子公司,ISO 14064,50543.015,包含合併財務報表之母子公司,ISO 14064,2633060.756,包含合併財務報表之母子公司,ISO 14064,240.7997,新臺幣每億元營業收入                                                                                                                                                                                    
6283,淳安,無，無統計相關數據,,,無，無統計相關數據,,,無，無統計相關數據,,,無，無統計相關數據,
6285,啟碁,2668,總部、力行廠、南科廠、啟佳、啟新、啟基永昌（昆山）、越南廠,ISO 14064,55704,總部、力行廠、南科廠、啟佳、啟新、啟基永昌（昆山）、越南廠,ISO 14064,2679,總部、力行廠、南科廠、啟佳、啟新、啟基永昌（昆山）、越南廠,,0.87,新臺幣百萬元營收                                                                                                                                                                                        
6405,悅城,無，詳年報說明,,,無，詳年報說明,,,無，詳年報說明,,,無，詳年報說明,
6409,旭隼,175.17,包含合併財務報表之母子公司,ISO14607; 採用IISAE3000及ISAE3410進行確信                                                                                                                                                               ,19129,包含合併財務報表之母子公司,ISO14607;採用ISAE3000及ISAE3410進行確信                                                                                                                                                                 ,768882,包含合併財務報表之母子公司,ISO14607;採用ISAE3000及ISAE3410進行確信                                                                                                                                                                 ,788186,產品
6412,群電,2699.4,群電台北總公司、群電東莞廠、群電蘇州廠、群電重慶廠,ISO 14064,51196.68,群電台北總公司、群電東莞廠、群電蘇州廠、群電重慶廠,ISO 14064,32246147.4,群電台北總公司、群電東莞廠、群電蘇州廠、群電重慶廠,ISO 14064,0.0013,營業額
6414,樺漢,8.1,僅母公司,,357.5,僅母公司,,無，無統計相關數據,,,無，無統計相關數據,
6415,矽力*-KY,0,母公司包含杭州子公司(重要子公司),,4849,母公司包含杭州子公司(重要子公司),,無，尚未進行盤查,,,22.55,營業額
6416,瑞祺電通,無，不適用,,,656,母公司,,無，不適用,,,201,營業額
6426,統新,無，無統計相關數據,,,無，無統計相關數據,,,無，無統計相關數據,,,無，無統計相關數據,
6431,光麗-KY,無，無統計相關數據,,,無，無統計相關數據,,,無，無統計相關數據,,,無，無統計相關數據,
6438,迅得,無，無統計相關數據,,,無，無統計相關數據,,,無，無統計相關數據,,,無，無統計相關數據,
6442,光聖,無，無統計相關數據,,,2108.6008,僅母公司,,無，無統計相關數據,,,4.5,工時                                                                                                                                                                                                    
6443,元晶,4932.078,110年新竹廠及屏東廠資料加總,ISO 14064,36196.687,110年新竹廠及屏東廠資料加總,ISO 14064,無，無統計相關數據,,,6.576,營業額
6446,藥華藥,560.9094,僅台灣製造廠區,,2606.7317,僅台灣製造廠區,,無，統計中,,,5.38,產品
6449,鈺邦,59.81,重要子公司,,無，無統計相關數據,,,無，無統計相關數據,,,無，無統計相關數據,
6451,訊芯-KY,288.9,2021.1~2021.12訊芯電子科技(中山)有限公司及訊芸電子科技(中山)有限公司之廣東省中山市廠區,,35523.01,2021.1~2021.12訊芯電子科技(中山)有限公司及訊芸電子科技(中山)有限公司之廣東省中山市廠區,,206.73,2021.1~2021.12訊芯電子科技(中山)有限公司及訊芸電子科技(中山)有限公司之廣東省中山市廠區,,475.52,萬元產值RMB                                                                                                                                                                                             
6456,GIS-KY,3225.05,所有廠區及子公司，不包含於2021年初期營運之業泓台灣公司,ISO 14064,158379.92,所有廠區及子公司，不包含於2021年初期營運之業泓台灣公司,ISO 14064,64847.35,所有廠區及子公司，不包含於2021年初期營運之業泓台灣公司,ISO 14064,1.16,百萬營業額                                                                                                                                                                                              
6464,台數科,6.67,僅母公司,,15.18,僅母公司,,無，無統計相關數據,,,無，無統計相關數據,
6472,保瑞,12649.35,合併財務報表之母子公司,ISO 14064,10015.19,合併財務報表之母子公司,ISO 14064,21525.11,合併財務報表之母子公司,ISO 14064,4.6254,營業額
6477,安集,"無，本公司屬實收資本額50億元以下之 公司別，應於第三階段(115年度) 適用溫室氣體盤查及查證，本公司 之合併子公司(包含合併報表報導 個體之各子公司)應於第四階段 (116年)適用溫室氣體盤查及查 證；將持續依主管機關之參考指引 及相關規定完成設置專（兼）職單 位、各計畫項目詳細推動時程、擬 定完整盤查程序及董事會督導及控 管階段性目標等計畫內容。",,,"無，本公司屬實收資本額50億元以下之 公司別，應於第三階段(115年度) 適用溫室氣體盤查及查證，本公司 之合併子公司(包含合併報表報導 個體之各子公司)應於第四階段 (116年)適用溫室氣體盤查及查 證；將持續依主管機關之參考指引 及相關規定完成設置專（兼）職單 位、各計畫項目詳細推動時程、擬 定完整盤查程序及董事會督導及控 管階段性目標等計畫內容。",,,"無，本公司屬實收資本額50億元以下之 公司別，應於第三階段(115年度) 適用溫室氣體盤查及查證，本公司 之合併子公司(包含合併報表報導 個體之各子公司)應於第四階段 (116年)適用溫室氣體盤查及查 證；將持續依主管機關之參考指引 及相關規定完成設置專（兼）職單 位、各計畫項目詳細推動時程、擬 定完整盤查程序及董事會督導及控 管階段性目標等計畫內容。",,,"無，本公司屬實收資本額50億元以下之 公司別，應於第三階段(115年度) 適用溫室氣體盤查及查證，本公司 之合併子公司(包含合併報表報導 個體之各子公司)應於第四階段 (116年)適用溫室氣體盤查及查 證；將持續依主管機關之參考指引 及相關規定完成設置專（兼）職單 位、各計畫項目詳細推動時程、擬 定完整盤查程序及董事會督導及控 管階段性目標等計畫內容。",
6491,晶碩,228.9767,晶碩大溪廠及龜山廠,ISO 14064,39213.7787,晶碩大溪廠及龜山廠,ISO 14064,15616.5605,晶碩大溪廠及龜山廠,ISO 14064,0,每單位產品0.07 CO2e                                                                                                                                                                                     
6504,南六,無，無統計相關數據,,,無，無統計相關數據,,,無，無統計相關數據,,,無，無統計相關數據,
6505,台塑化,26482766.95,母公司,ISO 14064,119051.0322,母公司,ISO 14064,60285231.72,母公司,ISO 14064,43,百萬營業額                                                                                                                                                                                              
6515,穎崴,無，無統計相關數據,,,無，無統計相關數據,,,無，無統計相關數據,,,無，無統計相關數據,
6525,捷敏-KY,0,包含合併財務報表之子公司,,39309.24,包含合併財務報表之子公司,,0,包含合併財務報表之子公司,,0.0071,產品
6526,達發,,,N/A,N/A,N/A,N/A,,,N/A,,
6531,愛普*,無，無統計相關數據,,,無，無統計相關數據,,,無，無統計相關數據,,,無，無統計相關數據,
6533,晶心科,292,僅母公司,,無，無統計相關數據,,,無，無統計相關數據,,,無，無統計相關數據,
6534,正瀚-創,,,N/A,N/A,N/A,N/A,,,N/A,,
6541,泰福-KY,無，無統計相關數據,,,無，無統計相關數據,,,無，無統計相關數據,,,無，無統計相關數據,
6550,北極星藥業-KY,無，無統計相關數據,,,無，無統計相關數據,,,無，無統計相關數據,,,無，無統計相關數據,
6552,易華電,294.6131,易華公司,ISO 14064,20025.4326,易華公司,ISO 14064,0,易華公司,ISO 14064,0,產品
6558,興能高,無，無統計相關數據,,,無，無統計相關數據,,,無，無統計相關數據,,,無，無統計相關數據,
6573,虹揚-KY,13815.6259,新北市新店區北新路三段207-5號4樓,,14829.582,新北市新店區北新路三段207-5號4樓,,無，針對委外活動所產生的其他間接排放，由於排放源是由其他公司所擁有或控制的為主，因數據蒐集上有相當之困難度與高度的不準確性，故本公司在符合ISO14064-1 之要求下，目前以定性盤查為主，不予定量計算。,,,無，未有生產產品。,
6579,研揚,112.4,僅母公司,,140.3,僅母公司,,無，無統計相關數據,,,252.7,營業額
6581,鋼聯,71848,僅母公司。,ISO 14064,9532,僅母公司。,ISO 14064,15244,僅母公司。,,0.534,服務
6582,申豐,12367,母公司,,19998,母公司,,無，無統計相關數據,,,0.242,產品
6585,鼎基,無，無統計相關數據,,,無，無統計相關數據,,,無，無統計相關數據,,,無，無統計相關數據,
6589,台康生技,0.75,母公司,,9983,母公司,,無，無範疇三排放源,,,4.425,產品
6591,動力-KY,無，無統計相關數據,,,無，無統計相關數據,,,無，無統計相關數據,,,無，無統計相關數據,
6592,和潤企業,215.0248,僅母公司,ISO 14064,36.1806,僅母公司,ISO 14064,34.1009,僅母公司,ISO 14064,無，詳年報說明,
6598,ABC-KY,無，無統計相關數據,,,無，無統計相關數據,,,無，無統計相關數據,,,無，無統計相關數據,
6605,帝寶,無，無統計相關數據,,,無，無統計相關數據,,,無，無統計相關數據,,,無，無統計相關數據,
6614,資拓宏宇,,,N/A,N/A,N/A,N/A,,,N/A,,
6625,必應,無，無統計相關數據,,,無，無統計相關數據,,,無，無統計相關數據,,,無，無統計相關數據,
6641,基士德-KY,59.85,合併報表之子公司之一-川源(中國)平湖廠區,,262.8,合併報表之子公司之一-川源(中國)平湖廠區,,20.03,合併報表之子公司之一-川源(中國)平湖廠區,,0.2165,百萬營業額                                                                                                                                                                                              
6645,金萬林-創,,,N/A,N/A,N/A,N/A,,,N/A,,
6655,科定,無，無統計相關數據,,,無，無統計相關數據,,,無，無統計相關數據,,,無，無統計相關數據,
6658,聯策,,,N/A,N/A,N/A,N/A,,,N/A,,
6666,羅麗芬-KY,無，無統計相關數據,,,無，無統計相關數據,,,無，無統計相關數據,,,無，無統計相關數據,
6668,中揚光,126.805,母公司,,6426.84,母公司,,1554.79,母公司,,10.78,營業額
6669,緯穎,48.6655,母公司,ISO 14064,7106.5563,母公司,ISO 14064,14851.4745,母公司,ISO 14064,無，無統計相關數據,
6670,復盛應用,5730.59,桃園廠,,18582.877,桃園廠,,無，無統計相關數據,,,0.0028,產品
6671,三能-KY,無，無統計相關數據,,,無，無統計相關數據,,,無，無統計相關數據,,,無，無統計相關數據,
6672,騰輝電子-KY,7657.93,合併財務報表之子公司生產型廠區,,19063.62,合併財務報表之子公司生產型廠區,,無，無統計相關數據,,,0.0035,千元營業額                                                                                                                                                                                              
6674,鋐寶科技,17.39,母公司,                                                                                                                                                                                                        ,652.53,母公司,                                                                                                                                                                                                        ,無，無統計相關數據,,                                                                                                                                                                                                        ,0.23,營業額
6691,洋基工程,無，無統計相關數據,,,無，無統計相關數據,,,無，無統計相關數據,,,無，無統計相關數據,
6698,旭暉應材,無，無直接排放溫室氣體,,,3585.65,僅母公司用電,,6.13,僅母公司用水,,無，無統計相關數據,
6706,惠特,29.3472,僅母公司,,7105.0771,僅母公司,,無，無其他間接範疇項目,,,0.0012,營業額
6715,嘉基,391.2518,母公司及合併財務報表之大陸地區子公司,,2839.0647,僅大陸地區子公司,,無，無統計相關數據,,,無，無統計相關數據,
6719,力智,1.14,母公司,,904.77,母公司,,無，無統計相關數據,,,無，無統計相關數據,
6722,輝創,,,N/A,N/A,N/A,N/A,,,N/A,,
6742,澤米,,,N/A,N/A,N/A,N/A,,,N/A,,
6743,安普新,無，無統計相關數據,,,無，無統計相關數據,,,無，無統計相關數據,,,無，無統計相關數據,
6754,匯僑設計,無，無統計相關數據,,,無，無統計相關數據,,,無，無統計相關數據,,,無，無統計相關數據,
6756,威鋒電子,251,僅母公司,,無，無統計相關數據,,,無，無統計相關數據,,,無，無統計相關數據,
6757,台灣虎航,,,N/A,N/A,N/A,N/A,,,N/A,,
6768,志強-KY,無，無統計相關數據,,,110.54,僅台灣母公司辦公大樓。,,無，無統計相關數據,,,無，無統計相關數據,
6770,力積電,94995.76,母公司,ISO 14064,570181.23,母公司,ISO 14064,無，現行範疇三非屬環保署公告指定盤查項目，本公司預計於明年度進行範疇三盤查驗證。,,,0.0005,產品
6771,平和環保-創,,,N/A,N/A,N/A,N/A,,,N/A,,
6776,展碁國際,30,僅申報公司,ISO 14064,613,僅申報公司,ISO 14064,無，僅部分項目併入母公司進行計算,,ISO 14064,0.03,百萬營業額                                                                                                                                                                                              
6781,AES-KY,28.417,兆普+嘉普,ISO 14064,899.957,兆普+嘉普,ISO 14064,9691.865,兆普+嘉普,ISO 14064,0.08,單位：噸CO2e/百萬元營收                                                                                                                                                                                 
6789,采鈺,7722,采鈺新竹廠,ISO 14064,36057,采鈺新竹廠,ISO 14064,21968,采鈺新竹廠,ISO 14064,0.003,噸CO2e/ 8吋晶圓當量-層                                                                                                                                                                                  
6790,永豐實,73927,臺灣紙品工廠：楊梅廠、清水廠,ISO 14064,48710,臺灣紙品工廠：楊梅廠、清水廠,ISO 14064,無，無統計相關數據,,,1.29,產品
6792,詠業,5276.18,母公司,,46.63,母公司,,11.13,母公司,,無，每年5月~10月為夏季用電高峰期。,
6794,向榮生技,,,N/A,N/A,N/A,N/A,,,N/A,,
6796,晉弘,無，無統計相關數據,,,無，無統計相關數據,,,無，無統計相關數據,,,無，無統計相關數據,
6799,來頡,"無，本公司為IC設計業, 無自有廠房，無來自於製程或設施之直接排放",,,35.18,母公司,,無，無統計相關數據,,,0.0334,營業額單位為佰萬元                                                                                                                                                                                      
6805,富世達,,,N/A,N/A,N/A,N/A,,,N/A,,
6806,森崴能源,無，本公司為能源性質，故並無範疇一數據,,,116.44,僅母公司,,無，尚未統計,,,1.109,以全年平均每人計算                                                                                                                                                                                      
6807,峰源-KY,無，無統計相關數據,,,無，無統計相關數據,,,無，無統計相關數據,,,無，無統計相關數據,
6831,邁科,,,N/A,N/A,N/A,N/A,,,N/A,,
6838,台新藥,,,N/A,N/A,N/A,N/A,,,N/A,,
6862,三集瑞-KY,,,N/A,N/A,N/A,N/A,,,N/A,,
6885,全福生技,,,N/A,N/A,N/A,N/A,,,N/A,,
6887,寶綠特-KY,,,N/A,N/A,N/A,N/A,,,N/A,,
6890,來億-KY,,,N/A,N/A,N/A,N/A,,,N/A,,
6901,鑽石投資,,,N/A,N/A,N/A,N/A,,,N/A,,
6902,GOGOLOOK,,,N/A,N/A,N/A,N/A,,,N/A,,
6906,現觀科,,,N/A,N/A,N/A,N/A,,,N/A,,
6908,宏碁遊戲-創,,,N/A,N/A,N/A,N/A,,,N/A,,
6909,創控,,,N/A,N/A,N/A,N/A,,,N/A,,
6914,阜爾運通,,,N/A,N/A,N/A,N/A,,,N/A,,
6916,華凌,,,N/A,N/A,N/A,N/A,,,N/A,,
6918,愛派司,,,N/A,N/A,N/A,N/A,,,N/A,,
6919,康霈*,,,N/A,N/A,N/A,N/A,,,N/A,,
6921,嘉雨思-創,,,N/A,N/A,N/A,N/A,,,N/A,,
6923,中台,,,N/A,N/A,N/A,N/A,,,N/A,,
6924,榮惠-KY創,,,N/A,N/A,N/A,N/A,,,N/A,,
6928,攸泰科技,,,N/A,N/A,N/A,N/A,,,N/A,,
6931,青松健康,,,N/A,N/A,N/A,N/A,,,N/A,,
6933,AMAX-KY,,,N/A,N/A,N/A,N/A,,,N/A,,
6934,心誠鎂,,,N/A,N/A,N/A,N/A,,,N/A,,
6936,永鴻生技,,,N/A,N/A,N/A,N/A,,,N/A,,
6937,天虹,,,N/A,N/A,N/A,N/A,,,N/A,,
6944,兆聯實業,,,N/A,N/A,N/A,N/A,,,N/A,,
6949,沛爾生醫-創,,,N/A,N/A,N/A,N/A,,,N/A,,
6951,青新-創,,,N/A,N/A,N/A,N/A,,,N/A,,
6952,大武山,,,N/A,N/A,N/A,N/A,,,N/A,,
6955,邦睿生技-創,,,N/A,N/A,N/A,N/A,,,N/A,,
6957,裕慶-KY,,,N/A,N/A,N/A,N/A,,,N/A,,
6958,日盛台駿,,,N/A,N/A,N/A,N/A,,,N/A,,
6962,奕力-KY,,,N/A,N/A,N/A,N/A,,,N/A,,
6965,中傑-KY,,,N/A,N/A,N/A,N/A,,,N/A,,
6969,成信實業*-創,,,N/A,N/A,N/A,N/A,,,N/A,,
6988,威力暘-創,,,N/A,N/A,N/A,N/A,,,N/A,,
6994,富威電力,,,N/A,N/A,N/A,N/A,,,N/A,,
7610,聯友金屬-創,,,N/A,N/A,N/A,N/A,,,N/A,,
7631,聚賢研發-創,,,N/A,N/A,N/A,N/A,,,N/A,,
7705,三商餐飲,,,N/A,N/A,N/A,N/A,,,N/A,,
7711,永擎,,,N/A,N/A,N/A,N/A,,,N/A,,
7721,微程式,,,N/A,N/A,N/A,N/A,,,N/A,,
7722,LINEPAY,,,N/A,N/A,N/A,N/A,,,N/A,,
7730,暉盛-創,,,N/A,N/A,N/A,N/A,,,N/A,,
7732,金興精密,,,N/A,N/A,N/A,N/A,,,N/A,,
7736,虎山,,,N/A,N/A,N/A,N/A,,,N/A,,
7740,熙特爾-創,,,N/A,N/A,N/A,N/A,,,N/A,,
7749,意騰-KY,,,N/A,N/A,N/A,N/A,,,N/A,,
7750,新代,,,N/A,N/A,N/A,N/A,,,N/A,,
7765,中華資安,,,N/A,N/A,N/A,N/A,,,N/A,,
7769,鴻勁,,,N/A,N/A,N/A,N/A,,,N/A,,
7780,大研生醫*,,,N/A,N/A,N/A,N/A,,,N/A,,
7786,東方風能,,,N/A,N/A,N/A,N/A,,,N/A,,
7788,松川精密,,,N/A,N/A,N/A,N/A,,,N/A,,
7791,皇家可口,,,N/A,N/A,N/A,N/A,,,N/A,,
7795,長廣,,,N/A,N/A,N/A,N/A,,,N/A,,
7799,禾榮科,,,N/A,N/A,N/A,N/A,,,N/A,,
7822,倍利科,,,N/A,N/A,N/A,N/A,,,N/A,,
7823,奧義賽博-KY創,,,N/A,N/A,N/A,N/A,,,N/A,,
8011,台通,無，無統計相關數據,,,無，無統計相關數據,,,無，無統計相關數據,,,無，無統計相關數據,
8016,矽創,無，無統計相關數據,,,無，無統計相關數據,,,無，無統計相關數據,,,無，無統計相關數據,
8021,尖點,146.6,僅母公司,,5763.8,僅母公司,,無，無統計相關數據,,,0.0001,產品
8028,昇陽半導體,3917.5251,僅母公司,ISO 14064,20416.7386,僅母公司,ISO 14064,9779.6911,僅母公司,ISO 14064,0.0646,產品
8033,雷虎,無，無統計相關數據,,,無，無統計相關數據,,,無，無統計相關數據,,,無，無統計相關數據,
8039,台虹,5754.72,母公司,ISO 14064,18405.32,母公司,ISO 14064,無，無統計相關數據,,,0.6732,產品
8045,達運光電,,,N/A,N/A,N/A,N/A,,,N/A,,
8046,南電,11686.9822,母公司,ISO 14064,421396.3111,母公司,ISO 14064,447136.79,母公司,ISO 14064,8.2921,百萬營業額                                                                                                                                                                                              
8070,長華*,1869,包含合併財務報表之母子公司,,49582,包含合併財務報表之母子公司,,無，無統計相關數據,,,0.0025,營業額
8072,陞泰,無，無統計相關數據,,,無，無統計相關數據,,,無，無統計相關數據,,,無，無統計相關數據,
8081,致新,9.38,母公司,,1140.86,母公司,,無，無統計相關數據,,,0.15,營業額
8101,華冠,無，無統計相關數據,,,無，無統計相關數據,,,無，無統計相關數據,,,無，無統計相關數據,
8103,瀚荃,30.5074,母公司,ISO 14064,228.9044,母公司,ISO 14064,40.6552,母公司,ISO 14064,無，無統計相關數據,
8104,錸寶,無，無統計相關數據,,,13818.56,母公司-錸寶,,無，無統計相關數據,,,8.53,營業額
8105,凌巨,159966.7,母公司之八德廠區及子公司KGO,ISO 14064,98925.11,母公司之八德廠區及子公司KGO,ISO 14064,無，無統計相關數據,,,0.84,產品
8110,華東,2830.87,僅母公司,,98437.57,僅母公司,,239324.47,僅母公司,,0.0001,產品
8112,至上,3.393,僅母公司,ISO 14064,232.317,僅母公司,ISO 14064,1500.392,僅母公司,ISO 14064,25.873,以個體營業額(新台幣百億元)計算                                                                                                                                                                          
8114,振樺電,357.92,僅振樺母公司,,1399.31,僅振樺母公司,,無，非顯著性項目，不納入盤查,,,66.61,每億營業額                                                                                                                                                                                              
8131,福懋科,1690.47,僅母公司,ISO 14064,131507.86,僅母公司,ISO 14064,無，無統計相關數據,,,13.4,百萬營業額                                                                                                                                                                                              
8150,南茂,1538.44,母公司(台灣六個廠區),ISO 14064,248244.64,母公司(台灣六個廠區),ISO 14064,56475.3,母公司(台灣六個廠區),ISO 14064,9.12,百萬營業額                                                                                                                                                                                              
8162,微矽電子-創,,,N/A,N/A,N/A,N/A,,,N/A,,
8163,達方,5315.6365,母公司(台灣廠區及中國廠區),ISO14064-1(2018)                                                                                                                                                                                        ,93037.6435,母公司(台灣廠區及中國廠區),ISO14064-1(2018)                                                                                                                                                                                        ,968.6582,母公司(台灣廠區及中國廠區),ISO14064-1(2018)                                                                                                                                                                                        ,4.89,百萬營業額                                                                                                                                                                                              
8201,無敵,無，無製成設施直接排放,,,483.18,母公司,,12.26,母公司,,0.64,營業額
8210,勤誠,396.44,母公司+子公司工廠,子公司工廠通過查證                                                                                                                                                                                      ,11577.45,母公司+子公司工廠,子公司工廠通過查證                                                                                                                                                                                      ,無，無統計相關數據,,,0.0017,營業額
8213,志超,948.474,僅母公司,ISO 14064,19617.357,僅母公司,ISO 14064,無，無統計相關數據,,,無，無統計相關數據,
8215,明基材,19048.38,桃園廠區、雲林廠區及大陸廠區,ISO 14064,40529.57,桃園廠區、雲林廠區及大陸廠區,ISO 14064,9401.16,桃園廠區、雲林廠區及大陸廠區,ISO 14064,3.61,百萬營業額                                                                                                                                                                                              
8222,寶一,2653.89,目前無相關資料,,無，無統計相關數據,,,無，無統計相關數據,,,無，無統計相關數據,
8249,菱光,無，無統計相關數據,,,無，無統計相關數據,,,無，無統計相關數據,,,無，無統計相關數據,
8261,富鼎,10.38,僅母公司,,476.95,僅母公司,,無，無統計相關數據,,,3.81,服務
8271,宇瞻,681,僅母公司,,1887.3,僅母公司,,無，無統計相關數據,,,0.32,營業額
8341,日友,61401.998,母公司(雲林廠及彰濱廠),,無，無統計相關數據,,,無，無統計相關數據,,,2.132,焚化量                                                                                                                                                                                                  
8367,建新國際,6011,僅母公司,,1271,僅母公司,,無，無統計相關數據,,,4.579,百萬營業額                                                                                                                                                                                              
8374,羅昇,無，無統計相關數據,,,無，無統計相關數據,,,無，無統計相關數據,,,無，無統計相關數據,
8404,百和興業-KY,21492.41,江蘇百宏複合材料科技股份有限公司(原公司名稱:無錫百和織造股份有限公司)、東莞百宏實業有限公司、越南百宏責任有限公司,,68259.39,江蘇百宏複合材料科技股份有限公司(原公司名稱:無錫百和織造股份有限公司)、東莞百宏實業有限公司、越南百宏責任有限公司,,無，無統計相關數據,,,7.51,產品
8411,福貞-KY,無，無統計相關數據,,,無，無統計相關數據,,,無，無統計相關數據,,,無，無統計相關數據,
8422,可寧衛*,2004.2213,可寧衛、岡聯事業、吉衛、大寧(股)公司,ISO 14064,611.2811,可寧衛、岡聯事業、吉衛、大寧(股)公司,ISO 14064,5526.1306,可寧衛、岡聯事業、吉衛、大寧(股)公司,ISO 14064,0.0524,公噸廢棄物處理量                                                                                                                                                                                        
8429,金麗-KY,2130,合併財務報表之母子公司,,無，無統計相關數據,,,無，無統計相關數據,,,無，無統計相關數據,
8438,昶昕,無，資料盤點中，已規劃推動ISO14067。,,,13841,大園廠、大園一廠、海湖廠、含銅廢液處理廠、蘆竹廠,,無，資料盤點中，已規劃推動ISO14067。,,,無，資料盤點中，已規劃推動ISO14067。,
8442,威宏-KY,無，無統計相關數據,,,無，無統計相關數據,,,無，無統計相關數據,,,無，無統計相關數據,
8443,阿瘦,無，不適用,,,1603,僅母公司,,0.9,僅母公司,,無，不適用,
8454,富邦媒,384.99,2021年揭露範圍為總部大樓、北區物流中心、4個主倉(蘆竹、林口、蘆四、南工),ISO 14064,7384.91,2021年揭露範圍為總部大樓、北區物流中心、4個主倉(蘆竹、林口、蘆四、南工),ISO 14064,2204.74,2021年揭露範圍為總部大樓、北區物流中心、4個主倉(蘆竹、林口、蘆四、南工),ISO 14064,3.6,排放強度之計算以當年度總溫室氣體排放量(公噸CO2e)/當年度年底總部總雇用人數                                                                                                                               
8462,柏文,834,包含合併財務報表之母子公司,,16582,包含合併財務報表之母子公司,,無，無統計相關數據,,,6.683,百萬營業額                                                                                                                                                                                              
8463,潤泰材,523791.1629,潤泰精密材料股份有限公司宜蘭冬山廠,,41054.4134,潤泰精密材料股份有限公司宜蘭冬山廠,,無，無統計相關數據,,,0.892,熟料產量                                                                                                                                                                                                
8464,億豐,無，待2021年ESG資料盤整完畢,,,無，待2021年ESG資料盤整完畢,,,無，待2021年ESG資料盤整完畢,,,無，待2021年ESG資料盤整完畢,
8466,美吉吉-KY,無，無統計相關數據,,,無，無統計相關數據,,,無，無統計相關數據,,,無，無統計相關數據,
8467,波力-KY,無，無統計相關數據,,,無，無統計相關數據,,,無，無統計相關數據,,,無，無統計相關數據,
8473,山林水,無，無統計相關數據,,,無，無統計相關數據,,,無，無統計相關數據,,,無，無統計相關數據,
8476,台境*,無，無統計相關數據,,,無，無統計相關數據,,,無，無統計相關數據,,,無，無統計相關數據,
8478,東哥遊艇,無，無統計相關數據,,,無，無統計相關數據,,,無，無統計相關數據,,,無，無統計相關數據,
8481,政伸,無，無統計相關數據,,,無，無統計相關數據,,,無，無統計相關數據,,,無，無統計相關數據,
8482,商億-KY,無，無統計相關數據,,,無，無統計相關數據,,,無，無統計相關數據,,,無，無統計相關數據,
8487,愛爾達-創,,,N/A,N/A,N/A,N/A,,,N/A,,
8488,吉源-KY,無，無統計相關數據,,,無，無統計相關數據,,,無，無統計相關數據,,,無，無統計相關數據,
8499,鼎炫-KY,無，無統計相關數據,,,無，無統計相關數據,,,無，無統計相關數據,,,無，無統計相關數據,
8926,台汽電,378803.4668,台灣汽電共生股份有限公司 官田汽電共生廠,ISO 14064,3151.7568,台灣汽電共生股份有限公司 官田汽電共生廠,ISO 14064,無，活動數據取得困難,,,0,每單位蒸汽排放二氧化碳當量：340.4公斤/公噸蒸汽；每單位電力排放二氧化碳當量：988.6公斤/度電力                                                                                                            
8940,新天地,無，無統計相關數據,,,無，無統計相關數據,,,無，無統計相關數據,,,無，無統計相關數據,
8996,高力,326.82,母公司,,6947.63,母公司,,8375.1,母公司,,3.26,百萬營業額                                                                                                                                                                                              
9103,美德醫療-DR,,,N/A,N/A,N/A,N/A,,,N/A,,
910322,康師傅-DR,,,N/A,N/A,N/A,N/A,,,N/A,,
9105,泰金寶-DR,,,N/A,N/A,N/A,N/A,,,N/A,,
910861,神州-DR,,,N/A,N/A,N/A,N/A,,,N/A,,
9110,越南控-DR,,,N/A,N/A,N/A,N/A,,,N/A,,
911608,明輝-DR,,,N/A,N/A,N/A,N/A,,,N/A,,
911622,泰聚亨-DR,,,N/A,N/A,N/A,N/A,,,N/A,,
911868,同方友友-DR,,,N/A,N/A,N/A,N/A,,,N/A,,
912000,晨訊科-DR,,,N/A,N/A,N/A,N/A,,,N/A,,
9136,巨騰-DR,,,N/A,N/A,N/A,N/A,,,N/A,,
9802,鈺齊-KY,4897.82,中國和誠廠、柬埔寨齊鼎廠、越南鈺齊廠,,44626.22,中國和誠廠、柬埔寨齊鼎廠、越南鈺齊廠,,無，無統計相關數據,,,無，無統計相關數據,
9902,台火,無，無統計相關數據,,,無，無統計相關數據,,,無，無統計相關數據,,,無，無統計相關數據,
9904,寶成,13600,本公司製鞋廠區,印尼兩個製鞋工廠數據已取得ISO 14064外部驗證。                                                                                                                                                           ,429400,本公司製鞋廠區,印尼兩個製鞋工廠數據已取得ISO 14064外部驗證。                                                                                                                                                           ,7760.56,主要盤查成品鞋貨物下游運輸，與母公司員工航空差旅等兩個項目。,,無，針對本公司主要生產營運基地(中國大陸、越南、印尼)的製鞋工廠，每雙鞋溫室氣體排放密集度介於0.00091～0.00298噸。,
9905,大華,無，無統計相關數據,,,無，無統計相關數據,,,無，無統計相關數據,,,無，無統計相關數據,
9906,欣巴巴,32.6864,僅母公司,,無，無統計相關數據,,,無，無統計相關數據,,,無，無統計相關數據,
9907,統一實,46157,台灣總公司排放量,ISO 14064,97941,台灣總公司排放量,ISO 14064,1797663,台灣總公司排放量,ISO 14064,0.15,產品
9908,大台北,無，無統計相關數據,,,922.899,母公司三棟大樓自用樓層及內湖工務部辦公室,,無，無統計相關數據,,,0.0297,營業額每10萬元                                                                                                                                                                                          
9910,豐泰,10021,包含合併財務報表之母子公司,,214482,包含合併財務報表之母子公司,,12,包含合併財務報表之母子公司,,0.114,每仟元美金產值                                                                                                                                                                                          
9911,櫻花,337.8,僅母公司,,2926.8,僅母公司,,無，無統計相關數據,,,無，無統計相關數據,
9912,偉聯,無，無統計相關數據,,,無，無統計相關數據,,,無，無統計相關數據,,,無，無統計相關數據,
9914,美利達,1065.84,僅母公司,,6807.2,僅母公司,,1726.3746,僅母公司,,0.0455,營業額單位為佰萬元                                                                                                                                                                                      
9917,中保科,3340.396,母公司,,4660.1835,母公司,,無，無統計相關數據,,,1.1143,計算標準:排放量/每百萬元營收                                                                                                                                                                            
9918,欣天然,無，無統計相關數據,,,197.49,欣欣大樓,,無，無統計相關數據,,,197.49,營業額
9919,康那香,2624.63,僅個體公司所有製造廠區(不含分公司),,15757.42,僅個體公司所有製造廠區(不含分公司),,13.02,僅個體公司所有製造廠區(不含分公司),,3120.34,產量(噸)                                                                                                                                                                                                
9921,巨大,8600,僅母公司日南廠,,20000,僅母公司日南廠,,無，無統計相關數據,,,0.0333,單台                                                                                                                                                                                                    
9924,福興,454.16,僅母公司,ISO 14064,7635.82,僅母公司,ISO 14064,10307.06,僅母公司,ISO 14064,4.232,百萬營業額                                                                                                                                                                                              
9925,新保,1947.1,母公司,,2916.19,母公司,,無，無統計相關數據,,,無，無統計相關數據,
9926,新海,457.6,僅本公司,,無，無統計相關數據,,,無，無統計相關數據,,,無，無統計相關數據,
9927,泰銘,12776.629,母公司,,4656.1534,母公司,,無，無統計相關數據,,,0.5794,產品
9928,中視,無，無統計相關數據,,,無，無統計相關數據,,,無，無統計相關數據,,,無，無統計相關數據,
9929,秋雨,無，無統計相關數據,,,無，無統計相關數據,,,無，無統計相關數據,,,無，無統計相關數據,
9930,中聯資源,74253,僅母公司,ISO 14064,69176,僅母公司,ISO 14064,464887,僅母公司,,0.0484,高爐石粉                                                                                                                                                                                                
9931,欣高,無，無統計相關數據,,,無，無統計相關數據,,,無，無統計相關數據,,,無，無統計相關數據,
9933,中鼎,4477.3268,中鼎總部大樓加上全球所有工地,ISO 14064,5121.741,中鼎總部大樓加上全球所有工地,ISO 14064,205.4385,根據顯著性評估結果，2021年僅盤查廢棄物運輸及處理（總部）以及車輛租賃用油（總部與國內工地）。,ISO 14064,416.0971,百萬工時                                                                                                                                                                                                
9934,成霖,無，無統計相關數據,,,無，無統計相關數據,,,無，無統計相關數據,,,無，無統計相關數據,
9935,慶豐富,1049,僅母公司,,無，無統計相關數據,,,無，無統計相關數據,,,0.0002,營業額
9937,全國,無，無統計相關數據,,,4560.31,涵蓋本公司所有營運據點及同為經營加油站之子公司埔祥開發(股)公司及上員(股)公司。,,無，無統計相關數據,,,0.0051,每公秉油品銷售之單位排放量                                                                                                                                                                              
9938,百和,2844.1023,台灣百和工業股份有限公司,,8301.6734,台灣百和工業股份有限公司,,23489.0892,台灣百和工業股份有限公司,,1.401,產品
9939,宏全,14477.11,僅母公司,,72099.67,僅母公司,,無，無統計相關數據,,,11.564,營業額
9940,信義,504.4,信義房屋股份有限公司,ISO 14064,5842.2,信義房屋股份有限公司,ISO 14064,3814.4,信義房屋股份有限公司,ISO 14064,1.25,員工人數                                                                                                                                                                                                
9941,裕融,904.92,母公司+子公司新鑫、裕富數位,,624.72,母公司+子公司新鑫、裕富數位,,1.16,母公司+子公司新鑫、裕富數位,,0.1093,營業額(百萬元)                                                                                                                                                                                          
9942,茂順,無，無統計相關數據,,,無，無統計相關數據,,,無，無統計相關數據,,,無，無統計相關數據,
9943,好樂迪,無，無統計相關數據,,,14816.22,合併財務報表之母子公司,,無，無統計相關數據,,,8.8092,t-CO2e(14816.22)/其他-營收百萬元(1681.905)                                                                                                                                                              
9944,新麗,989.715,新麗企業八德廠,,830.007,新麗企業八德廠,,無，無統計相關數據,,,1.9784,產品
9945,潤泰新,523791.1629,包含合併財務報表之母子公司,,41054.4134,包含合併財務報表之母子公司,,無，無統計相關數據,,,0.892,熟料產能                                                                                                                                                                                                
9946,三發地產,無，無統計相關數據,,,無，無統計相關數據,,,無，無統計相關數據,,,無，無統計相關數據,
9955,佳龍,無，無統計相關數據,,,無，無統計相關數據,,,無，無統計相關數據,,,無，無統計相關數據,
9958,世紀鋼,1205.0669,桃園市觀音區中山路一段1119號,ISO 14064,2636.1024,桃園市觀音區中山路一段1119號,ISO 14064,1191.9924,桃園市觀音區中山路一段1119號,ISO 14064,無，無統計相關數據,
